farm_id,state,district,village,crop,crop_variety,sowing_date,harvesting_date,season,land_area_acres,soil_type,soil_ph,nitrogen_kg_ha,phosphorus_kg_ha,potassium_kg_ha,fertilizer_used,irrigation_method,rainfall_mm,avg_temperature_c,humidity_percent,pest_attack,disease_name,pesticide_used,expected_yield_tonnes,actual_yield_tonnes,water_consumption_litres,production_cost_inr,market_price_inr,profit_loss_inr,crop_health_score,sustainability_score
FARM00001,Tamil Nadu,Madurai,Village_496,Maize,DHM117,2023-02-24,2023-07-20,Rabi,24.52,Clay,8.0,156,148,148,Urea,Canal,72.1,35.2,70,Yes,Leaf Blight,Imidacloprid,92.74,74.19,678611.2,724823.14,294674.53,-430148.61,25,59
FARM00002,Karnataka,Belagavi,Village_289,Millet,Ragi,2020-06-10,2020-10-10,Kharif,9.69,Clay,7.3,88,140,101,NPK,Flood,16.3,28.2,60,No,None,Neem Oil,31.16,33.21,445058.6,158203.84,82061.7,-76142.14,73,51
FARM00003,Maharashtra,Pune,Village_267,Maize,DHM117,2022-10-21,2023-03-14,Rabi,24.6,Red,6.0,47,62,180,Organic Compost,Flood,29.6,22.9,51,No,None,Neem Oil,72.89,74.27,870202.3,781505.6,309828.38,-471677.22,92,67
FARM00004,West Bengal,Kolkata,Village_363,Sugarcane,Co86032,2020-01-15,2020-06-26,Zaid,12.27,Red,5.8,98,87,177,Vermicompost,Flood,38.7,26.7,56,No,None,Neem Oil,43.62,45.2,872048.6,247373.94,155357.39,-92016.55,67,95
FARM00005,Uttar Pradesh,Lucknow,Village_106,Soybean,NRC37,2023-05-04,2023-09-12,Zaid,11.15,Black,8.1,120,129,154,Urea,Flood,68.4,34.3,59,No,None,Neem Oil,38.93,41.19,693503.5,175323.76,88949.77,-86373.99,78,82
FARM00006,Assam,Jorhat,Village_320,Soybean,NRC37,2021-06-17,2021-12-14,Kharif,20.43,Black,6.3,76,116,80,Organic Compost,Rain-fed,50.1,25.4,61,Yes,Leaf Blight,Chlorpyrifos,60.7,48.56,559694.4,387999.04,190362.55,-197636.49,38,84
FARM00007,Karnataka,Mysuru,Village_281,Millet,Ragi,2021-08-12,2021-12-15,Kharif,4.03,Laterite,7.6,109,40,122,NPK,Canal,40.3,24.7,52,No,None,Neem Oil,14.1,13.78,302040.3,115070.4,34827.63,-80242.77,69,66
FARM00008,Rajasthan,Jaipur,Village_99,Cotton,Bt,2020-08-03,2021-01-20,Kharif,1.9,Clay,6.5,128,176,167,Organic Compost,Canal,26.7,21.9,52,No,None,Neem Oil,5.28,5.17,39198.4,23398.65,9474.58,-13924.07,67,67
FARM00009,West Bengal,Kolkata,Village_102,Millet,Bajra,2020-01-17,2020-05-21,Kharif,14.79,Red,6.1,177,131,44,Organic Compost,Canal,60.4,30.2,72,No,None,Neem Oil,63.62,63.56,729361.7,346398.28,121070.43,-225327.85,66,53
FARM00010,Karnataka,Belagavi,Village_324,Wheat,HD2967,2020-01-04,2020-04-22,Zaid,24.95,Loamy,6.7,130,100,165,Vermicompost,Flood,64.9,21.1,68,No,None,Neem Oil,98.67,103.16,1976439.2,429999.0,395405.27,-34593.73,61,53
FARM00011,West Bengal,Kolkata,Village_380,Sugarcane,Co86032,2022-02-13,2022-06-06,Zaid,13.49,Red,5.8,54,117,63,DAP,Canal,82.1,28.9,70,No,None,Neem Oil,57.76,56.13,946004.8,370831.56,147757.75,-223073.81,89,79
FARM00012,Uttar Pradesh,Meerut,Village_466,Soybean,JS335,2023-06-27,2023-12-23,Zaid,11.11,Clay,7.2,166,77,77,DAP,Sprinkler,59.6,23.5,58,No,None,Neem Oil,45.39,49.89,476535.3,353037.84,127041.5,-225996.34,94,92
FARM00013,Maharashtra,Nashik,Village_298,Sugarcane,Co0238,2022-05-31,2022-09-01,Rabi,15.47,Alluvial,6.0,83,105,127,DAP,Sprinkler,17.6,23.3,52,No,None,Neem Oil,37.5,39.6,1099615.0,468741.31,148411.27,-320330.04,68,66
FARM00014,Rajasthan,Kota,Village_284,Potato,Kufri Jyoti,2022-08-01,2022-11-06,Kharif,10.64,Laterite,6.0,95,50,64,Organic Compost,Drip,48.8,32.7,64,No,None,Neem Oil,42.24,45.76,208691.9,243044.06,180760.52,-62283.54,91,57
FARM00015,Uttar Pradesh,Meerut,Village_486,Potato,Kufri Jyoti,2023-03-16,2023-08-26,Rabi,6.61,Black,7.9,126,103,74,DAP,Sprinkler,79.4,32.2,75,No,None,Neem Oil,30.8,32.14,508660.5,106043.38,134556.63,28513.25,59,81
FARM00016,Maharashtra,Nashik,Village_400,Potato,Kufri Pukhraj,2021-12-09,2022-04-08,Zaid,14.67,Laterite,7.9,116,79,44,DAP,Sprinkler,143.3,27.6,93,No,None,Neem Oil,61.35,62.28,1148949.7,388103.31,161861.65,-226241.66,84,92
FARM00017,Assam,Jorhat,Village_429,Maize,HQPM1,2023-02-22,2023-06-15,Kharif,2.03,Black,7.5,140,161,98,NPK,Sprinkler,75.6,20.0,74,No,None,Neem Oil,7.86,7.84,132181.0,65672.61,19609.23,-46063.38,64,88
FARM00018,Rajasthan,Kota,Village_79,Maize,DHM117,2023-05-12,2023-08-15,Kharif,12.41,Clay,5.8,85,112,96,Organic Compost,Flood,105.8,25.0,78,No,None,Neem Oil,46.98,47.54,633276.6,315753.55,164059.51,-151694.04,57,59
FARM00019,Rajasthan,Kota,Village_90,Cotton,Suraj,2021-08-16,2021-12-29,Zaid,2.92,Black,6.1,69,135,148,Urea,Flood,73.1,25.8,65,Yes,Leaf Blight,Imidacloprid,12.41,9.93,57512.1,75210.75,35112.04,-40098.71,23,87
FARM00020,Uttar Pradesh,Lucknow,Village_166,Potato,Kufri Jyoti,2023-12-21,2024-05-27,Rabi,24.14,Clay,6.4,113,74,87,DAP,Rain-fed,17.5,27.9,57,Yes,Leaf Blight,Chlorpyrifos,72.29,57.83,1810756.8,826591.66,233046.59,-593545.07,52,76
FARM00021,Uttar Pradesh,Meerut,Village_28,Rice,IR64,2020-10-17,2021-01-22,Kharif,13.65,Black,6.4,162,147,106,Organic Compost,Rain-fed,68.6,33.5,75,No,None,Neem Oil,48.19,48.9,371770.5,387655.64,198437.68,-189217.96,97,61
FARM00022,Uttar Pradesh,Meerut,Village_466,Rice,Basmati,2020-06-26,2020-10-21,Rabi,5.11,Black,7.7,80,124,80,Vermicompost,Flood,63.4,33.0,68,No,None,Neem Oil,18.45,18.98,235611.6,118081.83,68403.4,-49678.43,71,95
FARM00023,Rajasthan,Jaipur,Village_352,Rice,IR64,2023-03-13,2023-08-13,Kharif,7.89,Black,5.8,132,138,168,Organic Compost,Flood,106.0,30.7,82,No,None,Neem Oil,29.05,30.26,180664.9,164453.94,114815.28,-49638.66,56,45
FARM00024,Rajasthan,Jaipur,Village_286,Maize,DHM117,2023-08-06,2023-12-25,Kharif,11.14,Black,8.1,92,97,149,Urea,Canal,75.7,23.1,62,Yes,Leaf Blight,Chlorpyrifos,40.14,32.11,328166.5,287459.73,65669.19,-221790.54,24,87
FARM00025,Tamil Nadu,Madurai,Village_297,Millet,Bajra,2022-08-10,2022-11-16,Rabi,3.4,Loamy,6.8,163,127,177,Organic Compost,Canal,14.4,33.5,55,No,None,Neem Oil,8.75,8.86,178548.4,59090.43,25298.59,-33791.84,92,71
FARM00026,Punjab,Ludhiana,Village_181,Sugarcane,Co86032,2022-12-31,2023-06-09,Kharif,1.74,Loamy,7.3,133,121,91,NPK,Flood,44.6,30.8,58,Yes,Leaf Blight,Imidacloprid,5.65,4.52,59115.4,28063.96,12181.47,-15882.49,57,77
FARM00027,Maharashtra,Nashik,Village_123,Millet,Ragi,2021-04-02,2021-09-18,Kharif,13.83,Loamy,5.5,44,124,130,Urea,Canal,30.2,25.8,54,No,None,Neem Oil,50.88,51.12,774609.8,187485.32,158559.47,-28925.85,69,64
FARM00028,West Bengal,Siliguri,Village_304,Maize,DHM117,2022-03-02,2022-08-21,Rabi,6.31,Loamy,6.7,44,51,42,DAP,Drip,73.3,21.4,71,No,None,Neem Oil,20.32,20.87,333074.7,88941.37,48908.73,-40032.64,93,70
FARM00029,Assam,Jorhat,Village_215,Wheat,PBW725,2022-02-04,2022-05-27,Zaid,16.32,Laterite,6.4,125,102,178,DAP,Drip,102.4,21.1,69,No,None,Neem Oil,61.32,60.12,701791.1,377142.95,222007.55,-155135.4,91,90
FARM00030,Karnataka,Mysuru,Village_44,Soybean,JS335,2022-04-27,2022-10-19,Rabi,22.83,Alluvial,6.8,96,169,64,NPK,Canal,70.6,28.5,70,No,None,Neem Oil,99.98,106.78,850784.2,762989.83,333814.45,-429175.38,63,46
FARM00031,Maharashtra,Pune,Village_172,Soybean,JS335,2021-08-08,2022-02-04,Rabi,8.75,Laterite,7.5,95,166,100,DAP,Rain-fed,56.6,26.9,72,No,None,Neem Oil,31.11,29.57,654674.6,244663.79,72204.82,-172458.97,79,64
FARM00032,Punjab,Ludhiana,Village_206,Potato,Kufri Jyoti,2021-07-13,2022-01-02,Rabi,10.85,Red,7.8,71,72,82,Organic Compost,Sprinkler,44.6,31.1,59,No,None,Neem Oil,30.53,33.17,555991.7,169984.15,131134.28,-38849.87,77,92
FARM00033,Maharashtra,Pune,Village_445,Potato,Kufri Jyoti,2021-06-29,2021-12-13,Kharif,7.56,Laterite,6.4,122,119,139,DAP,Drip,67.7,24.7,63,No,None,Neem Oil,31.66,32.82,190289.0,243172.76,88570.07,-154602.69,92,70
FARM00034,Tamil Nadu,Coimbatore,Village_448,Soybean,JS335,2022-07-12,2022-12-03,Zaid,1.39,Red,6.4,128,117,147,NPK,Flood,75.7,25.8,70,Yes,Leaf Blight,Chlorpyrifos,5.82,4.66,82031.6,21513.55,15782.44,-5731.11,22,50
FARM00035,Assam,Jorhat,Village_331,Millet,Bajra,2023-04-09,2023-09-08,Kharif,4.09,Red,7.7,72,70,148,Urea,Canal,97.1,20.8,81,Yes,Leaf Blight,Imidacloprid,15.58,12.46,275786.3,93599.14,41444.4,-52154.74,49,47
FARM00036,Tamil Nadu,Madurai,Village_256,Maize,DHM117,2020-01-31,2020-05-03,Rabi,16.02,Red,6.8,112,81,108,NPK,Flood,79.3,23.9,64,Yes,Leaf Blight,Imidacloprid,51.96,41.57,1102202.0,498686.84,134714.87,-363971.97,62,83
FARM00037,Punjab,Amritsar,Village_310,Maize,DHM117,2021-08-18,2021-11-17,Kharif,6.73,Laterite,6.3,113,74,51,Urea,Rain-fed,94.2,27.0,67,No,None,Neem Oil,26.3,25.32,313950.7,86523.09,58198.41,-28324.68,88,55
FARM00038,Punjab,Ludhiana,Village_103,Rice,Basmati,2023-11-24,2024-05-11,Rabi,5.47,Clay,5.8,61,142,51,Urea,Drip,69.7,41.9,68,Yes,Leaf Blight,Chlorpyrifos,18.27,14.62,319913.5,96973.68,36725.92,-60247.76,62,66
FARM00039,Assam,Guwahati,Village_374,Maize,DHM117,2020-03-31,2020-09-06,Rabi,15.01,Red,5.6,76,101,165,NPK,Canal,21.4,24.3,57,No,None,Neem Oil,39.31,37.77,1098759.8,428319.91,131100.29,-297219.62,90,82
FARM00040,Maharashtra,Pune,Village_171,Millet,Bajra,2022-11-21,2023-02-21,Rabi,19.64,Clay,6.5,126,58,146,NPK,Drip,111.0,30.2,72,Yes,Leaf Blight,Imidacloprid,97.13,77.7,1323901.6,360096.61,194257.34,-165839.27,58,79
FARM00041,Uttar Pradesh,Lucknow,Village_252,Sugarcane,Co0238,2020-04-19,2020-09-01,Zaid,10.75,Black,5.7,48,141,96,Vermicompost,Sprinkler,33.6,30.3,57,Yes,Leaf Blight,Chlorpyrifos,29.34,23.47,843620.4,230216.11,54605.8,-175610.31,53,64
FARM00042,Assam,Guwahati,Village_158,Potato,Kufri Pukhraj,2022-01-20,2022-06-29,Rabi,17.89,Black,6.4,91,116,40,DAP,Sprinkler,64.8,40.1,62,No,None,Neem Oil,54.28,52.8,865637.4,618367.29,104057.6,-514309.69,94,54
FARM00043,Maharashtra,Nashik,Village_61,Sugarcane,Co0238,2023-04-23,2023-09-26,Kharif,22.37,Laterite,6.9,119,52,50,NPK,Drip,20.7,25.7,54,No,None,Neem Oil,70.36,71.95,906038.7,714871.13,269726.07,-445145.06,59,54
FARM00044,Assam,Guwahati,Village_203,Wheat,HD2967,2021-06-19,2021-12-16,Rabi,18.56,Red,7.5,128,81,147,DAP,Rain-fed,95.4,30.6,65,No,None,Neem Oil,65.04,71.54,712558.9,470716.27,218241.49,-252474.78,95,86
FARM00045,Assam,Jorhat,Village_395,Wheat,HD2967,2022-03-07,2022-07-24,Zaid,17.36,Alluvial,6.8,65,92,67,DAP,Rain-fed,54.5,17.2,62,Yes,Leaf Blight,Imidacloprid,71.92,57.54,1213438.3,507547.9,233036.63,-274511.27,39,86
FARM00046,Rajasthan,Kota,Village_253,Rice,Basmati,2020-04-27,2020-07-31,Rabi,8.72,Black,7.9,124,86,90,DAP,Drip,55.0,29.3,67,No,None,Neem Oil,38.06,39.06,656376.9,195731.65,87050.57,-108681.08,75,92
FARM00047,Punjab,Amritsar,Village_235,Sugarcane,Co86032,2020-09-09,2021-02-09,Rabi,19.94,Red,7.0,139,143,86,Urea,Canal,110.7,28.1,84,No,None,Neem Oil,74.1,81.39,528111.6,681797.19,272900.75,-408896.44,56,85
FARM00048,Assam,Jorhat,Village_487,Wheat,PBW725,2022-03-20,2022-08-17,Rabi,6.29,Red,7.2,165,90,105,Organic Compost,Rain-fed,45.9,32.4,55,No,None,Neem Oil,23.42,24.85,471704.6,156263.67,81556.19,-74707.48,64,88
FARM00049,Karnataka,Mysuru,Village_232,Rice,IR64,2023-01-19,2023-04-19,Rabi,22.12,Clay,5.8,147,168,45,Organic Compost,Canal,27.2,31.4,61,No,None,Neem Oil,88.18,88.5,1086859.9,496070.37,365786.1,-130284.27,69,87
FARM00050,Tamil Nadu,Coimbatore,Village_6,Soybean,JS335,2020-05-27,2020-08-29,Zaid,11.11,Red,8.1,137,85,64,NPK,Flood,59.8,26.6,71,No,None,Neem Oil,44.36,46.07,262314.0,197591.49,172532.7,-25058.79,79,76
FARM00051,Rajasthan,Jaipur,Village_437,Cotton,Bt,2022-03-20,2022-09-06,Rabi,7.09,Alluvial,6.9,87,99,126,NPK,Rain-fed,83.5,26.2,66,No,None,Neem Oil,29.62,32.35,374355.3,188111.24,92783.97,-95327.27,90,62
FARM00052,Rajasthan,Jaipur,Village_286,Millet,Bajra,2023-04-03,2023-08-29,Kharif,12.31,Loamy,6.2,100,126,138,Organic Compost,Rain-fed,89.5,29.6,72,No,None,Neem Oil,50.13,49.79,249011.9,240831.37,108711.22,-132120.15,98,74
FARM00053,Uttar Pradesh,Lucknow,Village_298,Potato,Kufri Pukhraj,2022-04-22,2022-10-13,Rabi,21.71,Clay,5.8,140,154,115,DAP,Drip,38.9,30.7,67,No,None,Neem Oil,71.02,69.88,1292713.1,291252.44,272836.1,-18416.34,62,49
FARM00054,Karnataka,Belagavi,Village_394,Rice,Basmati,2021-03-05,2021-07-21,Zaid,11.84,Loamy,8.0,131,109,43,Vermicompost,Sprinkler,47.5,32.8,55,Yes,Leaf Blight,Chlorpyrifos,50.53,40.42,596828.6,162887.05,138785.21,-24101.84,60,85
FARM00055,Karnataka,Belagavi,Village_492,Sugarcane,Co0238,2021-04-29,2021-08-03,Kharif,15.81,Alluvial,7.3,152,149,80,Organic Compost,Flood,82.6,28.9,78,No,None,Neem Oil,67.44,67.84,307578.4,457192.45,235543.1,-221649.35,88,52
FARM00056,Maharashtra,Nashik,Village_130,Wheat,HD2967,2023-11-06,2024-05-02,Rabi,1.99,Black,5.6,115,87,75,DAP,Rain-fed,69.4,30.2,69,Yes,Leaf Blight,Chlorpyrifos,7.66,6.13,66058.0,27795.89,22525.9,-5269.99,42,79
FARM00057,Assam,Jorhat,Village_360,Wheat,PBW725,2021-08-03,2022-01-19,Zaid,10.43,Laterite,6.5,64,51,73,Urea,Sprinkler,23.0,24.2,61,Yes,Leaf Blight,Chlorpyrifos,37.09,29.67,804359.5,283342.79,102711.93,-180630.86,35,57
FARM00058,Assam,Guwahati,Village_42,Millet,Ragi,2020-09-30,2021-01-22,Rabi,1.28,Clay,7.0,51,175,43,DAP,Sprinkler,118.5,22.3,72,No,None,Neem Oil,5.7,6.07,56492.4,25564.2,11205.02,-14359.18,96,77
FARM00059,Assam,Jorhat,Village_115,Maize,DHM117,2024-04-18,2024-09-30,Kharif,14.13,Clay,7.5,48,68,162,Urea,Rain-fed,70.7,32.0,60,No,None,Neem Oil,51.3,52.57,767099.2,318161.31,172640.93,-145520.38,74,75
FARM00060,Uttar Pradesh,Lucknow,Village_165,Soybean,NRC37,2023-10-31,2024-02-28,Kharif,3.73,Laterite,8.1,45,151,75,Organic Compost,Canal,93.5,32.2,79,No,None,Neem Oil,12.61,12.36,186526.4,103994.19,51729.46,-52264.73,91,95
FARM00061,Rajasthan,Jaipur,Village_473,Soybean,JS335,2022-05-11,2022-10-12,Kharif,19.68,Black,5.9,90,138,89,NPK,Drip,62.9,24.2,66,No,None,Neem Oil,83.2,80.91,767959.3,624219.67,233262.68,-390956.99,91,67
FARM00062,Assam,Guwahati,Village_239,Rice,IR64,2021-07-12,2021-10-22,Zaid,22.02,Alluvial,7.9,80,143,124,Vermicompost,Flood,81.5,39.0,77,No,None,Neem Oil,74.92,76.24,344210.3,442103.72,275708.36,-166395.36,60,62
FARM00063,Punjab,Ludhiana,Village_171,Wheat,PBW725,2020-03-26,2020-07-16,Kharif,9.03,Red,6.0,48,70,130,Vermicompost,Drip,73.8,27.6,67,Yes,Leaf Blight,Chlorpyrifos,30.81,24.65,555911.5,150267.66,44835.02,-105432.64,70,48
FARM00064,Assam,Guwahati,Village_167,Soybean,NRC37,2024-04-12,2024-08-21,Kharif,4.38,Alluvial,5.6,59,93,64,DAP,Flood,42.8,27.4,60,Yes,Leaf Blight,Imidacloprid,12.86,10.29,179017.5,147926.07,27435.45,-120490.62,48,45
FARM00065,West Bengal,Kolkata,Village_14,Millet,Bajra,2020-12-06,2021-05-14,Rabi,16.26,Red,7.7,135,75,68,Vermicompost,Flood,66.0,29.2,69,No,None,Neem Oil,53.96,54.39,995828.0,436703.19,189548.91,-247154.28,69,62
FARM00066,Maharashtra,Nashik,Village_461,Rice,Basmati,2023-08-24,2024-01-27,Zaid,23.57,Red,8.1,71,56,115,Urea,Rain-fed,41.1,27.3,62,No,None,Neem Oil,89.01,88.16,635300.8,741264.33,229950.93,-511313.4,75,83
FARM00067,West Bengal,Kolkata,Village_162,Millet,Bajra,2021-10-03,2022-01-19,Zaid,16.71,Laterite,8.0,125,165,148,NPK,Drip,82.4,24.5,75,No,None,Neem Oil,69.3,68.14,1108883.2,371992.14,284306.26,-87685.88,72,51
FARM00068,Maharashtra,Pune,Village_215,Wheat,HD2967,2020-07-16,2020-10-15,Rabi,20.59,Alluvial,8.0,149,177,129,NPK,Canal,63.5,29.4,72,No,None,Neem Oil,88.78,84.61,1357088.9,482379.95,271120.1,-211259.85,69,79
FARM00069,Karnataka,Mysuru,Village_219,Cotton,Bt,2023-11-24,2024-04-02,Rabi,16.26,Laterite,6.3,97,95,163,Organic Compost,Canal,25.1,24.4,57,Yes,Leaf Blight,Chlorpyrifos,63.17,50.54,266954.2,244219.43,103456.03,-140763.4,42,54
FARM00070,Rajasthan,Kota,Village_275,Millet,Bajra,2022-09-26,2023-01-18,Zaid,23.09,Loamy,7.2,48,91,64,Organic Compost,Drip,37.2,24.9,66,Yes,Leaf Blight,Imidacloprid,86.51,69.21,1831741.3,653426.96,161326.13,-492100.83,32,86
FARM00071,Punjab,Ludhiana,Village_7,Rice,IR64,2020-03-06,2020-08-05,Kharif,19.64,Clay,6.6,60,150,164,Organic Compost,Flood,55.9,26.9,64,No,None,Neem Oil,81.09,85.62,750704.6,328003.31,156911.64,-171091.67,86,53
FARM00072,Maharashtra,Pune,Village_26,Millet,Bajra,2022-06-16,2022-11-11,Rabi,3.8,Black,5.5,137,71,88,NPK,Rain-fed,38.5,30.2,55,Yes,Leaf Blight,Chlorpyrifos,15.59,12.47,201486.5,51428.39,26828.23,-24600.16,20,92
FARM00073,Assam,Guwahati,Village_405,Millet,Bajra,2023-06-28,2023-11-11,Zaid,13.69,Alluvial,6.6,70,103,56,Organic Compost,Rain-fed,37.1,27.2,55,No,None,Neem Oil,45.41,45.01,417804.7,220801.1,160399.08,-60402.02,70,89
FARM00074,Maharashtra,Pune,Village_40,Rice,Basmati,2022-03-04,2022-06-03,Rabi,22.14,Black,7.1,114,143,43,Organic Compost,Rain-fed,37.1,22.1,63,Yes,Leaf Blight,Imidacloprid,79.73,63.78,875988.9,544671.53,236880.67,-307790.86,21,52
FARM00075,Assam,Guwahati,Village_443,Cotton,Bt,2022-11-19,2023-05-04,Rabi,17.25,Clay,7.0,61,95,131,Urea,Drip,120.1,19.6,82,No,None,Neem Oil,64.33,61.77,382057.2,495205.48,171958.58,-323246.9,71,91
FARM00076,Maharashtra,Pune,Village_46,Wheat,HD2967,2022-11-29,2023-04-20,Rabi,7.48,Alluvial,7.7,175,42,51,Urea,Canal,16.5,31.6,61,No,None,Neem Oil,24.08,23.84,346361.2,165546.37,69018.03,-96528.34,74,75
FARM00077,Maharashtra,Nashik,Village_197,Soybean,NRC37,2020-08-15,2020-11-15,Zaid,14.75,Loamy,5.8,69,48,123,NPK,Flood,20.7,22.9,62,No,None,Neem Oil,45.73,48.8,772029.6,239065.97,148914.44,-90151.53,90,78
FARM00078,Maharashtra,Pune,Village_58,Cotton,Suraj,2021-09-15,2022-01-10,Zaid,5.75,Loamy,7.6,96,56,119,DAP,Rain-fed,57.3,22.2,67,No,None,Neem Oil,18.11,18.4,361417.1,102894.67,64974.99,-37919.68,98,45
FARM00079,Assam,Jorhat,Village_391,Millet,Bajra,2020-08-22,2021-01-15,Rabi,24.51,Black,5.8,141,131,85,Urea,Drip,62.5,26.8,71,No,None,Neem Oil,90.83,98.33,1330213.2,633649.19,187028.08,-446621.11,89,51
FARM00080,Tamil Nadu,Madurai,Village_463,Potato,Kufri Pukhraj,2022-11-13,2023-04-09,Zaid,7.48,Clay,5.9,99,56,173,Urea,Sprinkler,105.8,21.6,79,No,None,Neem Oil,26.47,27.8,170768.6,158592.01,56763.21,-101828.8,78,76
FARM00081,Assam,Jorhat,Village_213,Soybean,JS335,2023-05-15,2023-09-17,Kharif,11.58,Black,7.2,109,140,91,NPK,Rain-fed,119.8,30.2,81,Yes,Leaf Blight,Chlorpyrifos,51.14,40.91,889681.6,258658.13,164271.44,-94386.69,55,52
FARM00082,Tamil Nadu,Madurai,Village_30,Potato,Kufri Jyoti,2020-09-23,2021-01-06,Zaid,20.01,Black,7.0,144,110,66,Organic Compost,Canal,89.7,25.0,71,Yes,Leaf Blight,Imidacloprid,88.33,70.66,822370.4,409525.59,243490.56,-166035.03,25,81
FARM00083,Rajasthan,Kota,Village_194,Cotton,Bt,2020-04-20,2020-08-01,Kharif,13.81,Loamy,6.3,61,161,161,Organic Compost,Sprinkler,88.9,22.2,77,No,None,Neem Oil,54.71,57.29,586383.0,273471.23,121044.66,-152426.57,73,63
FARM00084,West Bengal,Siliguri,Village_252,Soybean,NRC37,2023-01-01,2023-05-23,Rabi,10.02,Red,5.9,41,145,138,DAP,Rain-fed,78.1,24.4,76,No,None,Neem Oil,36.91,39.08,793760.4,269133.06,77434.43,-191698.63,94,53
FARM00085,Assam,Jorhat,Village_87,Rice,IR64,2020-10-25,2021-04-23,Kharif,9.07,Red,5.5,60,143,175,Vermicompost,Sprinkler,42.4,30.7,68,Yes,Leaf Blight,Imidacloprid,28.74,22.99,139039.5,299721.39,75765.7,-223955.69,57,79
FARM00086,Assam,Guwahati,Village_490,Wheat,PBW725,2021-11-01,2022-04-27,Zaid,11.17,Clay,7.8,147,79,71,DAP,Rain-fed,58.3,28.2,63,Yes,Leaf Blight,Chlorpyrifos,43.86,35.09,506299.0,325356.76,95113.32,-230243.44,41,52
FARM00087,Uttar Pradesh,Lucknow,Village_379,Potato,Kufri Jyoti,2021-06-30,2021-12-16,Kharif,18.97,Black,7.4,93,103,176,Vermicompost,Drip,35.6,23.8,64,Yes,Leaf Blight,Chlorpyrifos,76.17,60.94,1178164.1,530985.35,219603.08,-311382.27,24,57
FARM00088,Punjab,Ludhiana,Village_256,Maize,HQPM1,2022-03-19,2022-06-20,Kharif,16.95,Red,8.0,99,79,177,Vermicompost,Rain-fed,120.6,27.3,82,Yes,Leaf Blight,Imidacloprid,88.1,70.48,726714.9,278954.0,254144.7,-24809.3,62,45
FARM00089,Punjab,Amritsar,Village_163,Potato,Kufri Pukhraj,2022-05-11,2022-10-12,Zaid,17.08,Red,7.9,145,55,146,Vermicompost,Canal,73.9,38.3,64,Yes,Leaf Blight,Imidacloprid,55.61,44.49,1185029.2,275607.64,81062.41,-194545.23,61,77
FARM00090,Maharashtra,Nashik,Village_279,Millet,Bajra,2022-12-04,2023-04-29,Kharif,2.18,Laterite,7.9,108,172,128,DAP,Canal,69.3,25.1,73,No,None,Neem Oil,8.36,8.49,81036.0,46678.17,31703.71,-14974.46,76,92
FARM00091,Karnataka,Mysuru,Village_340,Potato,Kufri Pukhraj,2021-03-06,2021-07-12,Zaid,5.27,Red,7.6,64,99,66,Vermicompost,Sprinkler,159.3,30.6,85,Yes,Leaf Blight,Imidacloprid,26.39,21.11,384753.3,145174.71,40510.85,-104663.86,29,73
FARM00092,Punjab,Ludhiana,Village_57,Sugarcane,Co86032,2023-10-10,2024-04-06,Zaid,24.8,Black,7.9,67,48,90,NPK,Flood,54.0,28.6,60,No,None,Neem Oil,94.6,102.94,623202.0,683073.27,367612.45,-315460.82,61,93
FARM00093,Tamil Nadu,Madurai,Village_409,Soybean,NRC37,2021-11-07,2022-04-07,Kharif,10.84,Alluvial,8.0,84,132,59,Urea,Sprinkler,97.2,31.5,67,No,None,Neem Oil,47.52,49.98,652450.1,140852.45,188030.29,47177.84,71,56
FARM00094,West Bengal,Kolkata,Village_162,Wheat,HD2967,2023-06-21,2023-12-03,Rabi,8.7,Red,6.3,152,176,61,NPK,Sprinkler,70.5,25.0,67,Yes,Leaf Blight,Chlorpyrifos,37.69,30.15,273567.5,135337.14,79409.7,-55927.44,58,57
FARM00095,Uttar Pradesh,Lucknow,Village_4,Rice,IR64,2022-02-05,2022-06-20,Zaid,16.36,Black,7.9,151,169,115,Urea,Drip,103.8,21.5,72,No,None,Neem Oil,81.68,81.53,1263293.8,211392.05,243351.84,31959.79,73,95
FARM00096,Karnataka,Belagavi,Village_93,Rice,IR64,2023-08-16,2023-12-31,Rabi,21.57,Red,6.7,155,177,43,Vermicompost,Rain-fed,46.3,19.6,54,Yes,Leaf Blight,Imidacloprid,65.47,52.38,1494135.6,348805.5,195143.67,-153661.83,40,62
FARM00097,Rajasthan,Jaipur,Village_331,Rice,Basmati,2023-03-07,2023-06-29,Zaid,16.75,Red,8.1,146,49,173,Organic Compost,Drip,95.6,18.5,80,No,None,Neem Oil,59.98,57.34,540820.8,304604.6,203836.45,-100768.15,61,59
FARM00098,West Bengal,Siliguri,Village_178,Rice,Basmati,2022-04-24,2022-10-12,Zaid,11.44,Black,5.9,157,50,120,Urea,Canal,77.1,28.8,69,No,None,Neem Oil,41.9,43.5,344576.9,236821.77,79803.56,-157018.21,76,68
FARM00099,Maharashtra,Nashik,Village_305,Maize,HQPM1,2021-08-01,2021-11-04,Kharif,1.76,Red,7.5,151,66,127,DAP,Rain-fed,53.7,20.1,61,Yes,Leaf Blight,Imidacloprid,5.63,4.5,34434.3,44387.05,10383.27,-34003.78,30,49
FARM00100,Tamil Nadu,Coimbatore,Village_133,Potato,Kufri Jyoti,2022-07-22,2023-01-06,Kharif,14.75,Black,5.8,107,82,112,Organic Compost,Rain-fed,44.1,26.1,62,Yes,Leaf Blight,Chlorpyrifos,51.2,40.96,576273.6,354429.72,163563.03,-190866.69,29,93
FARM00101,West Bengal,Siliguri,Village_179,Potato,Kufri Pukhraj,2021-01-29,2021-06-28,Rabi,14.69,Alluvial,7.0,41,100,174,Vermicompost,Drip,87.0,25.8,72,No,None,Neem Oil,58.59,60.56,1156391.6,512297.48,133472.62,-378824.86,91,50
FARM00102,Rajasthan,Jaipur,Village_496,Cotton,Suraj,2021-02-27,2021-06-19,Kharif,3.54,Loamy,8.2,63,72,99,Urea,Flood,49.8,20.7,70,No,None,Neem Oil,13.69,13.95,231275.8,61439.75,55268.16,-6171.59,75,90
FARM00103,Tamil Nadu,Madurai,Village_81,Maize,DHM117,2020-07-14,2021-01-06,Rabi,5.08,Clay,7.9,117,155,174,Urea,Rain-fed,169.3,28.5,97,No,None,Neem Oil,22.12,23.81,111529.1,62429.01,50932.84,-11496.17,96,58
FARM00104,Uttar Pradesh,Lucknow,Village_220,Soybean,JS335,2023-02-08,2023-05-14,Kharif,14.92,Red,7.1,101,42,101,DAP,Rain-fed,48.9,27.8,67,No,None,Neem Oil,52.83,54.73,1158713.9,330196.99,123595.21,-206601.78,80,78
FARM00105,Rajasthan,Jaipur,Village_428,Rice,IR64,2021-03-09,2021-07-15,Rabi,3.23,Clay,7.3,67,41,44,DAP,Drip,56.5,26.2,69,No,None,Neem Oil,11.04,11.9,170514.5,65719.06,28496.86,-37222.2,76,59
FARM00106,Assam,Guwahati,Village_99,Millet,Bajra,2022-09-27,2023-03-11,Zaid,2.48,Black,5.7,137,166,172,NPK,Canal,87.2,32.9,66,Yes,Leaf Blight,Imidacloprid,9.54,7.63,127809.7,46620.83,21757.6,-24863.23,70,77
FARM00107,Rajasthan,Kota,Village_366,Potato,Kufri Jyoti,2021-09-18,2022-02-18,Rabi,19.73,Black,7.8,129,59,44,Urea,Canal,74.4,31.3,74,No,None,Neem Oil,76.59,82.22,1145609.5,665859.34,238633.21,-427226.13,95,70
FARM00108,Rajasthan,Kota,Village_288,Maize,DHM117,2022-12-21,2023-05-11,Kharif,3.44,Loamy,6.4,171,165,148,Organic Compost,Rain-fed,29.9,30.5,55,No,None,Neem Oil,11.48,12.45,120807.9,112327.72,35448.2,-76879.52,56,57
FARM00109,Assam,Jorhat,Village_365,Potato,Kufri Pukhraj,2024-02-24,2024-05-27,Zaid,4.13,Clay,6.3,148,65,150,Organic Compost,Flood,44.5,31.6,64,Yes,Leaf Blight,Chlorpyrifos,16.76,13.41,117874.8,82413.58,54928.29,-27485.29,41,71
FARM00110,Punjab,Ludhiana,Village_399,Millet,Ragi,2022-12-13,2023-05-31,Rabi,20.62,Black,6.6,166,113,102,NPK,Sprinkler,43.2,28.3,64,No,None,Neem Oil,66.59,68.5,1460104.4,659789.09,240560.73,-419228.36,93,62
FARM00111,Rajasthan,Kota,Village_444,Soybean,NRC37,2022-04-10,2022-09-30,Kharif,17.92,Alluvial,6.4,161,157,125,Vermicompost,Sprinkler,99.8,28.9,81,No,None,Neem Oil,86.59,88.5,772040.6,518968.27,247414.57,-271553.7,91,78
FARM00112,Karnataka,Belagavi,Village_206,Sugarcane,Co86032,2021-08-21,2022-01-28,Kharif,23.52,Black,8.2,78,179,109,Vermicompost,Drip,38.4,27.7,56,No,None,Neem Oil,96.43,99.62,579970.7,333395.44,206754.75,-126640.69,91,92
FARM00113,West Bengal,Siliguri,Village_419,Sugarcane,Co0238,2023-03-02,2023-08-22,Rabi,5.04,Alluvial,7.3,136,179,108,Organic Compost,Drip,14.4,28.1,52,No,None,Neem Oil,19.37,19.34,350649.8,162640.4,74183.22,-88457.18,83,81
FARM00114,Rajasthan,Jaipur,Village_121,Maize,DHM117,2022-02-11,2022-05-17,Kharif,12.61,Laterite,6.1,156,122,137,Vermicompost,Flood,103.0,20.0,74,No,None,Neem Oil,61.16,58.63,257680.0,191030.33,114632.65,-76397.68,67,94
FARM00115,Karnataka,Belagavi,Village_404,Rice,IR64,2022-05-19,2022-10-29,Rabi,5.4,Loamy,5.8,168,101,156,Urea,Drip,68.8,35.6,71,Yes,Leaf Blight,Imidacloprid,17.81,14.25,290379.1,118944.92,54298.75,-64646.17,64,50
FARM00116,Uttar Pradesh,Meerut,Village_340,Maize,DHM117,2022-09-13,2023-01-02,Zaid,14.05,Clay,6.1,128,84,47,Vermicompost,Canal,143.5,27.0,93,Yes,Leaf Blight,Chlorpyrifos,64.61,51.69,999638.4,331542.72,100856.94,-230685.78,20,55
FARM00117,Karnataka,Mysuru,Village_451,Soybean,NRC37,2021-11-12,2022-02-26,Zaid,23.73,Red,7.0,179,125,134,DAP,Drip,32.1,21.3,66,Yes,Leaf Blight,Chlorpyrifos,72.91,58.33,952730.1,609736.49,224486.77,-385249.72,58,64
FARM00118,Karnataka,Belagavi,Village_313,Sugarcane,Co86032,2024-04-05,2024-07-28,Zaid,24.41,Black,7.2,50,93,175,DAP,Sprinkler,96.9,27.3,81,Yes,Leaf Blight,Imidacloprid,92.18,73.74,1904967.9,688211.5,138023.6,-550187.9,20,71
FARM00119,Rajasthan,Kota,Village_228,Cotton,Suraj,2022-09-23,2023-01-03,Zaid,6.28,Clay,5.5,52,83,146,DAP,Flood,176.6,18.9,93,No,None,Neem Oil,34.33,35.44,298674.1,143998.03,81160.17,-62837.86,77,48
FARM00120,Uttar Pradesh,Meerut,Village_236,Rice,IR64,2022-06-13,2022-11-02,Rabi,7.29,Laterite,6.1,92,49,164,Organic Compost,Rain-fed,207.6,27.6,98,No,None,Neem Oil,41.35,40.04,191172.2,227981.8,96944.97,-131036.83,90,84
FARM00121,Rajasthan,Jaipur,Village_243,Wheat,HD2967,2021-06-30,2021-10-07,Kharif,9.54,Alluvial,6.7,120,126,174,NPK,Drip,124.3,26.9,82,No,None,Neem Oil,40.98,44.65,269601.1,259381.97,117379.62,-142002.35,59,71
FARM00122,Uttar Pradesh,Meerut,Village_463,Sugarcane,Co86032,2021-09-18,2022-01-05,Rabi,1.14,Red,6.6,91,122,72,DAP,Canal,83.7,26.0,66,Yes,Leaf Blight,Imidacloprid,4.37,3.5,44442.9,30125.94,7325.89,-22800.05,66,95
FARM00123,Rajasthan,Kota,Village_377,Millet,Ragi,2022-05-11,2022-09-30,Kharif,4.62,Black,7.6,101,118,164,Vermicompost,Sprinkler,136.7,29.5,89,Yes,Leaf Blight,Chlorpyrifos,21.06,16.85,85702.5,64855.11,66237.84,1382.73,40,51
FARM00124,West Bengal,Siliguri,Village_330,Cotton,Bt,2020-05-30,2020-11-01,Zaid,8.5,Clay,5.7,180,43,135,Urea,Flood,46.5,33.9,55,No,None,Neem Oil,35.56,35.97,536034.2,260323.44,151003.67,-109319.77,61,45
FARM00125,Karnataka,Mysuru,Village_169,Soybean,JS335,2022-11-03,2023-02-21,Kharif,18.58,Red,7.8,175,88,85,Organic Compost,Flood,56.6,33.2,70,No,None,Neem Oil,62.7,61.68,942277.3,449863.75,254160.16,-195703.59,58,46
FARM00126,Uttar Pradesh,Meerut,Village_43,Maize,DHM117,2022-06-02,2022-10-06,Rabi,23.9,Black,7.2,134,86,139,Organic Compost,Canal,40.6,19.7,63,No,None,Neem Oil,84.45,84.33,775512.1,481129.55,235525.98,-245603.57,58,52
FARM00127,Maharashtra,Nashik,Village_304,Cotton,Suraj,2021-07-11,2021-11-21,Kharif,16.18,Red,7.8,52,136,83,Vermicompost,Drip,53.5,23.2,66,No,None,Neem Oil,62.05,68.03,745109.8,488946.8,267304.89,-221641.91,80,93
FARM00128,Punjab,Ludhiana,Village_330,Cotton,Suraj,2020-06-15,2020-12-01,Kharif,13.37,Black,5.8,91,58,83,DAP,Sprinkler,24.5,31.4,55,No,None,Neem Oil,39.66,39.04,644866.7,430225.36,122656.95,-307568.41,84,61
FARM00129,West Bengal,Kolkata,Village_296,Sugarcane,Co86032,2021-07-22,2022-01-08,Kharif,20.88,Black,6.9,94,87,124,Organic Compost,Canal,34.7,30.9,66,No,None,Neem Oil,73.85,80.68,1347968.8,287372.32,198119.74,-89252.58,70,77
FARM00130,Assam,Guwahati,Village_286,Wheat,HD2967,2023-01-26,2023-07-18,Zaid,6.59,Red,6.3,40,140,173,Organic Compost,Drip,81.4,23.8,72,Yes,Leaf Blight,Chlorpyrifos,26.47,21.18,255999.7,219159.47,51168.98,-167990.49,27,78
FARM00131,Rajasthan,Kota,Village_406,Sugarcane,Co86032,2020-11-04,2021-05-03,Kharif,15.06,Clay,5.7,101,126,155,NPK,Flood,101.6,27.5,76,No,None,Neem Oil,59.32,57.09,718506.6,409127.66,159195.3,-249932.36,88,75
FARM00132,Uttar Pradesh,Lucknow,Village_303,Cotton,Bt,2021-12-09,2022-05-10,Rabi,5.8,Black,6.5,95,179,103,DAP,Canal,48.3,17.6,55,No,None,Neem Oil,24.62,25.54,123105.4,118565.04,51406.19,-67158.85,61,64
FARM00133,Tamil Nadu,Coimbatore,Village_453,Sugarcane,Co86032,2021-09-17,2022-03-05,Zaid,15.02,Red,6.4,103,96,88,Urea,Rain-fed,51.3,25.5,70,No,None,Neem Oil,55.19,53.15,599436.0,319030.97,109723.0,-209307.97,61,88
FARM00134,Rajasthan,Jaipur,Village_134,Maize,DHM117,2020-03-23,2020-09-01,Kharif,6.89,Laterite,5.8,148,53,86,Urea,Flood,65.7,22.4,65,No,None,Neem Oil,23.59,22.87,339423.8,174552.06,49963.97,-124588.09,59,59
FARM00135,West Bengal,Kolkata,Village_327,Sugarcane,Co86032,2024-02-02,2024-06-17,Kharif,21.4,Clay,7.4,48,109,109,DAP,Canal,221.8,26.4,98,No,None,Neem Oil,120.53,120.18,513111.4,600860.68,451198.0,-149662.68,85,78
FARM00136,Punjab,Ludhiana,Village_400,Rice,Basmati,2022-07-31,2022-12-10,Kharif,17.91,Clay,7.5,110,45,167,Urea,Rain-fed,56.5,22.1,65,No,None,Neem Oil,53.03,58.09,1034378.4,337439.82,154412.89,-183026.93,85,56
FARM00137,Uttar Pradesh,Lucknow,Village_414,Soybean,NRC37,2020-09-14,2020-12-28,Rabi,3.78,Black,7.7,127,143,68,DAP,Rain-fed,66.8,23.9,70,No,None,Neem Oil,17.11,16.64,291873.4,68060.67,35693.83,-32366.84,83,79
FARM00138,West Bengal,Kolkata,Village_280,Wheat,PBW725,2023-08-17,2023-11-16,Zaid,10.84,Alluvial,6.2,128,142,102,Organic Compost,Flood,116.8,24.5,81,No,None,Neem Oil,54.25,58.95,174351.7,201135.15,203608.84,2473.69,96,46
FARM00139,Assam,Jorhat,Village_70,Potato,Kufri Pukhraj,2020-03-02,2020-08-05,Rabi,19.63,Loamy,8.1,180,173,178,DAP,Flood,52.7,29.5,60,No,None,Neem Oil,72.32,76.71,1214179.7,418290.63,286286.42,-132004.21,75,94
FARM00140,Uttar Pradesh,Meerut,Village_217,Sugarcane,Co0238,2021-01-23,2021-06-02,Zaid,14.49,Red,7.3,75,164,177,Vermicompost,Rain-fed,53.8,30.5,55,Yes,Leaf Blight,Chlorpyrifos,50.36,40.29,1014880.8,398673.02,82473.68,-316199.34,30,93
FARM00141,Punjab,Amritsar,Village_366,Potato,Kufri Pukhraj,2022-05-27,2022-10-17,Kharif,1.83,Laterite,7.3,112,135,115,NPK,Flood,197.2,25.9,92,Yes,Leaf Blight,Chlorpyrifos,9.83,7.86,34743.1,27232.05,15706.68,-11525.37,23,71
FARM00142,Rajasthan,Jaipur,Village_220,Maize,DHM117,2023-02-25,2023-05-31,Zaid,23.21,Clay,6.0,115,82,142,NPK,Canal,46.6,29.3,62,Yes,Leaf Blight,Imidacloprid,96.71,77.37,1565414.8,454333.92,288004.91,-166329.01,54,79
FARM00143,Karnataka,Belagavi,Village_408,Rice,IR64,2023-01-06,2023-06-20,Rabi,10.43,Red,6.1,174,52,174,NPK,Rain-fed,169.7,29.4,92,No,None,Neem Oil,49.6,52.88,712980.4,267265.22,180849.45,-86415.77,81,86
FARM00144,West Bengal,Kolkata,Village_333,Sugarcane,Co86032,2023-12-11,2024-04-02,Rabi,15.83,Black,6.8,143,87,139,Organic Compost,Drip,81.5,20.1,72,No,None,Neem Oil,58.07,55.38,496075.9,482052.44,113640.47,-368411.97,58,62
FARM00145,West Bengal,Kolkata,Village_400,Wheat,HD2967,2022-06-29,2022-11-13,Kharif,9.86,Loamy,6.6,136,135,162,Urea,Drip,30.6,29.5,51,No,None,Neem Oil,36.04,36.18,155094.0,281564.61,96039.1,-185525.51,74,68
FARM00146,Uttar Pradesh,Meerut,Village_181,Cotton,Suraj,2020-06-27,2020-12-22,Kharif,23.81,Black,6.2,129,94,137,Urea,Drip,32.1,29.4,54,No,None,Neem Oil,82.44,83.81,931130.4,401497.12,327489.98,-74007.14,72,95
FARM00147,Karnataka,Belagavi,Village_137,Rice,Basmati,2020-02-11,2020-05-18,Rabi,18.53,Alluvial,6.6,157,76,89,Vermicompost,Drip,61.3,19.6,72,No,None,Neem Oil,75.31,74.8,948041.9,342435.38,155806.67,-186628.71,93,48
FARM00148,Uttar Pradesh,Lucknow,Village_137,Potato,Kufri Pukhraj,2020-09-02,2020-12-11,Kharif,19.3,Black,7.8,163,132,44,Organic Compost,Rain-fed,85.4,31.6,69,No,None,Neem Oil,71.31,74.62,1502301.0,487754.34,183253.65,-304500.69,88,61
FARM00149,Assam,Guwahati,Village_291,Potato,Kufri Pukhraj,2022-04-10,2022-09-02,Zaid,3.37,Black,7.4,173,54,68,DAP,Drip,81.7,21.5,64,No,None,Neem Oil,11.1,11.97,193070.2,59194.26,28894.76,-30299.5,87,80
FARM00150,Uttar Pradesh,Lucknow,Village_257,Cotton,Suraj,2022-11-15,2023-05-11,Zaid,24.09,Alluvial,6.8,155,135,127,DAP,Drip,36.3,34.8,56,No,None,Neem Oil,75.77,81.75,1459323.1,615563.62,285705.85,-329857.77,78,45
FARM00151,Assam,Jorhat,Village_333,Rice,IR64,2022-11-22,2023-04-15,Zaid,10.57,Red,7.6,143,117,100,DAP,Sprinkler,41.4,22.0,62,No,None,Neem Oil,43.45,46.28,225167.1,262805.45,192582.0,-70223.45,95,87
FARM00152,Maharashtra,Pune,Village_170,Maize,HQPM1,2021-07-15,2021-10-21,Kharif,3.69,Clay,5.7,163,54,54,Vermicompost,Drip,37.5,28.0,67,No,None,Neem Oil,11.8,12.43,103335.6,89037.86,25635.66,-63402.2,62,53
FARM00153,West Bengal,Siliguri,Village_101,Sugarcane,Co86032,2021-04-25,2021-09-19,Kharif,7.38,Alluvial,5.7,151,47,73,Organic Compost,Flood,36.1,21.5,58,No,None,Neem Oil,22.03,21.89,115341.7,103520.94,43808.43,-59712.51,91,57
FARM00154,Punjab,Ludhiana,Village_399,Cotton,Suraj,2021-03-11,2021-07-09,Kharif,15.02,Red,7.7,159,47,139,DAP,Drip,98.1,32.9,68,Yes,Leaf Blight,Chlorpyrifos,64.56,51.65,304708.6,460166.43,189067.09,-271099.34,28,73
FARM00155,Uttar Pradesh,Meerut,Village_336,Millet,Bajra,2020-10-17,2021-02-12,Kharif,5.27,Laterite,7.3,158,157,145,Vermicompost,Flood,71.2,25.3,65,No,None,Neem Oil,16.65,17.98,108449.1,77645.22,66679.75,-10965.47,62,74
FARM00156,Rajasthan,Jaipur,Village_393,Millet,Bajra,2022-07-13,2022-11-08,Zaid,17.58,Black,7.9,164,124,128,Vermicompost,Drip,64.5,26.3,58,No,None,Neem Oil,64.07,65.75,1260308.2,532137.56,191832.32,-340305.24,79,62
FARM00157,Tamil Nadu,Coimbatore,Village_59,Wheat,PBW725,2020-05-07,2020-09-15,Zaid,2.81,Black,5.7,160,107,73,NPK,Rain-fed,81.0,23.7,63,Yes,Leaf Blight,Imidacloprid,12.88,10.3,201842.2,43768.33,30245.78,-13522.55,34,52
FARM00158,Punjab,Amritsar,Village_188,Sugarcane,Co0238,2022-02-16,2022-05-21,Kharif,24.98,Black,5.9,114,56,95,DAP,Rain-fed,26.3,23.2,58,Yes,Leaf Blight,Chlorpyrifos,97.06,77.65,1573672.4,346109.24,220698.19,-125411.05,42,82
FARM00159,Tamil Nadu,Madurai,Village_346,Potato,Kufri Jyoti,2023-08-18,2024-02-01,Zaid,9.67,Red,7.8,142,179,67,Vermicompost,Flood,102.4,22.4,67,No,None,Neem Oil,45.96,45.74,587393.5,159763.5,88663.78,-71099.72,55,50
FARM00160,Karnataka,Belagavi,Village_16,Millet,Bajra,2023-10-31,2024-03-17,Rabi,22.55,Loamy,6.3,44,54,103,NPK,Flood,111.7,25.4,80,Yes,Leaf Blight,Chlorpyrifos,112.45,89.96,1158295.2,479006.24,195737.15,-283269.09,58,85
FARM00161,Assam,Guwahati,Village_164,Cotton,Bt,2023-11-01,2024-02-09,Kharif,24.1,Laterite,7.1,113,124,55,Urea,Drip,34.5,33.0,56,No,None,Neem Oil,93.08,89.68,946302.5,776598.03,204955.34,-571642.69,77,81
FARM00162,Maharashtra,Pune,Village_177,Sugarcane,Co86032,2021-10-29,2022-03-07,Kharif,16.46,Black,7.7,175,67,81,Vermicompost,Drip,43.3,34.7,64,Yes,Leaf Blight,Chlorpyrifos,62.21,49.77,680607.3,258503.8,102647.86,-155855.94,27,58
FARM00163,West Bengal,Siliguri,Village_1,Soybean,JS335,2022-10-14,2023-03-23,Rabi,18.77,Clay,5.9,51,158,128,Vermicompost,Flood,102.0,34.9,70,Yes,Leaf Blight,Chlorpyrifos,72.27,57.82,1047122.6,651990.72,227174.47,-424816.25,45,46
FARM00164,Rajasthan,Jaipur,Village_284,Potato,Kufri Pukhraj,2020-08-23,2020-12-13,Kharif,13.16,Laterite,8.0,96,66,95,NPK,Flood,91.1,18.7,73,Yes,Leaf Blight,Chlorpyrifos,61.44,49.15,250943.1,225758.0,190952.28,-34805.72,64,91
FARM00165,Uttar Pradesh,Meerut,Village_236,Soybean,JS335,2021-03-16,2021-06-21,Rabi,6.54,Red,6.0,176,62,178,Urea,Canal,48.0,24.4,66,No,None,Neem Oil,25.39,26.88,424110.4,135978.23,88783.2,-47195.03,71,63
FARM00166,Assam,Guwahati,Village_131,Potato,Kufri Pukhraj,2022-02-27,2022-07-14,Kharif,8.94,Laterite,8.1,180,163,135,Organic Compost,Drip,50.8,23.6,55,No,None,Neem Oil,29.52,31.46,633005.6,152012.31,113116.72,-38895.59,64,50
FARM00167,Assam,Jorhat,Village_108,Millet,Bajra,2020-06-11,2020-10-13,Zaid,3.45,Laterite,6.1,134,62,68,NPK,Flood,53.5,24.4,60,Yes,Leaf Blight,Chlorpyrifos,10.73,8.58,247518.5,119684.0,24629.09,-95054.91,46,59
FARM00168,Karnataka,Mysuru,Village_244,Cotton,Suraj,2021-05-13,2021-10-01,Zaid,15.2,Black,7.1,109,57,122,Urea,Drip,81.8,29.8,64,Yes,Leaf Blight,Imidacloprid,49.45,39.56,238031.9,211062.01,137027.65,-74034.36,48,73
FARM00169,Karnataka,Belagavi,Village_81,Maize,DHM117,2022-11-21,2023-03-28,Kharif,16.72,Loamy,7.0,168,115,147,NPK,Rain-fed,49.0,23.4,59,No,None,Neem Oil,63.29,65.01,409977.2,221478.93,117021.73,-104457.2,56,67
FARM00170,Assam,Jorhat,Village_470,Soybean,NRC37,2022-07-10,2022-11-06,Rabi,17.66,Red,5.8,52,78,87,NPK,Sprinkler,85.1,22.9,66,No,None,Neem Oil,62.3,60.16,1395595.5,438067.28,153686.88,-284380.4,87,74
FARM00171,Uttar Pradesh,Lucknow,Village_409,Wheat,PBW725,2020-12-07,2021-05-01,Zaid,18.56,Alluvial,6.7,132,119,146,Organic Compost,Flood,52.4,23.6,71,No,None,Neem Oil,74.77,74.66,879223.1,368351.3,249472.54,-118878.76,74,71
FARM00172,West Bengal,Kolkata,Village_485,Rice,IR64,2022-07-17,2022-12-06,Zaid,6.45,Black,7.0,122,178,167,DAP,Flood,58.6,33.4,58,Yes,Leaf Blight,Imidacloprid,24.96,19.97,404723.6,193690.11,75494.72,-118195.39,37,69
FARM00173,Assam,Jorhat,Village_369,Millet,Bajra,2021-04-05,2021-08-20,Rabi,9.4,Laterite,6.0,101,45,106,NPK,Flood,136.7,21.2,82,Yes,Leaf Blight,Imidacloprid,47.77,38.22,568940.9,232847.69,118780.69,-114067.0,28,70
FARM00174,Rajasthan,Kota,Village_188,Potato,Kufri Pukhraj,2022-12-05,2023-05-03,Zaid,4.8,Alluvial,5.8,156,56,56,DAP,Flood,142.2,31.9,89,No,None,Neem Oil,24.76,26.7,94290.7,105785.72,107056.55,1270.83,58,83
FARM00175,Karnataka,Belagavi,Village_235,Cotton,Suraj,2020-02-05,2020-07-28,Zaid,5.14,Red,7.2,115,174,77,Vermicompost,Rain-fed,96.5,24.0,78,Yes,Leaf Blight,Imidacloprid,20.75,16.6,385257.4,122374.2,30220.34,-92153.86,57,55
FARM00176,Rajasthan,Kota,Village_272,Maize,DHM117,2021-09-18,2022-01-16,Zaid,4.55,Loamy,6.7,133,44,168,NPK,Drip,73.2,32.9,76,No,None,Neem Oil,17.69,18.09,225176.3,91415.12,73046.06,-18369.06,97,46
FARM00177,Uttar Pradesh,Lucknow,Village_211,Wheat,PBW725,2021-03-03,2021-06-16,Rabi,21.57,Laterite,6.6,122,85,60,Vermicompost,Flood,110.5,33.3,85,No,None,Neem Oil,93.26,100.29,889705.2,440948.82,353881.51,-87067.31,57,86
FARM00178,Karnataka,Mysuru,Village_163,Wheat,PBW725,2020-07-04,2020-11-04,Kharif,12.1,Clay,5.5,81,168,46,DAP,Canal,30.3,25.1,50,No,None,Neem Oil,39.81,41.5,712970.0,322021.05,158130.4,-163890.65,96,64
FARM00179,Karnataka,Belagavi,Village_395,Maize,DHM117,2021-08-09,2021-11-07,Zaid,12.75,Red,7.0,134,57,121,Vermicompost,Drip,50.5,21.1,55,Yes,Leaf Blight,Imidacloprid,44.08,35.26,440525.9,440078.85,129356.05,-310722.8,54,55
FARM00180,Punjab,Ludhiana,Village_295,Soybean,JS335,2020-03-27,2020-07-09,Rabi,8.11,Red,7.1,98,41,133,NPK,Drip,83.0,33.6,76,Yes,Leaf Blight,Chlorpyrifos,32.58,26.06,542561.4,207319.62,101543.19,-105776.43,31,54
FARM00181,Tamil Nadu,Madurai,Village_434,Wheat,PBW725,2022-01-23,2022-07-17,Rabi,11.38,Black,6.2,139,137,145,Vermicompost,Drip,51.3,29.1,54,Yes,Leaf Blight,Imidacloprid,45.71,36.57,216634.9,288085.19,120836.69,-167248.5,68,88
FARM00182,Karnataka,Belagavi,Village_30,Soybean,JS335,2022-05-10,2022-09-19,Kharif,24.69,Laterite,8.2,157,160,60,Vermicompost,Flood,27.0,26.5,60,Yes,Leaf Blight,Imidacloprid,91.78,73.42,681658.6,377310.07,195468.41,-181841.66,41,52
FARM00183,West Bengal,Kolkata,Village_203,Millet,Ragi,2021-11-19,2022-02-20,Zaid,20.66,Alluvial,8.1,140,82,77,Urea,Flood,96.8,29.6,77,Yes,Leaf Blight,Chlorpyrifos,91.54,73.23,1353374.9,478167.88,159956.02,-318211.86,34,73
FARM00184,West Bengal,Siliguri,Village_230,Wheat,PBW725,2020-12-23,2021-04-26,Rabi,3.81,Red,7.3,135,40,50,Urea,Drip,31.4,30.0,51,No,None,Neem Oil,15.59,15.0,228927.6,86689.68,50296.72,-36392.96,86,56
FARM00185,Karnataka,Mysuru,Village_233,Cotton,Suraj,2020-06-18,2020-11-01,Rabi,17.03,Red,6.7,132,147,56,Organic Compost,Sprinkler,26.0,28.3,55,Yes,Leaf Blight,Chlorpyrifos,65.38,52.3,1073094.6,279558.13,183434.83,-96123.3,55,73
FARM00186,Rajasthan,Kota,Village_485,Cotton,Bt,2024-05-09,2024-10-15,Zaid,14.33,Laterite,6.5,106,122,90,DAP,Flood,75.6,27.5,70,No,None,Neem Oil,60.78,59.17,289630.9,315027.76,180598.12,-134429.64,74,47
FARM00187,Rajasthan,Jaipur,Village_68,Rice,Basmati,2021-12-02,2022-05-22,Rabi,21.88,Black,5.5,116,148,132,NPK,Sprinkler,140.9,27.3,92,No,None,Neem Oil,96.09,98.61,1603202.1,546500.19,274192.43,-272307.76,88,89
FARM00188,Tamil Nadu,Coimbatore,Village_64,Cotton,Suraj,2022-06-27,2022-12-13,Zaid,19.92,Laterite,6.7,145,72,63,Vermicompost,Rain-fed,53.8,27.1,65,No,None,Neem Oil,58.76,60.1,675084.7,675877.97,238386.07,-437491.9,80,69
FARM00189,Uttar Pradesh,Lucknow,Village_474,Wheat,PBW725,2021-09-01,2021-12-22,Kharif,20.28,Red,7.4,62,84,83,Organic Compost,Sprinkler,73.0,28.3,62,Yes,Leaf Blight,Imidacloprid,71.41,57.13,1090100.5,665027.27,132938.67,-532088.6,21,48
FARM00190,Rajasthan,Jaipur,Village_123,Maize,HQPM1,2022-05-10,2022-09-13,Zaid,1.99,Laterite,6.0,141,107,43,Urea,Drip,90.1,27.7,80,No,None,Neem Oil,8.84,8.82,129693.6,35155.45,19907.0,-15248.45,70,58
FARM00191,Tamil Nadu,Coimbatore,Village_91,Wheat,HD2967,2023-04-20,2023-09-30,Rabi,4.94,Loamy,7.4,42,110,111,Urea,Drip,51.1,31.4,63,No,None,Neem Oil,15.04,15.83,195281.2,137969.78,32005.21,-105964.57,90,93
FARM00192,West Bengal,Kolkata,Village_339,Sugarcane,Co0238,2020-11-26,2021-05-05,Zaid,22.24,Black,6.5,108,136,50,Vermicompost,Sprinkler,45.2,28.7,59,No,None,Neem Oil,86.82,86.94,971371.4,417182.54,232293.47,-184889.07,56,92
FARM00193,Assam,Guwahati,Village_206,Rice,IR64,2020-01-27,2020-06-01,Kharif,18.89,Laterite,7.0,144,45,162,Vermicompost,Sprinkler,54.4,23.7,69,Yes,Leaf Blight,Imidacloprid,58.2,46.56,1211603.9,339703.87,167642.97,-172060.9,31,84
FARM00194,Uttar Pradesh,Lucknow,Village_461,Potato,Kufri Jyoti,2022-04-08,2022-08-17,Kharif,7.17,Red,7.5,160,161,143,Vermicompost,Drip,63.7,29.8,68,No,None,Neem Oil,31.8,31.02,165102.7,172904.32,81252.8,-91651.52,72,54
FARM00195,Rajasthan,Jaipur,Village_33,Rice,IR64,2022-02-06,2022-07-25,Kharif,20.37,Clay,7.9,77,100,64,NPK,Rain-fed,69.7,28.1,60,No,None,Neem Oil,81.32,82.23,387631.2,634042.23,214325.62,-419716.61,72,93
FARM00196,Tamil Nadu,Madurai,Village_128,Millet,Ragi,2021-11-29,2022-04-16,Zaid,17.3,Clay,5.5,81,180,140,Urea,Sprinkler,41.1,28.3,65,Yes,Leaf Blight,Chlorpyrifos,60.06,48.05,929829.7,571491.01,99514.02,-471976.99,60,55
FARM00197,Maharashtra,Nashik,Village_92,Sugarcane,Co86032,2023-05-01,2023-08-30,Rabi,9.22,Clay,6.8,145,64,126,Organic Compost,Canal,62.3,20.7,66,Yes,Leaf Blight,Imidacloprid,37.09,29.67,696796.8,276708.22,100703.47,-176004.75,34,93
FARM00198,Assam,Guwahati,Village_485,Potato,Kufri Pukhraj,2021-12-18,2022-05-18,Kharif,24.66,Laterite,7.4,114,122,173,DAP,Drip,19.4,20.2,48,No,None,Neem Oil,89.0,93.13,928320.0,518417.57,329872.95,-188544.62,59,82
FARM00199,Karnataka,Belagavi,Village_382,Sugarcane,Co86032,2021-01-19,2021-05-16,Rabi,19.98,Black,6.1,69,104,161,Vermicompost,Flood,44.3,20.9,66,No,None,Neem Oil,73.67,80.17,1002160.9,572265.85,331897.04,-240368.81,92,72
FARM00200,Tamil Nadu,Madurai,Village_368,Rice,Basmati,2020-05-22,2020-08-26,Kharif,2.01,Alluvial,7.6,61,162,162,NPK,Canal,87.7,35.4,66,No,None,Neem Oil,6.78,7.02,131779.4,38944.92,26130.41,-12814.51,55,58
FARM00201,Assam,Jorhat,Village_223,Sugarcane,Co86032,2021-10-28,2022-04-20,Kharif,17.05,Laterite,7.1,72,131,49,DAP,Drip,67.0,29.7,61,No,None,Neem Oil,71.8,75.55,1305816.9,277608.39,137604.81,-140003.58,83,68
FARM00202,Punjab,Amritsar,Village_115,Maize,HQPM1,2024-02-23,2024-07-15,Kharif,15.78,Alluvial,7.8,50,47,42,Urea,Sprinkler,54.2,34.1,67,No,None,Neem Oil,60.29,62.84,1140993.2,379703.78,170939.32,-208764.46,87,85
FARM00203,West Bengal,Kolkata,Village_406,Sugarcane,Co0238,2020-03-26,2020-08-25,Rabi,2.39,Black,5.9,153,155,175,Vermicompost,Sprinkler,27.8,25.6,55,Yes,Leaf Blight,Imidacloprid,9.25,7.4,152178.8,44591.99,17556.43,-27035.56,43,85
FARM00204,Rajasthan,Kota,Village_10,Maize,HQPM1,2023-02-20,2023-06-30,Zaid,5.58,Loamy,5.6,75,48,67,Vermicompost,Canal,102.4,25.8,82,No,None,Neem Oil,23.63,22.8,292234.1,129045.3,45527.59,-83517.71,74,58
FARM00205,Uttar Pradesh,Meerut,Village_34,Potato,Kufri Jyoti,2021-02-23,2021-07-08,Zaid,8.76,Laterite,5.9,86,103,122,Organic Compost,Sprinkler,74.9,31.3,68,No,None,Neem Oil,29.29,30.5,381078.5,303170.59,81892.54,-221278.05,62,64
FARM00206,Rajasthan,Kota,Village_13,Rice,IR64,2024-01-26,2024-05-27,Kharif,5.88,Alluvial,7.8,175,168,75,NPK,Sprinkler,87.9,26.0,78,No,None,Neem Oil,26.41,25.85,159005.3,93266.7,96006.6,2739.9,69,79
FARM00207,West Bengal,Siliguri,Village_464,Wheat,PBW725,2022-07-03,2022-11-10,Zaid,2.33,Laterite,6.1,172,84,89,Urea,Flood,119.6,19.6,74,No,None,Neem Oil,9.93,9.58,79862.3,34059.21,36773.95,2714.74,65,70
FARM00208,Karnataka,Mysuru,Village_209,Millet,Ragi,2020-09-29,2021-01-28,Kharif,9.91,Red,6.8,117,121,141,Organic Compost,Flood,55.7,30.8,60,No,None,Neem Oil,42.54,46.29,247533.8,201367.27,84555.14,-116812.13,93,72
FARM00209,Maharashtra,Pune,Village_439,Potato,Kufri Jyoti,2020-01-14,2020-06-20,Rabi,5.24,Red,7.4,138,62,143,NPK,Rain-fed,52.4,26.5,71,No,None,Neem Oil,18.5,19.63,376930.7,179603.83,61100.21,-118503.62,94,82
FARM00210,Uttar Pradesh,Meerut,Village_110,Sugarcane,Co86032,2022-02-04,2022-05-16,Kharif,13.73,Black,6.2,140,155,138,Vermicompost,Canal,31.3,29.0,65,No,None,Neem Oil,47.05,47.27,1019490.7,437624.34,101839.84,-335784.5,90,53
FARM00211,Rajasthan,Kota,Village_427,Soybean,JS335,2021-07-09,2021-11-26,Zaid,14.45,Black,8.1,74,72,115,NPK,Drip,127.0,32.8,87,Yes,Leaf Blight,Imidacloprid,69.42,55.54,447774.2,401613.26,122157.39,-279455.87,36,68
FARM00212,West Bengal,Kolkata,Village_124,Cotton,Bt,2021-03-28,2021-09-07,Zaid,20.0,Loamy,6.7,73,132,74,NPK,Flood,69.2,34.0,59,Yes,Leaf Blight,Chlorpyrifos,71.78,57.42,1073398.5,458206.78,195160.53,-263046.25,69,93
FARM00213,Tamil Nadu,Coimbatore,Village_165,Cotton,Bt,2020-03-30,2020-08-09,Kharif,8.05,Clay,6.1,163,99,141,DAP,Canal,118.0,25.1,76,No,None,Neem Oil,36.74,39.83,237458.7,148507.98,149288.16,780.18,63,64
FARM00214,Punjab,Amritsar,Village_176,Potato,Kufri Jyoti,2020-09-03,2021-01-24,Rabi,6.28,Laterite,6.2,173,44,95,Organic Compost,Sprinkler,26.0,21.4,62,Yes,Leaf Blight,Chlorpyrifos,18.86,15.09,282380.6,75528.98,39002.83,-36526.15,44,64
FARM00215,West Bengal,Siliguri,Village_4,Sugarcane,Co0238,2020-01-01,2020-06-07,Rabi,18.55,Clay,7.2,99,133,77,Organic Compost,Flood,34.2,34.2,58,Yes,Leaf Blight,Imidacloprid,50.27,40.22,903062.7,299913.24,145499.45,-154413.79,56,68
FARM00216,Maharashtra,Pune,Village_212,Rice,Basmati,2022-05-25,2022-11-15,Kharif,22.05,Alluvial,7.7,98,99,115,Urea,Canal,36.3,32.6,53,Yes,Leaf Blight,Imidacloprid,63.7,50.96,1228238.4,413130.6,110229.29,-302901.31,56,61
FARM00217,Rajasthan,Kota,Village_277,Wheat,HD2967,2022-05-22,2022-08-27,Rabi,16.38,Loamy,5.8,123,57,100,Organic Compost,Canal,120.9,24.9,79,Yes,Leaf Blight,Imidacloprid,72.62,58.1,1081976.9,538463.06,222834.25,-315628.81,45,74
FARM00218,Uttar Pradesh,Lucknow,Village_179,Potato,Kufri Pukhraj,2023-09-21,2023-12-24,Rabi,11.75,Alluvial,6.5,127,108,138,Vermicompost,Drip,25.5,30.0,50,No,None,Neem Oil,36.14,35.54,409972.7,236131.59,95565.69,-140565.9,80,55
FARM00219,Karnataka,Mysuru,Village_235,Wheat,PBW725,2020-06-16,2020-12-09,Zaid,21.21,Red,6.7,136,119,70,DAP,Rain-fed,65.3,30.8,59,No,None,Neem Oil,81.31,86.47,825078.6,312062.11,301584.1,-10478.01,56,74
FARM00220,Maharashtra,Pune,Village_62,Potato,Kufri Pukhraj,2022-04-27,2022-08-08,Rabi,23.06,Clay,7.0,52,55,89,NPK,Rain-fed,89.7,23.6,66,No,None,Neem Oil,88.79,93.17,402818.1,783427.72,253643.3,-529784.42,93,57
FARM00221,Uttar Pradesh,Lucknow,Village_407,Cotton,Suraj,2021-11-20,2022-04-21,Kharif,4.81,Red,6.1,156,51,63,Vermicompost,Canal,65.7,15.9,71,No,None,Neem Oil,17.09,16.58,329091.2,110596.94,53800.98,-56795.96,68,57
FARM00222,Maharashtra,Pune,Village_83,Millet,Bajra,2020-08-27,2020-12-30,Kharif,8.79,Black,7.1,121,63,121,NPK,Sprinkler,84.4,20.3,63,No,None,Neem Oil,30.85,30.22,351603.9,284098.46,93155.84,-190942.62,74,67
FARM00223,Uttar Pradesh,Meerut,Village_75,Sugarcane,Co0238,2020-05-31,2020-09-09,Rabi,2.94,Alluvial,5.9,80,97,178,Urea,Canal,41.0,23.5,52,No,None,Neem Oil,11.07,10.73,162996.2,51926.19,38481.2,-13444.99,62,48
FARM00224,Maharashtra,Pune,Village_189,Soybean,NRC37,2020-09-20,2021-01-14,Rabi,6.58,Loamy,6.9,55,78,90,DAP,Canal,23.9,27.2,52,Yes,Leaf Blight,Chlorpyrifos,21.51,17.21,259150.8,185949.99,33878.72,-152071.27,49,45
FARM00225,Rajasthan,Kota,Village_292,Cotton,Bt,2021-10-11,2022-02-07,Kharif,19.97,Clay,7.8,80,82,156,Urea,Canal,64.4,33.8,59,No,None,Neem Oil,80.27,83.84,306748.7,476350.41,153254.65,-323095.76,85,84
FARM00226,West Bengal,Siliguri,Village_370,Maize,DHM117,2022-04-07,2022-07-16,Zaid,20.95,Laterite,6.8,97,175,116,DAP,Rain-fed,38.8,25.7,58,No,None,Neem Oil,58.17,63.24,1554982.1,544989.5,161693.41,-383296.09,84,59
FARM00227,Maharashtra,Nashik,Village_456,Cotton,Suraj,2022-07-06,2022-12-06,Rabi,24.97,Black,6.9,114,115,142,NPK,Canal,152.6,25.0,89,Yes,Leaf Blight,Imidacloprid,117.16,93.73,960990.7,387129.64,392391.56,5261.92,30,52
FARM00228,West Bengal,Kolkata,Village_28,Millet,Bajra,2021-10-27,2022-04-23,Zaid,9.57,Clay,7.1,96,48,98,DAP,Flood,114.5,22.8,80,No,None,Neem Oil,40.03,43.21,144539.1,283619.04,177564.73,-106054.31,72,50
FARM00229,Maharashtra,Nashik,Village_497,Rice,IR64,2023-05-08,2023-09-20,Zaid,9.26,Red,5.6,111,123,124,Urea,Sprinkler,41.1,28.3,56,No,None,Neem Oil,38.52,40.34,466803.0,221419.8,97789.31,-123630.49,61,94
FARM00230,West Bengal,Kolkata,Village_143,Millet,Bajra,2020-11-28,2021-03-04,Zaid,23.99,Red,7.1,43,172,140,DAP,Sprinkler,94.2,13.1,66,No,None,Neem Oil,112.18,110.07,914645.7,487380.49,223946.41,-263434.08,59,92
FARM00231,Rajasthan,Kota,Village_394,Soybean,JS335,2022-01-08,2022-05-26,Kharif,13.32,Alluvial,6.0,88,127,40,Organic Compost,Rain-fed,5.4,20.0,48,Yes,Leaf Blight,Imidacloprid,36.54,29.23,433533.0,443818.92,68012.88,-375806.04,67,67
FARM00232,Punjab,Ludhiana,Village_298,Millet,Bajra,2021-07-05,2021-11-26,Kharif,3.71,Red,7.4,70,77,146,Organic Compost,Flood,50.3,34.1,63,No,None,Neem Oil,14.25,14.45,145260.9,123487.53,56243.44,-67244.09,96,70
FARM00233,Assam,Jorhat,Village_369,Soybean,NRC37,2023-03-22,2023-07-19,Zaid,23.84,Clay,7.0,55,71,52,Urea,Rain-fed,83.6,29.9,64,No,None,Neem Oil,106.62,109.87,1018967.2,427124.6,313781.41,-113343.19,83,56
FARM00234,Maharashtra,Pune,Village_244,Soybean,NRC37,2022-12-24,2023-06-11,Rabi,18.07,Red,5.8,132,83,40,Vermicompost,Rain-fed,37.4,24.6,61,Yes,Leaf Blight,Chlorpyrifos,61.43,49.14,572009.7,599898.22,122719.94,-477178.28,69,64
FARM00235,Maharashtra,Pune,Village_415,Potato,Kufri Jyoti,2022-08-17,2023-01-01,Rabi,6.7,Alluvial,7.9,49,115,127,Urea,Canal,82.8,29.4,78,No,None,Neem Oil,23.94,25.12,250694.0,95026.98,56668.0,-38358.98,88,90
FARM00236,Assam,Guwahati,Village_195,Millet,Ragi,2023-04-30,2023-10-05,Kharif,21.23,Loamy,6.5,62,57,42,Urea,Flood,175.4,31.8,85,Yes,Leaf Blight,Chlorpyrifos,103.27,82.62,931485.8,419332.06,155965.6,-263366.46,32,94
FARM00237,West Bengal,Siliguri,Village_183,Sugarcane,Co86032,2022-12-03,2023-05-17,Rabi,22.62,Black,6.8,42,44,175,Urea,Canal,161.6,27.1,96,No,None,Neem Oil,115.53,121.08,414340.9,305184.66,457153.87,151969.21,96,65
FARM00238,Assam,Jorhat,Village_96,Maize,HQPM1,2022-12-08,2023-06-01,Rabi,19.06,Loamy,6.2,77,122,60,DAP,Sprinkler,35.4,35.2,61,No,None,Neem Oil,73.44,78.56,601261.9,517521.47,185332.95,-332188.52,97,90
FARM00239,Maharashtra,Pune,Village_356,Millet,Ragi,2021-04-22,2021-10-10,Zaid,13.23,Loamy,5.9,177,45,50,Organic Compost,Sprinkler,104.6,23.3,82,Yes,Leaf Blight,Chlorpyrifos,56.46,45.17,214650.2,405391.31,104696.44,-300694.87,55,80
FARM00240,Rajasthan,Jaipur,Village_424,Rice,Basmati,2020-07-24,2020-11-07,Rabi,23.28,Black,6.7,50,72,119,DAP,Drip,157.2,24.9,87,Yes,Leaf Blight,Imidacloprid,117.57,94.06,712720.7,413849.19,208999.73,-204849.46,60,81
FARM00241,Uttar Pradesh,Meerut,Village_387,Cotton,Bt,2021-05-10,2021-11-01,Zaid,11.73,Red,6.1,117,53,108,NPK,Rain-fed,58.5,24.5,56,No,None,Neem Oil,50.26,52.38,936641.2,384758.11,142287.88,-242470.23,91,52
FARM00242,West Bengal,Kolkata,Village_404,Cotton,Bt,2020-12-24,2021-05-26,Rabi,22.55,Alluvial,7.9,49,116,175,Vermicompost,Sprinkler,30.9,28.0,61,No,None,Neem Oil,83.62,86.09,1796293.4,698510.28,298270.94,-400239.34,79,60
FARM00243,Maharashtra,Pune,Village_473,Wheat,HD2967,2020-04-22,2020-10-08,Zaid,17.68,Black,7.3,92,125,167,Organic Compost,Rain-fed,75.0,25.2,63,No,None,Neem Oil,65.42,71.87,420290.0,258856.72,189887.23,-68969.49,57,92
FARM00244,Rajasthan,Kota,Village_216,Rice,IR64,2022-04-26,2022-10-23,Rabi,24.58,Clay,6.3,47,178,63,Vermicompost,Flood,110.5,25.9,74,Yes,Leaf Blight,Chlorpyrifos,98.31,78.65,971625.5,596455.22,326616.72,-269838.5,20,83
FARM00245,Rajasthan,Jaipur,Village_365,Soybean,JS335,2020-03-10,2020-07-22,Rabi,11.7,Laterite,6.8,131,55,149,Urea,Flood,103.8,21.1,74,No,None,Neem Oil,41.14,43.71,681620.0,160630.37,154012.76,-6617.61,98,75
FARM00246,Rajasthan,Jaipur,Village_209,Potato,Kufri Pukhraj,2023-12-06,2024-05-13,Zaid,10.9,Loamy,7.9,118,135,78,Urea,Rain-fed,72.7,24.7,66,No,None,Neem Oil,35.04,34.81,284929.8,178406.54,81371.12,-97035.42,84,55
FARM00247,Maharashtra,Pune,Village_271,Rice,IR64,2021-12-11,2022-04-02,Zaid,1.91,Clay,6.9,113,154,140,Urea,Rain-fed,137.3,25.0,81,Yes,Leaf Blight,Imidacloprid,8.67,6.94,144602.2,56803.31,17038.02,-39765.29,39,57
FARM00248,Punjab,Amritsar,Village_378,Wheat,PBW725,2024-04-27,2024-09-18,Kharif,1.53,Laterite,6.8,141,127,127,NPK,Sprinkler,63.8,32.8,72,Yes,Leaf Blight,Imidacloprid,4.85,3.88,32821.8,18523.98,7151.1,-11372.88,66,56
FARM00249,West Bengal,Kolkata,Village_182,Sugarcane,Co0238,2023-03-04,2023-07-02,Kharif,20.15,Clay,7.5,165,115,109,Vermicompost,Rain-fed,47.0,28.5,61,No,None,Neem Oil,79.83,83.9,816899.2,679672.25,328197.62,-351474.63,86,93
FARM00250,Maharashtra,Pune,Village_198,Sugarcane,Co0238,2022-01-08,2022-06-10,Rabi,9.52,Laterite,6.1,124,52,78,Urea,Canal,49.4,35.7,60,No,None,Neem Oil,33.77,34.79,355140.0,318377.28,83607.97,-234769.31,85,94
FARM00251,Assam,Jorhat,Village_272,Soybean,NRC37,2023-03-03,2023-08-13,Kharif,3.5,Black,8.1,128,163,115,DAP,Sprinkler,85.8,21.7,78,No,None,Neem Oil,11.76,11.71,90703.4,85019.8,32190.01,-52829.79,56,66
FARM00252,Tamil Nadu,Coimbatore,Village_481,Potato,Kufri Pukhraj,2021-09-25,2022-02-12,Rabi,6.81,Loamy,6.2,175,60,119,Urea,Sprinkler,129.2,33.1,83,No,None,Neem Oil,27.13,27.83,272502.3,182358.49,58926.41,-123432.08,73,81
FARM00253,Assam,Jorhat,Village_292,Rice,Basmati,2021-08-06,2021-12-10,Kharif,6.81,Laterite,7.9,44,161,152,Vermicompost,Flood,71.6,26.3,75,Yes,Leaf Blight,Imidacloprid,21.67,17.34,265827.0,151956.91,43791.71,-108165.2,33,45
FARM00254,Maharashtra,Pune,Village_184,Rice,Basmati,2020-08-16,2021-02-09,Rabi,13.39,Loamy,7.8,53,62,122,Organic Compost,Sprinkler,100.5,24.0,78,Yes,Leaf Blight,Chlorpyrifos,49.76,39.81,640506.0,241695.39,76342.56,-165352.83,20,73
FARM00255,Punjab,Amritsar,Village_454,Millet,Ragi,2023-12-19,2024-04-15,Rabi,16.62,Red,8.0,76,52,134,Organic Compost,Sprinkler,23.4,22.4,61,No,None,Neem Oil,64.56,62.64,1048003.2,327766.1,193282.63,-134483.47,95,85
FARM00256,Karnataka,Mysuru,Village_411,Wheat,PBW725,2024-01-14,2024-04-26,Zaid,11.19,Black,8.0,153,163,90,DAP,Drip,40.7,21.7,65,No,None,Neem Oil,44.69,44.04,439178.5,276447.29,131311.25,-145136.04,64,53
FARM00257,West Bengal,Kolkata,Village_23,Soybean,NRC37,2024-05-12,2024-10-25,Kharif,21.85,Laterite,7.9,106,108,41,Urea,Sprinkler,30.6,27.6,61,No,None,Neem Oil,66.83,70.74,1090981.6,393446.28,199851.21,-193595.07,93,54
FARM00258,West Bengal,Kolkata,Village_236,Rice,Basmati,2023-05-13,2023-09-05,Zaid,24.95,Red,7.1,72,152,172,DAP,Canal,33.8,19.4,57,No,None,Neem Oil,81.63,81.26,705176.7,362821.53,256602.39,-106219.14,93,65
FARM00259,Punjab,Ludhiana,Village_287,Maize,DHM117,2020-07-23,2021-01-06,Rabi,11.78,Laterite,7.1,68,159,49,Organic Compost,Drip,9.4,37.6,51,Yes,Leaf Blight,Imidacloprid,30.8,24.64,775362.9,211792.74,97253.93,-114538.81,37,61
FARM00260,Maharashtra,Nashik,Village_383,Soybean,NRC37,2022-09-08,2023-02-20,Zaid,19.99,Red,8.1,48,138,87,Urea,Flood,65.3,23.6,66,No,None,Neem Oil,72.74,75.4,599375.8,485148.79,199607.34,-285541.45,91,88
FARM00261,Tamil Nadu,Coimbatore,Village_118,Soybean,NRC37,2022-11-14,2023-04-03,Zaid,5.83,Alluvial,8.2,96,49,158,DAP,Flood,103.0,17.5,72,No,None,Neem Oil,21.47,21.81,390888.2,183583.03,62482.02,-121101.01,59,68
FARM00262,Rajasthan,Kota,Village_282,Sugarcane,Co86032,2021-04-22,2021-09-03,Kharif,15.85,Clay,6.5,40,50,113,NPK,Canal,99.6,27.2,75,No,None,Neem Oil,55.63,58.08,279511.5,384337.9,135942.28,-248395.62,98,74
FARM00263,Tamil Nadu,Madurai,Village_200,Potato,Kufri Pukhraj,2020-10-03,2021-02-01,Rabi,5.17,Red,8.1,116,149,77,Urea,Drip,73.4,29.5,63,No,None,Neem Oil,17.79,18.25,216739.4,130578.6,47780.87,-82797.73,92,50
FARM00264,West Bengal,Siliguri,Village_195,Maize,HQPM1,2021-02-11,2021-06-17,Rabi,10.17,Laterite,7.7,83,147,52,NPK,Canal,71.9,27.5,75,Yes,Leaf Blight,Chlorpyrifos,39.97,31.98,295081.5,146424.93,101989.28,-44435.65,64,93
FARM00265,Assam,Guwahati,Village_169,Wheat,HD2967,2020-08-18,2021-01-21,Zaid,14.88,Red,6.2,84,106,126,DAP,Canal,150.8,31.7,94,No,None,Neem Oil,65.92,67.65,750816.0,319400.38,238061.01,-81339.37,60,46
FARM00266,Karnataka,Mysuru,Village_467,Millet,Ragi,2020-12-25,2021-04-14,Rabi,7.88,Laterite,7.0,119,170,77,DAP,Sprinkler,59.0,26.4,60,No,None,Neem Oil,31.54,33.47,232746.1,159281.56,74499.1,-84782.46,72,67
FARM00267,Rajasthan,Kota,Village_50,Rice,IR64,2021-04-17,2021-09-06,Kharif,19.04,Loamy,6.1,177,69,103,NPK,Drip,80.5,31.5,69,No,None,Neem Oil,78.07,84.55,1424498.8,386305.34,202258.23,-184047.11,56,81
FARM00268,Punjab,Ludhiana,Village_495,Rice,IR64,2022-10-26,2023-03-30,Zaid,17.35,Clay,7.7,57,110,40,Organic Compost,Canal,37.5,28.2,64,No,None,Neem Oil,47.53,49.87,346234.3,544969.11,166686.54,-378282.57,63,79
FARM00269,Tamil Nadu,Coimbatore,Village_365,Maize,HQPM1,2021-05-12,2021-09-19,Rabi,22.34,Loamy,7.1,53,59,77,NPK,Drip,96.6,27.1,66,No,None,Neem Oil,98.86,98.66,1599655.8,330913.82,283322.65,-47591.17,59,64
FARM00270,Uttar Pradesh,Meerut,Village_143,Millet,Bajra,2022-12-01,2023-03-28,Zaid,18.25,Loamy,5.9,101,54,108,Urea,Flood,46.7,23.5,66,Yes,Leaf Blight,Imidacloprid,70.61,56.49,1319741.2,223443.03,136635.75,-86807.28,34,84
FARM00271,Uttar Pradesh,Meerut,Village_226,Wheat,PBW725,2023-05-16,2023-10-30,Rabi,12.78,Clay,7.7,93,171,151,Vermicompost,Rain-fed,74.9,31.9,76,No,None,Neem Oil,59.06,61.59,468176.5,301214.07,211174.29,-90039.78,93,93
FARM00272,West Bengal,Siliguri,Village_216,Rice,Basmati,2022-12-22,2023-04-30,Rabi,1.73,Loamy,7.0,126,150,82,DAP,Drip,86.6,35.2,74,No,None,Neem Oil,6.68,6.77,43950.0,22714.43,27971.0,5256.57,97,71
FARM00273,Rajasthan,Jaipur,Village_479,Rice,Basmati,2023-10-12,2024-01-11,Zaid,17.49,Alluvial,6.9,172,62,91,Vermicompost,Canal,120.6,24.2,76,Yes,Leaf Blight,Imidacloprid,85.58,68.46,579385.9,432995.09,242279.47,-190715.62,33,64
FARM00274,Uttar Pradesh,Meerut,Village_194,Wheat,HD2967,2020-11-12,2021-04-09,Kharif,1.44,Alluvial,8.2,50,90,126,Vermicompost,Rain-fed,130.1,26.1,79,Yes,Leaf Blight,Imidacloprid,5.76,4.61,60660.1,35014.29,18923.35,-16090.94,27,82
FARM00275,Assam,Jorhat,Village_104,Potato,Kufri Jyoti,2024-04-19,2024-07-18,Kharif,3.64,Black,6.4,93,131,43,DAP,Rain-fed,20.2,31.4,58,Yes,Leaf Blight,Chlorpyrifos,9.68,7.74,160398.9,108814.76,21866.2,-86948.56,28,92
FARM00276,Punjab,Amritsar,Village_178,Millet,Bajra,2022-11-05,2023-03-31,Rabi,20.45,Red,5.9,123,60,84,DAP,Drip,26.2,23.9,61,Yes,Leaf Blight,Imidacloprid,70.95,56.76,1117001.3,657572.26,116127.35,-541444.91,67,82
FARM00277,West Bengal,Kolkata,Village_97,Potato,Kufri Jyoti,2022-03-15,2022-06-14,Kharif,18.59,Black,5.8,136,113,153,Urea,Rain-fed,76.1,27.6,64,No,None,Neem Oil,69.0,67.08,923088.9,253410.96,232091.62,-21319.34,90,82
FARM00278,Rajasthan,Jaipur,Village_173,Cotton,Bt,2020-10-21,2021-02-17,Rabi,9.46,Black,7.4,170,111,68,Vermicompost,Rain-fed,88.2,32.1,75,Yes,Leaf Blight,Chlorpyrifos,37.46,29.97,206903.5,324787.44,77537.31,-247250.13,66,93
FARM00279,West Bengal,Kolkata,Village_31,Millet,Ragi,2022-03-11,2022-07-01,Zaid,15.75,Black,6.0,141,115,85,NPK,Sprinkler,39.4,27.1,54,Yes,Leaf Blight,Chlorpyrifos,56.64,45.31,669949.0,547046.58,138580.16,-408466.42,25,45
FARM00280,Tamil Nadu,Madurai,Village_338,Cotton,Suraj,2021-09-24,2022-02-04,Rabi,17.19,Loamy,7.6,173,139,134,DAP,Canal,60.9,25.8,70,No,None,Neem Oil,66.77,71.71,1024987.3,302202.2,264416.59,-37785.61,61,87
FARM00281,Rajasthan,Kota,Village_328,Millet,Ragi,2024-01-20,2024-07-16,Kharif,7.36,Laterite,6.2,164,80,79,Organic Compost,Drip,33.2,25.5,59,No,None,Neem Oil,26.71,28.68,212761.5,170879.2,106346.67,-64532.53,66,52
FARM00282,Maharashtra,Pune,Village_387,Rice,Basmati,2021-12-21,2022-06-13,Kharif,21.1,Black,7.9,109,149,138,NPK,Sprinkler,77.5,33.4,74,Yes,Leaf Blight,Imidacloprid,70.28,56.22,1319894.8,516837.4,170936.92,-345900.48,29,55
FARM00283,Tamil Nadu,Coimbatore,Village_493,Rice,Basmati,2023-04-12,2023-09-15,Rabi,4.39,Alluvial,7.3,113,80,88,Urea,Rain-fed,73.3,25.2,70,No,None,Neem Oil,17.2,16.66,345995.5,77505.36,58704.16,-18801.2,79,45
FARM00284,Maharashtra,Nashik,Village_183,Rice,Basmati,2023-07-28,2023-11-15,Kharif,3.83,Black,7.0,99,51,135,Vermicompost,Flood,43.3,19.3,60,Yes,Leaf Blight,Imidacloprid,13.94,11.15,133263.4,52651.56,31690.07,-20961.49,63,48
FARM00285,Maharashtra,Pune,Village_155,Sugarcane,Co86032,2022-08-20,2022-11-30,Rabi,5.67,Clay,6.3,113,119,114,DAP,Canal,16.5,20.3,54,No,None,Neem Oil,20.18,19.3,271402.1,168892.29,46475.69,-122416.6,66,79
FARM00286,Maharashtra,Pune,Village_374,Potato,Kufri Pukhraj,2020-01-20,2020-06-02,Zaid,23.25,Red,5.6,87,166,97,NPK,Sprinkler,64.6,27.6,63,No,None,Neem Oil,73.9,73.74,1631275.0,782750.24,223471.16,-559279.08,64,58
FARM00287,Punjab,Amritsar,Village_417,Maize,DHM117,2023-07-21,2024-01-09,Kharif,3.25,Laterite,6.6,172,79,149,DAP,Sprinkler,83.1,23.4,62,Yes,Leaf Blight,Chlorpyrifos,15.14,12.11,98626.3,57105.87,42030.53,-15075.34,64,90
FARM00288,Maharashtra,Pune,Village_215,Potato,Kufri Pukhraj,2020-09-29,2021-01-20,Zaid,19.86,Loamy,6.1,127,109,99,Vermicompost,Canal,55.8,24.0,62,No,None,Neem Oil,77.24,73.47,409145.6,267736.67,296911.56,29174.89,92,86
FARM00289,Uttar Pradesh,Meerut,Village_259,Rice,Basmati,2024-02-07,2024-06-29,Kharif,2.41,Clay,5.8,86,174,105,Organic Compost,Rain-fed,220.1,30.6,98,Yes,Leaf Blight,Imidacloprid,15.38,12.3,91509.0,36244.58,50650.36,14405.78,65,93
FARM00290,Karnataka,Mysuru,Village_110,Sugarcane,Co0238,2023-01-27,2023-06-18,Rabi,21.45,Clay,7.2,53,115,146,Urea,Sprinkler,84.6,28.6,67,No,None,Neem Oil,99.91,95.91,1461397.3,506536.63,190457.92,-316078.71,68,89
FARM00291,Punjab,Amritsar,Village_409,Soybean,NRC37,2023-04-19,2023-09-04,Zaid,17.68,Red,6.1,98,91,116,Urea,Drip,108.9,27.8,78,Yes,Leaf Blight,Imidacloprid,71.62,57.3,960777.7,285809.49,183101.23,-102708.26,39,94
FARM00292,West Bengal,Siliguri,Village_102,Soybean,NRC37,2023-12-19,2024-06-07,Zaid,3.79,Alluvial,8.1,131,143,180,NPK,Canal,54.4,31.8,58,No,None,Neem Oil,11.28,11.04,226783.5,132267.88,31581.11,-100686.77,83,89
FARM00293,Assam,Jorhat,Village_263,Cotton,Suraj,2020-07-12,2020-10-15,Rabi,17.46,Red,6.0,125,61,108,Organic Compost,Canal,79.7,28.5,62,No,None,Neem Oil,72.32,73.18,813750.9,604395.39,139993.82,-464401.57,68,66
FARM00294,Karnataka,Belagavi,Village_205,Wheat,HD2967,2021-05-28,2021-10-15,Rabi,22.11,Alluvial,7.3,54,150,72,NPK,Drip,131.8,36.2,88,No,None,Neem Oil,106.71,114.31,1068646.5,560128.2,439522.12,-120606.08,91,62
FARM00295,Rajasthan,Kota,Village_373,Millet,Ragi,2023-11-18,2024-04-20,Rabi,21.63,Black,7.5,138,51,121,Organic Compost,Canal,72.0,29.0,63,No,None,Neem Oil,97.82,94.74,938488.1,681042.44,325336.67,-355705.77,93,80
FARM00296,Uttar Pradesh,Lucknow,Village_436,Cotton,Bt,2020-08-31,2020-12-26,Rabi,10.94,Black,5.7,159,169,156,Organic Compost,Canal,52.1,26.6,71,No,None,Neem Oil,37.75,37.26,523982.1,218868.39,149751.5,-69116.89,92,53
FARM00297,Assam,Jorhat,Village_194,Cotton,Bt,2021-10-19,2022-03-22,Rabi,24.28,Clay,6.0,75,173,65,Urea,Drip,45.7,23.9,69,Yes,Leaf Blight,Chlorpyrifos,100.84,80.67,827874.1,768839.06,273790.36,-495048.7,42,64
FARM00298,West Bengal,Siliguri,Village_260,Cotton,Suraj,2020-07-27,2020-11-17,Rabi,14.05,Red,6.0,62,148,151,Vermicompost,Sprinkler,130.1,27.9,79,No,None,Neem Oil,59.79,63.93,1015962.4,295184.9,191489.61,-103695.29,83,88
FARM00299,Tamil Nadu,Coimbatore,Village_3,Wheat,PBW725,2023-11-11,2024-03-09,Zaid,19.17,Alluvial,7.8,57,164,158,Organic Compost,Canal,110.0,28.5,72,No,None,Neem Oil,83.44,88.09,1320539.6,431643.0,274288.82,-157354.18,91,55
FARM00300,Tamil Nadu,Coimbatore,Village_217,Maize,DHM117,2020-09-29,2021-01-11,Kharif,7.23,Loamy,7.6,134,44,135,Urea,Sprinkler,76.4,33.1,63,No,None,Neem Oil,27.02,27.89,213650.7,194036.76,92342.21,-101694.55,61,51
FARM00301,Uttar Pradesh,Meerut,Village_314,Soybean,NRC37,2021-10-26,2022-04-06,Kharif,18.92,Black,7.3,132,45,113,Vermicompost,Canal,38.9,38.9,60,No,None,Neem Oil,65.34,64.3,1120069.7,649486.2,126222.94,-523263.26,60,76
FARM00302,Rajasthan,Kota,Village_257,Cotton,Suraj,2022-07-01,2022-12-14,Zaid,14.06,Laterite,7.5,102,120,150,NPK,Drip,89.0,29.0,74,No,None,Neem Oil,59.82,57.65,259461.6,281038.04,238966.19,-42071.85,72,49
FARM00303,Uttar Pradesh,Meerut,Village_154,Potato,Kufri Pukhraj,2021-11-15,2022-03-26,Kharif,6.55,Red,6.5,62,54,49,Urea,Sprinkler,142.6,29.9,81,No,None,Neem Oil,28.85,29.18,241229.4,123777.64,98071.78,-25705.86,74,64
FARM00304,Punjab,Ludhiana,Village_333,Soybean,NRC37,2022-12-11,2023-04-25,Rabi,9.49,Alluvial,6.4,58,157,111,NPK,Canal,32.8,20.9,52,No,None,Neem Oil,35.56,33.79,653678.8,292517.5,102599.9,-189917.6,61,93
FARM00305,Assam,Guwahati,Village_326,Sugarcane,Co0238,2022-03-08,2022-07-09,Rabi,7.24,Alluvial,6.7,97,46,157,NPK,Sprinkler,79.9,23.8,75,No,None,Neem Oil,26.61,29.1,128381.8,240735.42,80407.15,-160328.27,60,71
FARM00306,Karnataka,Mysuru,Village_60,Maize,HQPM1,2022-03-19,2022-07-31,Zaid,24.76,Alluvial,6.3,135,149,100,Urea,Flood,29.5,35.7,56,No,None,Neem Oil,65.55,64.4,1108514.3,684879.21,254989.29,-429889.92,78,77
FARM00307,Assam,Jorhat,Village_147,Potato,Kufri Jyoti,2020-09-27,2021-01-25,Zaid,8.44,Loamy,6.2,139,142,46,Organic Compost,Rain-fed,136.8,23.0,87,Yes,Leaf Blight,Imidacloprid,41.65,33.32,477101.0,141562.28,118580.86,-22981.42,51,93
FARM00308,Assam,Jorhat,Village_250,Rice,IR64,2023-01-16,2023-06-23,Zaid,4.75,Clay,5.6,58,146,71,NPK,Canal,46.1,28.6,55,No,None,Neem Oil,16.26,16.24,107611.0,70569.61,32107.2,-38462.41,68,46
FARM00309,Maharashtra,Pune,Village_359,Rice,Basmati,2022-03-10,2022-08-01,Zaid,16.83,Alluvial,6.2,79,177,67,DAP,Drip,65.7,25.8,66,Yes,Leaf Blight,Chlorpyrifos,61.32,49.06,1059603.2,497396.97,179820.6,-317576.37,45,63
FARM00310,Punjab,Amritsar,Village_161,Cotton,Suraj,2020-06-21,2020-12-17,Zaid,15.44,Loamy,5.9,179,168,139,DAP,Canal,81.7,27.0,65,No,None,Neem Oil,62.27,64.6,1091792.4,397350.17,200344.36,-197005.81,77,85
FARM00311,Uttar Pradesh,Lucknow,Village_432,Cotton,Bt,2020-10-30,2021-03-31,Kharif,4.48,Black,5.5,167,146,170,Urea,Flood,148.1,24.3,91,Yes,Leaf Blight,Imidacloprid,22.75,18.2,150345.0,104574.18,62686.78,-41887.4,38,53
FARM00312,Karnataka,Belagavi,Village_29,Maize,DHM117,2021-01-31,2021-07-13,Rabi,17.98,Loamy,6.9,157,76,173,Organic Compost,Sprinkler,81.3,35.1,63,Yes,Leaf Blight,Chlorpyrifos,72.54,58.03,501769.8,215819.15,188400.33,-27418.82,68,90
FARM00313,Punjab,Ludhiana,Village_279,Sugarcane,Co86032,2022-02-28,2022-06-01,Rabi,3.05,Black,7.4,165,43,139,DAP,Flood,37.2,29.6,52,Yes,Leaf Blight,Chlorpyrifos,10.07,8.06,133537.0,47672.63,18489.74,-29182.89,50,78
FARM00314,Tamil Nadu,Madurai,Village_42,Maize,HQPM1,2023-01-22,2023-07-11,Kharif,5.42,Red,6.8,134,40,176,Organic Compost,Rain-fed,175.2,25.2,98,No,None,Neem Oil,26.58,25.64,322126.2,143992.66,51980.83,-92011.83,80,94
FARM00315,Assam,Guwahati,Village_129,Potato,Kufri Pukhraj,2022-08-26,2022-12-22,Zaid,10.89,Clay,7.8,105,103,76,DAP,Rain-fed,43.6,26.7,56,Yes,Leaf Blight,Chlorpyrifos,44.39,35.51,865512.6,153647.12,97368.08,-56279.04,57,56
FARM00316,Assam,Jorhat,Village_5,Sugarcane,Co0238,2023-02-03,2023-05-26,Rabi,17.88,Red,7.6,172,141,155,Vermicompost,Canal,133.7,31.1,79,No,None,Neem Oil,75.59,80.77,464681.3,479934.05,240802.06,-239131.99,63,86
FARM00317,West Bengal,Siliguri,Village_23,Wheat,HD2967,2021-06-12,2021-11-14,Kharif,22.34,Red,7.2,151,49,72,Urea,Sprinkler,26.8,25.9,51,No,None,Neem Oil,75.01,72.46,358846.4,367014.81,264017.14,-102997.67,94,83
FARM00318,West Bengal,Siliguri,Village_406,Maize,HQPM1,2023-04-10,2023-07-19,Rabi,22.84,Clay,8.0,56,149,81,Vermicompost,Canal,39.2,21.9,56,No,None,Neem Oil,77.1,74.07,896912.7,383889.58,263170.53,-120719.05,68,68
FARM00319,West Bengal,Kolkata,Village_363,Cotton,Suraj,2023-04-30,2023-10-04,Rabi,3.69,Alluvial,7.5,119,84,92,Vermicompost,Drip,74.7,30.1,67,Yes,Leaf Blight,Chlorpyrifos,13.58,10.86,65970.2,88923.32,39591.84,-49331.48,25,63
FARM00320,Rajasthan,Jaipur,Village_409,Sugarcane,Co86032,2023-05-18,2023-11-12,Kharif,13.2,Red,7.8,164,59,80,Urea,Sprinkler,177.3,24.6,90,No,None,Neem Oil,75.97,81.79,486732.7,267581.94,211941.17,-55640.77,70,59
FARM00321,Tamil Nadu,Madurai,Village_395,Wheat,PBW725,2021-01-30,2021-05-10,Kharif,2.74,Clay,7.1,61,157,86,DAP,Canal,70.8,32.6,67,Yes,Leaf Blight,Chlorpyrifos,10.97,8.78,172297.9,66765.25,24041.99,-42723.26,25,56
FARM00322,Karnataka,Belagavi,Village_177,Soybean,JS335,2023-01-09,2023-06-15,Kharif,22.13,Alluvial,7.0,74,171,64,Organic Compost,Drip,60.4,24.8,58,No,None,Neem Oil,78.87,78.43,1060355.6,503972.86,328602.93,-175369.93,77,50
FARM00323,Assam,Guwahati,Village_119,Millet,Bajra,2022-01-12,2022-05-07,Rabi,15.96,Black,7.2,151,76,89,NPK,Drip,105.3,28.5,70,No,None,Neem Oil,63.39,67.2,1097858.3,331046.57,230764.98,-100281.59,86,94
FARM00324,Assam,Guwahati,Village_141,Cotton,Bt,2020-04-04,2020-08-26,Kharif,18.11,Loamy,6.7,165,53,156,Urea,Sprinkler,162.7,34.1,82,No,None,Neem Oil,85.37,89.89,651626.0,382509.42,211604.6,-170904.82,65,87
FARM00325,Uttar Pradesh,Meerut,Village_54,Rice,Basmati,2022-02-10,2022-05-25,Rabi,12.98,Laterite,8.0,53,52,160,Organic Compost,Canal,110.9,26.9,80,Yes,Leaf Blight,Imidacloprid,64.41,51.53,477284.1,243954.04,95898.05,-148055.99,45,62
FARM00326,Punjab,Amritsar,Village_326,Sugarcane,Co86032,2023-11-14,2024-04-15,Zaid,7.83,Red,8.2,162,131,160,Organic Compost,Sprinkler,82.2,22.7,68,No,None,Neem Oil,35.91,35.82,520298.2,160480.58,121934.33,-38546.25,96,66
FARM00327,West Bengal,Kolkata,Village_489,Cotton,Suraj,2021-01-14,2021-06-19,Rabi,23.85,Red,8.0,146,127,155,Vermicompost,Flood,47.2,25.2,58,No,None,Neem Oil,81.48,87.05,1683418.0,671055.42,363395.66,-307659.76,66,59
FARM00328,Maharashtra,Nashik,Village_299,Wheat,HD2967,2020-09-15,2021-02-18,Zaid,13.8,Red,6.7,79,156,101,Organic Compost,Drip,31.6,32.4,65,Yes,Leaf Blight,Chlorpyrifos,45.68,36.54,921164.1,181297.2,76554.52,-104742.68,23,92
FARM00329,Assam,Jorhat,Village_478,Sugarcane,Co0238,2020-05-29,2020-11-23,Zaid,22.14,Laterite,6.8,42,63,141,DAP,Rain-fed,55.7,18.0,55,No,None,Neem Oil,80.35,88.16,1208683.8,314080.02,207787.57,-106292.45,78,63
FARM00330,Tamil Nadu,Coimbatore,Village_71,Cotton,Suraj,2024-04-26,2024-09-12,Kharif,6.78,Loamy,6.1,66,59,89,NPK,Rain-fed,50.3,26.2,66,Yes,Leaf Blight,Chlorpyrifos,25.92,20.74,437682.8,101719.71,52248.01,-49471.7,38,46
FARM00331,Uttar Pradesh,Lucknow,Village_264,Maize,HQPM1,2020-12-22,2021-04-01,Rabi,22.03,Laterite,6.0,124,84,59,Vermicompost,Canal,68.9,28.6,75,No,None,Neem Oil,86.74,85.18,447282.5,431555.67,242323.04,-189232.63,67,60
FARM00332,Tamil Nadu,Madurai,Village_88,Maize,DHM117,2021-08-16,2022-01-06,Zaid,11.64,Alluvial,8.2,84,45,82,Organic Compost,Flood,84.5,31.4,70,No,None,Neem Oil,52.39,56.57,869937.8,242932.34,182096.55,-60835.79,95,95
FARM00333,Rajasthan,Kota,Village_182,Soybean,NRC37,2020-03-18,2020-07-15,Kharif,7.22,Alluvial,6.3,165,47,175,DAP,Canal,45.6,28.8,57,No,None,Neem Oil,29.23,31.42,199858.0,223571.5,94795.94,-128775.56,86,91
FARM00334,Maharashtra,Nashik,Village_36,Cotton,Suraj,2023-10-19,2024-02-07,Zaid,12.85,Laterite,6.5,111,78,129,Urea,Flood,50.2,31.9,60,Yes,Leaf Blight,Chlorpyrifos,38.21,30.57,525132.4,433105.44,59487.77,-373617.67,36,63
FARM00335,West Bengal,Siliguri,Village_291,Maize,HQPM1,2021-01-04,2021-06-19,Zaid,13.67,Black,7.4,171,180,168,Vermicompost,Flood,70.8,19.4,66,No,None,Neem Oil,58.84,56.64,226307.8,309360.74,143108.54,-166252.2,71,62
FARM00336,Maharashtra,Pune,Village_77,Sugarcane,Co0238,2020-10-17,2021-03-19,Kharif,12.12,Alluvial,6.6,90,142,179,Vermicompost,Sprinkler,33.3,27.9,62,No,None,Neem Oil,45.75,44.95,213044.3,407327.44,116663.53,-290663.91,95,65
FARM00337,Punjab,Amritsar,Village_221,Cotton,Bt,2020-01-09,2020-06-24,Rabi,13.2,Red,6.8,138,149,79,Organic Compost,Canal,39.0,27.5,67,No,None,Neem Oil,44.53,47.57,816979.6,339551.44,100775.11,-238776.33,78,58
FARM00338,West Bengal,Kolkata,Village_323,Maize,HQPM1,2020-01-28,2020-06-09,Kharif,14.54,Laterite,7.3,137,146,44,DAP,Rain-fed,45.9,28.5,54,No,None,Neem Oil,49.97,49.69,680782.1,201549.29,199931.01,-1618.28,98,94
FARM00339,Karnataka,Belagavi,Village_472,Rice,Basmati,2021-04-27,2021-08-04,Zaid,16.47,Black,6.6,55,95,130,Organic Compost,Flood,45.5,34.5,65,No,None,Neem Oil,58.03,56.56,435978.1,232324.84,112658.05,-119666.79,58,67
FARM00340,Assam,Guwahati,Village_283,Potato,Kufri Pukhraj,2020-02-14,2020-05-19,Rabi,21.07,Laterite,5.7,148,67,126,DAP,Drip,62.0,30.4,61,No,None,Neem Oil,69.59,72.23,1279137.3,637816.27,252428.19,-385388.08,76,46
FARM00341,Uttar Pradesh,Lucknow,Village_129,Soybean,NRC37,2024-01-22,2024-07-04,Zaid,21.08,Loamy,7.6,163,44,132,NPK,Sprinkler,18.8,31.1,60,No,None,Neem Oil,70.02,74.9,1422030.9,321374.97,141905.69,-179469.28,98,59
FARM00342,Punjab,Ludhiana,Village_179,Sugarcane,Co0238,2021-05-25,2021-10-14,Zaid,3.84,Alluvial,5.7,72,135,94,Organic Compost,Drip,70.0,33.9,68,No,None,Neem Oil,12.18,13.33,95257.5,112364.66,49226.66,-63138.0,79,92
FARM00343,West Bengal,Kolkata,Village_86,Rice,Basmati,2020-10-01,2021-02-22,Kharif,8.7,Clay,6.4,54,45,60,Urea,Flood,97.7,29.2,70,No,None,Neem Oil,41.96,43.6,501951.0,188332.17,148292.91,-40039.26,64,77
FARM00344,Rajasthan,Kota,Village_259,Cotton,Suraj,2020-02-15,2020-08-02,Kharif,2.9,Loamy,6.8,103,117,151,NPK,Drip,23.1,24.9,53,Yes,Leaf Blight,Imidacloprid,8.8,7.04,49215.1,89779.91,27261.39,-62518.52,59,65
FARM00345,Punjab,Ludhiana,Village_433,Soybean,NRC37,2021-09-20,2022-03-09,Zaid,18.77,Black,6.6,151,125,152,NPK,Canal,66.2,34.7,66,No,None,Neem Oil,79.25,86.96,747831.5,492955.13,303766.94,-189188.19,67,62
FARM00346,Karnataka,Belagavi,Village_389,Maize,HQPM1,2023-12-21,2024-04-09,Rabi,8.98,Laterite,5.9,174,107,141,DAP,Rain-fed,123.7,25.1,81,No,None,Neem Oil,39.59,39.61,186346.5,155392.39,149118.24,-6274.15,74,84
FARM00347,Punjab,Ludhiana,Village_12,Millet,Ragi,2024-02-08,2024-05-16,Kharif,16.59,Red,6.9,109,149,144,DAP,Drip,67.3,28.2,65,Yes,Leaf Blight,Imidacloprid,66.1,52.88,249115.4,347553.68,179524.61,-168029.07,67,87
FARM00348,Karnataka,Belagavi,Village_146,Sugarcane,Co86032,2021-03-17,2021-08-15,Zaid,8.5,Red,6.8,163,76,130,DAP,Flood,102.7,22.4,70,Yes,Leaf Blight,Chlorpyrifos,38.52,30.82,324797.3,276078.74,88165.66,-187913.08,24,72
FARM00349,Karnataka,Belagavi,Village_130,Wheat,PBW725,2021-08-16,2021-12-22,Kharif,15.66,Loamy,6.1,125,44,147,DAP,Flood,216.5,20.6,98,Yes,Leaf Blight,Imidacloprid,97.39,77.91,339423.8,474859.88,319915.06,-154944.82,57,68
FARM00350,West Bengal,Kolkata,Village_61,Soybean,NRC37,2022-03-02,2022-07-11,Kharif,22.36,Black,5.9,78,176,165,Vermicompost,Canal,26.8,30.9,54,Yes,Leaf Blight,Imidacloprid,88.42,70.74,1162866.1,492283.9,169374.21,-322909.69,40,60
FARM00351,Tamil Nadu,Coimbatore,Village_123,Millet,Bajra,2023-07-12,2023-12-11,Kharif,24.62,Loamy,7.8,157,104,53,NPK,Canal,28.1,28.1,52,No,None,Neem Oil,71.16,72.25,1297583.7,739483.5,227813.43,-511670.07,75,63
FARM00352,Assam,Guwahati,Village_233,Cotton,Suraj,2023-06-28,2023-12-21,Rabi,1.25,Laterite,7.9,101,170,85,DAP,Rain-fed,95.0,22.4,75,No,None,Neem Oil,5.02,4.88,35118.4,28527.22,17233.88,-11293.34,95,91
FARM00353,Punjab,Amritsar,Village_302,Sugarcane,Co86032,2024-03-10,2024-08-23,Rabi,6.79,Red,7.3,161,161,75,NPK,Canal,59.1,26.8,61,No,None,Neem Oil,20.06,21.39,289801.3,210868.99,39020.12,-171848.87,97,91
FARM00354,Tamil Nadu,Coimbatore,Village_44,Wheat,PBW725,2024-02-26,2024-07-20,Zaid,21.19,Black,8.0,104,170,48,Organic Compost,Rain-fed,62.2,28.9,72,No,None,Neem Oil,70.77,70.17,988984.9,714308.22,264188.11,-450120.11,80,69
FARM00355,Assam,Jorhat,Village_235,Maize,HQPM1,2020-07-26,2020-12-20,Zaid,23.24,Alluvial,7.0,140,91,62,Urea,Canal,86.1,14.5,66,Yes,Leaf Blight,Imidacloprid,85.64,68.51,1461017.0,425517.1,257280.09,-168237.01,62,78
FARM00356,Karnataka,Mysuru,Village_189,Sugarcane,Co86032,2020-12-13,2021-04-03,Zaid,11.93,Black,7.2,87,139,126,Urea,Drip,123.7,18.7,87,No,None,Neem Oil,56.44,58.23,604320.2,315812.85,115631.01,-200181.84,91,81
FARM00357,Tamil Nadu,Madurai,Village_491,Maize,HQPM1,2020-06-07,2020-09-17,Kharif,6.72,Alluvial,6.9,76,95,166,Organic Compost,Rain-fed,70.5,23.2,64,No,None,Neem Oil,29.17,28.13,157378.3,167404.75,62139.23,-105265.52,92,68
FARM00358,West Bengal,Siliguri,Village_269,Potato,Kufri Jyoti,2024-01-06,2024-07-01,Zaid,9.43,Red,6.4,53,143,84,Vermicompost,Flood,18.7,27.1,58,No,None,Neem Oil,31.45,32.82,525210.2,259450.26,132148.6,-127301.66,97,69
FARM00359,Assam,Guwahati,Village_165,Soybean,NRC37,2022-03-01,2022-06-13,Zaid,21.89,Red,6.7,89,117,153,Organic Compost,Canal,119.0,29.9,74,Yes,Leaf Blight,Chlorpyrifos,98.38,78.7,1699108.0,517053.42,228093.53,-288959.89,39,60
FARM00360,Tamil Nadu,Coimbatore,Village_191,Rice,Basmati,2024-01-22,2024-07-04,Kharif,15.74,Laterite,6.5,113,88,111,Urea,Drip,56.7,22.6,70,No,None,Neem Oil,65.61,71.65,887111.6,377781.25,185226.24,-192555.01,63,66
FARM00361,Rajasthan,Kota,Village_30,Millet,Ragi,2020-01-04,2020-06-27,Rabi,7.91,Red,6.5,78,124,139,Urea,Drip,38.4,24.9,64,No,None,Neem Oil,31.77,32.98,288576.1,139458.78,118597.73,-20861.05,86,67
FARM00362,Karnataka,Belagavi,Village_460,Cotton,Suraj,2020-07-31,2020-11-19,Zaid,9.62,Clay,8.2,147,170,158,Vermicompost,Rain-fed,68.2,34.5,66,No,None,Neem Oil,36.79,36.37,691714.1,235975.49,70588.09,-165387.4,69,87
FARM00363,Uttar Pradesh,Meerut,Village_376,Sugarcane,Co0238,2020-05-02,2020-08-27,Kharif,7.09,Black,7.1,140,67,92,Organic Compost,Drip,53.0,25.0,69,Yes,Leaf Blight,Imidacloprid,22.3,17.84,384942.8,92341.81,73614.73,-18727.08,33,48
FARM00364,Maharashtra,Pune,Village_356,Millet,Bajra,2020-04-24,2020-08-16,Zaid,20.95,Clay,8.2,147,178,109,DAP,Flood,39.6,32.9,57,No,None,Neem Oil,82.36,87.35,397451.0,336801.99,312739.89,-24062.1,69,52
FARM00365,Assam,Jorhat,Village_78,Cotton,Bt,2022-03-29,2022-09-12,Rabi,24.16,Loamy,7.2,128,156,90,Organic Compost,Sprinkler,82.4,23.2,64,Yes,Leaf Blight,Imidacloprid,78.73,62.98,968864.8,419779.47,173613.83,-246165.64,46,62
FARM00366,Uttar Pradesh,Lucknow,Village_477,Maize,HQPM1,2020-06-08,2020-12-03,Zaid,21.55,Alluvial,6.2,82,69,120,Organic Compost,Sprinkler,90.0,26.1,68,Yes,Leaf Blight,Imidacloprid,71.78,57.42,792081.2,293148.07,117793.37,-175354.7,35,54
FARM00367,West Bengal,Kolkata,Village_180,Cotton,Bt,2022-09-14,2023-01-06,Zaid,24.35,Clay,6.0,64,108,140,Vermicompost,Drip,57.1,31.4,67,Yes,Leaf Blight,Imidacloprid,100.57,80.46,1230812.3,372047.75,158692.74,-213355.01,40,46
FARM00368,Assam,Jorhat,Village_180,Rice,IR64,2024-05-04,2024-09-01,Zaid,18.17,Clay,6.6,85,60,129,NPK,Canal,30.9,30.6,53,No,None,Neem Oil,62.28,59.46,669988.1,321630.71,220275.83,-101354.88,67,65
FARM00369,Tamil Nadu,Coimbatore,Village_315,Cotton,Bt,2020-05-31,2020-10-24,Kharif,9.6,Alluvial,6.9,142,141,91,NPK,Sprinkler,27.1,26.6,64,No,None,Neem Oil,30.83,33.36,451042.7,281596.7,79898.63,-201698.07,71,82
FARM00370,Tamil Nadu,Madurai,Village_492,Wheat,HD2967,2020-04-26,2020-09-04,Kharif,16.88,Black,6.0,79,150,119,Organic Compost,Rain-fed,46.6,31.8,61,No,None,Neem Oil,70.52,74.65,739571.3,225401.45,212368.84,-13032.61,76,81
FARM00371,Assam,Guwahati,Village_222,Sugarcane,Co0238,2022-02-02,2022-05-26,Kharif,4.22,Laterite,6.0,176,90,172,NPK,Drip,97.8,29.2,76,Yes,Leaf Blight,Imidacloprid,17.4,13.92,189285.0,80324.57,33149.68,-47174.89,52,49
FARM00372,Uttar Pradesh,Meerut,Village_483,Millet,Bajra,2022-03-09,2022-08-28,Zaid,2.28,Red,7.1,179,153,141,Vermicompost,Sprinkler,46.9,34.3,66,No,None,Neem Oil,7.97,8.15,129061.5,75684.25,20398.03,-55286.22,66,79
FARM00373,Karnataka,Belagavi,Village_293,Soybean,NRC37,2024-04-20,2024-09-04,Kharif,20.93,Red,6.9,88,155,148,Vermicompost,Rain-fed,66.6,31.2,72,No,None,Neem Oil,84.28,91.97,1355285.4,720907.33,302131.5,-418775.83,66,88
FARM00374,West Bengal,Kolkata,Village_284,Millet,Bajra,2022-07-28,2022-11-03,Kharif,23.41,Alluvial,6.6,130,110,60,NPK,Sprinkler,73.1,24.8,66,No,None,Neem Oil,80.29,77.4,1443800.5,407820.48,221400.1,-186420.38,62,85
FARM00375,West Bengal,Kolkata,Village_53,Cotton,Bt,2023-10-20,2024-02-19,Kharif,1.06,Black,7.2,68,54,173,Organic Compost,Canal,144.7,31.5,85,No,None,Neem Oil,4.99,5.47,75558.3,28967.63,18027.31,-10940.32,83,55
FARM00376,Rajasthan,Kota,Village_464,Soybean,NRC37,2022-02-16,2022-06-27,Rabi,21.0,Clay,8.2,101,69,73,DAP,Sprinkler,30.8,33.1,50,No,None,Neem Oil,63.35,67.48,763780.6,429085.39,182371.0,-246714.39,70,79
FARM00377,Maharashtra,Pune,Village_40,Rice,Basmati,2022-09-24,2023-02-24,Zaid,5.71,Laterite,7.4,155,71,92,Urea,Canal,50.7,20.3,63,No,None,Neem Oil,20.73,22.48,260524.8,150502.93,63452.4,-87050.53,87,63
FARM00378,Karnataka,Belagavi,Village_65,Sugarcane,Co86032,2022-11-22,2023-04-05,Kharif,17.77,Red,5.6,96,109,154,Vermicompost,Sprinkler,73.5,29.7,69,No,None,Neem Oil,78.6,82.55,597732.3,560115.61,258467.95,-301647.66,97,75
FARM00379,Karnataka,Mysuru,Village_252,Soybean,NRC37,2020-08-06,2021-01-13,Rabi,7.23,Loamy,6.1,84,88,178,Organic Compost,Sprinkler,34.6,25.1,50,No,None,Neem Oil,22.0,21.75,229141.8,199496.79,45058.43,-154438.36,93,63
FARM00380,Karnataka,Mysuru,Village_199,Rice,Basmati,2022-04-26,2022-08-14,Rabi,23.25,Black,6.9,100,133,141,NPK,Rain-fed,91.1,22.2,67,Yes,Leaf Blight,Chlorpyrifos,84.83,67.86,956355.3,582278.27,205359.85,-376918.42,43,64
FARM00381,Tamil Nadu,Coimbatore,Village_8,Cotton,Bt,2022-03-02,2022-06-30,Rabi,8.59,Loamy,6.6,114,122,153,NPK,Flood,79.6,24.1,74,No,None,Neem Oil,34.61,37.89,295894.8,152419.47,121809.99,-30609.48,79,89
FARM00382,Tamil Nadu,Coimbatore,Village_398,Soybean,JS335,2021-03-15,2021-06-17,Kharif,18.83,Alluvial,7.6,172,69,59,Organic Compost,Rain-fed,109.9,24.9,85,Yes,Leaf Blight,Imidacloprid,90.58,72.46,1017350.3,646184.61,275530.67,-370653.94,57,87
FARM00383,Rajasthan,Jaipur,Village_107,Cotton,Suraj,2020-04-01,2020-08-28,Zaid,15.04,Loamy,7.1,151,158,100,NPK,Drip,49.0,21.5,60,No,None,Neem Oil,52.09,53.51,590413.5,409692.4,192178.18,-217514.22,72,79
FARM00384,Punjab,Ludhiana,Village_352,Potato,Kufri Pukhraj,2020-08-07,2021-01-05,Kharif,12.26,Black,6.3,66,144,87,NPK,Sprinkler,113.0,27.9,75,Yes,Leaf Blight,Imidacloprid,47.33,37.86,711430.1,224700.44,108636.15,-116064.29,31,66
FARM00385,Punjab,Amritsar,Village_493,Soybean,NRC37,2022-02-06,2022-07-19,Zaid,19.92,Laterite,7.4,53,171,128,Vermicompost,Canal,50.6,26.5,68,Yes,Leaf Blight,Imidacloprid,76.56,61.25,539261.9,265771.2,209665.97,-56105.23,52,50
FARM00386,Assam,Guwahati,Village_430,Maize,DHM117,2020-09-24,2021-01-17,Rabi,17.17,Alluvial,6.3,79,158,141,Vermicompost,Drip,14.2,31.9,61,Yes,Leaf Blight,Chlorpyrifos,41.18,32.94,1032876.2,364776.5,91996.54,-272779.96,39,54
FARM00387,West Bengal,Kolkata,Village_288,Soybean,NRC37,2021-01-14,2021-07-03,Rabi,3.1,Laterite,6.8,67,51,49,Urea,Rain-fed,30.1,27.1,53,No,None,Neem Oil,9.13,9.58,48992.1,86327.22,31431.52,-54895.7,89,63
FARM00388,Assam,Jorhat,Village_445,Cotton,Suraj,2022-06-29,2022-10-06,Kharif,22.49,Black,8.0,132,175,95,NPK,Rain-fed,129.0,28.5,86,No,None,Neem Oil,112.01,115.99,1642746.3,447884.34,323202.84,-124681.5,73,90
FARM00389,Maharashtra,Pune,Village_161,Rice,IR64,2020-08-19,2020-11-20,Kharif,18.43,Laterite,6.6,130,162,144,Vermicompost,Flood,185.0,29.4,97,Yes,Leaf Blight,Chlorpyrifos,91.38,73.1,666011.3,477792.86,284104.98,-193687.88,66,51
FARM00390,Assam,Jorhat,Village_430,Millet,Ragi,2020-05-19,2020-10-19,Zaid,12.87,Clay,6.6,129,128,121,NPK,Drip,115.8,24.6,77,No,None,Neem Oil,59.26,60.95,822199.0,166950.14,218333.87,51383.73,86,70
FARM00391,Punjab,Ludhiana,Village_433,Millet,Bajra,2023-12-15,2024-03-24,Rabi,14.77,Alluvial,7.4,151,121,65,Urea,Canal,133.9,28.0,80,No,None,Neem Oil,61.51,65.23,811576.2,435827.35,221364.67,-214462.68,96,54
FARM00392,West Bengal,Kolkata,Village_96,Maize,HQPM1,2023-09-11,2024-03-04,Rabi,14.22,Black,6.5,76,141,103,Organic Compost,Flood,40.9,33.0,61,Yes,Leaf Blight,Chlorpyrifos,59.57,47.66,548622.1,464039.87,140991.67,-323048.2,30,50
FARM00393,Punjab,Amritsar,Village_29,Sugarcane,Co0238,2022-01-20,2022-05-18,Kharif,18.09,Alluvial,8.0,109,78,78,Urea,Sprinkler,54.7,23.6,57,No,None,Neem Oil,54.72,53.77,1385683.1,582993.71,142352.05,-440641.66,67,82
FARM00394,Tamil Nadu,Madurai,Village_349,Soybean,NRC37,2020-04-11,2020-09-17,Kharif,2.65,Red,5.6,107,102,121,DAP,Rain-fed,88.3,23.6,79,No,None,Neem Oil,9.16,9.38,188228.6,59321.68,29103.52,-30218.16,95,81
FARM00395,Tamil Nadu,Madurai,Village_420,Rice,Basmati,2020-12-22,2021-05-07,Rabi,20.93,Laterite,7.9,171,132,83,Urea,Flood,41.6,23.6,63,No,None,Neem Oil,57.62,56.17,896612.7,348960.97,157959.04,-191001.93,61,89
FARM00396,West Bengal,Kolkata,Village_482,Soybean,JS335,2022-12-27,2023-06-24,Rabi,7.35,Loamy,8.1,80,104,62,Organic Compost,Rain-fed,23.6,26.1,47,No,None,Neem Oil,27.93,27.81,460872.4,166084.51,108163.07,-57921.44,77,57
FARM00397,Maharashtra,Nashik,Village_224,Rice,Basmati,2023-12-06,2024-03-06,Zaid,3.54,Clay,7.0,97,56,60,NPK,Canal,82.2,19.9,72,No,None,Neem Oil,13.56,13.75,145882.1,45138.71,51104.05,5965.34,57,73
FARM00398,Maharashtra,Nashik,Village_253,Rice,Basmati,2022-08-09,2022-12-10,Zaid,22.99,Red,7.3,132,128,52,Organic Compost,Flood,43.5,25.9,68,No,None,Neem Oil,89.1,92.12,870612.8,765498.18,272861.95,-492636.23,80,72
FARM00399,Rajasthan,Jaipur,Village_348,Soybean,JS335,2022-02-19,2022-06-27,Zaid,17.64,Alluvial,7.0,116,62,137,Urea,Flood,84.7,18.0,77,No,None,Neem Oil,83.63,81.88,353769.6,247531.37,213985.53,-33545.84,67,79
FARM00400,Uttar Pradesh,Lucknow,Village_449,Rice,Basmati,2024-03-16,2024-07-08,Zaid,12.48,Laterite,6.5,156,124,158,NPK,Flood,55.7,30.0,61,No,None,Neem Oil,52.68,53.49,225111.3,201400.79,98512.08,-102888.71,78,51
FARM00401,Punjab,Ludhiana,Village_249,Soybean,JS335,2023-01-31,2023-05-02,Kharif,16.9,Red,6.3,163,140,93,Organic Compost,Flood,77.7,31.3,73,Yes,Leaf Blight,Chlorpyrifos,55.67,44.54,589998.6,210531.5,114759.08,-95772.42,37,81
FARM00402,Punjab,Ludhiana,Village_155,Wheat,HD2967,2022-09-04,2022-12-08,Zaid,20.74,Alluvial,7.2,84,99,121,NPK,Flood,26.9,26.2,62,No,None,Neem Oil,56.67,54.86,448343.5,412578.33,194712.55,-217865.78,56,54
FARM00403,Punjab,Amritsar,Village_310,Maize,HQPM1,2021-07-17,2021-12-05,Zaid,2.58,Red,7.4,130,129,81,DAP,Canal,65.9,25.4,72,No,None,Neem Oil,10.39,10.33,176511.1,89207.03,29312.96,-59894.07,87,79
FARM00404,Assam,Jorhat,Village_283,Sugarcane,Co86032,2021-05-31,2021-09-02,Kharif,11.69,Black,7.3,173,99,174,DAP,Rain-fed,100.4,25.7,78,Yes,Leaf Blight,Chlorpyrifos,49.29,39.43,724571.7,375036.68,89233.35,-285803.33,69,95
FARM00405,Karnataka,Belagavi,Village_483,Potato,Kufri Jyoti,2020-03-25,2020-09-19,Zaid,11.4,Loamy,6.6,73,151,85,Urea,Rain-fed,95.4,33.4,65,No,None,Neem Oil,42.17,42.19,695169.7,215934.44,83242.65,-132691.79,74,67
FARM00406,Karnataka,Belagavi,Village_73,Potato,Kufri Jyoti,2020-01-10,2020-06-30,Zaid,20.77,Alluvial,6.9,48,151,155,DAP,Canal,32.8,25.1,65,No,None,Neem Oil,68.68,66.13,1628106.0,629502.95,165453.02,-464049.93,84,63
FARM00407,Rajasthan,Kota,Village_417,Wheat,PBW725,2024-04-29,2024-10-11,Rabi,2.74,Laterite,8.0,167,165,76,Urea,Rain-fed,96.0,32.5,71,No,None,Neem Oil,12.99,12.72,209738.3,75395.86,42459.66,-32936.2,66,59
FARM00408,Rajasthan,Kota,Village_79,Soybean,JS335,2021-11-13,2022-04-13,Rabi,2.83,Clay,6.4,165,47,67,NPK,Rain-fed,44.1,29.6,65,No,None,Neem Oil,9.63,9.56,65627.3,82939.93,19736.38,-63203.55,97,51
FARM00409,Tamil Nadu,Madurai,Village_410,Wheat,HD2967,2022-12-04,2023-05-11,Kharif,18.96,Alluvial,7.4,57,146,45,NPK,Canal,32.6,14.8,56,Yes,Leaf Blight,Chlorpyrifos,60.18,48.14,1143756.2,299612.77,124697.21,-174915.56,58,61
FARM00410,Punjab,Ludhiana,Village_486,Potato,Kufri Pukhraj,2022-06-19,2022-12-16,Zaid,1.65,Black,6.8,117,86,126,NPK,Drip,36.0,31.4,54,No,None,Neem Oil,6.75,7.04,34193.4,40947.08,15619.32,-25327.76,93,63
FARM00411,West Bengal,Kolkata,Village_30,Sugarcane,Co86032,2021-06-12,2021-10-28,Zaid,17.22,Laterite,7.6,75,160,65,Organic Compost,Flood,77.6,24.1,77,Yes,Leaf Blight,Imidacloprid,57.51,46.01,1290546.2,361112.97,146471.45,-214641.52,21,60
FARM00412,Punjab,Amritsar,Village_146,Sugarcane,Co0238,2020-03-14,2020-08-27,Kharif,22.96,Black,6.0,152,162,175,DAP,Sprinkler,64.9,33.3,65,No,None,Neem Oil,74.57,79.23,1589061.3,595026.48,317303.1,-277723.38,69,47
FARM00413,Uttar Pradesh,Lucknow,Village_378,Rice,IR64,2021-02-23,2021-07-07,Kharif,15.22,Laterite,8.1,57,156,61,Vermicompost,Rain-fed,55.7,29.2,58,No,None,Neem Oil,50.2,50.38,617926.6,421448.47,125340.36,-296108.11,74,45
FARM00414,Tamil Nadu,Madurai,Village_73,Millet,Bajra,2022-07-04,2022-10-13,Kharif,6.14,Alluvial,6.2,111,163,102,Urea,Rain-fed,161.5,34.2,98,No,None,Neem Oil,27.27,25.93,211871.2,179042.96,61990.59,-117052.37,76,84
FARM00415,Karnataka,Belagavi,Village_393,Wheat,PBW725,2020-11-09,2021-04-13,Kharif,6.47,Black,7.3,120,40,110,DAP,Flood,84.8,28.6,63,Yes,Leaf Blight,Imidacloprid,29.45,23.56,503308.5,221857.26,83095.72,-138761.54,33,51
FARM00416,Punjab,Ludhiana,Village_470,Cotton,Suraj,2022-08-30,2022-12-29,Rabi,21.02,Red,7.7,108,166,114,NPK,Rain-fed,22.4,26.7,55,Yes,Leaf Blight,Imidacloprid,60.57,48.46,857044.7,636627.46,162821.91,-473805.55,57,45
FARM00417,Rajasthan,Jaipur,Village_292,Wheat,HD2967,2023-10-07,2024-01-26,Kharif,18.75,Loamy,6.3,149,116,77,Urea,Sprinkler,40.1,29.4,53,Yes,Leaf Blight,Imidacloprid,55.91,44.73,721669.1,512049.88,159223.63,-352826.25,62,52
FARM00418,Assam,Jorhat,Village_488,Cotton,Bt,2022-04-22,2022-09-23,Kharif,14.16,Black,6.7,127,110,140,DAP,Canal,8.6,24.9,56,Yes,Leaf Blight,Imidacloprid,48.34,38.67,985888.3,439721.19,80223.4,-359497.79,48,78
FARM00419,Punjab,Amritsar,Village_239,Sugarcane,Co86032,2021-10-02,2022-02-19,Rabi,14.03,Clay,7.0,105,171,80,NPK,Sprinkler,53.3,32.6,60,No,None,Neem Oil,43.13,46.19,671153.8,169704.81,134124.57,-35580.24,75,53
FARM00420,West Bengal,Kolkata,Village_500,Maize,HQPM1,2021-01-24,2021-06-20,Kharif,14.25,Laterite,6.4,116,178,78,DAP,Rain-fed,54.5,17.7,70,No,None,Neem Oil,46.54,48.48,929922.1,297217.0,186002.93,-111214.07,55,46
FARM00421,Rajasthan,Jaipur,Village_90,Millet,Bajra,2023-08-25,2023-12-07,Zaid,6.93,Red,7.7,52,176,173,Urea,Rain-fed,125.6,34.7,84,No,None,Neem Oil,36.05,34.63,312830.0,133647.39,91260.0,-42387.39,84,63
FARM00422,Punjab,Ludhiana,Village_59,Maize,HQPM1,2022-07-26,2022-10-25,Zaid,19.28,Black,5.8,54,158,101,DAP,Canal,114.0,25.5,83,Yes,Leaf Blight,Imidacloprid,94.77,75.82,1511603.9,297880.01,178294.39,-119585.62,46,78
FARM00423,Rajasthan,Kota,Village_417,Soybean,NRC37,2021-01-04,2021-05-08,Zaid,19.2,Loamy,7.3,48,166,41,Organic Compost,Flood,97.1,26.4,82,No,None,Neem Oil,66.01,67.64,1531819.4,550721.04,168295.87,-382425.17,88,69
FARM00424,West Bengal,Siliguri,Village_187,Potato,Kufri Pukhraj,2021-06-28,2021-12-11,Zaid,2.1,Black,6.0,42,126,171,Vermicompost,Drip,99.4,32.4,71,No,None,Neem Oil,8.92,8.66,84064.4,69226.08,34919.09,-34306.99,58,74
FARM00425,Karnataka,Mysuru,Village_487,Soybean,JS335,2022-05-27,2022-11-04,Kharif,3.28,Laterite,6.9,92,148,47,Vermicompost,Canal,145.5,18.7,90,No,None,Neem Oil,16.39,16.54,137803.8,76038.14,37416.42,-38621.72,72,95
FARM00426,West Bengal,Siliguri,Village_1,Maize,HQPM1,2022-07-03,2022-10-25,Kharif,9.78,Clay,7.7,168,78,77,Vermicompost,Sprinkler,35.7,35.1,66,Yes,Leaf Blight,Imidacloprid,35.06,28.05,595091.6,262647.67,90044.81,-172602.86,23,62
FARM00427,Rajasthan,Jaipur,Village_361,Soybean,NRC37,2022-12-06,2023-05-25,Zaid,10.45,Clay,7.7,163,150,123,NPK,Canal,51.1,32.6,62,No,None,Neem Oil,30.64,31.5,635879.4,193836.95,119406.76,-74430.19,87,56
FARM00428,Rajasthan,Kota,Village_495,Millet,Bajra,2022-09-17,2022-12-26,Rabi,8.8,Red,6.4,52,126,45,DAP,Flood,52.9,37.6,55,Yes,Leaf Blight,Imidacloprid,37.0,29.6,339692.6,213587.11,97106.2,-116480.91,41,74
FARM00429,Uttar Pradesh,Meerut,Village_390,Sugarcane,Co0238,2021-02-11,2021-05-30,Rabi,8.62,Red,5.6,45,150,177,DAP,Drip,48.5,19.4,60,Yes,Leaf Blight,Chlorpyrifos,29.53,23.62,310998.8,114838.52,47118.38,-67720.14,35,84
FARM00430,Tamil Nadu,Coimbatore,Village_331,Wheat,PBW725,2020-03-18,2020-07-16,Rabi,9.86,Red,7.1,157,122,148,Urea,Flood,102.0,22.9,76,No,None,Neem Oil,36.49,39.18,207529.1,152422.95,96156.06,-56266.89,87,93
FARM00431,West Bengal,Kolkata,Village_172,Cotton,Suraj,2024-04-29,2024-09-23,Zaid,10.87,Laterite,6.6,177,123,54,Organic Compost,Flood,67.9,36.5,58,Yes,Leaf Blight,Chlorpyrifos,34.94,27.95,829183.7,338197.96,87554.09,-250643.87,60,70
FARM00432,Punjab,Ludhiana,Village_214,Sugarcane,Co0238,2023-07-23,2024-01-14,Kharif,5.85,Laterite,7.2,103,59,47,Organic Compost,Canal,76.3,27.3,62,No,None,Neem Oil,19.22,19.53,441082.9,161869.27,54932.49,-106936.78,94,94
FARM00433,Tamil Nadu,Coimbatore,Village_267,Maize,DHM117,2024-02-07,2024-06-20,Rabi,4.38,Black,6.2,169,95,160,NPK,Drip,41.7,19.4,63,Yes,Leaf Blight,Imidacloprid,15.91,12.73,134810.5,149828.85,24859.33,-124969.52,67,73
FARM00434,Rajasthan,Jaipur,Village_213,Wheat,HD2967,2022-10-15,2023-03-22,Rabi,2.77,Black,5.6,102,82,99,Urea,Rain-fed,70.9,34.6,62,No,None,Neem Oil,9.77,10.61,172703.6,71524.49,39910.78,-31613.71,63,75
FARM00435,Tamil Nadu,Coimbatore,Village_22,Maize,HQPM1,2024-01-21,2024-06-22,Rabi,14.78,Clay,7.8,163,47,104,Vermicompost,Sprinkler,30.7,31.7,61,No,None,Neem Oil,42.66,41.92,860636.7,295162.03,85580.87,-209581.16,78,94
FARM00436,Punjab,Ludhiana,Village_329,Rice,IR64,2022-03-06,2022-08-08,Kharif,17.24,Laterite,7.1,59,151,73,Urea,Drip,62.7,24.9,62,Yes,Leaf Blight,Imidacloprid,53.86,43.09,593678.6,310849.76,132966.43,-177883.33,33,84
FARM00437,Punjab,Ludhiana,Village_435,Wheat,PBW725,2022-04-05,2022-08-22,Zaid,21.58,Alluvial,5.8,171,175,89,Organic Compost,Sprinkler,32.5,21.0,52,Yes,Leaf Blight,Imidacloprid,61.53,49.22,980298.7,666041.69,138215.45,-527826.24,20,49
FARM00438,Karnataka,Mysuru,Village_279,Rice,Basmati,2022-06-02,2022-10-11,Zaid,21.84,Clay,8.1,176,151,88,Organic Compost,Canal,56.5,25.1,57,Yes,Leaf Blight,Imidacloprid,82.88,66.3,1399112.5,382009.75,125832.4,-256177.35,45,75
FARM00439,West Bengal,Kolkata,Village_447,Cotton,Bt,2021-09-12,2022-01-07,Zaid,24.39,Loamy,7.0,48,176,85,Vermicompost,Canal,79.4,26.7,77,No,None,Neem Oil,95.98,104.34,1259118.0,502122.11,259840.03,-242282.08,61,55
FARM00440,Tamil Nadu,Coimbatore,Village_391,Soybean,NRC37,2023-01-03,2023-04-19,Rabi,24.29,Red,5.6,44,61,118,Urea,Canal,32.7,21.0,61,No,None,Neem Oil,72.15,73.69,1186645.9,799177.21,197673.93,-601503.28,85,83
FARM00441,Punjab,Ludhiana,Village_126,Potato,Kufri Pukhraj,2020-03-24,2020-08-15,Rabi,19.32,Loamy,7.0,62,53,52,Vermicompost,Canal,110.3,24.8,82,No,None,Neem Oil,85.0,86.32,315615.9,543310.44,284235.4,-259075.04,56,87
FARM00442,West Bengal,Kolkata,Village_9,Rice,Basmati,2022-03-05,2022-06-20,Zaid,13.69,Loamy,5.8,105,90,110,DAP,Rain-fed,102.4,23.9,79,No,None,Neem Oil,67.23,66.5,651977.6,213748.72,210210.3,-3538.42,63,45
FARM00443,West Bengal,Kolkata,Village_419,Maize,DHM117,2021-05-06,2021-10-07,Zaid,22.89,Black,7.6,135,138,68,NPK,Rain-fed,71.7,29.8,70,No,None,Neem Oil,71.42,70.4,1392371.7,429390.0,184075.5,-245314.5,55,95
FARM00444,Assam,Jorhat,Village_432,Cotton,Bt,2023-01-26,2023-07-07,Zaid,6.7,Laterite,6.0,144,109,66,Vermicompost,Flood,95.1,32.4,76,No,None,Neem Oil,28.12,28.73,335921.8,114290.41,119017.95,4727.54,93,66
FARM00445,Rajasthan,Kota,Village_98,Soybean,NRC37,2023-03-12,2023-06-21,Rabi,18.68,Clay,5.7,173,105,122,Urea,Canal,72.1,29.8,66,No,None,Neem Oil,76.36,74.87,1473871.1,601572.31,302978.68,-298593.63,62,48
FARM00446,Punjab,Amritsar,Village_314,Sugarcane,Co0238,2023-08-19,2024-02-12,Kharif,3.52,Black,7.8,59,180,147,DAP,Flood,143.5,29.9,79,No,None,Neem Oil,18.61,18.46,205907.9,98721.76,70615.68,-28106.08,69,67
FARM00447,Rajasthan,Jaipur,Village_42,Soybean,NRC37,2022-06-07,2022-10-31,Kharif,5.81,Laterite,6.5,101,115,111,DAP,Canal,24.2,29.8,56,Yes,Leaf Blight,Imidacloprid,15.9,12.72,366309.8,172372.63,53375.36,-118997.27,62,86
FARM00448,West Bengal,Kolkata,Village_120,Potato,Kufri Jyoti,2020-03-10,2020-08-01,Rabi,23.02,Black,7.1,170,65,44,Organic Compost,Drip,20.0,23.1,63,No,None,Neem Oil,68.87,69.91,923300.3,695412.76,264747.67,-430665.09,60,74
FARM00449,Uttar Pradesh,Lucknow,Village_435,Potato,Kufri Jyoti,2022-07-14,2022-12-25,Kharif,3.13,Black,7.0,107,134,136,NPK,Drip,96.7,21.7,81,No,None,Neem Oil,11.85,11.79,107602.0,97748.52,47091.04,-50657.48,62,76
FARM00450,Rajasthan,Jaipur,Village_363,Soybean,NRC37,2023-12-13,2024-04-07,Zaid,7.32,Loamy,5.8,115,86,76,DAP,Drip,27.9,20.6,52,No,None,Neem Oil,25.7,24.9,325170.2,162939.18,69645.59,-93293.59,89,81
FARM00451,Punjab,Ludhiana,Village_360,Potato,Kufri Jyoti,2021-09-24,2022-01-19,Kharif,6.38,Clay,5.9,176,165,72,Organic Compost,Drip,80.3,21.9,74,No,None,Neem Oil,24.1,23.77,167176.3,173298.54,53613.99,-119684.55,92,76
FARM00452,Karnataka,Belagavi,Village_24,Sugarcane,Co86032,2021-09-17,2022-02-15,Zaid,14.5,Loamy,5.7,52,134,105,Organic Compost,Canal,77.4,26.3,77,No,None,Neem Oil,46.49,45.76,268270.3,474416.0,155690.14,-318725.86,57,76
FARM00453,Rajasthan,Jaipur,Village_464,Sugarcane,Co0238,2021-02-26,2021-07-10,Kharif,14.8,Loamy,7.9,43,65,66,NPK,Sprinkler,56.6,22.5,63,No,None,Neem Oil,49.74,54.45,648346.0,350802.75,215545.27,-135257.48,95,90
FARM00454,Tamil Nadu,Coimbatore,Village_434,Cotton,Bt,2022-09-17,2023-03-15,Kharif,13.91,Clay,5.8,159,172,103,DAP,Sprinkler,138.0,26.3,89,No,None,Neem Oil,72.51,78.72,482936.1,285418.46,208431.52,-76986.94,81,83
FARM00455,Punjab,Amritsar,Village_184,Potato,Kufri Jyoti,2020-11-29,2021-05-28,Rabi,22.05,Black,7.7,98,44,164,Organic Compost,Canal,65.5,32.8,58,No,None,Neem Oil,69.07,66.72,559803.9,444579.68,226308.09,-218271.59,83,57
FARM00456,Tamil Nadu,Coimbatore,Village_72,Sugarcane,Co0238,2024-04-01,2024-09-26,Kharif,8.17,Loamy,7.2,93,141,155,NPK,Rain-fed,26.3,27.0,52,No,None,Neem Oil,30.34,29.49,569155.2,222180.47,58802.4,-163378.07,90,91
FARM00457,Karnataka,Mysuru,Village_475,Sugarcane,Co0238,2023-05-05,2023-09-13,Kharif,5.48,Red,7.4,127,56,131,Urea,Rain-fed,42.5,24.5,61,No,None,Neem Oil,22.69,22.31,257789.9,94326.04,47519.96,-46806.08,74,95
FARM00458,Rajasthan,Kota,Village_364,Rice,IR64,2021-05-11,2021-08-17,Kharif,16.03,Black,6.6,155,87,145,DAP,Drip,140.6,22.8,88,Yes,Leaf Blight,Chlorpyrifos,75.61,60.49,927981.8,261224.25,239968.89,-21255.36,62,91
FARM00459,Tamil Nadu,Coimbatore,Village_446,Sugarcane,Co86032,2024-03-14,2024-06-26,Rabi,3.81,Clay,6.1,65,113,72,Organic Compost,Drip,122.7,33.5,81,No,None,Neem Oil,19.91,20.53,167834.0,69368.04,60390.63,-8977.41,64,74
FARM00460,Tamil Nadu,Coimbatore,Village_25,Soybean,JS335,2024-02-07,2024-07-16,Kharif,3.12,Red,5.8,59,120,74,Urea,Sprinkler,76.2,26.4,73,Yes,Leaf Blight,Imidacloprid,13.41,10.73,146725.2,92483.76,34308.75,-58175.01,23,82
FARM00461,Uttar Pradesh,Meerut,Village_21,Millet,Bajra,2023-02-11,2023-05-16,Rabi,4.22,Clay,7.4,86,111,130,Organic Compost,Sprinkler,93.1,23.4,71,Yes,Leaf Blight,Chlorpyrifos,18.6,14.88,104750.0,142916.09,54995.81,-87920.28,20,63
FARM00462,Karnataka,Mysuru,Village_428,Sugarcane,Co0238,2022-09-28,2023-03-11,Zaid,15.37,Black,7.8,71,146,95,Urea,Rain-fed,8.4,32.9,46,No,None,Neem Oil,56.01,53.74,505410.2,369163.29,204790.94,-164372.35,83,60
FARM00463,Tamil Nadu,Coimbatore,Village_355,Potato,Kufri Jyoti,2020-04-03,2020-07-19,Zaid,17.25,Loamy,7.6,81,77,56,DAP,Flood,27.1,17.6,49,Yes,Leaf Blight,Imidacloprid,60.55,48.44,735010.2,219532.92,182658.84,-36874.08,60,86
FARM00464,Assam,Jorhat,Village_317,Wheat,HD2967,2023-08-24,2024-01-27,Zaid,20.54,Red,5.8,43,109,111,DAP,Sprinkler,92.2,19.8,69,No,None,Neem Oil,74.73,79.3,974181.1,641754.98,260878.29,-380876.69,88,95
FARM00465,Tamil Nadu,Madurai,Village_246,Sugarcane,Co86032,2021-03-18,2021-09-13,Kharif,11.64,Red,8.1,74,126,125,DAP,Sprinkler,64.0,27.6,64,No,None,Neem Oil,41.99,40.53,910786.5,336973.42,155293.29,-181680.13,57,63
FARM00466,Uttar Pradesh,Lucknow,Village_368,Potato,Kufri Jyoti,2022-08-09,2023-01-12,Rabi,21.72,Clay,7.7,72,59,112,NPK,Canal,177.8,27.6,98,Yes,Leaf Blight,Chlorpyrifos,110.73,88.58,694921.1,439389.54,187471.65,-251917.89,35,91
FARM00467,Maharashtra,Pune,Village_106,Potato,Kufri Jyoti,2021-04-28,2021-09-06,Rabi,20.01,Loamy,7.0,151,109,58,Vermicompost,Sprinkler,30.7,28.5,65,No,None,Neem Oil,57.76,56.95,349292.0,317179.81,184884.76,-132295.05,62,62
FARM00468,Rajasthan,Jaipur,Village_198,Wheat,PBW725,2020-05-06,2020-08-27,Rabi,23.0,Loamy,6.0,63,98,42,DAP,Flood,139.8,28.0,78,No,None,Neem Oil,103.3,106.8,720925.3,482047.33,282636.52,-199410.81,60,94
FARM00469,Rajasthan,Kota,Village_306,Soybean,NRC37,2024-03-29,2024-09-01,Zaid,9.73,Loamy,6.5,135,102,180,NPK,Sprinkler,46.0,32.9,54,No,None,Neem Oil,29.15,27.77,712456.1,217877.35,106231.36,-111645.99,96,53
FARM00470,Rajasthan,Jaipur,Village_5,Soybean,NRC37,2024-02-03,2024-07-31,Kharif,17.89,Laterite,6.3,157,153,87,Organic Compost,Canal,41.3,27.7,63,Yes,Leaf Blight,Chlorpyrifos,54.01,43.21,1225146.6,260330.87,85014.86,-175316.01,25,49
FARM00471,Tamil Nadu,Coimbatore,Village_387,Wheat,PBW725,2020-03-22,2020-08-18,Rabi,10.75,Clay,6.1,45,150,43,DAP,Drip,73.7,23.1,62,Yes,Leaf Blight,Imidacloprid,44.35,35.48,466270.8,144485.46,94041.58,-50443.88,25,92
FARM00472,Maharashtra,Nashik,Village_360,Wheat,HD2967,2021-08-18,2022-02-03,Rabi,19.33,Black,7.4,77,60,106,NPK,Flood,106.3,21.5,75,No,None,Neem Oil,96.37,92.78,335522.0,599801.8,218937.09,-380864.71,97,48
FARM00473,Assam,Jorhat,Village_257,Rice,IR64,2022-12-17,2023-06-05,Kharif,21.65,Black,7.3,78,120,160,Urea,Sprinkler,34.0,29.1,59,No,None,Neem Oil,73.38,76.7,825298.5,592329.38,150484.37,-441845.01,55,82
FARM00474,Tamil Nadu,Coimbatore,Village_381,Soybean,JS335,2024-04-21,2024-10-13,Rabi,17.01,Laterite,8.0,41,102,145,NPK,Rain-fed,48.9,27.3,68,No,None,Neem Oil,61.91,67.74,1319974.9,288783.14,140513.52,-148269.62,88,71
FARM00475,West Bengal,Kolkata,Village_330,Millet,Ragi,2023-09-27,2024-01-22,Kharif,14.49,Alluvial,6.9,144,103,79,Organic Compost,Canal,66.6,24.4,67,Yes,Leaf Blight,Imidacloprid,54.19,43.35,963855.0,458808.21,175271.63,-283536.58,26,53
FARM00476,Rajasthan,Kota,Village_50,Millet,Ragi,2022-12-24,2023-06-17,Zaid,1.33,Black,7.5,146,132,104,Organic Compost,Rain-fed,50.6,36.6,64,Yes,Leaf Blight,Imidacloprid,3.89,3.11,91101.0,16907.46,12965.73,-3941.73,60,91
FARM00477,Maharashtra,Pune,Village_481,Rice,IR64,2023-02-25,2023-06-16,Zaid,20.2,Black,6.3,167,60,115,NPK,Drip,85.6,32.1,76,Yes,Leaf Blight,Imidacloprid,72.38,57.9,735925.0,662762.48,110165.22,-552597.26,20,57
FARM00478,Rajasthan,Kota,Village_174,Wheat,HD2967,2023-06-25,2023-12-10,Zaid,18.97,Laterite,7.4,47,61,133,NPK,Drip,76.1,32.8,69,Yes,Leaf Blight,Chlorpyrifos,59.91,47.93,806237.2,493466.66,185102.19,-308364.47,38,95
FARM00479,Uttar Pradesh,Meerut,Village_173,Millet,Ragi,2022-04-23,2022-10-12,Rabi,19.87,Clay,7.4,128,164,117,Urea,Drip,83.3,26.8,64,No,None,Neem Oil,78.32,78.58,1278574.2,483262.78,145807.6,-337455.18,56,71
FARM00480,Maharashtra,Pune,Village_29,Potato,Kufri Pukhraj,2022-08-28,2023-01-23,Kharif,17.19,Red,6.0,167,167,164,DAP,Canal,120.2,22.3,75,Yes,Leaf Blight,Chlorpyrifos,72.61,58.09,649092.4,332799.63,124635.11,-208164.52,58,84
FARM00481,West Bengal,Kolkata,Village_43,Potato,Kufri Jyoti,2022-05-15,2022-09-16,Rabi,14.05,Clay,7.0,67,172,148,DAP,Canal,137.5,23.8,76,Yes,Leaf Blight,Imidacloprid,75.68,60.54,1080948.4,259252.35,218250.88,-41001.47,69,93
FARM00482,Tamil Nadu,Madurai,Village_485,Wheat,PBW725,2020-12-26,2021-04-12,Kharif,11.45,Alluvial,7.9,42,46,90,NPK,Flood,13.7,29.4,49,No,None,Neem Oil,30.07,32.84,782629.5,304946.43,93032.31,-211914.12,57,54
FARM00483,Assam,Guwahati,Village_73,Cotton,Bt,2023-08-19,2024-01-13,Rabi,17.47,Alluvial,6.4,55,53,142,Urea,Rain-fed,58.8,30.1,64,Yes,Leaf Blight,Chlorpyrifos,71.86,57.49,1213147.2,540806.86,129563.36,-411243.5,21,57
FARM00484,Karnataka,Belagavi,Village_387,Sugarcane,Co0238,2024-04-26,2024-10-09,Kharif,6.92,Red,7.4,142,172,52,Urea,Sprinkler,41.7,28.3,66,Yes,Leaf Blight,Chlorpyrifos,23.09,18.47,274474.5,129857.99,49658.72,-80199.27,26,79
FARM00485,Uttar Pradesh,Lucknow,Village_244,Sugarcane,Co0238,2021-05-20,2021-08-19,Kharif,13.68,Loamy,7.4,123,120,94,Urea,Sprinkler,79.5,21.8,75,Yes,Leaf Blight,Imidacloprid,45.15,36.12,553556.8,217551.32,66659.14,-150892.18,39,71
FARM00486,Tamil Nadu,Madurai,Village_453,Soybean,JS335,2022-02-07,2022-06-27,Rabi,23.63,Laterite,7.2,101,128,57,Organic Compost,Sprinkler,122.5,26.9,85,No,None,Neem Oil,108.79,115.07,547172.8,790784.1,409416.05,-381368.05,73,84
FARM00487,Punjab,Ludhiana,Village_392,Wheat,HD2967,2022-01-04,2022-05-10,Zaid,5.56,Alluvial,6.8,133,56,60,Organic Compost,Canal,58.3,20.0,66,Yes,Leaf Blight,Imidacloprid,22.95,18.36,159448.0,170551.34,71743.31,-98808.03,64,78
FARM00488,Punjab,Ludhiana,Village_352,Sugarcane,Co0238,2020-01-13,2020-06-03,Zaid,23.2,Alluvial,5.9,162,168,157,Vermicompost,Canal,120.1,24.4,72,Yes,Leaf Blight,Chlorpyrifos,120.6,96.48,617727.8,788806.4,320409.01,-468397.39,47,50
FARM00489,Assam,Guwahati,Village_434,Wheat,PBW725,2023-07-05,2023-12-15,Kharif,13.68,Laterite,6.1,174,76,47,Urea,Flood,91.9,30.2,68,No,None,Neem Oil,47.77,48.53,987736.3,298786.48,199583.17,-99203.31,61,45
FARM00490,West Bengal,Siliguri,Village_69,Potato,Kufri Pukhraj,2021-10-10,2022-02-25,Kharif,11.43,Black,5.7,167,43,46,Organic Compost,Canal,93.7,28.8,79,No,None,Neem Oil,51.37,54.64,681990.6,378578.5,218959.37,-159619.13,69,69
FARM00491,West Bengal,Kolkata,Village_25,Rice,IR64,2022-07-12,2022-10-24,Kharif,20.38,Black,7.1,167,74,155,Organic Compost,Flood,38.4,21.4,53,Yes,Leaf Blight,Chlorpyrifos,77.48,61.98,560206.6,635287.94,126772.02,-508515.92,54,63
FARM00492,West Bengal,Kolkata,Village_273,Cotton,Bt,2021-05-07,2021-08-18,Zaid,18.12,Alluvial,5.8,119,61,150,Organic Compost,Flood,108.1,29.6,69,No,None,Neem Oil,83.41,81.23,1013368.6,512918.05,299468.32,-213449.73,87,94
FARM00493,Rajasthan,Kota,Village_203,Soybean,JS335,2022-01-02,2022-05-18,Zaid,7.78,Loamy,7.3,169,168,85,NPK,Sprinkler,180.0,29.0,87,No,None,Neem Oil,43.43,45.05,394668.4,242928.0,120979.44,-121948.56,70,78
FARM00494,Assam,Guwahati,Village_498,Millet,Ragi,2020-04-28,2020-10-03,Kharif,16.24,Laterite,6.6,40,168,76,Organic Compost,Flood,24.7,34.6,56,No,None,Neem Oil,59.97,65.0,258911.8,311500.72,147681.58,-163819.14,71,79
FARM00495,Karnataka,Mysuru,Village_370,Maize,HQPM1,2020-02-19,2020-05-20,Rabi,7.61,Loamy,7.1,52,149,162,Urea,Canal,80.7,22.6,63,No,None,Neem Oil,35.24,36.91,389930.9,156739.52,131719.18,-25020.34,65,62
FARM00496,Assam,Guwahati,Village_359,Soybean,JS335,2023-06-17,2023-10-27,Zaid,9.79,Black,5.7,90,120,179,DAP,Canal,157.5,30.8,83,Yes,Leaf Blight,Chlorpyrifos,41.57,33.26,647183.1,194553.35,112779.16,-81774.19,66,49
FARM00497,West Bengal,Siliguri,Village_169,Cotton,Bt,2020-08-25,2021-02-04,Zaid,8.42,Loamy,6.7,102,172,178,NPK,Drip,44.0,33.5,60,Yes,Leaf Blight,Chlorpyrifos,33.5,26.8,246575.1,262944.33,77001.68,-185942.65,43,68
FARM00498,Punjab,Ludhiana,Village_284,Soybean,JS335,2024-04-24,2024-10-02,Kharif,10.98,Alluvial,6.5,110,133,140,DAP,Rain-fed,45.6,19.1,65,Yes,Leaf Blight,Imidacloprid,37.25,29.8,352620.9,339327.72,65668.6,-273659.12,44,84
FARM00499,Rajasthan,Kota,Village_282,Soybean,JS335,2023-11-11,2024-04-21,Zaid,3.88,Laterite,8.2,166,93,135,Organic Compost,Drip,21.1,24.2,55,No,None,Neem Oil,10.2,9.93,122774.6,92626.27,39122.03,-53504.24,85,69
FARM00500,Karnataka,Mysuru,Village_475,Potato,Kufri Jyoti,2023-02-09,2023-06-29,Rabi,14.05,Red,7.1,105,136,66,DAP,Sprinkler,19.7,26.3,52,No,None,Neem Oil,40.13,42.39,1030871.4,358578.66,94986.8,-263591.86,56,84
FARM00501,Karnataka,Belagavi,Village_225,Cotton,Bt,2021-10-05,2022-01-20,Rabi,10.15,Loamy,6.9,68,116,119,Organic Compost,Rain-fed,73.0,26.2,63,No,None,Neem Oil,31.69,33.01,542175.8,286476.97,134253.27,-152223.7,70,62
FARM00502,Rajasthan,Kota,Village_10,Wheat,HD2967,2022-04-05,2022-07-09,Kharif,23.19,Alluvial,7.9,170,96,166,Vermicompost,Drip,63.3,25.0,70,No,None,Neem Oil,88.41,84.51,1406301.8,405565.05,237945.76,-167619.29,70,47
FARM00503,Rajasthan,Kota,Village_497,Sugarcane,Co0238,2020-08-26,2020-12-10,Kharif,15.53,Red,8.2,48,63,164,Urea,Canal,119.5,18.8,78,Yes,Leaf Blight,Imidacloprid,75.86,60.69,903544.8,269875.39,168783.76,-101091.63,20,89
FARM00504,Assam,Guwahati,Village_349,Wheat,HD2967,2021-10-27,2022-03-18,Rabi,2.22,Black,7.7,91,97,160,NPK,Drip,79.9,34.4,72,No,None,Neem Oil,7.62,8.17,123487.1,45449.21,28050.43,-17398.78,83,45
FARM00505,Assam,Jorhat,Village_288,Potato,Kufri Jyoti,2020-12-06,2021-06-04,Rabi,5.2,Clay,6.1,137,153,113,Vermicompost,Sprinkler,115.7,30.0,82,Yes,Leaf Blight,Chlorpyrifos,19.48,15.58,240448.6,142828.51,42237.42,-100591.09,26,87
FARM00506,Maharashtra,Pune,Village_290,Maize,DHM117,2022-06-08,2022-11-11,Zaid,24.26,Black,6.4,51,103,134,NPK,Drip,87.2,24.1,73,No,None,Neem Oil,88.94,94.91,1782112.1,567731.82,330802.58,-236929.24,94,57
FARM00507,Rajasthan,Kota,Village_375,Rice,IR64,2020-05-22,2020-09-05,Zaid,4.72,Black,6.3,107,134,150,Organic Compost,Flood,86.9,33.6,79,No,None,Neem Oil,18.15,19.14,143470.0,112231.02,35664.57,-76566.45,92,93
FARM00508,Rajasthan,Jaipur,Village_222,Maize,DHM117,2021-03-28,2021-08-18,Kharif,7.8,Alluvial,7.1,98,82,165,Urea,Flood,25.0,32.1,52,No,None,Neem Oil,30.6,33.5,296130.5,121954.77,82436.61,-39518.16,56,86
FARM00509,Tamil Nadu,Madurai,Village_256,Sugarcane,Co86032,2020-12-07,2021-04-29,Zaid,11.25,Black,6.8,78,152,63,Vermicompost,Flood,68.1,35.3,63,No,None,Neem Oil,50.94,49.8,376654.6,324728.56,151304.99,-173423.57,79,70
FARM00510,Rajasthan,Jaipur,Village_260,Soybean,NRC37,2024-03-23,2024-08-26,Zaid,19.16,Alluvial,5.6,47,128,161,Vermicompost,Sprinkler,90.7,29.6,80,No,None,Neem Oil,64.23,69.42,500633.7,363065.35,262663.38,-100401.97,58,68
FARM00511,West Bengal,Kolkata,Village_414,Rice,Basmati,2021-10-15,2022-03-29,Rabi,9.96,Loamy,7.4,137,112,61,Vermicompost,Flood,56.2,21.2,72,No,None,Neem Oil,41.94,42.8,150524.1,153700.28,152067.15,-1633.13,86,65
FARM00512,Maharashtra,Nashik,Village_482,Millet,Ragi,2023-06-01,2023-11-11,Rabi,2.38,Alluvial,8.1,136,175,71,Urea,Drip,42.6,28.7,57,Yes,Leaf Blight,Chlorpyrifos,9.32,7.46,143114.9,50443.66,13829.1,-36614.56,54,60
FARM00513,West Bengal,Siliguri,Village_453,Rice,Basmati,2023-10-06,2024-02-20,Rabi,15.83,Red,5.6,163,158,114,Urea,Drip,67.0,20.3,59,No,None,Neem Oil,49.71,50.45,986587.9,363072.47,142568.76,-220503.71,90,50
FARM00514,Tamil Nadu,Madurai,Village_18,Maize,DHM117,2023-08-18,2024-02-06,Rabi,11.41,Alluvial,7.9,46,99,164,Urea,Rain-fed,63.7,25.7,72,Yes,Leaf Blight,Chlorpyrifos,42.11,33.69,459922.1,234342.22,71465.9,-162876.32,35,67
FARM00515,West Bengal,Kolkata,Village_431,Soybean,JS335,2024-03-03,2024-07-04,Zaid,4.78,Black,7.0,40,72,84,Urea,Sprinkler,134.1,24.5,85,No,None,Neem Oil,21.68,22.91,111105.5,107282.99,53337.56,-53945.43,71,68
FARM00516,Tamil Nadu,Madurai,Village_95,Millet,Bajra,2024-03-23,2024-08-19,Zaid,8.92,Red,6.2,46,157,94,DAP,Canal,29.0,19.6,58,Yes,Leaf Blight,Imidacloprid,26.02,20.82,454974.2,222037.35,39085.56,-182951.79,57,54
FARM00517,Maharashtra,Pune,Village_248,Millet,Ragi,2022-01-17,2022-06-18,Zaid,3.08,Alluvial,6.9,64,70,75,Vermicompost,Sprinkler,112.4,24.7,70,No,None,Neem Oil,13.5,13.26,57776.0,54595.43,37644.15,-16951.28,81,48
FARM00518,Punjab,Amritsar,Village_500,Rice,Basmati,2023-07-29,2023-12-22,Rabi,4.2,Black,6.8,135,68,178,Urea,Rain-fed,66.9,29.0,73,Yes,Leaf Blight,Imidacloprid,16.53,13.22,188198.3,85044.44,31575.38,-53469.06,68,57
FARM00519,Karnataka,Mysuru,Village_298,Rice,IR64,2023-07-21,2023-11-06,Zaid,9.45,Alluvial,6.4,180,89,117,Organic Compost,Drip,68.8,25.8,70,Yes,Leaf Blight,Chlorpyrifos,41.13,32.9,399724.7,113554.71,119731.6,6176.89,57,61
FARM00520,Tamil Nadu,Madurai,Village_239,Potato,Kufri Jyoti,2021-04-19,2021-08-12,Kharif,19.75,Red,7.8,157,135,120,DAP,Flood,111.4,28.3,73,Yes,Leaf Blight,Imidacloprid,91.09,72.87,536371.1,669045.61,136764.34,-532281.27,37,75
FARM00521,Uttar Pradesh,Meerut,Village_419,Millet,Bajra,2022-07-28,2022-11-19,Rabi,1.66,Alluvial,7.7,148,69,80,Organic Compost,Sprinkler,115.7,19.4,86,No,None,Neem Oil,6.33,6.72,28323.3,37572.53,15421.37,-22151.16,79,94
FARM00522,West Bengal,Siliguri,Village_136,Millet,Ragi,2020-09-21,2021-02-20,Rabi,22.37,Black,7.8,106,167,89,NPK,Flood,14.8,19.4,61,No,None,Neem Oil,56.09,58.47,512357.6,670183.43,161839.96,-508343.47,70,65
FARM00523,West Bengal,Kolkata,Village_24,Wheat,PBW725,2022-09-16,2023-02-22,Zaid,19.07,Red,6.1,47,91,123,Organic Compost,Sprinkler,29.4,22.5,56,No,None,Neem Oil,74.17,79.8,490937.0,252205.84,248193.22,-4012.62,69,86
FARM00524,Uttar Pradesh,Meerut,Village_41,Cotton,Bt,2022-02-18,2022-06-19,Kharif,11.34,Loamy,7.2,175,61,165,DAP,Canal,61.5,29.3,62,No,None,Neem Oil,34.18,32.66,216577.0,284131.36,132217.96,-151913.4,65,58
FARM00525,Maharashtra,Pune,Village_205,Potato,Kufri Jyoti,2024-02-15,2024-08-09,Zaid,3.86,Alluvial,6.6,110,140,78,Vermicompost,Rain-fed,73.4,35.4,76,No,None,Neem Oil,13.81,14.93,73756.7,67433.48,38312.66,-29120.82,60,62
FARM00526,Uttar Pradesh,Lucknow,Village_192,Rice,Basmati,2020-12-15,2021-05-09,Kharif,7.04,Alluvial,6.1,164,69,135,Organic Compost,Drip,109.6,10.9,77,No,None,Neem Oil,27.61,29.2,303302.9,124727.18,108485.89,-16241.29,92,51
FARM00527,Assam,Jorhat,Village_294,Rice,IR64,2022-10-13,2023-02-21,Rabi,17.18,Clay,7.2,133,115,141,NPK,Sprinkler,112.5,31.7,80,No,None,Neem Oil,78.12,76.74,559775.5,557033.22,146193.52,-410839.7,71,80
FARM00528,Rajasthan,Jaipur,Village_97,Sugarcane,Co0238,2020-10-21,2021-04-09,Zaid,20.5,Red,6.0,140,173,58,Vermicompost,Sprinkler,63.2,25.8,72,Yes,Leaf Blight,Imidacloprid,64.03,51.22,1199533.3,565775.14,186283.55,-379491.59,29,46
FARM00529,West Bengal,Kolkata,Village_450,Sugarcane,Co86032,2023-04-30,2023-09-08,Zaid,12.93,Alluvial,8.1,70,164,159,Organic Compost,Drip,118.4,33.5,73,No,None,Neem Oil,53.6,51.91,378915.9,180608.69,192797.47,12188.78,57,74
FARM00530,Maharashtra,Pune,Village_147,Millet,Bajra,2020-04-16,2020-07-29,Kharif,13.67,Black,8.1,77,127,83,DAP,Rain-fed,55.7,13.9,61,No,None,Neem Oil,47.87,50.49,496360.7,178282.12,142409.79,-35872.33,63,58
FARM00531,Karnataka,Belagavi,Village_187,Cotton,Suraj,2024-05-06,2024-09-19,Zaid,17.63,Black,5.7,69,94,43,NPK,Sprinkler,94.3,24.7,71,No,None,Neem Oil,82.27,84.84,676307.5,266075.29,281705.08,15629.79,75,57
FARM00532,Tamil Nadu,Madurai,Village_494,Maize,HQPM1,2021-05-24,2021-10-30,Zaid,12.19,Loamy,5.7,69,123,64,Urea,Canal,141.8,38.9,77,No,None,Neem Oil,54.15,53.53,461789.7,381571.99,118279.31,-263292.68,75,80
FARM00533,Tamil Nadu,Madurai,Village_72,Sugarcane,Co0238,2023-07-29,2023-12-08,Zaid,19.71,Loamy,8.0,160,78,90,Vermicompost,Flood,72.4,31.0,61,No,None,Neem Oil,72.83,72.75,883309.4,485927.24,171736.2,-314191.04,68,63
FARM00534,Tamil Nadu,Coimbatore,Village_437,Rice,Basmati,2020-03-10,2020-07-18,Zaid,5.02,Laterite,6.9,176,172,172,Organic Compost,Rain-fed,92.5,27.3,67,No,None,Neem Oil,18.56,20.24,356562.5,94179.39,58877.21,-35302.18,69,55
FARM00535,Rajasthan,Jaipur,Village_128,Maize,DHM117,2023-04-10,2023-07-10,Rabi,1.42,Loamy,5.9,106,60,74,Urea,Canal,74.0,26.5,71,Yes,Leaf Blight,Chlorpyrifos,5.27,4.22,70084.5,36292.62,15800.51,-20492.11,45,50
FARM00536,Rajasthan,Jaipur,Village_262,Millet,Ragi,2023-08-28,2023-12-19,Rabi,22.14,Red,7.2,156,125,80,NPK,Drip,81.9,17.7,63,Yes,Leaf Blight,Chlorpyrifos,80.85,64.68,1348866.3,316754.98,230115.59,-86639.39,70,60
FARM00537,Rajasthan,Kota,Village_480,Millet,Ragi,2023-05-13,2023-09-23,Kharif,5.22,Clay,8.1,180,99,148,Vermicompost,Drip,37.8,31.2,59,No,None,Neem Oil,14.38,15.14,221538.4,161066.59,44395.07,-116671.52,79,78
FARM00538,Karnataka,Belagavi,Village_15,Wheat,HD2967,2020-11-12,2021-04-26,Rabi,5.85,Clay,7.3,138,82,128,NPK,Sprinkler,107.4,20.8,80,No,None,Neem Oil,24.58,24.82,208968.3,107457.17,100095.69,-7361.48,87,88
FARM00539,Tamil Nadu,Madurai,Village_206,Rice,IR64,2022-07-04,2022-10-18,Rabi,14.01,Laterite,7.2,110,113,62,NPK,Drip,28.2,14.1,63,No,None,Neem Oil,49.33,49.09,559970.7,254511.98,104409.74,-150102.24,89,83
FARM00540,Tamil Nadu,Madurai,Village_87,Rice,Basmati,2023-09-12,2023-12-24,Zaid,18.29,Loamy,5.5,129,102,134,DAP,Drip,66.1,30.1,66,Yes,Leaf Blight,Imidacloprid,63.29,50.63,395318.5,356699.82,186136.61,-170563.21,51,53
FARM00541,Karnataka,Mysuru,Village_483,Cotton,Bt,2022-05-17,2022-11-05,Kharif,7.17,Red,6.8,60,151,126,Organic Compost,Sprinkler,108.1,21.3,76,No,None,Neem Oil,29.19,28.84,460398.0,243188.53,103446.02,-139742.51,58,70
FARM00542,Assam,Jorhat,Village_196,Wheat,HD2967,2023-12-06,2024-03-19,Rabi,1.09,Red,7.4,51,112,135,Vermicompost,Rain-fed,133.4,37.5,81,No,None,Neem Oil,5.58,5.96,74792.8,24418.5,24209.83,-208.67,94,62
FARM00543,Rajasthan,Jaipur,Village_371,Maize,HQPM1,2023-02-20,2023-07-27,Rabi,11.87,Red,5.8,166,42,121,NPK,Drip,142.1,25.0,89,No,None,Neem Oil,59.44,60.27,540660.8,351309.47,216384.59,-134924.88,74,48
FARM00544,Tamil Nadu,Coimbatore,Village_476,Maize,DHM117,2020-11-19,2021-04-03,Rabi,1.28,Black,5.6,153,104,117,Vermicompost,Flood,49.9,26.1,57,No,None,Neem Oil,4.96,5.13,78439.5,33159.75,16833.28,-16326.47,56,66
FARM00545,Uttar Pradesh,Lucknow,Village_34,Millet,Bajra,2024-03-17,2024-06-29,Kharif,18.88,Clay,7.7,111,97,90,NPK,Canal,126.6,19.7,80,No,None,Neem Oil,73.9,70.66,1500819.1,555917.69,145744.8,-410172.89,74,85
FARM00546,Uttar Pradesh,Meerut,Village_130,Sugarcane,Co0238,2022-09-06,2023-01-04,Rabi,24.94,Red,6.5,70,50,99,Organic Compost,Sprinkler,68.1,31.8,66,No,None,Neem Oil,101.28,99.01,722368.2,843718.86,370492.28,-473226.58,83,58
FARM00547,Karnataka,Mysuru,Village_63,Sugarcane,Co0238,2022-05-11,2022-09-11,Kharif,18.39,Alluvial,7.1,90,120,42,DAP,Drip,51.0,23.1,69,No,None,Neem Oil,71.15,73.97,364024.0,472904.3,158047.16,-314857.14,77,57
FARM00548,Karnataka,Belagavi,Village_51,Wheat,PBW725,2020-02-10,2020-08-07,Kharif,6.15,Loamy,6.1,80,131,47,Urea,Canal,165.0,31.3,97,No,None,Neem Oil,28.88,30.42,108087.2,95748.6,116697.46,20948.86,62,84
FARM00549,Maharashtra,Pune,Village_221,Cotton,Bt,2023-02-11,2023-05-29,Rabi,12.73,Loamy,7.2,157,128,61,Urea,Sprinkler,62.7,24.4,73,No,None,Neem Oil,39.66,38.16,423155.2,210808.05,131727.23,-79080.82,80,58
FARM00550,Assam,Guwahati,Village_341,Soybean,NRC37,2020-01-20,2020-05-27,Zaid,16.45,Red,7.8,129,55,169,Organic Compost,Sprinkler,73.2,27.5,65,No,None,Neem Oil,63.84,65.4,818884.8,474579.6,135814.92,-338764.68,57,87
FARM00551,West Bengal,Siliguri,Village_328,Potato,Kufri Jyoti,2020-08-28,2020-12-22,Kharif,2.09,Loamy,5.6,67,57,147,Organic Compost,Sprinkler,81.2,24.5,62,Yes,Leaf Blight,Chlorpyrifos,9.25,7.4,105545.9,36671.0,23950.52,-12720.48,44,93
FARM00552,Tamil Nadu,Madurai,Village_100,Rice,Basmati,2021-11-11,2022-04-19,Zaid,16.63,Black,7.4,119,48,161,Urea,Sprinkler,118.9,28.6,75,Yes,Leaf Blight,Imidacloprid,62.33,49.86,934822.5,341780.53,162728.74,-179051.79,36,55
FARM00553,Assam,Guwahati,Village_448,Maize,HQPM1,2020-12-19,2021-06-05,Zaid,20.54,Laterite,7.9,91,107,101,Organic Compost,Flood,55.4,29.8,57,No,None,Neem Oil,78.46,82.54,729768.4,533304.34,215681.57,-317622.77,56,55
FARM00554,Maharashtra,Nashik,Village_187,Sugarcane,Co0238,2022-01-14,2022-06-18,Kharif,2.78,Alluvial,6.4,67,86,147,NPK,Flood,87.5,29.2,71,No,None,Neem Oil,9.25,8.79,173165.5,49773.53,35648.21,-14125.32,70,75
FARM00555,Maharashtra,Nashik,Village_140,Cotton,Suraj,2023-01-13,2023-05-25,Zaid,6.02,Clay,6.2,144,157,79,Organic Compost,Drip,74.1,23.6,67,No,None,Neem Oil,20.53,21.39,105084.3,139544.39,63494.17,-76050.22,90,51
FARM00556,Tamil Nadu,Coimbatore,Village_248,Maize,DHM117,2021-07-21,2021-11-30,Kharif,24.01,Clay,5.8,168,73,139,DAP,Drip,77.9,29.7,69,Yes,Leaf Blight,Imidacloprid,77.42,61.94,1849656.9,614585.5,210671.89,-403913.61,64,71
FARM00557,Assam,Guwahati,Village_129,Wheat,HD2967,2022-01-19,2022-07-12,Zaid,18.42,Red,6.8,165,135,139,NPK,Rain-fed,84.7,23.8,77,No,None,Neem Oil,69.04,68.81,1396901.6,422358.04,223040.09,-199317.95,74,56
FARM00558,West Bengal,Siliguri,Village_470,Wheat,PBW725,2020-10-23,2021-02-11,Rabi,22.38,Black,5.9,165,77,147,Urea,Sprinkler,45.7,25.0,67,No,None,Neem Oil,74.62,75.99,782083.7,770073.9,279977.39,-490096.51,79,58
FARM00559,Assam,Jorhat,Village_104,Soybean,NRC37,2024-02-14,2024-06-16,Zaid,21.79,Loamy,8.1,178,144,158,NPK,Sprinkler,40.3,29.5,63,Yes,Leaf Blight,Imidacloprid,62.04,49.63,360762.1,312710.31,137785.21,-174925.1,45,51
FARM00560,Karnataka,Mysuru,Village_194,Soybean,JS335,2021-02-01,2021-06-02,Rabi,5.58,Laterite,6.2,176,146,64,NPK,Drip,64.8,24.4,73,No,None,Neem Oil,17.05,17.9,431861.5,78770.15,70348.48,-8421.67,93,52
FARM00561,Karnataka,Belagavi,Village_246,Millet,Ragi,2021-12-02,2022-05-11,Rabi,13.17,Alluvial,5.5,151,155,77,Urea,Drip,48.3,25.1,55,Yes,Leaf Blight,Chlorpyrifos,50.0,40.0,685503.0,305128.77,125366.17,-179762.6,47,67
FARM00562,West Bengal,Siliguri,Village_295,Cotton,Suraj,2023-08-03,2023-12-09,Kharif,18.28,Clay,6.9,76,131,149,Urea,Flood,51.1,20.5,58,Yes,Leaf Blight,Imidacloprid,66.84,53.47,1213224.1,584020.95,179385.09,-404635.86,20,47
FARM00563,Rajasthan,Kota,Village_179,Wheat,PBW725,2021-10-29,2022-03-16,Rabi,13.35,Red,7.8,166,41,49,Organic Compost,Drip,14.3,23.7,47,No,None,Neem Oil,43.74,47.42,746319.2,264152.74,173135.82,-91016.92,72,76
FARM00564,Karnataka,Mysuru,Village_230,Sugarcane,Co0238,2023-09-24,2024-01-23,Kharif,16.26,Loamy,5.5,133,168,117,DAP,Rain-fed,51.6,33.6,56,Yes,Leaf Blight,Chlorpyrifos,51.51,41.21,914411.7,515023.87,172249.22,-342774.65,34,81
FARM00565,Karnataka,Mysuru,Village_145,Potato,Kufri Jyoti,2021-08-30,2022-02-06,Rabi,22.47,Clay,7.9,81,164,75,DAP,Drip,33.7,28.9,50,No,None,Neem Oil,81.08,88.97,765128.1,419102.26,367398.57,-51703.69,56,67
FARM00566,Punjab,Amritsar,Village_383,Cotton,Bt,2021-08-22,2022-01-23,Zaid,23.17,Laterite,5.9,141,145,148,Organic Compost,Sprinkler,109.5,32.6,70,Yes,Leaf Blight,Imidacloprid,98.3,78.64,1311026.5,355423.45,172615.19,-182808.26,67,86
FARM00567,Tamil Nadu,Madurai,Village_443,Potato,Kufri Jyoti,2021-07-28,2021-12-05,Rabi,11.52,Red,5.8,171,153,136,DAP,Sprinkler,52.3,25.4,57,No,None,Neem Oil,40.76,40.92,751378.0,244636.09,114014.97,-130621.12,59,84
FARM00568,Maharashtra,Pune,Village_75,Rice,Basmati,2022-05-21,2022-08-19,Zaid,16.52,Red,5.7,89,152,106,NPK,Sprinkler,35.9,28.8,56,Yes,Leaf Blight,Imidacloprid,44.55,35.64,762819.9,429267.45,104179.58,-325087.87,34,64
FARM00569,Rajasthan,Jaipur,Village_101,Millet,Ragi,2023-03-28,2023-08-14,Kharif,6.55,Clay,7.3,128,74,100,NPK,Sprinkler,102.0,36.4,77,No,None,Neem Oil,24.97,25.92,194674.8,186502.19,70660.32,-115841.87,72,95
FARM00570,Maharashtra,Nashik,Village_453,Sugarcane,Co0238,2023-08-13,2024-01-11,Rabi,17.7,Loamy,5.5,83,44,83,Organic Compost,Flood,134.9,31.9,80,Yes,Leaf Blight,Chlorpyrifos,73.52,58.82,1266535.9,526798.56,163132.29,-363666.27,64,46
FARM00571,Uttar Pradesh,Lucknow,Village_356,Rice,Basmati,2022-03-10,2022-07-18,Zaid,5.66,Clay,7.3,110,120,90,NPK,Flood,60.8,29.8,71,No,None,Neem Oil,17.37,18.82,117326.1,175864.06,44055.36,-131808.7,79,63
FARM00572,Punjab,Amritsar,Village_341,Sugarcane,Co86032,2022-06-21,2022-11-06,Kharif,2.06,Black,8.2,171,62,136,Urea,Flood,83.6,38.7,71,No,None,Neem Oil,9.44,9.87,160400.5,66512.98,40925.77,-25587.21,59,69
FARM00573,Tamil Nadu,Coimbatore,Village_497,Wheat,HD2967,2023-06-23,2023-11-10,Rabi,11.55,Laterite,7.4,135,110,123,DAP,Drip,36.4,26.0,52,No,None,Neem Oil,40.12,39.22,398201.8,271371.46,146584.02,-124787.44,66,76
FARM00574,Karnataka,Belagavi,Village_162,Wheat,PBW725,2020-03-14,2020-08-03,Rabi,12.45,Clay,5.9,120,149,84,Vermicompost,Flood,36.4,28.8,63,No,None,Neem Oil,34.74,33.3,523456.0,182163.32,130526.92,-51636.4,57,48
FARM00575,Rajasthan,Jaipur,Village_128,Rice,Basmati,2020-12-29,2021-04-26,Zaid,10.97,Loamy,7.3,52,106,146,Urea,Drip,44.1,20.6,59,No,None,Neem Oil,38.64,41.88,387620.8,375641.3,106631.35,-269009.95,88,71
FARM00576,Uttar Pradesh,Meerut,Village_175,Sugarcane,Co86032,2022-02-25,2022-08-01,Kharif,22.52,Clay,5.6,46,90,45,DAP,Canal,87.9,31.8,77,No,None,Neem Oil,89.96,90.12,661219.8,318885.76,319025.39,139.63,83,45
FARM00577,Rajasthan,Kota,Village_15,Potato,Kufri Pukhraj,2022-12-11,2023-05-16,Kharif,4.53,Loamy,6.4,164,168,84,Urea,Canal,62.3,32.1,66,No,None,Neem Oil,19.03,19.6,130266.7,124269.51,49800.32,-74469.19,88,52
FARM00578,Tamil Nadu,Madurai,Village_449,Maize,HQPM1,2022-03-21,2022-09-10,Kharif,9.91,Alluvial,8.0,135,131,102,Urea,Drip,77.4,22.5,64,Yes,Leaf Blight,Chlorpyrifos,32.43,25.94,580909.1,311916.05,85970.32,-225945.73,39,74
FARM00579,West Bengal,Kolkata,Village_97,Sugarcane,Co0238,2022-01-12,2022-07-09,Kharif,12.66,Red,6.4,150,59,119,DAP,Canal,63.0,28.2,58,No,None,Neem Oil,53.35,53.6,840847.4,257108.62,99617.43,-157491.19,58,88
FARM00580,Uttar Pradesh,Lucknow,Village_374,Cotton,Suraj,2021-10-20,2022-03-13,Rabi,21.91,Clay,6.4,62,149,145,Urea,Canal,29.2,29.4,50,No,None,Neem Oil,62.73,67.7,1066930.9,532140.25,258757.94,-273382.31,92,59
FARM00581,Assam,Jorhat,Village_235,Cotton,Bt,2023-08-13,2023-12-25,Kharif,20.62,Laterite,5.7,51,129,91,Urea,Canal,54.1,23.4,65,No,None,Neem Oil,65.41,63.2,1556975.7,274747.41,258644.4,-16103.01,65,65
FARM00582,Karnataka,Mysuru,Village_42,Soybean,JS335,2021-05-10,2021-11-04,Rabi,21.03,Red,5.8,87,116,133,Organic Compost,Sprinkler,86.8,27.8,73,No,None,Neem Oil,100.63,107.2,343472.5,297431.96,370186.34,72754.38,83,57
FARM00583,Tamil Nadu,Coimbatore,Village_306,Wheat,PBW725,2021-05-17,2021-10-21,Zaid,3.95,Laterite,6.8,68,139,115,Vermicompost,Drip,103.5,24.6,82,Yes,Leaf Blight,Chlorpyrifos,19.18,15.34,260260.3,84488.85,30629.59,-53859.26,59,78
FARM00584,West Bengal,Kolkata,Village_122,Sugarcane,Co86032,2020-11-30,2021-03-09,Zaid,2.71,Alluvial,5.5,168,56,57,Organic Compost,Sprinkler,161.7,33.8,82,No,None,Neem Oil,12.48,12.31,113071.5,73416.05,25303.78,-48112.27,91,46
FARM00585,Maharashtra,Nashik,Village_421,Rice,Basmati,2022-01-20,2022-05-17,Zaid,4.97,Laterite,6.7,53,80,103,NPK,Flood,41.3,28.6,59,No,None,Neem Oil,17.52,17.28,330572.6,62683.25,62120.0,-563.25,66,66
FARM00586,Maharashtra,Pune,Village_210,Millet,Bajra,2020-08-20,2020-12-25,Kharif,15.43,Black,8.1,48,169,131,DAP,Drip,94.7,22.6,80,No,None,Neem Oil,67.54,70.09,1087482.7,478729.23,126912.61,-351816.62,75,72
FARM00587,Assam,Guwahati,Village_152,Rice,Basmati,2022-09-07,2023-02-25,Kharif,1.54,Red,7.2,58,115,52,DAP,Rain-fed,31.6,22.5,53,No,None,Neem Oil,5.41,5.81,86167.1,48977.61,14395.04,-34582.57,74,74
FARM00588,Tamil Nadu,Coimbatore,Village_93,Sugarcane,Co86032,2021-08-01,2021-12-23,Zaid,19.71,Loamy,5.7,135,173,78,DAP,Sprinkler,148.0,18.8,85,Yes,Leaf Blight,Imidacloprid,89.75,71.8,761173.7,521257.21,147796.74,-373460.47,57,75
FARM00589,Tamil Nadu,Coimbatore,Village_64,Soybean,JS335,2021-12-28,2022-04-14,Kharif,17.23,Red,8.1,124,162,150,Urea,Flood,38.1,31.4,62,No,None,Neem Oil,70.24,73.41,581142.1,480031.57,135379.96,-344651.61,67,65
FARM00590,Rajasthan,Jaipur,Village_112,Cotton,Bt,2023-01-23,2023-04-23,Zaid,20.56,Laterite,5.6,138,50,103,DAP,Rain-fed,78.5,25.9,75,No,None,Neem Oil,85.62,92.89,343729.2,472945.71,361265.26,-111680.45,88,76
FARM00591,Assam,Jorhat,Village_436,Wheat,PBW725,2023-10-07,2024-04-03,Kharif,3.06,Clay,6.1,62,142,112,Vermicompost,Drip,99.4,23.9,77,No,None,Neem Oil,15.0,14.8,139102.4,96284.68,35744.49,-60540.19,65,84
FARM00592,Assam,Jorhat,Village_220,Sugarcane,Co86032,2020-02-15,2020-07-25,Kharif,23.47,Alluvial,7.8,106,177,174,DAP,Sprinkler,62.6,27.8,66,Yes,Leaf Blight,Imidacloprid,94.58,75.66,786116.6,287207.0,201575.91,-85631.09,53,67
FARM00593,Assam,Jorhat,Village_353,Potato,Kufri Jyoti,2023-02-24,2023-06-29,Rabi,7.37,Loamy,6.4,73,53,121,NPK,Sprinkler,45.8,23.9,57,No,None,Neem Oil,22.03,23.2,446978.9,161077.73,79355.52,-81722.21,77,84
FARM00594,Maharashtra,Nashik,Village_450,Cotton,Bt,2022-01-03,2022-06-05,Zaid,21.13,Alluvial,7.9,116,89,117,DAP,Drip,79.1,18.8,61,Yes,Leaf Blight,Chlorpyrifos,78.01,62.41,1102863.6,422861.92,131585.02,-291276.9,41,91
FARM00595,Rajasthan,Kota,Village_158,Millet,Bajra,2022-07-24,2022-12-24,Zaid,18.1,Clay,6.3,45,89,129,Urea,Drip,58.1,19.4,65,No,None,Neem Oil,61.65,67.14,849796.6,615723.36,167375.83,-448347.53,93,69
FARM00596,West Bengal,Siliguri,Village_38,Wheat,HD2967,2022-01-30,2022-07-24,Kharif,6.92,Alluvial,8.0,119,133,43,Vermicompost,Canal,87.1,26.4,66,No,None,Neem Oil,23.27,22.7,225974.2,121096.38,93653.62,-27442.76,73,46
FARM00597,Maharashtra,Nashik,Village_142,Sugarcane,Co0238,2020-08-18,2020-12-01,Kharif,22.5,Alluvial,5.6,119,90,83,Urea,Rain-fed,44.9,32.5,62,Yes,Leaf Blight,Chlorpyrifos,84.61,67.69,1358772.2,692992.46,257998.84,-434993.62,49,92
FARM00598,Maharashtra,Nashik,Village_391,Potato,Kufri Pukhraj,2020-06-10,2020-11-28,Rabi,16.98,Laterite,6.1,83,90,118,NPK,Flood,27.1,34.9,49,No,None,Neem Oil,48.32,47.48,1067335.7,307685.62,149264.33,-158421.29,80,90
FARM00599,Uttar Pradesh,Meerut,Village_74,Maize,DHM117,2023-12-19,2024-04-16,Zaid,12.6,Laterite,5.8,62,92,164,Urea,Drip,125.1,32.1,83,Yes,Leaf Blight,Chlorpyrifos,51.6,41.28,237388.1,170235.21,142948.72,-27286.49,60,79
FARM00600,Uttar Pradesh,Lucknow,Village_489,Sugarcane,Co0238,2020-05-05,2020-10-08,Rabi,10.55,Clay,7.9,94,80,162,Vermicompost,Flood,40.5,32.7,63,No,None,Neem Oil,37.24,38.44,178832.5,278743.86,115387.62,-163356.24,84,46
FARM00601,Rajasthan,Jaipur,Village_287,Soybean,NRC37,2021-10-22,2022-01-30,Rabi,14.57,Black,8.0,156,174,126,Urea,Sprinkler,18.7,17.5,62,Yes,Leaf Blight,Imidacloprid,38.81,31.05,903727.2,282752.87,57684.52,-225068.35,30,78
FARM00602,Assam,Jorhat,Village_471,Millet,Bajra,2020-10-26,2021-04-01,Zaid,22.26,Loamy,6.3,61,154,71,DAP,Flood,79.3,16.2,75,No,None,Neem Oil,94.84,99.16,1603569.1,303560.63,304017.27,456.64,65,56
FARM00603,Maharashtra,Nashik,Village_317,Maize,DHM117,2020-08-17,2020-11-16,Rabi,10.23,Laterite,7.6,73,133,55,NPK,Flood,39.9,21.0,54,Yes,Leaf Blight,Chlorpyrifos,32.46,25.97,713810.6,292556.08,85725.45,-206830.63,37,70
FARM00604,Tamil Nadu,Madurai,Village_118,Wheat,PBW725,2021-07-04,2021-11-21,Rabi,2.8,Alluvial,7.1,127,89,40,Urea,Sprinkler,30.7,28.3,49,No,None,Neem Oil,10.67,11.58,59409.0,50177.76,35692.27,-14485.49,95,48
FARM00605,Maharashtra,Pune,Village_10,Millet,Ragi,2022-10-26,2023-02-05,Zaid,18.5,Laterite,7.5,159,143,163,Vermicompost,Drip,93.7,25.9,70,Yes,Leaf Blight,Chlorpyrifos,86.91,69.53,1001028.9,572961.52,211220.21,-361741.31,26,92
FARM00606,Karnataka,Mysuru,Village_481,Wheat,HD2967,2020-04-16,2020-07-17,Rabi,19.35,Red,8.0,167,72,55,NPK,Drip,77.4,22.2,65,No,None,Neem Oil,71.75,72.87,691345.8,403219.51,291021.26,-112198.25,72,94
FARM00607,Rajasthan,Kota,Village_52,Millet,Bajra,2020-12-02,2021-05-07,Rabi,3.6,Alluvial,6.5,52,179,104,DAP,Rain-fed,22.6,31.6,61,No,None,Neem Oil,10.47,10.32,266487.7,72816.9,31923.95,-40892.95,98,60
FARM00608,Punjab,Amritsar,Village_137,Rice,Basmati,2021-10-15,2022-04-12,Zaid,8.32,Laterite,8.0,63,106,144,Urea,Sprinkler,92.0,26.2,69,No,None,Neem Oil,38.87,42.19,370915.1,142198.07,121655.42,-20542.65,79,48
FARM00609,Rajasthan,Jaipur,Village_299,Potato,Kufri Pukhraj,2021-05-11,2021-10-11,Zaid,14.45,Red,7.2,169,69,78,Organic Compost,Drip,131.2,26.5,75,No,None,Neem Oil,61.62,65.24,1112669.0,268711.52,130850.3,-137861.22,93,92
FARM00610,Rajasthan,Kota,Village_278,Wheat,HD2967,2022-09-25,2023-01-29,Kharif,18.57,Laterite,7.7,61,130,121,Urea,Flood,81.4,34.6,67,No,None,Neem Oil,66.4,70.27,1294007.3,437933.66,130703.84,-307229.82,55,71
FARM00611,West Bengal,Siliguri,Village_329,Cotton,Suraj,2021-08-17,2021-12-16,Rabi,3.33,Alluvial,6.1,64,152,113,DAP,Sprinkler,48.4,28.2,61,No,None,Neem Oil,9.9,10.31,181653.0,87817.43,39779.37,-48038.06,82,55
FARM00612,Rajasthan,Jaipur,Village_109,Millet,Ragi,2023-08-02,2023-12-16,Zaid,15.3,Red,6.8,133,108,152,Organic Compost,Flood,8.8,19.6,44,Yes,Leaf Blight,Imidacloprid,48.01,38.41,1039364.7,531721.99,140125.68,-391596.31,46,86
FARM00613,Assam,Jorhat,Village_369,Millet,Bajra,2022-01-11,2022-04-15,Kharif,3.51,Clay,7.6,111,155,59,NPK,Drip,40.9,28.4,67,No,None,Neem Oil,14.42,15.14,63227.9,84369.31,37121.96,-47247.35,62,74
FARM00614,Karnataka,Belagavi,Village_418,Soybean,JS335,2022-02-21,2022-08-05,Rabi,1.41,Clay,7.9,124,116,165,NPK,Drip,90.3,15.5,74,No,None,Neem Oil,6.31,6.16,105830.2,17476.92,19803.47,2326.55,72,88
FARM00615,Uttar Pradesh,Meerut,Village_46,Millet,Ragi,2022-09-28,2023-02-20,Zaid,7.53,Loamy,7.9,146,152,142,Urea,Flood,92.4,28.4,78,No,None,Neem Oil,28.81,31.54,223110.0,126037.4,85011.62,-41025.78,59,81
FARM00616,Karnataka,Mysuru,Village_183,Millet,Bajra,2022-03-27,2022-07-05,Rabi,19.99,Alluvial,7.3,97,179,71,Organic Compost,Flood,37.0,21.4,64,Yes,Leaf Blight,Imidacloprid,73.62,58.9,811660.0,240348.93,120437.71,-119911.22,22,51
FARM00617,West Bengal,Kolkata,Village_355,Wheat,PBW725,2021-11-29,2022-04-27,Rabi,18.63,Alluvial,5.8,53,113,133,DAP,Canal,123.6,34.8,88,No,None,Neem Oil,88.04,94.82,318702.9,553488.64,299631.3,-253857.34,96,80
FARM00618,Uttar Pradesh,Lucknow,Village_287,Millet,Ragi,2022-03-20,2022-08-04,Zaid,8.1,Alluvial,6.9,101,144,44,Urea,Flood,64.3,30.8,71,Yes,Leaf Blight,Chlorpyrifos,27.62,22.1,501848.1,152803.09,91348.07,-61455.02,40,70
FARM00619,Karnataka,Belagavi,Village_279,Cotton,Bt,2021-08-28,2022-02-06,Kharif,17.72,Laterite,7.9,89,63,156,NPK,Canal,15.7,30.6,47,No,None,Neem Oil,54.98,58.97,329008.4,550409.91,200214.82,-350195.09,80,77
FARM00620,Rajasthan,Jaipur,Village_357,Millet,Ragi,2021-05-31,2021-11-25,Kharif,13.27,Black,8.2,162,98,48,Organic Compost,Sprinkler,58.5,32.4,61,No,None,Neem Oil,43.54,43.75,685936.7,334640.88,180082.63,-154558.25,84,45
FARM00621,Karnataka,Mysuru,Village_53,Soybean,NRC37,2023-10-05,2024-01-03,Kharif,23.11,Red,7.2,120,56,58,DAP,Flood,89.7,31.4,69,Yes,Leaf Blight,Imidacloprid,88.31,70.65,1745275.4,533674.54,128990.41,-404684.13,57,82
FARM00622,Karnataka,Belagavi,Village_184,Wheat,HD2967,2024-01-23,2024-05-21,Kharif,24.69,Laterite,7.7,89,159,72,Vermicompost,Sprinkler,138.8,34.5,80,No,None,Neem Oil,128.87,141.57,1180964.7,582082.66,261748.0,-320334.66,76,95
FARM00623,Uttar Pradesh,Lucknow,Village_93,Maize,HQPM1,2022-09-23,2023-02-02,Rabi,8.36,Alluvial,6.5,148,175,171,DAP,Canal,147.9,30.5,84,Yes,Leaf Blight,Imidacloprid,41.68,33.34,654935.4,139161.69,114795.6,-24366.09,38,52
FARM00624,Maharashtra,Nashik,Village_45,Soybean,NRC37,2023-10-17,2024-02-22,Kharif,16.07,Alluvial,7.6,125,166,178,NPK,Flood,38.1,26.0,66,Yes,Leaf Blight,Imidacloprid,59.97,47.98,720968.3,500299.11,86500.22,-413798.89,66,88
FARM00625,Maharashtra,Nashik,Village_326,Millet,Ragi,2021-06-08,2021-11-30,Zaid,23.94,Loamy,8.2,49,146,113,DAP,Rain-fed,77.7,26.0,75,No,None,Neem Oil,79.3,84.94,1563319.6,836737.39,266209.25,-570528.14,83,48
FARM00626,Tamil Nadu,Madurai,Village_93,Wheat,HD2967,2023-03-20,2023-06-29,Kharif,20.91,Laterite,7.0,119,139,130,DAP,Flood,82.4,27.2,74,Yes,Leaf Blight,Chlorpyrifos,87.81,70.25,613852.8,443081.99,165044.21,-278037.78,27,89
FARM00627,Assam,Jorhat,Village_15,Rice,IR64,2021-04-04,2021-09-15,Zaid,10.43,Laterite,6.1,156,106,91,Organic Compost,Flood,47.4,35.5,54,No,None,Neem Oil,43.22,45.57,769749.8,194903.08,88277.63,-106625.45,97,55
FARM00628,Rajasthan,Kota,Village_263,Potato,Kufri Pukhraj,2023-07-03,2023-12-09,Zaid,2.58,Loamy,8.2,63,107,105,Urea,Flood,45.5,25.0,55,Yes,Leaf Blight,Chlorpyrifos,7.73,6.18,206042.5,80856.66,14630.87,-66225.79,33,88
FARM00629,Maharashtra,Pune,Village_137,Sugarcane,Co0238,2023-03-29,2023-07-21,Kharif,17.23,Loamy,7.8,130,92,154,Organic Compost,Drip,88.2,21.8,78,No,None,Neem Oil,73.17,78.22,921578.7,347484.61,267766.52,-79718.09,84,49
FARM00630,Tamil Nadu,Madurai,Village_129,Rice,IR64,2021-01-28,2021-06-22,Zaid,3.14,Clay,6.4,117,45,79,NPK,Sprinkler,81.9,28.7,68,Yes,Leaf Blight,Imidacloprid,11.54,9.23,212737.3,70336.49,38103.73,-32232.76,70,75
FARM00631,Punjab,Ludhiana,Village_122,Rice,IR64,2020-07-07,2020-11-20,Zaid,18.66,Laterite,6.8,106,100,161,Vermicompost,Drip,67.9,13.5,60,No,None,Neem Oil,80.39,78.81,766623.6,229665.75,271973.4,42307.65,57,93
FARM00632,West Bengal,Siliguri,Village_478,Millet,Bajra,2020-11-12,2021-02-26,Kharif,11.59,Loamy,5.7,74,44,41,Organic Compost,Canal,23.6,20.6,56,No,None,Neem Oil,32.72,34.15,626527.1,293214.62,91355.89,-201858.73,75,88
FARM00633,Karnataka,Mysuru,Village_282,Maize,DHM117,2024-02-19,2024-08-04,Kharif,16.79,Black,7.9,136,121,93,Vermicompost,Flood,67.3,18.7,61,No,None,Neem Oil,73.3,75.16,539004.7,438420.43,206447.62,-231972.81,79,68
FARM00634,Rajasthan,Kota,Village_6,Rice,IR64,2022-03-31,2022-09-24,Kharif,11.38,Alluvial,7.9,111,88,77,Vermicompost,Drip,48.0,35.5,60,No,None,Neem Oil,45.89,47.5,330098.5,384858.73,141377.47,-243481.26,81,95
FARM00635,Tamil Nadu,Madurai,Village_436,Potato,Kufri Pukhraj,2021-12-16,2022-06-09,Rabi,5.62,Alluvial,7.7,90,143,108,DAP,Flood,84.3,28.2,71,No,None,Neem Oil,24.18,23.94,243905.0,174211.03,56801.08,-117409.95,85,54
FARM00636,Punjab,Ludhiana,Village_385,Maize,DHM117,2020-12-09,2021-05-15,Kharif,22.36,Black,6.5,96,147,159,Vermicompost,Flood,70.0,32.1,59,No,None,Neem Oil,91.37,93.57,1501207.5,640138.59,370488.05,-269650.54,69,53
FARM00637,West Bengal,Kolkata,Village_428,Wheat,PBW725,2020-11-01,2021-02-04,Rabi,24.73,Clay,7.9,55,172,173,Urea,Rain-fed,40.8,21.6,67,No,None,Neem Oil,67.07,64.54,1434583.4,663088.13,149493.51,-513594.62,65,90
FARM00638,Karnataka,Mysuru,Village_386,Rice,IR64,2023-06-14,2023-11-23,Rabi,10.41,Red,6.3,41,128,123,Urea,Canal,102.2,28.4,78,No,None,Neem Oil,49.37,48.38,351985.4,334264.41,185771.37,-148493.04,61,86
FARM00639,Karnataka,Mysuru,Village_491,Maize,HQPM1,2021-02-02,2021-06-27,Zaid,19.2,Laterite,6.2,63,177,170,Urea,Rain-fed,56.7,25.6,62,No,None,Neem Oil,71.22,76.49,590114.6,488866.12,246433.67,-242432.45,72,67
FARM00640,Punjab,Amritsar,Village_422,Wheat,HD2967,2022-04-18,2022-09-06,Rabi,18.53,Laterite,7.4,66,86,80,Urea,Sprinkler,62.3,26.6,72,No,None,Neem Oil,82.03,81.52,1092351.1,466419.34,222955.51,-243463.83,77,71
FARM00641,Rajasthan,Jaipur,Village_395,Rice,Basmati,2021-05-02,2021-08-27,Kharif,3.75,Red,6.6,66,111,127,Vermicompost,Canal,49.1,23.8,70,No,None,Neem Oil,11.84,12.28,107491.3,90969.34,26391.69,-64577.65,91,62
FARM00642,Punjab,Ludhiana,Village_443,Wheat,PBW725,2020-02-22,2020-06-13,Rabi,9.94,Clay,5.9,49,48,91,DAP,Rain-fed,28.3,27.2,61,Yes,Leaf Blight,Imidacloprid,37.32,29.86,255850.5,182314.48,103860.52,-78453.96,45,87
FARM00643,Maharashtra,Nashik,Village_484,Wheat,PBW725,2020-10-25,2021-03-30,Zaid,2.58,Black,6.8,102,72,123,Vermicompost,Flood,97.3,23.0,74,No,None,Neem Oil,11.59,11.74,112576.5,50541.95,26751.83,-23790.12,97,84
FARM00644,Karnataka,Belagavi,Village_336,Potato,Kufri Jyoti,2023-02-13,2023-07-10,Kharif,14.27,Alluvial,7.4,70,137,42,DAP,Canal,59.1,26.4,65,No,None,Neem Oil,50.97,54.04,390970.8,219263.9,98506.04,-120757.86,97,77
FARM00645,Punjab,Ludhiana,Village_217,Millet,Bajra,2020-03-16,2020-07-29,Rabi,20.06,Alluvial,5.9,129,144,50,Urea,Drip,97.9,24.4,68,No,None,Neem Oil,71.1,77.65,347800.8,685255.56,209305.7,-475949.86,55,60
FARM00646,West Bengal,Siliguri,Village_393,Soybean,NRC37,2020-02-22,2020-08-04,Rabi,4.17,Black,6.3,108,52,104,NPK,Canal,35.3,26.6,66,No,None,Neem Oil,11.24,11.81,144640.6,50791.92,33100.37,-17691.55,71,58
FARM00647,Tamil Nadu,Coimbatore,Village_395,Potato,Kufri Jyoti,2020-09-22,2020-12-31,Rabi,24.05,Red,5.9,141,71,155,DAP,Sprinkler,21.4,37.2,54,Yes,Leaf Blight,Imidacloprid,87.43,69.94,1340484.8,632721.37,264216.85,-368504.52,31,56
FARM00648,Rajasthan,Kota,Village_479,Maize,DHM117,2023-06-07,2023-09-10,Rabi,5.67,Clay,6.9,92,75,42,Urea,Sprinkler,89.5,26.2,78,No,None,Neem Oil,25.34,25.75,327928.1,188502.99,106386.19,-82116.8,66,53
FARM00649,Karnataka,Mysuru,Village_467,Wheat,HD2967,2021-03-12,2021-08-25,Zaid,9.62,Alluvial,6.8,119,74,172,NPK,Rain-fed,94.0,33.5,80,No,None,Neem Oil,44.59,44.72,382782.0,160504.29,81701.61,-78802.68,98,46
FARM00650,Punjab,Ludhiana,Village_127,Rice,IR64,2023-01-04,2023-06-20,Kharif,14.48,Red,8.1,105,180,174,DAP,Sprinkler,83.0,30.2,72,Yes,Leaf Blight,Imidacloprid,60.42,48.34,440138.0,324942.64,178499.8,-146442.84,38,58
FARM00651,Rajasthan,Jaipur,Village_250,Millet,Ragi,2020-09-18,2021-03-15,Rabi,11.34,Laterite,5.7,105,138,61,Organic Compost,Drip,115.6,26.6,79,No,None,Neem Oil,50.0,53.85,535030.2,151143.31,110305.82,-40837.49,82,81
FARM00652,West Bengal,Kolkata,Village_274,Wheat,PBW725,2023-04-02,2023-07-01,Rabi,20.85,Loamy,6.8,91,128,156,Vermicompost,Drip,87.8,31.6,66,No,None,Neem Oil,74.38,77.04,637499.2,502812.88,315929.61,-186883.27,62,85
FARM00653,Tamil Nadu,Madurai,Village_358,Sugarcane,Co0238,2023-05-26,2023-10-21,Rabi,6.25,Loamy,7.2,132,72,65,DAP,Sprinkler,46.3,24.2,69,No,None,Neem Oil,25.47,24.72,222671.9,173075.04,82198.26,-90876.78,85,78
FARM00654,Assam,Jorhat,Village_283,Potato,Kufri Jyoti,2021-01-21,2021-07-03,Rabi,4.77,Loamy,7.6,109,170,109,Organic Compost,Flood,51.1,32.5,70,No,None,Neem Oil,14.53,14.51,368873.3,138354.9,58316.83,-80038.07,81,65
FARM00655,Assam,Guwahati,Village_499,Sugarcane,Co0238,2022-06-14,2022-12-05,Kharif,10.98,Loamy,6.7,66,90,103,Vermicompost,Flood,108.5,37.9,72,No,None,Neem Oil,42.62,41.34,743957.0,212380.81,83985.33,-128395.48,69,67
FARM00656,Maharashtra,Pune,Village_394,Cotton,Suraj,2024-04-29,2024-09-19,Rabi,3.95,Black,7.1,82,63,70,NPK,Rain-fed,60.3,28.2,66,Yes,Leaf Blight,Imidacloprid,15.21,12.17,77781.1,109609.24,26417.18,-83192.06,43,45
FARM00657,Tamil Nadu,Madurai,Village_231,Potato,Kufri Pukhraj,2023-04-06,2023-08-17,Rabi,11.26,Alluvial,7.4,54,103,172,DAP,Drip,115.2,25.2,80,No,None,Neem Oil,51.76,55.02,691470.4,350254.73,121334.11,-228920.62,62,71
FARM00658,Rajasthan,Jaipur,Village_209,Rice,IR64,2020-05-18,2020-09-30,Rabi,18.53,Loamy,6.2,167,58,106,Vermicompost,Sprinkler,66.7,28.4,62,No,None,Neem Oil,62.8,60.34,759564.6,325360.44,125195.17,-200165.27,76,53
FARM00659,Maharashtra,Pune,Village_353,Cotton,Bt,2020-12-17,2021-06-12,Rabi,7.0,Alluvial,7.0,138,128,55,NPK,Canal,49.1,21.5,67,No,None,Neem Oil,26.04,25.82,142681.5,130138.31,85804.11,-44334.2,70,55
FARM00660,Rajasthan,Jaipur,Village_66,Rice,Basmati,2023-03-19,2023-07-23,Zaid,12.27,Laterite,5.5,158,130,43,NPK,Drip,63.9,20.2,71,No,None,Neem Oil,39.4,41.85,655675.5,236218.32,134802.95,-101415.37,91,93
FARM00661,Karnataka,Belagavi,Village_204,Maize,HQPM1,2023-04-28,2023-09-01,Kharif,6.53,Black,6.7,144,142,57,Urea,Canal,92.7,26.3,69,No,None,Neem Oil,23.18,22.74,132099.7,84527.17,49465.62,-35061.55,98,45
FARM00662,Tamil Nadu,Madurai,Village_265,Rice,Basmati,2020-10-12,2021-02-16,Rabi,6.92,Loamy,7.9,115,143,95,Organic Compost,Drip,36.0,26.9,58,No,None,Neem Oil,20.9,22.31,322289.2,222802.12,92936.65,-129865.47,60,89
FARM00663,Punjab,Amritsar,Village_54,Cotton,Bt,2021-09-18,2021-12-22,Rabi,23.95,Laterite,7.6,141,141,112,Urea,Rain-fed,22.5,20.3,50,No,None,Neem Oil,73.46,75.37,935225.1,739222.03,242878.02,-496344.01,96,85
FARM00664,Karnataka,Belagavi,Village_489,Wheat,PBW725,2022-03-19,2022-09-13,Rabi,7.82,Black,7.2,167,94,159,Organic Compost,Drip,45.6,21.0,64,Yes,Leaf Blight,Chlorpyrifos,31.72,25.38,497663.9,209488.87,55287.64,-154201.23,29,90
FARM00665,Rajasthan,Jaipur,Village_324,Cotton,Bt,2023-11-27,2024-05-19,Rabi,13.63,Loamy,8.2,52,103,113,Urea,Canal,65.4,25.4,58,Yes,Leaf Blight,Chlorpyrifos,55.41,44.33,709677.0,170422.8,113196.48,-57226.32,64,57
FARM00666,Karnataka,Mysuru,Village_213,Rice,Basmati,2022-09-14,2023-01-19,Rabi,24.27,Red,7.9,118,156,165,Urea,Rain-fed,67.3,27.6,73,Yes,Leaf Blight,Imidacloprid,89.46,71.57,993147.8,695635.51,129165.0,-566470.51,69,59
FARM00667,Uttar Pradesh,Lucknow,Village_155,Potato,Kufri Pukhraj,2020-06-27,2020-10-11,Kharif,24.4,Black,7.8,95,145,178,Vermicompost,Canal,90.1,26.8,72,Yes,Leaf Blight,Chlorpyrifos,103.13,82.5,1160933.2,617526.22,229113.87,-388412.35,30,95
FARM00668,Punjab,Ludhiana,Village_246,Soybean,NRC37,2022-09-27,2023-01-16,Rabi,7.39,Loamy,7.7,55,110,146,NPK,Rain-fed,42.1,19.4,55,Yes,Leaf Blight,Chlorpyrifos,26.18,20.94,201381.9,206563.88,63444.77,-143119.11,25,93
FARM00669,Karnataka,Mysuru,Village_206,Rice,IR64,2020-05-18,2020-08-17,Rabi,15.04,Clay,6.7,179,114,124,NPK,Canal,82.3,25.5,66,Yes,Leaf Blight,Chlorpyrifos,56.05,44.84,888153.9,308570.12,119655.31,-188914.81,44,84
FARM00670,West Bengal,Kolkata,Village_317,Maize,HQPM1,2020-04-01,2020-09-02,Zaid,3.71,Red,7.0,44,157,68,NPK,Canal,78.7,31.1,68,No,None,Neem Oil,13.09,13.55,102311.0,88384.37,44892.56,-43491.81,60,72
FARM00671,Punjab,Amritsar,Village_299,Millet,Ragi,2023-05-24,2023-09-15,Zaid,12.15,Red,6.0,176,58,171,NPK,Drip,93.5,29.9,77,No,None,Neem Oil,42.68,40.66,264749.5,387372.44,155225.1,-232147.34,84,95
FARM00672,Uttar Pradesh,Lucknow,Village_95,Soybean,JS335,2021-06-07,2021-09-17,Rabi,23.27,Laterite,7.6,126,97,126,Vermicompost,Drip,94.6,24.6,73,No,None,Neem Oil,91.71,87.57,1097966.8,747332.41,330199.23,-417133.18,72,52
FARM00673,Assam,Jorhat,Village_61,Wheat,PBW725,2022-08-26,2023-01-04,Kharif,3.49,Loamy,8.1,82,141,43,Vermicompost,Rain-fed,39.7,34.4,63,No,None,Neem Oil,10.21,11.11,216132.6,100308.32,35473.87,-64834.45,57,51
FARM00674,Uttar Pradesh,Meerut,Village_133,Sugarcane,Co86032,2023-10-29,2024-02-29,Kharif,6.91,Black,5.7,105,141,138,DAP,Sprinkler,66.7,32.0,65,Yes,Leaf Blight,Chlorpyrifos,25.72,20.58,201224.4,174346.14,52145.66,-122200.48,41,68
FARM00675,Uttar Pradesh,Lucknow,Village_84,Maize,DHM117,2020-06-03,2020-11-27,Kharif,4.38,Clay,7.3,146,146,163,NPK,Flood,118.0,22.2,71,No,None,Neem Oil,20.57,19.83,96042.5,83023.0,60200.21,-22822.79,83,56
FARM00676,Punjab,Amritsar,Village_107,Sugarcane,Co0238,2021-06-25,2021-11-16,Zaid,8.63,Loamy,6.5,102,97,161,Urea,Sprinkler,59.3,21.0,64,No,None,Neem Oil,27.44,28.93,209517.4,139457.7,105395.35,-34062.35,59,54
FARM00677,Punjab,Ludhiana,Village_432,Millet,Ragi,2023-01-25,2023-06-06,Zaid,11.35,Alluvial,6.9,121,68,80,Organic Compost,Sprinkler,69.3,31.3,67,No,None,Neem Oil,36.16,34.91,663614.3,165742.75,114014.67,-51728.08,95,50
FARM00678,West Bengal,Kolkata,Village_274,Millet,Ragi,2023-12-04,2024-03-31,Zaid,15.33,Alluvial,6.4,47,103,52,Organic Compost,Canal,43.3,30.0,56,No,None,Neem Oil,57.0,56.64,810637.4,288392.8,126408.52,-161984.28,77,91
FARM00679,West Bengal,Kolkata,Village_88,Sugarcane,Co86032,2022-02-05,2022-05-22,Rabi,5.57,Black,5.8,124,98,149,Urea,Rain-fed,104.2,24.6,71,No,None,Neem Oil,20.98,20.69,165323.1,147320.08,78485.11,-68834.97,76,57
FARM00680,Tamil Nadu,Coimbatore,Village_254,Millet,Bajra,2022-09-06,2022-12-12,Kharif,4.09,Alluvial,6.2,142,143,47,Urea,Drip,48.2,34.8,55,No,None,Neem Oil,16.0,16.01,181609.7,134568.68,53088.17,-81480.51,89,74
FARM00681,Uttar Pradesh,Meerut,Village_135,Soybean,NRC37,2020-03-26,2020-08-18,Kharif,15.15,Laterite,5.8,93,160,101,Organic Compost,Sprinkler,61.3,33.0,70,No,None,Neem Oil,58.02,62.01,698801.9,363006.39,139995.03,-223011.36,70,47
FARM00682,Karnataka,Belagavi,Village_169,Maize,DHM117,2023-03-20,2023-08-28,Kharif,20.29,Clay,7.5,64,162,41,NPK,Rain-fed,147.7,25.6,87,Yes,Leaf Blight,Chlorpyrifos,103.11,82.49,387828.5,359581.44,286799.97,-72781.47,44,51
FARM00683,Maharashtra,Pune,Village_332,Potato,Kufri Jyoti,2021-10-12,2022-01-27,Rabi,5.83,Clay,6.3,111,98,162,Urea,Rain-fed,95.1,32.1,76,Yes,Leaf Blight,Chlorpyrifos,22.25,17.8,384367.1,138770.45,66328.07,-72442.38,67,91
FARM00684,Karnataka,Belagavi,Village_376,Millet,Bajra,2023-09-18,2024-03-09,Zaid,9.25,Loamy,7.3,171,56,67,Urea,Flood,67.5,26.1,59,No,None,Neem Oil,40.6,38.8,564062.2,272034.89,126646.77,-145388.12,80,46
FARM00685,Assam,Guwahati,Village_229,Potato,Kufri Jyoti,2020-01-26,2020-06-01,Rabi,3.85,Clay,7.5,47,72,152,NPK,Flood,49.6,28.7,64,No,None,Neem Oil,14.39,13.92,168279.0,104586.14,52530.26,-52055.88,61,64
FARM00686,Assam,Jorhat,Village_28,Maize,HQPM1,2020-04-21,2020-10-12,Zaid,4.64,Black,6.1,102,85,81,NPK,Drip,80.8,30.1,69,No,None,Neem Oil,21.64,23.36,126512.8,73137.47,61736.13,-11401.34,89,68
FARM00687,Assam,Jorhat,Village_318,Cotton,Suraj,2023-02-25,2023-06-30,Zaid,21.5,Laterite,5.8,77,130,133,Organic Compost,Sprinkler,87.7,19.8,75,Yes,Leaf Blight,Chlorpyrifos,92.52,74.02,1309100.2,298432.83,184482.47,-113950.36,35,78
FARM00688,Punjab,Ludhiana,Village_92,Sugarcane,Co0238,2021-03-08,2021-06-24,Zaid,22.31,Black,6.5,67,125,77,Urea,Flood,118.5,31.3,80,Yes,Leaf Blight,Chlorpyrifos,84.2,67.36,1250769.7,499380.78,278153.55,-221227.23,45,84
FARM00689,Maharashtra,Nashik,Village_348,Sugarcane,Co0238,2022-07-16,2022-12-13,Kharif,10.42,Loamy,6.9,126,41,118,NPK,Sprinkler,96.9,19.2,82,No,None,Neem Oil,50.67,54.29,685932.3,332019.91,158694.25,-173325.66,65,46
FARM00690,Uttar Pradesh,Lucknow,Village_25,Millet,Bajra,2020-07-25,2020-12-03,Zaid,3.8,Black,7.6,159,61,58,NPK,Canal,58.8,26.3,64,No,None,Neem Oil,15.85,15.27,292602.3,48192.41,32338.86,-15853.55,70,76
FARM00691,Assam,Jorhat,Village_434,Cotton,Suraj,2020-04-18,2020-10-10,Kharif,4.6,Red,7.2,131,160,137,Vermicompost,Rain-fed,47.6,22.9,57,No,None,Neem Oil,15.04,15.25,212789.0,90169.85,53451.22,-36718.63,80,48
FARM00692,Tamil Nadu,Coimbatore,Village_481,Maize,DHM117,2020-05-27,2020-10-18,Zaid,16.57,Red,7.7,159,130,165,Vermicompost,Rain-fed,16.6,20.7,58,No,None,Neem Oil,52.82,51.36,858287.7,230904.59,135621.8,-95282.79,86,46
FARM00693,Uttar Pradesh,Lucknow,Village_471,Rice,IR64,2023-05-27,2023-11-18,Kharif,12.12,Clay,6.7,151,151,105,Organic Compost,Canal,68.2,28.9,66,Yes,Leaf Blight,Imidacloprid,53.76,43.01,872634.3,298797.81,131018.48,-167779.33,52,45
FARM00694,Maharashtra,Pune,Village_443,Rice,Basmati,2020-09-03,2020-12-11,Kharif,24.05,Alluvial,6.6,171,122,93,Organic Compost,Sprinkler,62.8,35.3,72,No,None,Neem Oil,86.35,88.54,844443.7,674285.14,289151.47,-385133.67,68,81
FARM00695,Tamil Nadu,Madurai,Village_344,Sugarcane,Co86032,2023-03-20,2023-06-29,Rabi,14.32,Red,7.8,70,124,138,Organic Compost,Flood,84.6,24.6,71,Yes,Leaf Blight,Imidacloprid,54.13,43.3,397188.2,438987.52,134823.63,-304163.89,37,94
FARM00696,Punjab,Amritsar,Village_190,Maize,HQPM1,2023-11-22,2024-03-07,Zaid,24.55,Alluvial,8.1,121,110,63,Vermicompost,Canal,36.4,29.0,60,No,None,Neem Oil,94.58,93.71,1691230.1,800382.57,350288.93,-450093.64,87,64
FARM00697,Karnataka,Mysuru,Village_330,Potato,Kufri Pukhraj,2022-01-29,2022-06-25,Rabi,10.96,Laterite,6.1,47,154,117,DAP,Flood,51.0,20.4,56,Yes,Leaf Blight,Imidacloprid,40.94,32.75,275845.8,213233.71,121310.69,-91923.02,43,95
FARM00698,Uttar Pradesh,Meerut,Village_352,Potato,Kufri Jyoti,2023-12-04,2024-03-29,Kharif,6.48,Alluvial,7.1,91,78,163,DAP,Sprinkler,95.1,24.8,67,No,None,Neem Oil,27.64,26.34,512426.5,223395.22,88090.8,-135304.42,91,57
FARM00699,Karnataka,Belagavi,Village_27,Maize,DHM117,2024-01-01,2024-06-29,Zaid,16.86,Loamy,8.2,156,178,99,DAP,Canal,51.1,27.8,65,Yes,Leaf Blight,Imidacloprid,49.18,39.34,1347622.0,500411.12,163639.85,-336771.27,67,81
FARM00700,Punjab,Ludhiana,Village_166,Cotton,Bt,2022-11-13,2023-02-23,Kharif,9.28,Loamy,5.5,104,66,77,Vermicompost,Flood,82.4,17.6,65,Yes,Leaf Blight,Imidacloprid,35.79,28.63,564247.2,173250.03,88421.42,-84828.61,66,88
FARM00701,Punjab,Ludhiana,Village_70,Rice,Basmati,2020-04-10,2020-07-20,Kharif,20.95,Black,6.4,83,142,134,Organic Compost,Rain-fed,68.3,29.3,64,No,None,Neem Oil,86.63,83.77,1285676.2,590586.94,245273.6,-345313.34,57,90
FARM00702,Tamil Nadu,Coimbatore,Village_12,Potato,Kufri Pukhraj,2021-10-04,2022-02-12,Rabi,13.57,Loamy,6.9,168,167,52,NPK,Flood,77.7,22.5,69,Yes,Leaf Blight,Imidacloprid,57.77,46.22,211209.9,276178.8,152534.74,-123644.06,21,72
FARM00703,Assam,Jorhat,Village_324,Potato,Kufri Jyoti,2022-05-10,2022-10-10,Rabi,8.82,Laterite,5.8,167,69,137,Urea,Flood,29.1,25.1,54,No,None,Neem Oil,26.34,26.8,575233.6,192007.77,106777.29,-85230.48,77,50
FARM00704,Tamil Nadu,Madurai,Village_135,Cotton,Suraj,2020-06-30,2020-10-30,Zaid,20.89,Laterite,6.6,80,157,100,NPK,Flood,66.5,26.7,74,Yes,Leaf Blight,Chlorpyrifos,90.51,72.41,1506058.5,572943.47,239232.78,-333710.69,30,60
FARM00705,Assam,Guwahati,Village_276,Soybean,JS335,2023-09-05,2024-02-25,Rabi,22.47,Laterite,6.5,50,123,103,Urea,Drip,53.4,25.2,61,No,None,Neem Oil,66.95,68.28,878567.0,738024.82,183622.93,-554401.89,87,88
FARM00706,West Bengal,Kolkata,Village_378,Rice,IR64,2023-10-23,2024-03-07,Kharif,24.88,Loamy,6.5,106,130,73,Vermicompost,Sprinkler,52.1,31.8,67,No,None,Neem Oil,104.69,111.48,1731047.7,690769.46,366094.18,-324675.28,98,52
FARM00707,Tamil Nadu,Madurai,Village_112,Cotton,Bt,2023-07-19,2023-11-01,Zaid,5.96,Red,7.6,121,74,106,DAP,Sprinkler,69.0,21.7,68,No,None,Neem Oil,26.71,28.56,134273.0,115307.08,63175.84,-52131.24,96,63
FARM00708,Uttar Pradesh,Meerut,Village_15,Soybean,NRC37,2023-07-18,2024-01-11,Zaid,5.1,Laterite,8.2,88,78,166,Vermicompost,Sprinkler,53.2,21.5,62,No,None,Neem Oil,16.69,17.44,154150.3,91122.53,55211.5,-35911.03,58,55
FARM00709,Maharashtra,Pune,Village_13,Potato,Kufri Jyoti,2024-04-02,2024-07-12,Zaid,23.21,Red,5.8,62,68,82,Organic Compost,Rain-fed,28.9,25.6,64,Yes,Leaf Blight,Chlorpyrifos,64.98,51.98,446624.5,540893.23,201153.39,-339739.84,22,87
FARM00710,Assam,Jorhat,Village_161,Soybean,JS335,2022-12-08,2023-04-17,Zaid,10.67,Loamy,6.3,107,70,92,Vermicompost,Rain-fed,26.1,25.5,50,No,None,Neem Oil,39.96,43.29,273984.2,261331.55,85126.48,-176205.07,69,50
FARM00711,Assam,Guwahati,Village_292,Soybean,JS335,2021-09-08,2022-01-23,Rabi,22.54,Loamy,5.6,163,127,92,Organic Compost,Sprinkler,42.6,26.0,56,No,None,Neem Oil,65.6,67.51,1021707.4,699719.4,253216.62,-446502.78,70,78
FARM00712,Tamil Nadu,Madurai,Village_402,Potato,Kufri Jyoti,2023-05-13,2023-09-27,Zaid,18.92,Black,6.0,130,62,155,NPK,Sprinkler,29.0,26.6,52,No,None,Neem Oil,51.37,51.82,1048475.5,599585.66,166193.67,-433391.99,96,87
FARM00713,West Bengal,Kolkata,Village_351,Rice,Basmati,2023-09-18,2024-03-05,Kharif,23.6,Black,7.8,143,164,78,Urea,Drip,98.2,32.0,75,Yes,Leaf Blight,Chlorpyrifos,109.19,87.35,496343.3,657099.14,249634.56,-407464.58,41,68
FARM00714,Assam,Jorhat,Village_85,Potato,Kufri Jyoti,2022-07-08,2022-11-20,Zaid,1.3,Alluvial,7.1,65,72,142,Vermicompost,Flood,91.6,18.2,77,No,None,Neem Oil,4.58,4.6,35560.2,41240.7,18168.02,-23072.68,63,70
FARM00715,West Bengal,Siliguri,Village_86,Millet,Ragi,2023-09-12,2024-02-12,Kharif,4.9,Red,6.7,175,91,171,Urea,Canal,76.3,27.2,69,No,None,Neem Oil,21.25,22.93,387828.9,171433.4,65533.0,-105900.4,76,51
FARM00716,West Bengal,Kolkata,Village_499,Cotton,Suraj,2023-10-23,2024-03-14,Rabi,18.74,Loamy,6.1,108,45,111,DAP,Rain-fed,28.1,30.6,54,No,None,Neem Oil,53.62,57.71,681089.3,455346.74,146517.12,-308829.62,77,93
FARM00717,Rajasthan,Kota,Village_4,Soybean,JS335,2023-04-26,2023-08-05,Rabi,17.65,Loamy,6.1,155,90,91,NPK,Drip,35.2,31.3,61,No,None,Neem Oil,52.16,51.0,490842.6,243679.4,160164.97,-83514.43,83,70
FARM00718,Rajasthan,Jaipur,Village_315,Sugarcane,Co86032,2022-02-04,2022-07-23,Zaid,14.28,Clay,5.9,106,106,75,Urea,Canal,55.2,28.3,55,Yes,Leaf Blight,Imidacloprid,51.03,40.82,312830.5,193330.26,78972.21,-114358.05,50,84
FARM00719,Rajasthan,Kota,Village_223,Maize,DHM117,2022-09-02,2022-12-09,Kharif,22.26,Red,8.0,47,51,163,Vermicompost,Sprinkler,106.6,31.9,70,No,None,Neem Oil,106.22,102.43,716107.8,629772.66,226394.78,-403377.88,89,50
FARM00720,Punjab,Ludhiana,Village_424,Maize,DHM117,2020-07-05,2020-12-06,Zaid,3.17,Black,5.7,52,115,166,Vermicompost,Sprinkler,84.3,32.8,70,Yes,Leaf Blight,Chlorpyrifos,14.36,11.49,164082.7,46390.93,25692.86,-20698.07,38,80
FARM00721,Karnataka,Belagavi,Village_320,Wheat,PBW725,2024-04-14,2024-07-23,Kharif,15.02,Black,5.6,143,91,175,NPK,Drip,97.8,16.2,75,No,None,Neem Oil,70.77,71.48,887254.0,380563.11,189721.89,-190841.22,96,75
FARM00722,Tamil Nadu,Madurai,Village_393,Soybean,NRC37,2022-12-17,2023-03-26,Zaid,20.67,Black,7.2,134,40,146,Urea,Flood,104.3,25.0,69,No,None,Neem Oil,74.68,74.24,1293733.9,625005.94,186429.5,-438576.44,59,50
FARM00723,Rajasthan,Jaipur,Village_107,Maize,DHM117,2022-10-24,2023-02-28,Zaid,12.86,Loamy,6.6,70,158,77,DAP,Rain-fed,32.3,25.4,61,Yes,Leaf Blight,Imidacloprid,45.99,36.79,818582.7,263771.94,79789.63,-183982.31,53,56
FARM00724,Karnataka,Belagavi,Village_404,Cotton,Bt,2021-04-22,2021-08-18,Rabi,20.2,Loamy,7.6,49,112,107,Vermicompost,Rain-fed,53.7,25.2,56,Yes,Leaf Blight,Chlorpyrifos,66.68,53.34,1537842.9,351608.12,143408.08,-208200.04,59,54
FARM00725,Punjab,Amritsar,Village_329,Rice,Basmati,2021-10-09,2022-01-11,Kharif,2.45,Loamy,7.8,166,87,157,Organic Compost,Drip,28.3,24.2,57,No,None,Neem Oil,6.8,7.21,144914.8,49552.79,23960.27,-25592.52,60,90
FARM00726,Rajasthan,Kota,Village_497,Cotton,Suraj,2023-07-07,2023-11-12,Kharif,16.76,Black,5.9,128,127,174,Vermicompost,Sprinkler,139.0,30.0,79,Yes,Leaf Blight,Imidacloprid,71.68,57.34,623899.4,352778.5,176028.31,-176750.19,66,87
FARM00727,Assam,Jorhat,Village_386,Wheat,PBW725,2020-08-12,2020-12-26,Zaid,7.26,Red,7.8,143,61,66,Vermicompost,Sprinkler,83.2,26.6,73,Yes,Leaf Blight,Chlorpyrifos,26.98,21.58,228148.3,142028.64,63467.88,-78560.76,32,83
FARM00728,Assam,Guwahati,Village_257,Millet,Ragi,2020-03-03,2020-08-10,Kharif,18.57,Red,6.0,93,57,91,DAP,Flood,77.4,31.0,61,No,None,Neem Oil,66.48,70.16,812647.9,276399.67,147544.03,-128855.64,61,85
FARM00729,Rajasthan,Kota,Village_344,Soybean,NRC37,2020-07-29,2020-11-25,Kharif,4.74,Laterite,7.2,48,77,100,Vermicompost,Rain-fed,90.5,23.8,73,No,None,Neem Oil,17.6,18.33,324799.2,73045.89,45700.15,-27345.74,68,79
FARM00730,Uttar Pradesh,Meerut,Village_256,Potato,Kufri Jyoti,2022-05-02,2022-08-26,Kharif,16.95,Laterite,7.3,117,63,57,Organic Compost,Flood,77.0,28.3,76,No,None,Neem Oil,65.96,71.93,481697.3,302586.25,177276.75,-125309.5,95,86
FARM00731,West Bengal,Kolkata,Village_141,Maize,DHM117,2021-08-31,2021-12-15,Rabi,13.94,Clay,7.1,54,170,117,NPK,Flood,97.2,30.4,74,No,None,Neem Oil,62.78,68.53,724466.6,428105.32,287489.41,-140615.91,63,62
FARM00732,Assam,Jorhat,Village_495,Rice,Basmati,2022-02-12,2022-07-10,Rabi,21.14,Alluvial,7.3,122,178,63,NPK,Sprinkler,52.2,32.3,69,No,None,Neem Oil,80.22,77.48,362330.2,391666.98,178799.19,-212867.79,76,72
FARM00733,Assam,Jorhat,Village_300,Sugarcane,Co86032,2024-02-02,2024-07-15,Zaid,24.73,Clay,6.5,60,43,51,Vermicompost,Drip,113.1,25.7,83,No,None,Neem Oil,122.81,132.03,685273.7,644326.3,336742.71,-307583.59,77,48
FARM00734,Assam,Guwahati,Village_293,Wheat,HD2967,2023-01-05,2023-04-10,Rabi,8.82,Black,5.9,84,105,107,DAP,Rain-fed,40.7,26.6,56,No,None,Neem Oil,36.21,39.13,702442.3,260217.35,98927.02,-161290.33,76,72
FARM00735,Karnataka,Belagavi,Village_140,Cotton,Suraj,2020-05-11,2020-11-02,Zaid,16.16,Red,6.5,43,96,67,NPK,Drip,101.2,21.8,77,No,None,Neem Oil,75.15,75.35,1016732.6,443459.53,296114.87,-147344.66,79,93
FARM00736,Maharashtra,Pune,Village_192,Cotton,Suraj,2022-12-22,2023-06-13,Zaid,8.21,Black,7.3,102,170,54,DAP,Canal,162.8,26.1,88,No,None,Neem Oil,42.25,42.07,259162.0,183649.04,138343.88,-45305.16,98,83
FARM00737,Karnataka,Belagavi,Village_417,Cotton,Bt,2020-08-17,2021-01-09,Rabi,11.99,Red,6.4,128,63,179,NPK,Sprinkler,76.4,27.1,66,No,None,Neem Oil,45.13,44.43,221053.6,347536.26,147843.66,-199692.6,95,49
FARM00738,Punjab,Amritsar,Village_342,Maize,HQPM1,2020-11-02,2021-04-22,Kharif,13.26,Alluvial,6.2,143,126,154,DAP,Rain-fed,125.3,17.8,77,Yes,Leaf Blight,Imidacloprid,63.21,50.57,894997.1,240156.5,171116.75,-69039.75,68,80
FARM00739,Rajasthan,Kota,Village_43,Soybean,NRC37,2020-03-31,2020-07-31,Rabi,16.45,Red,6.1,127,53,109,NPK,Sprinkler,65.2,22.7,73,No,None,Neem Oil,66.3,67.49,1020038.4,295993.74,143778.48,-152215.26,86,61
FARM00740,Karnataka,Belagavi,Village_232,Sugarcane,Co86032,2022-10-15,2023-03-15,Zaid,5.08,Alluvial,7.1,75,179,159,Vermicompost,Drip,37.5,27.8,52,No,None,Neem Oil,19.89,20.73,257316.2,83352.44,51951.06,-31401.38,63,95
FARM00741,Punjab,Amritsar,Village_121,Soybean,NRC37,2022-07-12,2022-11-21,Kharif,3.28,Laterite,7.8,122,70,68,Urea,Rain-fed,53.4,22.8,61,No,None,Neem Oil,9.81,10.36,181411.3,81619.19,23383.58,-58235.61,84,95
FARM00742,Uttar Pradesh,Meerut,Village_90,Wheat,HD2967,2021-05-08,2021-10-03,Zaid,21.11,Black,8.0,64,90,120,DAP,Rain-fed,63.6,22.6,63,No,None,Neem Oil,84.86,83.52,591774.6,308333.67,165627.51,-142706.16,72,63
FARM00743,Maharashtra,Nashik,Village_133,Maize,DHM117,2021-01-19,2021-07-10,Kharif,7.58,Red,6.6,102,126,135,Urea,Sprinkler,97.9,28.2,82,No,None,Neem Oil,36.52,37.24,602103.1,230011.82,135326.65,-94685.17,68,89
FARM00744,Karnataka,Belagavi,Village_499,Rice,IR64,2023-02-21,2023-07-09,Zaid,14.77,Laterite,5.6,113,75,61,Organic Compost,Canal,38.4,23.5,65,Yes,Leaf Blight,Imidacloprid,53.29,42.63,403241.0,255849.49,164496.72,-91352.77,53,47
FARM00745,Maharashtra,Nashik,Village_253,Sugarcane,Co0238,2021-02-14,2021-05-18,Kharif,15.37,Laterite,5.7,69,87,64,Urea,Rain-fed,25.9,29.2,54,No,None,Neem Oil,54.41,59.76,343999.9,226137.03,186882.35,-39254.68,92,47
FARM00746,Tamil Nadu,Coimbatore,Village_199,Cotton,Bt,2022-04-30,2022-09-28,Zaid,16.76,Red,7.7,77,53,113,NPK,Canal,88.9,17.1,68,No,None,Neem Oil,65.37,62.26,619703.5,492170.42,122412.35,-369758.07,77,60
FARM00747,Maharashtra,Pune,Village_205,Maize,HQPM1,2021-09-04,2021-12-12,Kharif,15.98,Red,7.6,173,176,161,DAP,Canal,76.6,31.3,68,No,None,Neem Oil,57.09,59.79,717036.8,245403.54,127464.79,-117938.75,81,56
FARM00748,Uttar Pradesh,Lucknow,Village_174,Cotton,Suraj,2023-07-11,2023-11-27,Zaid,7.54,Red,7.3,163,120,150,NPK,Rain-fed,61.2,37.4,71,Yes,Leaf Blight,Chlorpyrifos,23.96,19.17,379231.6,211380.82,54388.16,-156992.66,45,85
FARM00749,Karnataka,Mysuru,Village_302,Rice,IR64,2023-05-19,2023-10-13,Zaid,1.41,Alluvial,7.2,49,68,163,Organic Compost,Rain-fed,68.5,28.4,65,Yes,Leaf Blight,Chlorpyrifos,4.86,3.89,109560.4,20388.14,11184.54,-9203.6,43,63
FARM00750,Maharashtra,Nashik,Village_56,Sugarcane,Co86032,2023-09-17,2023-12-26,Rabi,17.82,Loamy,6.6,124,162,177,Organic Compost,Rain-fed,135.4,30.4,84,No,None,Neem Oil,74.27,76.42,929266.2,386491.79,183350.04,-203141.75,71,53
FARM00751,Assam,Jorhat,Village_35,Millet,Bajra,2020-02-15,2020-07-23,Rabi,5.56,Laterite,7.3,88,85,72,NPK,Flood,81.1,23.9,70,No,None,Neem Oil,22.61,23.84,197721.9,186632.52,98778.2,-87854.32,56,72
FARM00752,Punjab,Ludhiana,Village_182,Soybean,JS335,2024-04-30,2024-08-25,Zaid,6.85,Black,7.5,54,104,58,Organic Compost,Drip,174.5,35.5,91,No,None,Neem Oil,38.88,40.89,517223.3,224169.35,158181.46,-65987.89,92,81
FARM00753,Tamil Nadu,Madurai,Village_146,Maize,DHM117,2021-11-08,2022-04-18,Zaid,23.79,Laterite,7.6,43,164,114,Organic Compost,Rain-fed,37.8,32.5,62,Yes,Leaf Blight,Chlorpyrifos,70.95,56.76,1215913.8,480379.59,110207.13,-370172.46,42,81
FARM00754,Rajasthan,Jaipur,Village_315,Maize,HQPM1,2023-09-01,2023-12-17,Zaid,5.7,Laterite,5.6,60,178,70,DAP,Rain-fed,31.2,22.8,63,No,None,Neem Oil,20.57,20.1,194788.6,141500.45,83752.03,-57748.42,81,50
FARM00755,Assam,Jorhat,Village_11,Rice,IR64,2020-11-24,2021-03-06,Rabi,6.11,Alluvial,7.6,151,165,86,Vermicompost,Canal,86.1,31.0,64,No,None,Neem Oil,28.09,28.88,351432.0,154443.89,59977.89,-94466.0,97,45
FARM00756,Maharashtra,Pune,Village_51,Rice,Basmati,2022-10-14,2023-02-28,Kharif,5.16,Clay,7.6,163,110,65,Organic Compost,Drip,80.6,28.2,65,No,None,Neem Oil,16.61,16.7,243836.8,96564.7,52689.63,-43875.07,69,60
FARM00757,Tamil Nadu,Madurai,Village_141,Maize,DHM117,2021-07-02,2021-11-30,Rabi,5.1,Alluvial,7.5,120,96,73,NPK,Rain-fed,58.7,28.0,67,No,None,Neem Oil,22.32,23.13,267923.7,77590.86,65390.17,-12200.69,85,87
FARM00758,Assam,Guwahati,Village_146,Wheat,HD2967,2021-09-30,2022-03-16,Kharif,18.86,Alluvial,6.4,142,68,140,Urea,Flood,108.2,22.0,72,No,None,Neem Oil,72.39,71.89,1380910.3,478577.6,210905.67,-267671.93,84,95
FARM00759,Punjab,Amritsar,Village_329,Sugarcane,Co86032,2023-07-08,2023-10-12,Zaid,8.29,Laterite,7.1,124,48,63,Vermicompost,Drip,25.6,30.8,53,No,None,Neem Oil,32.17,31.6,403102.7,99833.4,71885.21,-27948.19,62,80
FARM00760,Maharashtra,Nashik,Village_338,Cotton,Bt,2022-12-14,2023-05-22,Rabi,18.71,Red,7.5,40,82,87,Vermicompost,Drip,56.6,29.9,69,No,None,Neem Oil,64.79,70.66,356417.6,350499.34,240638.63,-109860.71,82,59
FARM00761,Uttar Pradesh,Lucknow,Village_84,Sugarcane,Co0238,2023-07-01,2023-11-27,Rabi,22.2,Laterite,5.7,135,157,74,DAP,Rain-fed,94.7,20.2,68,No,None,Neem Oil,89.51,85.09,1079016.7,300496.95,210310.06,-90186.89,58,48
FARM00762,West Bengal,Siliguri,Village_25,Maize,HQPM1,2021-08-20,2022-02-12,Kharif,24.75,Alluvial,6.1,84,136,81,Urea,Rain-fed,66.9,19.4,73,Yes,Leaf Blight,Chlorpyrifos,105.25,84.2,548134.3,803741.61,191623.34,-612118.27,26,83
FARM00763,Uttar Pradesh,Lucknow,Village_71,Sugarcane,Co0238,2022-05-07,2022-08-09,Rabi,12.66,Alluvial,6.9,78,154,120,Vermicompost,Rain-fed,42.5,31.1,65,No,None,Neem Oil,40.03,40.22,427843.8,206284.98,163046.56,-43238.42,79,91
FARM00764,Maharashtra,Pune,Village_100,Potato,Kufri Jyoti,2023-01-09,2023-06-30,Zaid,24.74,Red,6.7,80,117,64,Vermicompost,Rain-fed,46.7,33.3,60,Yes,Leaf Blight,Imidacloprid,73.75,59.0,732365.1,515945.79,184513.54,-331432.25,36,53
FARM00765,Maharashtra,Pune,Village_389,Wheat,PBW725,2021-11-01,2022-01-30,Zaid,6.24,Black,6.7,56,151,45,DAP,Rain-fed,58.6,23.7,61,No,None,Neem Oil,22.3,22.11,467998.1,182432.75,54076.76,-128355.99,64,61
FARM00766,Tamil Nadu,Coimbatore,Village_385,Potato,Kufri Pukhraj,2022-11-07,2023-05-04,Rabi,21.12,Alluvial,6.1,121,109,146,DAP,Drip,40.0,27.6,62,No,None,Neem Oil,77.64,73.9,1392292.6,633015.33,250076.66,-382938.67,79,71
FARM00767,Assam,Guwahati,Village_493,Soybean,NRC37,2021-03-24,2021-06-28,Rabi,17.88,Red,6.7,88,89,158,DAP,Sprinkler,58.3,27.4,59,No,None,Neem Oil,62.47,63.8,604462.5,223653.73,118462.4,-105191.33,94,90
FARM00768,Rajasthan,Jaipur,Village_337,Sugarcane,Co0238,2022-09-18,2023-01-31,Rabi,18.86,Laterite,6.1,104,83,172,Organic Compost,Sprinkler,74.1,33.9,70,No,None,Neem Oil,83.47,91.33,721360.6,229872.65,241647.23,11774.58,74,86
FARM00769,Rajasthan,Jaipur,Village_194,Maize,DHM117,2022-06-03,2022-10-30,Kharif,10.41,Alluvial,8.0,109,177,148,Urea,Drip,69.1,28.9,61,Yes,Leaf Blight,Imidacloprid,38.23,30.58,265241.1,156395.41,124079.42,-32315.99,55,80
FARM00770,Maharashtra,Pune,Village_143,Maize,DHM117,2022-07-25,2022-10-28,Kharif,23.7,Alluvial,6.8,76,148,120,Vermicompost,Drip,95.6,28.7,68,Yes,Leaf Blight,Imidacloprid,89.96,71.97,1738601.8,603247.97,199637.58,-403610.39,39,69
FARM00771,Karnataka,Mysuru,Village_58,Maize,DHM117,2022-12-21,2023-03-24,Kharif,21.47,Black,7.9,76,169,131,NPK,Sprinkler,112.0,27.4,75,Yes,Leaf Blight,Chlorpyrifos,85.77,68.62,1417901.1,524548.34,181278.79,-343269.55,47,51
FARM00772,West Bengal,Siliguri,Village_134,Maize,HQPM1,2023-02-22,2023-06-12,Kharif,22.59,Alluvial,7.0,131,52,158,Vermicompost,Sprinkler,169.5,27.8,98,No,None,Neem Oil,119.7,126.02,889289.1,610404.95,274304.09,-336100.86,91,65
FARM00773,West Bengal,Siliguri,Village_109,Soybean,JS335,2022-08-11,2023-01-01,Rabi,24.73,Clay,7.6,159,95,68,Urea,Canal,33.4,22.4,56,No,None,Neem Oil,86.82,91.42,1201030.7,598812.95,195522.06,-403290.89,78,77
FARM00774,Tamil Nadu,Coimbatore,Village_350,Rice,Basmati,2023-06-12,2023-11-13,Zaid,16.46,Red,7.9,82,124,102,Urea,Sprinkler,73.3,24.8,62,No,None,Neem Oil,72.51,79.06,764059.1,512369.61,329961.35,-182408.26,74,64
FARM00775,Karnataka,Belagavi,Village_379,Potato,Kufri Jyoti,2022-05-31,2022-09-15,Rabi,22.12,Laterite,6.1,153,141,135,Urea,Flood,67.3,24.8,72,No,None,Neem Oil,68.83,65.92,1004501.0,426406.58,276333.05,-150073.53,61,46
FARM00776,Karnataka,Belagavi,Village_153,Millet,Bajra,2021-10-03,2022-03-06,Kharif,16.91,Red,7.0,155,151,120,Organic Compost,Rain-fed,90.0,23.2,67,No,None,Neem Oil,61.0,59.05,704977.4,282642.37,133889.55,-148752.82,98,68
FARM00777,Karnataka,Mysuru,Village_350,Potato,Kufri Jyoti,2023-05-17,2023-08-25,Zaid,13.53,Loamy,7.6,162,84,58,Organic Compost,Rain-fed,74.4,22.1,73,No,None,Neem Oil,47.4,48.09,980113.5,210678.38,100197.6,-110480.78,78,85
FARM00778,Tamil Nadu,Coimbatore,Village_254,Sugarcane,Co86032,2020-08-18,2020-11-21,Rabi,23.24,Loamy,7.4,113,56,111,Urea,Drip,31.9,30.1,50,No,None,Neem Oil,81.63,83.47,571029.1,697379.27,164604.79,-532774.48,58,67
FARM00779,West Bengal,Kolkata,Village_400,Millet,Ragi,2020-02-20,2020-06-28,Zaid,23.87,Clay,6.3,118,112,59,Organic Compost,Flood,58.1,24.7,61,Yes,Leaf Blight,Chlorpyrifos,91.56,73.25,482619.0,538439.1,300597.61,-237841.49,58,64
FARM00780,Uttar Pradesh,Lucknow,Village_372,Millet,Bajra,2022-10-05,2023-04-01,Zaid,7.83,Alluvial,5.7,154,167,129,NPK,Rain-fed,48.9,40.8,60,No,None,Neem Oil,28.56,29.14,525402.0,129257.89,119496.55,-9761.34,98,90
FARM00781,Karnataka,Belagavi,Village_139,Wheat,PBW725,2024-01-28,2024-05-10,Kharif,15.75,Loamy,8.0,134,170,78,NPK,Flood,46.7,27.1,53,No,None,Neem Oil,52.45,53.43,831772.2,502299.52,145236.1,-357063.42,92,51
FARM00782,Karnataka,Belagavi,Village_345,Soybean,JS335,2023-01-10,2023-06-01,Rabi,16.74,Red,8.2,41,169,126,Organic Compost,Drip,30.6,25.1,59,No,None,Neem Oil,59.6,60.59,1187235.7,541788.6,243171.89,-298616.71,92,49
FARM00783,Assam,Jorhat,Village_269,Maize,DHM117,2023-06-28,2023-11-06,Rabi,4.93,Red,6.7,95,113,163,NPK,Canal,60.1,23.1,59,No,None,Neem Oil,19.11,20.58,282327.4,73717.44,70868.85,-2848.59,94,68
FARM00784,Maharashtra,Pune,Village_390,Wheat,PBW725,2022-02-17,2022-06-26,Kharif,3.94,Black,6.9,117,167,151,Vermicompost,Canal,98.2,35.3,78,Yes,Leaf Blight,Imidacloprid,15.49,12.39,89177.7,102362.47,25857.95,-76504.52,37,69
FARM00785,Punjab,Amritsar,Village_135,Cotton,Bt,2022-03-02,2022-06-09,Rabi,22.2,Alluvial,5.8,146,176,178,DAP,Flood,158.1,18.9,90,No,None,Neem Oil,114.43,125.83,879503.3,578999.16,389873.13,-189126.03,91,74
FARM00786,Uttar Pradesh,Lucknow,Village_366,Potato,Kufri Jyoti,2021-11-15,2022-02-14,Rabi,13.7,Loamy,7.8,101,103,128,Urea,Sprinkler,52.2,27.8,61,Yes,Leaf Blight,Chlorpyrifos,44.51,35.61,1051012.1,458540.65,93605.97,-364934.68,68,90
FARM00787,Uttar Pradesh,Lucknow,Village_327,Millet,Bajra,2020-09-09,2021-01-28,Rabi,1.69,Black,7.7,118,64,160,DAP,Flood,56.1,24.5,58,No,None,Neem Oil,5.64,5.75,57671.8,46006.24,11307.71,-34698.53,64,53
FARM00788,Assam,Jorhat,Village_320,Soybean,NRC37,2022-09-11,2023-03-01,Zaid,10.69,Clay,6.3,175,146,123,Organic Compost,Rain-fed,72.4,35.9,69,No,None,Neem Oil,36.59,38.74,833038.3,341207.19,76019.74,-265187.45,69,46
FARM00789,Assam,Guwahati,Village_98,Maize,DHM117,2022-08-09,2022-11-18,Kharif,5.17,Alluvial,7.5,132,174,110,Vermicompost,Drip,32.1,31.2,53,Yes,Leaf Blight,Imidacloprid,20.81,16.65,141082.1,79566.66,59182.95,-20383.71,63,45
FARM00790,Karnataka,Belagavi,Village_246,Millet,Ragi,2022-05-06,2022-10-05,Zaid,24.5,Alluvial,7.1,57,168,119,Vermicompost,Flood,55.4,28.3,60,No,None,Neem Oil,77.34,77.04,445441.3,724311.03,172811.85,-551499.18,87,90
FARM00791,Rajasthan,Kota,Village_17,Wheat,HD2967,2023-05-10,2023-10-31,Kharif,22.33,Black,6.1,155,99,80,Organic Compost,Rain-fed,57.4,22.4,70,No,None,Neem Oil,77.61,83.57,402087.1,602716.95,318611.18,-284105.77,56,72
FARM00792,Uttar Pradesh,Meerut,Village_291,Potato,Kufri Pukhraj,2021-04-02,2021-08-17,Kharif,5.89,Loamy,7.0,74,171,109,NPK,Drip,69.6,31.4,71,No,None,Neem Oil,19.23,19.71,176434.0,202372.86,40379.8,-161993.06,98,70
FARM00793,Karnataka,Mysuru,Village_303,Cotton,Suraj,2020-05-18,2020-10-09,Kharif,13.51,Clay,6.9,94,41,78,Organic Compost,Rain-fed,49.9,29.5,60,No,None,Neem Oil,55.53,55.6,267709.4,467561.28,112166.99,-355394.29,91,76
FARM00794,Punjab,Amritsar,Village_338,Maize,DHM117,2021-08-13,2021-12-31,Zaid,16.28,Clay,8.0,169,129,165,NPK,Rain-fed,53.6,31.0,59,No,None,Neem Oil,47.19,45.66,1271075.6,452268.68,175898.71,-276369.97,71,84
FARM00795,Karnataka,Mysuru,Village_287,Soybean,NRC37,2020-01-20,2020-05-07,Kharif,10.89,Alluvial,6.6,62,106,135,DAP,Drip,102.2,35.5,68,Yes,Leaf Blight,Imidacloprid,48.47,38.78,299530.8,161902.51,158703.23,-3199.28,47,86
FARM00796,Uttar Pradesh,Meerut,Village_95,Cotton,Bt,2020-08-21,2020-12-21,Zaid,7.9,Red,6.8,58,159,71,Organic Compost,Canal,52.1,26.7,60,No,None,Neem Oil,29.04,31.02,119190.8,162160.87,70283.46,-91877.41,72,57
FARM00797,Uttar Pradesh,Lucknow,Village_385,Rice,Basmati,2024-04-14,2024-09-09,Kharif,17.13,Alluvial,6.9,98,137,52,NPK,Canal,30.3,27.3,54,No,None,Neem Oil,48.6,50.04,492675.6,590389.38,118071.45,-472317.93,71,65
FARM00798,Rajasthan,Kota,Village_273,Cotton,Bt,2020-08-04,2020-12-25,Zaid,18.84,Loamy,7.3,76,82,98,Urea,Canal,49.4,29.2,69,No,None,Neem Oil,73.03,74.54,806723.9,569638.0,170652.17,-398985.83,83,74
FARM00799,Uttar Pradesh,Meerut,Village_38,Maize,DHM117,2023-11-09,2024-05-02,Kharif,20.54,Loamy,7.1,101,141,84,Urea,Drip,94.7,29.1,74,No,None,Neem Oil,82.0,82.97,1192218.1,465867.92,196515.55,-269352.37,68,48
FARM00800,Uttar Pradesh,Meerut,Village_121,Rice,IR64,2022-12-19,2023-06-03,Zaid,24.7,Laterite,7.7,125,130,150,Vermicompost,Flood,51.8,23.9,60,Yes,Leaf Blight,Imidacloprid,79.85,63.88,1081239.5,499933.63,119476.34,-380457.29,37,49
FARM00801,Punjab,Ludhiana,Village_254,Potato,Kufri Jyoti,2021-12-03,2022-05-25,Rabi,2.83,Red,7.5,73,86,116,Urea,Flood,34.6,28.7,51,No,None,Neem Oil,9.99,10.47,127029.9,76271.21,31181.02,-45090.19,94,74
FARM00802,Uttar Pradesh,Meerut,Village_278,Rice,Basmati,2022-11-17,2023-05-15,Zaid,9.51,Black,7.9,42,44,54,Organic Compost,Sprinkler,44.7,27.8,61,No,None,Neem Oil,39.32,38.92,544785.6,251861.91,112822.94,-139038.97,85,72
FARM00803,Uttar Pradesh,Meerut,Village_465,Millet,Bajra,2024-04-23,2024-09-26,Zaid,20.47,Clay,5.7,177,78,77,DAP,Rain-fed,84.2,27.5,78,No,None,Neem Oil,84.36,81.35,539018.0,275384.24,165496.08,-109888.16,92,46
FARM00804,Maharashtra,Pune,Village_361,Rice,IR64,2020-03-25,2020-08-08,Kharif,2.0,Red,7.5,85,141,113,Vermicompost,Flood,14.4,30.2,55,No,None,Neem Oil,6.37,6.21,80327.5,54752.14,25934.57,-28817.57,74,68
FARM00805,Rajasthan,Jaipur,Village_152,Soybean,JS335,2023-08-25,2024-01-13,Rabi,17.59,Clay,8.0,92,167,168,NPK,Drip,37.7,23.8,66,No,None,Neem Oil,52.4,55.14,522884.0,543320.3,132414.69,-410905.61,81,94
FARM00806,Assam,Guwahati,Village_242,Cotton,Bt,2022-09-02,2023-01-24,Zaid,3.21,Loamy,6.6,94,107,172,Organic Compost,Sprinkler,30.4,29.5,50,No,None,Neem Oil,12.4,12.19,250042.2,38713.49,44855.86,6142.37,88,71
FARM00807,Karnataka,Mysuru,Village_354,Rice,Basmati,2022-08-02,2022-11-28,Kharif,8.5,Clay,6.1,96,113,142,Urea,Rain-fed,67.5,25.7,66,No,None,Neem Oil,34.48,35.69,316098.5,193968.23,146130.04,-47838.19,80,88
FARM00808,Rajasthan,Jaipur,Village_478,Cotton,Bt,2021-02-08,2021-07-24,Zaid,16.51,Clay,8.1,80,124,174,Organic Compost,Flood,205.1,29.0,94,No,None,Neem Oil,89.39,89.98,411713.5,407947.62,284409.41,-123538.21,79,45
FARM00809,Punjab,Amritsar,Village_228,Soybean,NRC37,2021-01-20,2021-05-09,Rabi,3.97,Alluvial,5.6,110,115,61,DAP,Flood,86.7,29.5,74,No,None,Neem Oil,14.28,14.86,169153.4,74347.76,58322.98,-16024.78,81,81
FARM00810,Assam,Guwahati,Village_216,Maize,DHM117,2020-02-09,2020-07-21,Rabi,14.57,Alluvial,7.1,41,49,121,Vermicompost,Canal,72.1,25.4,65,Yes,Leaf Blight,Chlorpyrifos,60.96,48.77,753087.7,438404.33,130015.66,-308388.67,70,95
FARM00811,Karnataka,Mysuru,Village_461,Wheat,PBW725,2022-11-26,2023-05-19,Zaid,5.22,Clay,6.8,145,146,104,DAP,Drip,36.5,25.8,66,Yes,Leaf Blight,Chlorpyrifos,20.14,16.11,328166.2,88402.45,42255.14,-46147.31,65,85
FARM00812,Maharashtra,Nashik,Village_407,Potato,Kufri Pukhraj,2024-03-26,2024-07-26,Zaid,12.73,Loamy,8.1,151,165,94,Vermicompost,Rain-fed,20.4,16.6,51,Yes,Leaf Blight,Chlorpyrifos,46.68,37.34,295921.3,183145.84,101349.97,-81795.87,70,67
FARM00813,Uttar Pradesh,Meerut,Village_104,Rice,Basmati,2020-09-20,2020-12-23,Kharif,2.83,Laterite,7.6,107,130,54,DAP,Drip,30.8,25.5,53,No,None,Neem Oil,11.54,11.46,76328.9,68941.79,40010.96,-28930.83,97,89
FARM00814,Assam,Jorhat,Village_375,Maize,HQPM1,2023-04-05,2023-09-04,Zaid,8.6,Loamy,5.7,73,105,90,Urea,Drip,71.8,21.6,60,Yes,Leaf Blight,Chlorpyrifos,30.35,24.28,383394.2,142153.61,71516.18,-70637.43,29,62
FARM00815,Uttar Pradesh,Lucknow,Village_357,Rice,Basmati,2023-02-21,2023-08-06,Rabi,15.09,Clay,7.0,88,142,171,NPK,Flood,80.8,28.7,63,No,None,Neem Oil,63.45,64.76,947373.5,342620.92,188305.29,-154315.63,79,68
FARM00816,Punjab,Amritsar,Village_236,Soybean,NRC37,2020-07-26,2020-11-02,Rabi,9.61,Clay,7.7,95,55,156,Organic Compost,Rain-fed,6.8,22.5,43,Yes,Leaf Blight,Chlorpyrifos,23.34,18.67,705929.9,251900.34,48804.53,-203095.81,58,84
FARM00817,Tamil Nadu,Madurai,Village_49,Millet,Bajra,2020-05-24,2020-11-20,Kharif,5.3,Alluvial,6.2,62,83,172,DAP,Sprinkler,94.6,32.0,71,No,None,Neem Oil,25.44,24.91,128650.4,109657.16,73027.74,-36629.42,67,65
FARM00818,West Bengal,Kolkata,Village_276,Maize,DHM117,2021-04-18,2021-08-29,Zaid,14.5,Clay,7.2,157,158,128,Organic Compost,Canal,83.6,29.1,68,Yes,Leaf Blight,Imidacloprid,50.52,40.42,990577.0,457907.87,89245.74,-368662.13,30,88
FARM00819,Uttar Pradesh,Lucknow,Village_190,Rice,IR64,2024-02-18,2024-07-14,Rabi,21.05,Alluvial,7.4,95,82,86,Vermicompost,Drip,88.6,30.7,69,No,None,Neem Oil,83.86,82.79,625885.2,669925.62,323914.06,-346011.56,73,79
FARM00820,Rajasthan,Kota,Village_241,Cotton,Bt,2022-06-06,2022-09-23,Zaid,19.21,Laterite,6.2,157,168,93,NPK,Rain-fed,66.5,23.5,63,No,None,Neem Oil,69.58,73.42,1160772.1,430839.74,301096.38,-129743.36,95,85
FARM00821,West Bengal,Siliguri,Village_286,Soybean,NRC37,2020-04-14,2020-07-24,Zaid,23.5,Laterite,6.9,74,49,74,Vermicompost,Canal,27.1,37.8,48,No,None,Neem Oil,83.83,81.33,837151.6,552392.27,317793.42,-234598.85,58,80
FARM00822,West Bengal,Kolkata,Village_426,Rice,IR64,2023-01-29,2023-07-02,Kharif,13.99,Black,7.6,55,146,155,Vermicompost,Flood,40.3,29.1,66,No,None,Neem Oil,54.49,58.39,245390.4,228839.09,192332.87,-36506.22,85,90
FARM00823,Karnataka,Belagavi,Village_125,Soybean,NRC37,2022-03-13,2022-09-08,Kharif,17.05,Clay,7.7,178,51,40,NPK,Canal,35.8,25.2,52,No,None,Neem Oil,64.0,66.91,478853.9,379696.75,242503.49,-137193.26,98,58
FARM00824,Karnataka,Mysuru,Village_137,Wheat,HD2967,2022-07-15,2022-10-23,Rabi,5.42,Alluvial,7.3,170,142,172,Organic Compost,Rain-fed,45.7,17.9,59,No,None,Neem Oil,17.86,18.08,258049.9,72932.39,74692.83,1760.44,56,75
FARM00825,Uttar Pradesh,Lucknow,Village_256,Soybean,NRC37,2020-02-27,2020-07-07,Zaid,1.68,Red,5.7,41,40,162,DAP,Sprinkler,109.0,27.0,73,No,None,Neem Oil,8.48,8.99,117844.0,26820.85,26306.66,-514.19,82,45
FARM00826,West Bengal,Kolkata,Village_346,Millet,Ragi,2020-02-25,2020-05-28,Rabi,3.31,Loamy,7.0,139,58,102,Urea,Flood,35.0,30.3,59,No,None,Neem Oil,9.8,10.24,168071.3,76399.19,19133.55,-57265.64,76,75
FARM00827,Rajasthan,Jaipur,Village_101,Soybean,JS335,2021-04-16,2021-10-02,Kharif,11.99,Black,5.7,94,43,151,Organic Compost,Flood,197.3,31.2,98,Yes,Leaf Blight,Imidacloprid,59.05,47.24,654841.3,341697.78,143287.4,-198410.38,24,48
FARM00828,Punjab,Ludhiana,Village_444,Soybean,NRC37,2022-05-03,2022-09-09,Rabi,11.36,Black,6.2,66,146,81,NPK,Flood,111.7,23.9,81,No,None,Neem Oil,55.48,55.03,338247.2,321512.29,133752.67,-187759.62,62,64
FARM00829,Karnataka,Belagavi,Village_478,Wheat,HD2967,2020-09-20,2021-01-08,Rabi,9.77,Alluvial,7.3,90,179,142,Urea,Rain-fed,26.0,21.4,60,Yes,Leaf Blight,Imidacloprid,29.32,23.46,179404.4,311632.0,48453.05,-263178.95,52,66
FARM00830,West Bengal,Kolkata,Village_62,Millet,Bajra,2021-04-28,2021-09-12,Kharif,6.1,Loamy,6.8,113,101,180,DAP,Sprinkler,34.6,28.7,62,No,None,Neem Oil,21.6,20.72,443360.7,87773.5,64715.86,-23057.64,71,58
FARM00831,Karnataka,Belagavi,Village_488,Wheat,PBW725,2020-08-18,2020-12-05,Rabi,1.78,Black,5.6,168,102,138,Vermicompost,Drip,102.4,26.7,74,Yes,Leaf Blight,Chlorpyrifos,7.88,6.3,83128.7,34100.5,25109.72,-8990.78,31,76
FARM00832,Karnataka,Mysuru,Village_416,Maize,HQPM1,2020-12-18,2021-03-25,Rabi,8.38,Red,7.3,149,139,170,DAP,Sprinkler,60.6,30.2,64,Yes,Leaf Blight,Chlorpyrifos,31.45,25.16,456735.8,166013.9,72840.83,-93173.07,70,74
FARM00833,Tamil Nadu,Madurai,Village_169,Wheat,PBW725,2023-07-06,2023-11-16,Kharif,5.46,Black,5.9,138,145,102,Urea,Rain-fed,35.4,22.9,51,No,None,Neem Oil,18.36,18.01,283073.6,71660.49,36252.04,-35408.45,96,69
FARM00834,West Bengal,Kolkata,Village_242,Soybean,NRC37,2023-03-08,2023-08-06,Zaid,17.33,Black,7.1,95,118,121,Urea,Sprinkler,121.6,30.3,74,Yes,Leaf Blight,Imidacloprid,78.04,62.43,639385.1,374677.51,223016.22,-151661.29,57,67
FARM00835,Rajasthan,Kota,Village_168,Maize,HQPM1,2021-01-17,2021-05-10,Rabi,7.43,Laterite,5.6,111,144,172,Organic Compost,Canal,137.0,26.5,81,No,None,Neem Oil,37.3,38.24,204794.1,222052.23,147015.63,-75036.6,80,62
FARM00836,Assam,Jorhat,Village_9,Rice,IR64,2023-10-09,2024-02-24,Zaid,13.58,Alluvial,6.2,178,49,157,DAP,Flood,39.8,31.4,54,Yes,Leaf Blight,Chlorpyrifos,53.87,43.1,385682.1,176722.68,178883.47,2160.79,41,56
FARM00837,Tamil Nadu,Coimbatore,Village_187,Millet,Bajra,2021-06-21,2021-10-10,Zaid,21.17,Black,8.1,149,106,96,Organic Compost,Canal,22.6,33.2,56,No,None,Neem Oil,68.34,73.13,1501878.6,564137.65,193639.64,-370498.01,59,81
FARM00838,Rajasthan,Jaipur,Village_116,Sugarcane,Co86032,2023-08-03,2023-11-15,Kharif,16.32,Alluvial,7.3,76,163,171,Vermicompost,Rain-fed,54.3,24.4,64,Yes,Leaf Blight,Chlorpyrifos,65.34,52.27,961409.9,376626.51,162583.59,-214042.92,32,85
FARM00839,Tamil Nadu,Coimbatore,Village_323,Sugarcane,Co0238,2020-11-25,2021-05-21,Kharif,3.55,Loamy,5.7,53,54,40,Urea,Rain-fed,53.2,32.5,67,Yes,Leaf Blight,Imidacloprid,10.67,8.54,240907.5,45761.32,21874.44,-23886.88,58,66
FARM00840,Punjab,Ludhiana,Village_50,Wheat,PBW725,2020-08-14,2021-01-23,Rabi,24.83,Red,6.0,143,91,45,Urea,Sprinkler,88.5,28.6,72,No,None,Neem Oil,108.02,114.96,1779105.0,299294.26,326004.59,26710.33,57,85
FARM00841,Uttar Pradesh,Meerut,Village_387,Soybean,JS335,2021-10-10,2022-03-09,Rabi,18.55,Clay,7.9,76,76,69,Vermicompost,Rain-fed,79.7,30.1,61,No,None,Neem Oil,73.92,76.28,834880.7,459456.63,316469.75,-142986.88,92,77
FARM00842,Uttar Pradesh,Meerut,Village_35,Cotton,Suraj,2022-09-02,2022-12-06,Zaid,1.34,Loamy,5.9,81,179,109,Vermicompost,Sprinkler,67.7,23.1,64,No,None,Neem Oil,4.71,4.82,40785.2,45304.89,17329.97,-27974.92,77,91
FARM00843,Karnataka,Belagavi,Village_401,Potato,Kufri Pukhraj,2022-04-08,2022-07-22,Kharif,10.17,Laterite,6.9,40,128,114,Urea,Canal,26.6,14.8,63,No,None,Neem Oil,28.19,27.71,179081.1,336695.84,94178.03,-242517.81,77,66
FARM00844,Rajasthan,Jaipur,Village_255,Wheat,PBW725,2023-09-12,2024-01-01,Rabi,14.61,Black,7.3,89,52,53,Urea,Flood,131.7,20.5,86,No,None,Neem Oil,73.06,69.44,816559.0,233461.37,229724.81,-3736.56,61,53
FARM00845,Karnataka,Mysuru,Village_332,Cotton,Suraj,2020-01-10,2020-07-04,Zaid,2.15,Clay,5.7,43,168,138,NPK,Canal,61.3,25.4,73,Yes,Leaf Blight,Chlorpyrifos,9.06,7.25,48870.8,55955.57,25695.79,-30259.78,59,84
FARM00846,Uttar Pradesh,Lucknow,Village_198,Cotton,Bt,2022-06-27,2022-11-18,Rabi,1.66,Black,7.2,145,141,62,Organic Compost,Rain-fed,90.3,27.2,77,No,None,Neem Oil,5.54,5.78,85521.9,31197.34,11628.07,-19569.27,89,53
FARM00847,West Bengal,Siliguri,Village_173,Millet,Ragi,2023-11-10,2024-03-24,Rabi,5.04,Loamy,7.8,72,92,62,Vermicompost,Flood,76.9,22.2,76,No,None,Neem Oil,18.92,18.5,309270.5,101347.11,35501.08,-65846.03,84,84
FARM00848,Assam,Guwahati,Village_63,Maize,DHM117,2021-08-02,2022-01-25,Rabi,7.14,Black,6.2,170,61,80,Vermicompost,Sprinkler,76.2,32.6,74,No,None,Neem Oil,25.11,26.16,159462.7,148469.1,57246.35,-91222.75,66,86
FARM00849,Rajasthan,Kota,Village_40,Cotton,Suraj,2020-07-19,2020-10-30,Rabi,12.73,Clay,6.6,128,149,164,Urea,Rain-fed,30.4,24.4,56,No,None,Neem Oil,50.9,50.94,601262.7,238890.61,142534.97,-96355.64,85,86
FARM00850,Maharashtra,Nashik,Village_56,Rice,IR64,2022-12-05,2023-05-25,Zaid,19.67,Alluvial,7.5,116,82,156,DAP,Drip,63.7,28.4,72,No,None,Neem Oil,70.46,68.73,1440560.9,357231.85,279774.31,-77457.54,69,59
FARM00851,Maharashtra,Nashik,Village_296,Sugarcane,Co86032,2023-04-02,2023-09-25,Zaid,15.27,Clay,7.8,43,128,98,DAP,Drip,82.4,24.7,67,Yes,Leaf Blight,Chlorpyrifos,64.35,51.48,307851.2,513892.74,206244.04,-307648.7,34,92
FARM00852,West Bengal,Kolkata,Village_442,Cotton,Bt,2024-03-28,2024-09-20,Kharif,6.51,Loamy,7.1,131,90,102,NPK,Sprinkler,53.5,23.5,66,Yes,Leaf Blight,Imidacloprid,24.06,19.25,511896.3,222066.83,79428.81,-142638.02,38,45
FARM00853,Tamil Nadu,Madurai,Village_152,Soybean,JS335,2020-10-23,2021-03-20,Kharif,10.91,Clay,7.2,169,101,98,DAP,Rain-fed,52.4,21.2,61,Yes,Leaf Blight,Chlorpyrifos,31.71,25.37,276265.7,262022.16,73676.06,-188346.1,24,85
FARM00854,Karnataka,Belagavi,Village_271,Millet,Ragi,2022-01-08,2022-05-05,Kharif,24.65,Red,8.0,139,153,117,Vermicompost,Drip,48.2,20.9,57,No,None,Neem Oil,99.05,101.14,810640.2,446360.53,360365.05,-85995.48,60,73
FARM00855,Assam,Jorhat,Village_69,Soybean,NRC37,2023-08-06,2024-01-27,Rabi,19.18,Red,6.1,161,92,160,DAP,Canal,58.4,25.7,68,No,None,Neem Oil,73.51,70.38,1045383.0,600939.71,182569.96,-418369.75,66,77
FARM00856,West Bengal,Siliguri,Village_3,Maize,DHM117,2022-08-29,2023-02-16,Zaid,22.99,Black,5.7,171,140,151,Urea,Sprinkler,63.4,24.7,60,No,None,Neem Oil,99.72,109.45,1780419.9,422851.48,239850.49,-183000.99,85,58
FARM00857,Uttar Pradesh,Meerut,Village_268,Potato,Kufri Pukhraj,2022-06-18,2022-12-02,Kharif,2.82,Alluvial,7.6,170,103,64,Urea,Rain-fed,15.3,22.7,46,No,None,Neem Oil,8.09,8.21,77888.8,77484.43,19063.43,-58421.0,63,87
FARM00858,Maharashtra,Pune,Village_398,Wheat,PBW725,2023-07-29,2023-12-23,Kharif,14.21,Black,7.0,75,151,131,NPK,Rain-fed,75.5,33.3,72,No,None,Neem Oil,65.37,69.01,902186.9,365490.61,164897.06,-200593.55,80,46
FARM00859,Punjab,Ludhiana,Village_336,Millet,Bajra,2023-10-28,2024-02-04,Kharif,1.53,Clay,5.9,147,153,148,NPK,Drip,62.5,23.4,64,Yes,Leaf Blight,Imidacloprid,6.42,5.14,27588.7,23688.83,12945.26,-10743.57,28,86
FARM00860,Rajasthan,Kota,Village_371,Wheat,HD2967,2022-12-13,2023-05-03,Kharif,16.16,Laterite,6.3,158,96,170,Organic Compost,Sprinkler,138.9,30.1,76,No,None,Neem Oil,67.31,70.29,1229070.2,335235.59,150686.66,-184548.93,73,89
FARM00861,Assam,Jorhat,Village_102,Maize,DHM117,2023-09-14,2024-02-24,Kharif,2.87,Alluvial,7.0,114,144,102,Organic Compost,Flood,94.7,30.9,78,No,None,Neem Oil,12.36,12.28,149606.0,90092.37,36228.63,-53863.74,86,46
FARM00862,West Bengal,Siliguri,Village_327,Wheat,HD2967,2023-02-05,2023-07-27,Rabi,24.47,Laterite,7.4,54,176,114,DAP,Canal,85.5,23.6,66,Yes,Leaf Blight,Imidacloprid,81.24,64.99,595943.2,402571.65,247222.07,-155349.58,26,54
FARM00863,Karnataka,Belagavi,Village_370,Millet,Ragi,2020-10-29,2021-03-20,Kharif,9.72,Black,6.8,114,62,171,Organic Compost,Rain-fed,102.7,32.5,72,Yes,Leaf Blight,Imidacloprid,33.96,27.17,598370.7,149602.58,81003.71,-68598.87,23,75
FARM00864,Maharashtra,Nashik,Village_199,Maize,DHM117,2022-12-15,2023-05-25,Rabi,18.6,Clay,5.5,148,73,163,Vermicompost,Flood,62.5,24.0,62,Yes,Leaf Blight,Imidacloprid,67.9,54.32,476305.8,535794.87,150976.47,-384818.4,62,49
FARM00865,Uttar Pradesh,Lucknow,Village_482,Rice,Basmati,2023-02-07,2023-06-22,Rabi,12.7,Loamy,7.8,121,113,119,Urea,Flood,26.1,26.9,55,No,None,Neem Oil,33.25,33.92,953451.7,270241.71,114982.75,-155258.96,76,73
FARM00866,Rajasthan,Kota,Village_391,Soybean,JS335,2021-03-17,2021-08-03,Zaid,9.01,Black,7.9,179,67,95,Urea,Drip,116.2,29.7,83,No,None,Neem Oil,37.95,37.85,653156.4,245052.79,124660.69,-120392.1,85,87
FARM00867,Uttar Pradesh,Meerut,Village_484,Maize,DHM117,2021-03-04,2021-07-02,Zaid,12.14,Black,6.6,119,148,129,Urea,Rain-fed,91.2,26.5,75,No,None,Neem Oil,56.73,57.14,593995.0,241612.75,217697.73,-23915.02,86,60
FARM00868,Karnataka,Belagavi,Village_70,Cotton,Suraj,2023-11-27,2024-04-05,Rabi,15.87,Loamy,7.6,108,64,41,DAP,Rain-fed,81.7,30.0,75,No,None,Neem Oil,55.0,59.66,324421.9,507586.41,195284.26,-312302.15,93,89
FARM00869,Karnataka,Mysuru,Village_319,Cotton,Suraj,2021-04-13,2021-07-30,Kharif,19.05,Loamy,5.9,58,175,47,Vermicompost,Flood,25.6,36.2,64,Yes,Leaf Blight,Chlorpyrifos,75.27,60.22,848495.8,369465.48,162922.9,-206542.58,36,78
FARM00870,West Bengal,Kolkata,Village_277,Soybean,JS335,2020-12-12,2021-06-10,Zaid,20.02,Red,7.8,69,178,61,Vermicompost,Drip,62.7,26.1,59,No,None,Neem Oil,88.57,94.05,454381.1,344447.88,172765.31,-171682.57,75,62
FARM00871,Maharashtra,Nashik,Village_238,Maize,HQPM1,2021-06-08,2021-11-16,Kharif,3.17,Black,7.5,75,147,57,Organic Compost,Drip,52.4,22.2,64,No,None,Neem Oil,11.34,12.04,100643.3,89274.75,43975.96,-45298.79,65,58
FARM00872,Uttar Pradesh,Lucknow,Village_109,Rice,Basmati,2020-10-27,2021-03-16,Kharif,9.24,Black,6.0,129,142,82,Organic Compost,Rain-fed,52.7,21.1,68,No,None,Neem Oil,34.85,33.65,533092.8,308405.67,121203.2,-187202.47,75,80
FARM00873,West Bengal,Kolkata,Village_359,Wheat,HD2967,2020-08-31,2021-01-10,Zaid,13.74,Red,7.3,65,179,86,Urea,Sprinkler,92.2,25.7,73,Yes,Leaf Blight,Chlorpyrifos,56.0,44.8,328048.1,300083.32,154070.0,-146013.32,48,72
FARM00874,West Bengal,Kolkata,Village_103,Sugarcane,Co86032,2022-02-23,2022-07-21,Rabi,9.39,Black,7.9,74,140,81,Urea,Drip,60.1,22.3,57,Yes,Leaf Blight,Imidacloprid,39.29,31.43,163551.4,240459.69,128185.62,-112274.07,63,56
FARM00875,West Bengal,Kolkata,Village_445,Cotton,Suraj,2023-04-09,2023-09-28,Zaid,14.32,Red,6.5,62,59,86,Organic Compost,Sprinkler,121.8,24.1,88,No,None,Neem Oil,71.68,75.89,590698.1,434663.73,189338.26,-245325.47,55,62
FARM00876,Karnataka,Belagavi,Village_175,Sugarcane,Co86032,2022-01-31,2022-06-19,Zaid,7.79,Red,8.1,143,130,84,NPK,Sprinkler,49.8,27.6,68,No,None,Neem Oil,24.52,23.58,143288.0,182888.13,79876.53,-103011.6,57,60
FARM00877,Assam,Jorhat,Village_181,Sugarcane,Co86032,2021-10-23,2022-04-07,Zaid,13.25,Red,6.1,136,78,105,Vermicompost,Drip,78.3,30.1,75,No,None,Neem Oil,43.87,41.92,1026880.8,377370.99,103755.55,-273615.44,59,66
FARM00878,Karnataka,Belagavi,Village_420,Millet,Ragi,2023-07-11,2023-11-22,Rabi,2.43,Alluvial,6.1,97,128,43,Organic Compost,Drip,36.7,29.2,57,No,None,Neem Oil,9.92,9.6,156758.2,44292.05,34844.35,-9447.7,75,53
FARM00879,Karnataka,Belagavi,Village_346,Rice,Basmati,2022-08-05,2022-12-19,Rabi,21.78,Clay,7.1,105,76,101,Urea,Sprinkler,84.2,26.4,77,Yes,Leaf Blight,Imidacloprid,94.48,75.58,1099677.0,512032.21,254871.65,-257160.56,40,59
FARM00880,Assam,Guwahati,Village_189,Maize,DHM117,2023-08-27,2023-12-21,Zaid,2.4,Laterite,6.7,106,144,134,Organic Compost,Sprinkler,47.2,26.6,61,Yes,Leaf Blight,Imidacloprid,9.25,7.4,37505.1,81445.14,18611.63,-62833.51,40,81
FARM00881,Maharashtra,Nashik,Village_273,Rice,IR64,2022-05-22,2022-10-17,Rabi,15.07,Clay,7.9,102,67,46,NPK,Drip,163.0,28.2,83,Yes,Leaf Blight,Imidacloprid,65.05,52.04,818047.0,479124.72,136600.65,-342524.07,61,86
FARM00882,Uttar Pradesh,Lucknow,Village_366,Soybean,JS335,2022-09-27,2023-02-27,Rabi,12.29,Alluvial,7.9,47,46,54,Urea,Rain-fed,68.4,23.6,69,No,None,Neem Oil,51.52,51.8,600589.7,327129.02,146721.05,-180407.97,97,48
FARM00883,Punjab,Amritsar,Village_331,Potato,Kufri Pukhraj,2023-02-01,2023-05-18,Kharif,3.65,Alluvial,6.3,67,41,101,Urea,Drip,13.8,18.0,47,No,None,Neem Oil,10.44,11.13,116919.8,47361.14,41396.21,-5964.93,95,89
FARM00884,Tamil Nadu,Madurai,Village_283,Sugarcane,Co86032,2021-12-07,2022-04-14,Rabi,19.48,Red,7.8,127,140,180,NPK,Rain-fed,68.7,25.5,73,No,None,Neem Oil,86.89,84.21,684128.0,295042.15,317301.78,22259.63,82,65
FARM00885,West Bengal,Kolkata,Village_174,Soybean,JS335,2023-08-24,2024-01-22,Kharif,20.62,Alluvial,7.3,176,40,157,Vermicompost,Flood,56.2,29.8,59,No,None,Neem Oil,61.81,63.07,422147.9,413349.34,218574.34,-194775.0,90,66
FARM00886,West Bengal,Siliguri,Village_8,Sugarcane,Co86032,2023-11-23,2024-05-14,Zaid,10.86,Alluvial,6.4,43,118,152,DAP,Sprinkler,57.4,25.7,66,No,None,Neem Oil,37.71,36.39,658097.1,149246.37,106503.87,-42742.5,75,52
FARM00887,Rajasthan,Kota,Village_40,Maize,HQPM1,2022-01-03,2022-04-11,Zaid,12.74,Loamy,6.1,108,159,73,Vermicompost,Drip,100.1,27.5,71,No,None,Neem Oil,56.67,58.96,392265.1,324886.58,241722.01,-83164.57,93,57
FARM00888,Maharashtra,Nashik,Village_40,Maize,DHM117,2022-07-07,2022-10-18,Rabi,19.53,Loamy,6.7,143,86,124,Vermicompost,Canal,17.5,26.5,59,Yes,Leaf Blight,Imidacloprid,63.65,50.92,561721.7,516949.95,125711.81,-391238.14,59,58
FARM00889,West Bengal,Kolkata,Village_483,Soybean,NRC37,2020-01-01,2020-06-28,Rabi,19.76,Black,7.3,51,44,144,DAP,Flood,131.4,30.0,76,Yes,Leaf Blight,Imidacloprid,99.07,79.26,1501674.7,467159.49,326812.85,-140346.64,30,73
FARM00890,Uttar Pradesh,Meerut,Village_76,Potato,Kufri Pukhraj,2020-11-18,2021-04-08,Rabi,8.97,Laterite,7.3,161,104,53,Urea,Rain-fed,51.1,26.9,69,Yes,Leaf Blight,Imidacloprid,37.53,30.02,314678.3,129781.56,104611.19,-25170.37,29,66
FARM00891,West Bengal,Kolkata,Village_202,Millet,Ragi,2020-04-04,2020-09-28,Rabi,6.67,Loamy,8.2,142,141,171,Urea,Canal,73.7,20.1,67,No,None,Neem Oil,26.11,27.4,359255.4,89037.95,94525.55,5487.6,98,87
FARM00892,Punjab,Amritsar,Village_455,Rice,IR64,2022-11-19,2023-04-11,Zaid,23.05,Black,5.8,70,94,141,NPK,Canal,63.4,14.8,59,No,None,Neem Oil,89.31,91.6,1699323.6,616258.95,224726.43,-391532.52,95,63
FARM00893,Punjab,Amritsar,Village_347,Cotton,Suraj,2020-08-02,2020-11-15,Zaid,4.55,Clay,8.1,96,112,156,Vermicompost,Flood,54.6,25.6,66,Yes,Leaf Blight,Imidacloprid,13.14,10.51,325846.3,60823.28,20541.85,-40281.43,42,76
FARM00894,Punjab,Amritsar,Village_103,Potato,Kufri Jyoti,2021-07-17,2021-12-05,Zaid,19.07,Red,7.6,90,74,177,NPK,Sprinkler,65.4,31.9,66,Yes,Leaf Blight,Chlorpyrifos,77.25,61.8,1190393.8,415615.63,218989.68,-196625.95,69,54
FARM00895,Karnataka,Belagavi,Village_341,Sugarcane,Co0238,2023-01-31,2023-05-01,Zaid,7.85,Loamy,6.6,137,173,154,Urea,Sprinkler,79.6,25.1,72,No,None,Neem Oil,35.84,36.42,287541.6,96839.93,138193.78,41353.85,56,75
FARM00896,Assam,Jorhat,Village_473,Soybean,JS335,2020-02-02,2020-06-24,Rabi,5.95,Red,8.1,42,136,62,Organic Compost,Canal,116.0,30.1,84,No,None,Neem Oil,29.57,30.75,333427.8,118613.13,58766.03,-59847.1,78,95
FARM00897,West Bengal,Kolkata,Village_301,Millet,Ragi,2020-01-04,2020-05-25,Zaid,10.73,Red,7.1,79,168,95,DAP,Canal,94.5,27.6,77,No,None,Neem Oil,51.03,53.78,684193.7,243472.44,215652.65,-27819.79,80,60
FARM00898,Tamil Nadu,Madurai,Village_253,Wheat,PBW725,2023-09-20,2024-01-14,Zaid,18.82,Clay,7.0,50,164,124,Vermicompost,Flood,111.5,29.8,80,No,None,Neem Oil,79.95,77.43,978453.9,588148.32,189802.91,-398345.41,71,69
FARM00899,Assam,Jorhat,Village_478,Potato,Kufri Jyoti,2020-03-09,2020-08-11,Rabi,17.08,Red,7.6,86,97,153,DAP,Sprinkler,85.1,22.1,79,No,None,Neem Oil,81.04,79.97,480452.8,392507.68,259820.19,-132687.49,66,50
FARM00900,Rajasthan,Kota,Village_379,Potato,Kufri Jyoti,2023-06-15,2023-11-02,Zaid,22.53,Loamy,5.6,168,43,109,Urea,Rain-fed,69.5,24.4,61,No,None,Neem Oil,94.23,95.49,1305401.2,440172.54,381104.55,-59067.99,56,66
FARM00901,Assam,Guwahati,Village_385,Potato,Kufri Pukhraj,2022-11-25,2023-03-03,Zaid,8.28,Red,6.1,62,178,159,Vermicompost,Sprinkler,48.8,25.4,62,No,None,Neem Oil,29.98,31.07,503076.6,140636.67,78531.95,-62104.72,78,48
FARM00902,West Bengal,Siliguri,Village_251,Wheat,PBW725,2021-01-03,2021-05-28,Kharif,15.19,Loamy,7.6,144,69,112,Urea,Flood,97.1,20.1,81,No,None,Neem Oil,70.21,68.63,1036001.8,325369.56,183882.03,-141487.53,73,81
FARM00903,Maharashtra,Pune,Village_124,Cotton,Bt,2022-08-31,2023-02-24,Kharif,11.8,Red,6.1,172,116,96,Urea,Canal,51.7,32.6,56,Yes,Leaf Blight,Imidacloprid,39.63,31.7,590934.0,350523.39,71254.76,-279268.63,20,77
FARM00904,Assam,Jorhat,Village_167,Wheat,PBW725,2024-03-15,2024-07-03,Rabi,1.54,Red,6.3,55,161,96,Urea,Canal,46.5,32.2,67,Yes,Leaf Blight,Imidacloprid,6.21,4.97,113322.8,46313.13,11854.61,-34458.52,69,86
FARM00905,Punjab,Amritsar,Village_408,Millet,Ragi,2023-05-03,2023-09-30,Zaid,24.5,Loamy,7.4,76,90,162,Organic Compost,Rain-fed,70.9,30.4,62,Yes,Leaf Blight,Chlorpyrifos,100.43,80.34,1566609.4,303663.66,278322.98,-25340.68,28,92
FARM00906,West Bengal,Kolkata,Village_368,Millet,Bajra,2022-10-19,2023-03-27,Rabi,7.94,Clay,6.8,162,118,169,NPK,Drip,58.4,19.9,62,Yes,Leaf Blight,Imidacloprid,35.12,28.1,220428.5,216649.07,100005.57,-116643.5,52,83
FARM00907,Assam,Guwahati,Village_401,Rice,Basmati,2023-02-17,2023-06-13,Rabi,15.33,Loamy,8.1,64,179,107,DAP,Flood,116.0,25.1,78,No,None,Neem Oil,70.24,73.69,793760.9,305096.71,273578.95,-31517.76,77,92
FARM00908,Assam,Jorhat,Village_95,Wheat,HD2967,2022-02-12,2022-06-09,Zaid,20.99,Loamy,7.7,65,141,56,Urea,Rain-fed,77.8,27.2,67,No,None,Neem Oil,73.56,78.72,958183.7,614225.87,197934.62,-416291.25,82,69
FARM00909,Uttar Pradesh,Lucknow,Village_198,Sugarcane,Co0238,2023-12-27,2024-06-23,Rabi,3.53,Red,6.9,140,133,50,DAP,Canal,86.1,28.7,76,No,None,Neem Oil,16.2,17.77,172536.3,119192.49,52845.24,-66347.25,91,79
FARM00910,Tamil Nadu,Madurai,Village_73,Maize,HQPM1,2021-04-05,2021-07-17,Zaid,10.81,Black,6.8,85,94,134,Organic Compost,Rain-fed,61.7,29.9,58,No,None,Neem Oil,39.74,39.94,418079.2,172484.04,130702.32,-41781.72,85,69
FARM00911,Uttar Pradesh,Meerut,Village_30,Wheat,PBW725,2023-11-20,2024-04-18,Kharif,8.49,Red,6.8,108,73,155,Organic Compost,Drip,73.2,30.3,60,Yes,Leaf Blight,Imidacloprid,29.94,23.95,517358.9,253826.78,50220.75,-203606.03,67,77
FARM00912,Assam,Guwahati,Village_225,Wheat,PBW725,2023-07-08,2023-11-01,Kharif,6.43,Black,6.8,175,100,128,DAP,Canal,87.9,26.3,78,No,None,Neem Oil,22.09,23.64,312315.3,195468.16,83222.41,-112245.75,87,62
FARM00913,Punjab,Amritsar,Village_239,Wheat,PBW725,2020-07-30,2020-11-11,Kharif,6.8,Laterite,6.7,146,65,150,Urea,Flood,104.9,25.9,83,No,None,Neem Oil,33.81,34.27,250666.5,210770.01,72266.8,-138503.21,74,49
FARM00914,Uttar Pradesh,Lucknow,Village_349,Wheat,PBW725,2021-09-12,2022-02-03,Rabi,6.86,Black,7.4,134,115,145,DAP,Sprinkler,64.5,23.8,71,No,None,Neem Oil,24.43,26.57,543840.7,240016.4,70112.86,-169903.54,81,74
FARM00915,Uttar Pradesh,Lucknow,Village_459,Millet,Bajra,2023-07-07,2023-11-26,Kharif,6.97,Laterite,6.6,76,47,50,NPK,Drip,118.6,19.1,78,No,None,Neem Oil,26.07,26.98,392145.2,241737.85,83546.92,-158190.93,60,78
FARM00916,Uttar Pradesh,Meerut,Village_422,Soybean,NRC37,2024-01-15,2024-05-07,Kharif,23.16,Red,6.7,163,133,114,Vermicompost,Canal,15.6,17.9,57,Yes,Leaf Blight,Imidacloprid,58.96,47.17,1117277.1,754952.11,85473.39,-669478.72,64,80
FARM00917,Tamil Nadu,Coimbatore,Village_285,Rice,IR64,2023-10-16,2024-03-30,Zaid,10.75,Clay,7.8,100,48,118,NPK,Drip,48.2,27.9,60,No,None,Neem Oil,39.79,43.0,791053.0,194629.04,90683.66,-103945.38,98,60
FARM00918,Karnataka,Mysuru,Village_248,Wheat,PBW725,2021-12-21,2022-06-19,Rabi,8.48,Black,6.9,150,175,74,NPK,Canal,41.9,21.7,61,No,None,Neem Oil,25.94,24.78,246930.6,223072.25,85762.0,-137310.25,61,47
FARM00919,West Bengal,Siliguri,Village_314,Rice,IR64,2022-04-18,2022-08-25,Rabi,21.95,Red,5.8,42,76,63,Urea,Flood,156.1,28.0,94,No,None,Neem Oil,92.75,92.41,530647.4,642054.06,298900.24,-343153.82,61,64
FARM00920,Tamil Nadu,Coimbatore,Village_247,Wheat,HD2967,2023-11-27,2024-05-14,Rabi,19.54,Black,7.2,91,155,92,Organic Compost,Sprinkler,76.4,31.4,62,Yes,Leaf Blight,Imidacloprid,77.9,62.32,1304374.1,643488.99,257567.37,-385921.62,46,91
FARM00921,Tamil Nadu,Coimbatore,Village_176,Cotton,Suraj,2020-11-23,2021-03-25,Rabi,11.96,Laterite,6.1,146,86,96,Vermicompost,Drip,121.3,29.1,79,Yes,Leaf Blight,Imidacloprid,50.01,40.01,303663.5,180858.76,104116.63,-76742.13,61,51
FARM00922,Karnataka,Belagavi,Village_191,Sugarcane,Co86032,2021-12-18,2022-05-11,Zaid,17.11,Laterite,8.0,85,68,154,NPK,Flood,79.8,29.4,77,Yes,Leaf Blight,Imidacloprid,59.52,47.62,795292.0,224812.33,129541.23,-95271.1,41,47
FARM00923,Tamil Nadu,Coimbatore,Village_273,Maize,DHM117,2023-08-15,2023-12-02,Rabi,1.61,Red,7.8,77,167,56,Organic Compost,Flood,37.4,26.3,63,No,None,Neem Oil,5.39,5.23,76441.8,46654.08,10161.93,-36492.15,96,82
FARM00924,Maharashtra,Nashik,Village_327,Millet,Ragi,2020-01-29,2020-07-01,Zaid,5.99,Alluvial,5.8,119,89,91,NPK,Sprinkler,65.3,31.2,67,Yes,Leaf Blight,Imidacloprid,18.82,15.06,274851.3,150008.68,40471.03,-109537.65,62,63
FARM00925,Uttar Pradesh,Meerut,Village_351,Soybean,JS335,2023-08-12,2023-12-23,Rabi,21.2,Clay,5.9,63,160,110,Vermicompost,Flood,139.2,27.4,90,Yes,Leaf Blight,Chlorpyrifos,109.45,87.56,1143070.0,628621.47,225562.94,-403058.53,47,91
FARM00926,Punjab,Amritsar,Village_407,Millet,Ragi,2022-09-23,2023-01-15,Kharif,7.56,Laterite,6.0,180,76,75,Urea,Drip,38.4,19.6,58,No,None,Neem Oil,27.67,28.54,153889.6,237560.52,109073.47,-128487.05,96,55
FARM00927,Tamil Nadu,Coimbatore,Village_258,Wheat,HD2967,2020-05-14,2020-08-31,Rabi,1.4,Laterite,6.3,150,176,164,Urea,Flood,132.9,19.6,89,Yes,Leaf Blight,Imidacloprid,7.24,5.79,46162.0,30900.0,19974.05,-10925.95,38,68
FARM00928,Uttar Pradesh,Lucknow,Village_115,Maize,DHM117,2022-08-29,2022-12-23,Rabi,6.39,Clay,7.0,111,134,81,Urea,Flood,60.9,14.2,70,No,None,Neem Oil,24.66,26.24,197075.1,171502.07,81265.91,-90236.16,56,78
FARM00929,Tamil Nadu,Madurai,Village_301,Millet,Ragi,2021-04-27,2021-07-26,Kharif,3.04,Clay,5.8,75,88,158,Vermicompost,Flood,45.2,27.8,62,Yes,Leaf Blight,Imidacloprid,10.56,8.45,205614.5,40191.63,29869.33,-10322.3,20,84
FARM00930,Rajasthan,Jaipur,Village_58,Wheat,PBW725,2023-07-22,2023-10-20,Zaid,13.11,Alluvial,7.9,123,130,46,Organic Compost,Drip,18.2,22.5,47,No,None,Neem Oil,33.24,31.97,548164.9,412384.71,72072.43,-340312.28,76,71
FARM00931,Punjab,Ludhiana,Village_342,Sugarcane,Co86032,2022-06-20,2022-10-30,Rabi,7.74,Red,7.4,152,116,76,NPK,Drip,102.4,33.3,72,No,None,Neem Oil,38.48,36.93,409540.9,265403.88,120264.77,-145139.11,63,46
FARM00932,West Bengal,Kolkata,Village_396,Potato,Kufri Pukhraj,2022-01-10,2022-04-12,Rabi,20.2,Loamy,6.0,180,80,97,NPK,Sprinkler,81.8,33.6,62,Yes,Leaf Blight,Chlorpyrifos,79.35,63.48,1263574.6,601776.26,165885.97,-435890.29,50,59
FARM00933,Uttar Pradesh,Meerut,Village_219,Sugarcane,Co0238,2023-11-17,2024-04-18,Rabi,17.02,Clay,6.7,134,82,45,DAP,Flood,35.0,32.6,58,No,None,Neem Oil,54.77,54.2,1013043.6,577508.64,221499.04,-356009.6,70,70
FARM00934,Maharashtra,Pune,Village_474,Maize,HQPM1,2020-02-16,2020-07-22,Zaid,23.21,Red,7.0,164,43,141,DAP,Canal,57.1,31.7,56,No,None,Neem Oil,76.7,79.38,1629288.6,468923.66,267934.8,-200988.86,89,63
FARM00935,Tamil Nadu,Coimbatore,Village_85,Wheat,PBW725,2022-11-24,2023-04-27,Rabi,18.23,Black,6.5,163,76,99,Vermicompost,Drip,45.6,32.3,63,No,None,Neem Oil,56.85,60.95,1245235.2,294789.4,149527.07,-145262.33,65,88
FARM00936,Assam,Jorhat,Village_395,Wheat,HD2967,2021-02-25,2021-08-20,Kharif,22.35,Loamy,7.7,75,103,167,Organic Compost,Drip,64.1,33.3,63,No,None,Neem Oil,81.24,86.92,1693430.7,399061.95,254136.91,-144925.04,68,48
FARM00937,West Bengal,Kolkata,Village_56,Maize,DHM117,2021-11-24,2022-02-25,Rabi,8.03,Clay,7.5,136,154,102,Organic Compost,Drip,36.0,18.8,54,No,None,Neem Oil,31.23,30.88,641431.9,142456.35,66574.44,-75881.91,56,56
FARM00938,Uttar Pradesh,Lucknow,Village_131,Sugarcane,Co86032,2020-08-08,2021-01-31,Kharif,15.69,Red,6.0,99,119,122,Vermicompost,Flood,48.9,21.8,64,Yes,Leaf Blight,Chlorpyrifos,66.94,53.55,712982.0,352604.68,177954.45,-174650.23,43,87
FARM00939,Tamil Nadu,Coimbatore,Village_190,Cotton,Bt,2021-08-09,2021-12-12,Rabi,11.96,Alluvial,6.8,115,103,59,Organic Compost,Rain-fed,107.7,29.1,74,No,None,Neem Oil,56.05,60.61,839479.0,415561.3,241907.69,-173653.61,85,93
FARM00940,Rajasthan,Kota,Village_373,Soybean,JS335,2021-02-26,2021-07-21,Zaid,1.42,Clay,6.9,79,60,59,Vermicompost,Flood,47.4,25.4,53,No,None,Neem Oil,4.37,4.57,65968.5,35959.36,10219.71,-25739.65,70,67
FARM00941,Rajasthan,Kota,Village_173,Soybean,NRC37,2024-05-10,2024-11-05,Zaid,16.61,Alluvial,6.1,61,171,42,Urea,Rain-fed,36.5,25.1,56,No,None,Neem Oil,65.88,72.15,395810.1,447208.9,253677.52,-193531.38,85,83
FARM00942,Maharashtra,Nashik,Village_181,Maize,DHM117,2021-02-27,2021-08-21,Zaid,13.69,Alluvial,5.9,67,68,93,Organic Compost,Sprinkler,79.2,23.0,72,No,None,Neem Oil,49.51,53.57,789766.4,196263.32,210637.18,14373.86,89,68
FARM00943,West Bengal,Kolkata,Village_446,Maize,DHM117,2021-12-06,2022-05-16,Kharif,8.26,Laterite,6.0,84,167,161,Urea,Flood,94.7,30.3,67,No,None,Neem Oil,37.5,36.72,301302.0,280857.83,142663.28,-138194.55,88,49
FARM00944,Tamil Nadu,Coimbatore,Village_434,Maize,HQPM1,2020-02-03,2020-07-15,Rabi,6.71,Black,5.7,173,49,166,Organic Compost,Rain-fed,22.5,27.1,60,No,None,Neem Oil,16.87,17.64,402083.8,120994.8,46735.92,-74258.88,83,62
FARM00945,Maharashtra,Nashik,Village_57,Maize,HQPM1,2023-11-28,2024-02-28,Zaid,17.69,Black,7.3,132,125,123,Vermicompost,Flood,45.6,24.1,61,Yes,Leaf Blight,Imidacloprid,62.01,49.61,1127258.1,451955.1,115255.32,-336699.78,36,88
FARM00946,West Bengal,Kolkata,Village_456,Soybean,NRC37,2023-02-01,2023-05-27,Rabi,13.49,Clay,6.8,124,167,49,Organic Compost,Flood,44.5,26.7,57,No,None,Neem Oil,40.86,44.27,636020.6,224761.54,145188.97,-79572.57,85,80
FARM00947,West Bengal,Siliguri,Village_254,Potato,Kufri Jyoti,2021-05-05,2021-09-26,Zaid,5.91,Black,6.2,46,98,94,Organic Compost,Drip,59.4,21.0,65,Yes,Leaf Blight,Chlorpyrifos,25.02,20.02,268266.0,142264.67,72808.77,-69455.9,59,61
FARM00948,Tamil Nadu,Coimbatore,Village_339,Soybean,JS335,2023-12-08,2024-03-15,Zaid,19.26,Laterite,7.4,97,174,150,DAP,Sprinkler,72.8,26.1,65,No,None,Neem Oil,88.09,84.88,773007.2,669319.81,153582.95,-515736.86,60,82
FARM00949,Rajasthan,Kota,Village_419,Rice,IR64,2023-06-01,2023-09-13,Rabi,6.19,Alluvial,8.0,119,57,104,Organic Compost,Drip,20.8,18.1,48,Yes,Leaf Blight,Chlorpyrifos,23.68,18.94,232904.4,202271.81,79509.79,-122762.02,31,90
FARM00950,Assam,Guwahati,Village_495,Sugarcane,Co86032,2022-03-15,2022-08-05,Zaid,24.36,Clay,8.0,124,96,96,Urea,Flood,113.4,28.0,74,No,None,Neem Oil,98.57,95.93,1045037.6,760427.66,281232.57,-479195.09,98,51
FARM00951,Assam,Guwahati,Village_110,Maize,HQPM1,2022-10-09,2023-03-01,Zaid,14.47,Red,6.8,86,124,108,Vermicompost,Flood,123.8,25.6,79,Yes,Leaf Blight,Imidacloprid,69.28,55.42,424545.7,282754.12,117643.82,-165110.3,45,69
FARM00952,Karnataka,Belagavi,Village_453,Maize,DHM117,2022-03-01,2022-07-26,Zaid,2.11,Loamy,7.8,163,136,86,Organic Compost,Canal,33.4,30.9,56,Yes,Leaf Blight,Imidacloprid,8.45,6.76,74335.0,48879.65,14406.62,-34473.03,32,87
FARM00953,Tamil Nadu,Coimbatore,Village_126,Maize,HQPM1,2022-04-04,2022-09-29,Zaid,16.15,Loamy,6.8,87,121,80,Organic Compost,Flood,38.3,26.4,58,No,None,Neem Oil,51.55,51.26,288635.1,545878.44,203439.13,-342439.31,72,88
FARM00954,Karnataka,Mysuru,Village_41,Rice,Basmati,2022-03-07,2022-08-28,Kharif,1.15,Black,6.8,108,115,166,Vermicompost,Drip,148.9,26.2,85,No,None,Neem Oil,4.96,4.98,36357.9,18308.95,12390.2,-5918.75,97,50
FARM00955,Tamil Nadu,Madurai,Village_369,Soybean,JS335,2020-09-13,2021-01-09,Kharif,12.68,Laterite,7.3,170,47,166,Organic Compost,Drip,93.9,27.5,65,No,None,Neem Oil,52.42,54.55,460938.9,182247.06,222333.15,40086.09,83,59
FARM00956,Assam,Jorhat,Village_128,Sugarcane,Co0238,2021-12-25,2022-05-08,Zaid,21.22,Laterite,7.4,87,179,125,Organic Compost,Flood,76.7,34.0,65,Yes,Leaf Blight,Imidacloprid,97.26,77.81,385244.5,681955.85,284582.14,-397373.71,40,48
FARM00957,Uttar Pradesh,Lucknow,Village_445,Sugarcane,Co86032,2021-02-01,2021-06-09,Kharif,21.6,Loamy,7.2,145,46,172,DAP,Flood,48.7,26.8,66,No,None,Neem Oil,75.11,78.1,1117914.3,556954.26,201983.95,-354970.31,75,74
FARM00958,Tamil Nadu,Madurai,Village_412,Soybean,NRC37,2023-05-01,2023-10-22,Kharif,9.3,Alluvial,6.0,43,117,103,Vermicompost,Flood,159.4,25.2,94,Yes,Leaf Blight,Chlorpyrifos,44.57,35.66,521116.9,211710.62,107910.05,-103800.57,40,83
FARM00959,Punjab,Amritsar,Village_300,Wheat,PBW725,2022-10-17,2023-02-10,Kharif,18.83,Loamy,8.0,173,154,65,Vermicompost,Sprinkler,43.6,34.3,59,No,None,Neem Oil,57.61,58.83,422248.0,554497.04,193960.37,-360536.67,93,87
FARM00960,West Bengal,Siliguri,Village_449,Millet,Ragi,2023-08-22,2024-01-24,Rabi,11.29,Laterite,7.8,82,101,160,Organic Compost,Flood,83.5,29.5,73,Yes,Leaf Blight,Imidacloprid,45.39,36.31,747562.2,358932.61,99751.44,-259181.17,53,59
FARM00961,Maharashtra,Nashik,Village_257,Maize,HQPM1,2024-01-30,2024-07-25,Zaid,20.7,Laterite,6.5,97,162,106,Urea,Sprinkler,93.2,21.1,70,No,None,Neem Oil,86.93,88.82,1124689.4,328960.85,276925.23,-52035.62,91,65
FARM00962,Punjab,Amritsar,Village_394,Cotton,Suraj,2021-08-11,2021-12-05,Rabi,3.75,Laterite,7.3,150,174,154,Vermicompost,Drip,32.8,29.7,64,No,None,Neem Oil,10.42,11.17,198084.7,54799.74,42456.52,-12343.22,88,93
FARM00963,Punjab,Amritsar,Village_133,Soybean,JS335,2021-10-19,2022-01-22,Zaid,17.64,Alluvial,7.4,92,176,96,Urea,Flood,64.1,36.9,61,No,None,Neem Oil,76.6,81.97,1009778.4,322224.2,232368.74,-89855.46,81,68
FARM00964,Rajasthan,Kota,Village_340,Maize,HQPM1,2022-01-27,2022-06-19,Kharif,14.52,Loamy,7.6,178,80,145,Vermicompost,Flood,69.6,31.4,65,No,None,Neem Oil,50.67,49.38,507114.4,293015.25,136029.46,-156985.79,71,54
FARM00965,Karnataka,Belagavi,Village_344,Millet,Bajra,2021-11-01,2022-02-27,Zaid,6.36,Laterite,5.8,85,62,130,NPK,Drip,36.2,32.8,56,No,None,Neem Oil,24.02,25.8,447143.7,85015.0,49380.47,-35634.53,62,94
FARM00966,Maharashtra,Nashik,Village_378,Wheat,HD2967,2021-08-13,2022-01-11,Kharif,5.0,Alluvial,6.0,114,75,102,Vermicompost,Canal,28.9,26.7,63,No,None,Neem Oil,14.81,15.3,110200.2,158848.68,29253.22,-129595.46,55,95
FARM00967,Maharashtra,Pune,Village_422,Cotton,Suraj,2022-12-14,2023-03-24,Zaid,2.29,Clay,6.6,70,149,97,Organic Compost,Rain-fed,35.2,42.2,61,Yes,Leaf Blight,Chlorpyrifos,7.84,6.27,84595.0,56018.14,19991.68,-36026.46,62,61
FARM00968,Assam,Guwahati,Village_32,Millet,Bajra,2024-04-08,2024-08-25,Rabi,3.81,Clay,6.5,150,62,178,Organic Compost,Rain-fed,66.5,25.9,62,No,None,Neem Oil,15.22,15.18,98539.9,104943.08,30106.54,-74836.54,66,72
FARM00969,West Bengal,Kolkata,Village_356,Soybean,JS335,2022-08-02,2022-12-10,Rabi,12.34,Alluvial,6.9,70,75,175,NPK,Flood,37.3,33.1,66,Yes,Leaf Blight,Imidacloprid,45.55,36.44,330570.9,422397.49,107131.15,-315266.34,45,92
FARM00970,Tamil Nadu,Madurai,Village_189,Sugarcane,Co86032,2023-06-17,2023-11-20,Rabi,5.83,Red,8.1,136,107,163,Urea,Flood,26.9,28.7,55,No,None,Neem Oil,19.29,18.83,188808.9,72385.5,35408.77,-36976.73,67,85
FARM00971,Maharashtra,Pune,Village_28,Potato,Kufri Jyoti,2021-10-13,2022-01-29,Rabi,9.31,Red,5.7,144,51,171,Urea,Drip,84.6,26.4,72,No,None,Neem Oil,39.22,37.36,242722.9,236623.32,139377.17,-97246.15,77,56
FARM00972,Tamil Nadu,Madurai,Village_2,Maize,HQPM1,2020-09-12,2021-01-10,Zaid,6.89,Clay,6.1,135,86,176,DAP,Rain-fed,78.3,25.4,68,No,None,Neem Oil,28.37,28.6,208601.2,110964.9,83961.52,-27003.38,72,60
FARM00973,Rajasthan,Jaipur,Village_461,Wheat,PBW725,2022-10-21,2023-03-30,Kharif,19.16,Laterite,6.4,118,71,152,Vermicompost,Flood,130.4,31.0,83,Yes,Leaf Blight,Imidacloprid,88.92,71.14,759563.7,325712.75,169561.71,-156151.04,40,90
FARM00974,Assam,Guwahati,Village_145,Rice,Basmati,2023-08-03,2024-01-16,Kharif,4.57,Clay,7.1,45,138,148,DAP,Drip,76.7,32.2,68,No,None,Neem Oil,14.46,14.58,330417.6,124294.77,37032.55,-87262.22,78,76
FARM00975,Tamil Nadu,Madurai,Village_49,Sugarcane,Co0238,2021-07-19,2021-10-29,Rabi,19.16,Alluvial,7.7,88,69,174,Urea,Sprinkler,63.6,29.1,70,No,None,Neem Oil,77.15,78.98,466430.6,358683.73,317146.71,-41537.02,67,95
FARM00976,Karnataka,Mysuru,Village_158,Maize,DHM117,2023-11-28,2024-03-25,Zaid,10.93,Laterite,6.6,140,55,85,Urea,Sprinkler,97.1,19.4,66,No,None,Neem Oil,45.15,45.02,849275.6,329678.51,149361.64,-180316.87,73,61
FARM00977,Maharashtra,Nashik,Village_326,Wheat,HD2967,2021-03-22,2021-07-28,Rabi,23.2,Clay,7.3,109,121,79,Vermicompost,Flood,25.1,18.8,56,No,None,Neem Oil,68.73,67.16,1065962.1,648249.22,250547.95,-397701.27,93,56
FARM00978,Maharashtra,Nashik,Village_275,Rice,Basmati,2022-06-05,2022-10-15,Rabi,1.09,Black,6.6,45,124,105,DAP,Canal,65.6,30.9,70,Yes,Leaf Blight,Chlorpyrifos,3.84,3.07,46790.2,27158.97,11189.51,-15969.46,47,65
FARM00979,Karnataka,Belagavi,Village_5,Millet,Bajra,2024-03-11,2024-07-16,Rabi,13.48,Laterite,6.5,122,166,177,DAP,Drip,99.8,36.4,79,No,None,Neem Oil,48.69,50.08,1076528.0,429186.81,143558.73,-285628.08,56,50
FARM00980,Punjab,Amritsar,Village_280,Maize,DHM117,2020-04-23,2020-08-04,Kharif,9.35,Clay,7.5,107,100,173,NPK,Rain-fed,77.7,28.1,77,No,None,Neem Oil,36.65,39.52,392240.5,174715.35,154586.22,-20129.13,78,53
FARM00981,Maharashtra,Nashik,Village_373,Potato,Kufri Jyoti,2023-08-14,2024-01-14,Zaid,7.24,Loamy,6.1,88,93,176,Vermicompost,Sprinkler,109.5,28.0,82,No,None,Neem Oil,29.23,28.78,154440.5,142752.98,61402.03,-81350.95,75,73
FARM00982,Tamil Nadu,Madurai,Village_90,Wheat,PBW725,2020-10-26,2021-04-17,Zaid,6.02,Clay,6.4,150,179,102,Urea,Rain-fed,31.8,24.2,65,No,None,Neem Oil,19.77,18.99,104433.4,100609.53,48340.64,-52268.89,87,79
FARM00983,Maharashtra,Pune,Village_7,Potato,Kufri Jyoti,2022-09-04,2022-12-22,Rabi,7.9,Red,7.5,100,126,88,Organic Compost,Flood,95.5,24.1,79,No,None,Neem Oil,29.77,28.95,490994.2,153023.56,67348.25,-85675.31,78,76
FARM00984,Rajasthan,Jaipur,Village_376,Sugarcane,Co0238,2021-08-27,2022-02-02,Kharif,3.6,Red,5.9,41,70,94,Urea,Rain-fed,99.9,30.7,71,No,None,Neem Oil,17.06,18.59,191437.2,52429.14,56468.23,4039.09,62,93
FARM00985,Uttar Pradesh,Lucknow,Village_91,Rice,Basmati,2023-06-04,2023-11-07,Zaid,21.8,Loamy,6.6,125,107,117,Urea,Canal,91.3,33.3,77,No,None,Neem Oil,76.27,83.78,850685.6,699667.55,333217.73,-366449.82,63,67
FARM00986,West Bengal,Siliguri,Village_127,Wheat,PBW725,2023-02-17,2023-07-07,Zaid,23.75,Red,7.0,146,100,165,DAP,Sprinkler,64.7,18.2,59,No,None,Neem Oil,85.71,85.48,550151.0,371589.77,263043.78,-108545.99,86,72
FARM00987,Assam,Jorhat,Village_389,Sugarcane,Co0238,2021-04-30,2021-10-11,Kharif,10.85,Alluvial,8.1,47,112,93,Urea,Canal,40.0,33.2,66,No,None,Neem Oil,45.2,46.3,787703.7,262110.66,110162.78,-151947.88,74,45
FARM00988,Maharashtra,Nashik,Village_43,Potato,Kufri Pukhraj,2021-10-12,2022-04-03,Zaid,20.35,Alluvial,7.0,63,153,50,Urea,Sprinkler,54.9,22.2,66,Yes,Leaf Blight,Imidacloprid,87.27,69.82,466321.2,351456.0,207845.25,-143610.75,68,59
FARM00989,Uttar Pradesh,Lucknow,Village_438,Potato,Kufri Jyoti,2022-01-28,2022-05-16,Kharif,2.06,Black,7.0,180,67,159,NPK,Flood,44.5,24.6,58,No,None,Neem Oil,8.12,8.66,90749.0,50919.22,30085.94,-20833.28,72,46
FARM00990,West Bengal,Kolkata,Village_426,Wheat,HD2967,2022-10-19,2023-03-27,Zaid,12.53,Clay,5.9,152,148,55,Organic Compost,Drip,159.2,19.2,96,No,None,Neem Oil,66.73,67.48,259453.5,381045.26,240207.09,-140838.17,79,66
FARM00991,Assam,Jorhat,Village_244,Sugarcane,Co0238,2023-10-03,2024-02-19,Zaid,19.12,Alluvial,5.9,130,145,95,Urea,Rain-fed,46.2,28.2,66,Yes,Leaf Blight,Chlorpyrifos,67.18,53.74,1118456.1,355305.99,122595.24,-232710.75,66,79
FARM00992,West Bengal,Siliguri,Village_485,Cotton,Suraj,2020-10-28,2021-04-10,Kharif,6.96,Red,7.6,140,78,73,Urea,Flood,100.6,27.2,74,Yes,Leaf Blight,Imidacloprid,30.98,24.78,156142.2,132181.41,55367.26,-76814.15,50,62
FARM00993,Karnataka,Mysuru,Village_439,Maize,DHM117,2023-06-29,2023-11-18,Zaid,18.07,Loamy,6.9,119,74,85,NPK,Sprinkler,90.8,24.8,77,No,None,Neem Oil,68.07,67.55,1313933.8,484187.39,273628.17,-210559.22,63,75
FARM00994,Karnataka,Mysuru,Village_26,Sugarcane,Co0238,2021-09-30,2022-01-04,Kharif,9.74,Alluvial,8.2,167,104,44,NPK,Canal,109.5,28.4,69,No,None,Neem Oil,38.53,38.2,376211.4,168037.29,69662.21,-98375.08,73,50
FARM00995,Tamil Nadu,Madurai,Village_24,Cotton,Suraj,2020-10-22,2021-03-28,Zaid,11.63,Laterite,6.8,110,162,71,Organic Compost,Flood,92.7,31.1,73,No,None,Neem Oil,41.19,44.13,215431.7,178482.36,120226.19,-58256.17,76,47
FARM00996,Tamil Nadu,Coimbatore,Village_232,Millet,Ragi,2023-04-14,2023-08-12,Rabi,4.76,Loamy,7.5,100,112,121,Vermicompost,Sprinkler,46.1,22.3,66,No,None,Neem Oil,18.63,17.89,169285.7,156149.79,53665.67,-102484.12,93,53
FARM00997,Assam,Jorhat,Village_301,Wheat,PBW725,2024-02-11,2024-06-21,Kharif,3.92,Loamy,5.8,49,156,102,Urea,Drip,47.2,28.4,56,Yes,Leaf Blight,Chlorpyrifos,16.7,13.36,262763.5,102778.34,49167.22,-53611.12,38,45
FARM00998,Rajasthan,Kota,Village_374,Potato,Kufri Pukhraj,2020-09-16,2021-01-16,Zaid,22.17,Laterite,6.9,147,47,128,Vermicompost,Flood,149.6,26.6,85,Yes,Leaf Blight,Chlorpyrifos,106.58,85.26,1653527.4,416640.11,355371.23,-61268.88,37,90
FARM00999,Uttar Pradesh,Meerut,Village_199,Soybean,JS335,2023-01-12,2023-04-12,Rabi,5.55,Loamy,6.4,100,62,86,Organic Compost,Rain-fed,158.3,25.3,81,Yes,Leaf Blight,Imidacloprid,25.48,20.38,380936.2,153635.23,73602.57,-80032.66,66,68
FARM01000,Assam,Guwahati,Village_53,Cotton,Bt,2022-02-27,2022-06-26,Kharif,20.97,Red,5.9,153,55,77,Organic Compost,Sprinkler,44.4,27.8,65,Yes,Leaf Blight,Imidacloprid,71.22,56.98,640627.9,587663.43,180730.08,-406933.35,53,89
FARM01001,West Bengal,Siliguri,Village_448,Potato,Kufri Pukhraj,2020-07-05,2020-10-25,Rabi,15.79,Clay,6.8,40,144,149,Vermicompost,Flood,36.0,19.7,62,No,None,Neem Oil,63.65,63.31,1173976.0,458972.69,221178.71,-237793.98,80,53
FARM01002,Karnataka,Belagavi,Village_224,Potato,Kufri Jyoti,2022-07-01,2022-12-27,Rabi,22.95,Loamy,7.0,175,120,116,NPK,Canal,70.5,24.2,73,No,None,Neem Oil,86.03,81.84,746299.9,353980.48,325335.98,-28644.5,55,49
FARM01003,Rajasthan,Jaipur,Village_118,Wheat,PBW725,2024-01-08,2024-06-21,Kharif,6.72,Alluvial,5.9,59,134,180,NPK,Canal,71.2,30.8,61,Yes,Leaf Blight,Imidacloprid,28.11,22.49,159477.9,95590.47,88280.89,-7309.58,37,46
FARM01004,Rajasthan,Jaipur,Village_65,Maize,DHM117,2024-01-24,2024-06-12,Rabi,13.3,Clay,6.2,112,44,84,Vermicompost,Sprinkler,105.2,27.0,71,Yes,Leaf Blight,Imidacloprid,50.0,40.0,759157.6,177039.45,164342.82,-12696.63,27,60
FARM01005,Karnataka,Mysuru,Village_194,Rice,IR64,2022-02-23,2022-06-19,Zaid,5.63,Loamy,6.8,108,92,105,Organic Compost,Rain-fed,92.1,29.6,73,No,None,Neem Oil,26.62,25.29,352997.7,170242.52,88547.89,-81694.63,97,85
FARM01006,Maharashtra,Nashik,Village_330,Sugarcane,Co86032,2020-06-29,2020-09-28,Zaid,4.0,Red,7.7,131,115,145,Urea,Drip,115.1,31.3,77,Yes,Leaf Blight,Imidacloprid,15.13,12.1,272478.8,109981.06,26841.45,-83139.61,53,54
FARM01007,West Bengal,Siliguri,Village_50,Soybean,NRC37,2021-09-16,2022-01-28,Zaid,11.38,Clay,8.2,158,130,79,Vermicompost,Canal,46.2,33.4,65,No,None,Neem Oil,42.31,42.78,649214.8,381396.2,172822.02,-208574.18,79,63
FARM01008,Maharashtra,Nashik,Village_171,Potato,Kufri Jyoti,2023-10-18,2024-04-04,Zaid,17.97,Alluvial,7.0,115,95,109,Organic Compost,Canal,39.4,28.5,51,Yes,Leaf Blight,Imidacloprid,59.4,47.52,1050623.8,522406.81,157388.31,-365018.5,50,76
FARM01009,Punjab,Ludhiana,Village_11,Soybean,JS335,2020-05-04,2020-08-24,Rabi,18.73,Alluvial,7.5,117,131,111,Vermicompost,Sprinkler,77.9,26.5,68,No,None,Neem Oil,71.1,77.36,1340222.0,635236.88,216695.0,-418541.88,89,88
FARM01010,West Bengal,Siliguri,Village_78,Cotton,Suraj,2020-10-03,2021-03-17,Rabi,23.57,Red,7.9,76,167,167,Vermicompost,Canal,92.0,27.3,81,No,None,Neem Oil,83.68,89.8,1233407.7,579239.22,273237.35,-306001.87,87,49
FARM01011,Uttar Pradesh,Meerut,Village_407,Rice,Basmati,2020-12-23,2021-04-30,Zaid,21.03,Laterite,6.0,62,64,146,NPK,Drip,14.8,29.0,51,No,None,Neem Oil,51.35,50.38,1201984.5,656382.79,166914.53,-489468.26,67,53
FARM01012,West Bengal,Kolkata,Village_183,Potato,Kufri Pukhraj,2022-02-02,2022-07-05,Kharif,1.14,Black,6.8,59,118,171,NPK,Rain-fed,96.8,38.0,70,No,None,Neem Oil,5.43,5.61,35610.7,32385.81,14636.74,-17749.07,79,87
FARM01013,Maharashtra,Pune,Village_50,Rice,IR64,2022-04-20,2022-08-07,Rabi,15.51,Alluvial,5.6,99,75,153,Vermicompost,Drip,29.7,33.9,59,No,None,Neem Oil,47.97,48.59,736130.4,413124.43,95825.19,-317299.24,97,86
FARM01014,West Bengal,Siliguri,Village_122,Wheat,HD2967,2021-05-29,2021-10-14,Kharif,5.23,Laterite,6.0,75,152,91,Urea,Canal,72.8,27.9,68,No,None,Neem Oil,19.45,20.92,268932.6,89509.91,42969.87,-46540.04,76,91
FARM01015,Assam,Jorhat,Village_273,Soybean,NRC37,2023-06-23,2023-10-16,Zaid,23.82,Black,7.8,74,145,120,Organic Compost,Rain-fed,34.5,29.3,50,Yes,Leaf Blight,Chlorpyrifos,73.09,58.47,860820.9,603113.31,122330.43,-480782.88,32,59
FARM01016,Punjab,Ludhiana,Village_440,Millet,Ragi,2020-10-31,2021-02-24,Kharif,2.26,Laterite,8.1,100,121,92,DAP,Sprinkler,99.2,29.7,67,No,None,Neem Oil,8.05,8.68,69254.3,34548.26,26780.68,-7767.58,74,87
FARM01017,West Bengal,Kolkata,Village_253,Soybean,JS335,2022-04-21,2022-07-23,Zaid,23.78,Laterite,6.8,45,70,167,NPK,Drip,56.8,21.4,56,No,None,Neem Oil,82.26,82.86,1189381.8,516705.08,163679.03,-353026.05,58,89
FARM01018,Punjab,Amritsar,Village_220,Maize,HQPM1,2020-01-03,2020-04-07,Kharif,1.09,Loamy,7.8,153,161,135,Vermicompost,Drip,7.1,19.8,54,No,None,Neem Oil,2.51,2.57,55573.9,16423.34,5646.8,-10776.54,85,72
FARM01019,Assam,Jorhat,Village_463,Wheat,PBW725,2020-11-04,2021-04-06,Zaid,24.47,Loamy,7.4,165,154,138,Urea,Sprinkler,106.3,27.7,70,No,None,Neem Oil,92.39,99.47,1821426.8,664729.41,279082.04,-385647.37,81,78
FARM01020,Karnataka,Mysuru,Village_283,Potato,Kufri Pukhraj,2021-05-04,2021-08-12,Rabi,2.67,Alluvial,6.7,74,138,134,NPK,Canal,77.4,23.8,63,Yes,Leaf Blight,Chlorpyrifos,9.5,7.6,95086.7,45673.85,20542.88,-25130.97,44,84
FARM01021,Assam,Jorhat,Village_243,Sugarcane,Co0238,2020-11-24,2021-03-20,Zaid,11.46,Laterite,6.0,117,55,104,Vermicompost,Canal,131.9,27.5,87,No,None,Neem Oil,55.15,55.53,373992.7,317887.0,119381.95,-198505.05,59,93
FARM01022,West Bengal,Kolkata,Village_411,Rice,Basmati,2023-12-29,2024-04-17,Rabi,20.93,Loamy,6.7,163,171,101,DAP,Sprinkler,62.5,26.4,70,No,None,Neem Oil,64.94,69.3,471657.3,327890.06,180455.1,-147434.96,74,64
FARM01023,Uttar Pradesh,Meerut,Village_417,Cotton,Suraj,2021-12-04,2022-05-05,Kharif,9.91,Loamy,7.5,120,142,111,Organic Compost,Flood,37.4,18.2,57,Yes,Leaf Blight,Chlorpyrifos,31.9,25.52,728250.7,250152.82,60394.7,-189758.12,57,69
FARM01024,Punjab,Ludhiana,Village_79,Cotton,Suraj,2020-01-14,2020-04-30,Rabi,12.33,Laterite,5.5,170,155,77,DAP,Canal,48.6,32.3,57,No,None,Neem Oil,46.08,46.86,609691.4,245602.19,193043.67,-52558.52,86,92
FARM01025,Uttar Pradesh,Meerut,Village_344,Cotton,Suraj,2024-04-18,2024-10-05,Kharif,16.58,Alluvial,6.0,126,85,166,Organic Compost,Flood,58.0,16.8,69,Yes,Leaf Blight,Chlorpyrifos,52.79,42.23,420931.7,433111.86,129263.65,-303848.21,35,45
FARM01026,Tamil Nadu,Madurai,Village_243,Cotton,Suraj,2023-03-14,2023-07-18,Zaid,7.18,Alluvial,7.6,71,142,141,DAP,Rain-fed,77.6,30.3,69,Yes,Leaf Blight,Imidacloprid,23.27,18.62,534139.9,220910.59,68746.2,-152164.39,45,59
FARM01027,Karnataka,Belagavi,Village_251,Wheat,HD2967,2020-08-24,2021-02-08,Kharif,19.52,Alluvial,5.6,61,133,116,Urea,Flood,57.0,30.3,71,Yes,Leaf Blight,Imidacloprid,80.47,64.38,365212.0,588193.86,168636.11,-419557.75,32,48
FARM01028,Karnataka,Mysuru,Village_265,Maize,HQPM1,2021-10-30,2022-03-17,Zaid,22.53,Laterite,7.4,161,172,132,NPK,Rain-fed,174.7,20.3,92,No,None,Neem Oil,102.2,105.7,1014136.2,683078.66,417893.89,-265184.77,95,80
FARM01029,Tamil Nadu,Madurai,Village_71,Potato,Kufri Pukhraj,2021-02-06,2021-07-22,Zaid,11.86,Red,6.2,134,136,71,DAP,Rain-fed,184.4,25.4,96,No,None,Neem Oil,64.51,61.76,829071.6,256800.87,216502.51,-40298.36,72,46
FARM01030,Rajasthan,Kota,Village_197,Maize,DHM117,2022-02-18,2022-06-14,Rabi,14.66,Loamy,6.7,141,54,137,Organic Compost,Rain-fed,30.3,27.5,62,No,None,Neem Oil,41.19,44.8,820544.2,512626.97,102728.29,-409898.68,58,56
FARM01031,Karnataka,Belagavi,Village_188,Cotton,Suraj,2020-01-16,2020-07-13,Rabi,10.67,Alluvial,7.6,178,132,77,Urea,Canal,137.8,23.3,86,No,None,Neem Oil,53.25,56.3,591256.4,316715.98,158487.08,-158228.9,65,67
FARM01032,Karnataka,Belagavi,Village_182,Maize,DHM117,2024-05-19,2024-10-05,Zaid,22.32,Loamy,7.3,67,130,72,Vermicompost,Sprinkler,18.9,21.0,59,Yes,Leaf Blight,Chlorpyrifos,55.83,44.66,1167857.2,349345.03,163502.16,-185842.87,54,61
FARM01033,Punjab,Amritsar,Village_287,Sugarcane,Co86032,2022-09-11,2023-02-19,Rabi,15.53,Laterite,7.0,90,130,103,Urea,Drip,66.5,24.9,68,Yes,Leaf Blight,Imidacloprid,52.14,41.71,440037.7,279243.05,175139.92,-104103.13,25,87
FARM01034,Maharashtra,Pune,Village_163,Wheat,HD2967,2022-11-29,2023-05-08,Rabi,5.88,Black,6.7,127,130,73,Urea,Flood,30.1,30.7,57,Yes,Leaf Blight,Imidacloprid,20.27,16.22,357666.4,105281.5,56667.43,-48614.07,56,67
FARM01035,West Bengal,Siliguri,Village_5,Rice,IR64,2021-03-02,2021-08-16,Rabi,13.33,Black,7.3,108,140,171,DAP,Drip,98.6,31.4,71,No,None,Neem Oil,46.6,50.0,651549.4,328776.68,162163.83,-166612.85,86,71
FARM01036,Punjab,Amritsar,Village_163,Potato,Kufri Jyoti,2022-12-09,2023-04-01,Zaid,23.52,Loamy,5.9,40,164,53,Urea,Sprinkler,30.5,30.1,52,Yes,Leaf Blight,Chlorpyrifos,66.76,53.41,1456491.6,813469.33,131367.91,-682101.42,33,50
FARM01037,Rajasthan,Jaipur,Village_154,Soybean,JS335,2020-04-08,2020-08-10,Kharif,12.97,Alluvial,6.0,166,86,145,NPK,Flood,93.2,29.0,65,No,None,Neem Oil,54.43,54.16,629942.8,398080.05,201244.98,-196835.07,86,49
FARM01038,Tamil Nadu,Coimbatore,Village_311,Sugarcane,Co86032,2023-06-22,2023-12-08,Kharif,24.09,Black,7.2,171,109,144,Vermicompost,Rain-fed,62.0,29.3,63,No,None,Neem Oil,77.87,84.16,1378215.9,573810.78,343332.04,-230478.74,62,52
FARM01039,Tamil Nadu,Coimbatore,Village_161,Cotton,Bt,2020-02-14,2020-05-28,Kharif,13.58,Alluvial,8.0,169,49,103,Vermicompost,Flood,57.1,27.1,65,No,None,Neem Oil,39.91,43.57,711752.7,393743.34,179589.12,-214154.22,97,55
FARM01040,Assam,Guwahati,Village_446,Rice,Basmati,2022-06-20,2022-10-13,Zaid,23.26,Black,6.9,73,130,110,Vermicompost,Sprinkler,37.6,21.0,53,No,None,Neem Oil,92.05,92.47,1845954.4,327430.24,292152.68,-35277.56,95,45
FARM01041,Punjab,Ludhiana,Village_260,Maize,DHM117,2020-10-04,2021-03-27,Zaid,7.41,Laterite,6.7,176,172,180,Vermicompost,Sprinkler,44.5,30.3,55,Yes,Leaf Blight,Imidacloprid,23.91,19.13,115721.2,217707.8,58504.28,-159203.52,68,73
FARM01042,Uttar Pradesh,Lucknow,Village_323,Potato,Kufri Pukhraj,2020-05-11,2020-10-22,Rabi,23.09,Laterite,6.6,73,82,168,Organic Compost,Canal,52.9,30.9,59,No,None,Neem Oil,83.6,90.27,1102807.6,700445.58,180361.07,-520084.51,80,59
FARM01043,Uttar Pradesh,Lucknow,Village_335,Rice,Basmati,2024-05-01,2024-08-31,Rabi,19.38,Loamy,6.7,85,167,81,Urea,Flood,26.1,20.6,57,Yes,Leaf Blight,Imidacloprid,70.59,56.47,1204201.7,235455.19,121429.17,-114026.02,64,63
FARM01044,Rajasthan,Jaipur,Village_8,Sugarcane,Co0238,2021-03-10,2021-07-28,Zaid,22.39,Alluvial,5.8,104,114,142,DAP,Canal,66.6,28.5,72,No,None,Neem Oil,99.3,95.87,564811.9,701213.39,263663.0,-437550.39,82,83
FARM01045,Maharashtra,Pune,Village_264,Cotton,Bt,2023-06-28,2023-10-21,Rabi,14.99,Laterite,6.9,64,129,172,DAP,Flood,83.9,24.7,64,Yes,Leaf Blight,Imidacloprid,60.42,48.34,678942.9,234393.05,198035.83,-36357.22,61,45
FARM01046,Rajasthan,Jaipur,Village_6,Wheat,HD2967,2022-09-13,2023-01-24,Kharif,15.39,Loamy,6.7,164,51,155,Vermicompost,Rain-fed,81.0,27.5,76,No,None,Neem Oil,57.47,58.88,533552.9,478432.36,202787.01,-275645.35,56,66
FARM01047,Assam,Guwahati,Village_366,Sugarcane,Co86032,2020-01-30,2020-07-28,Zaid,9.3,Red,6.1,84,97,131,NPK,Canal,101.4,26.1,73,No,None,Neem Oil,40.35,41.35,409202.3,238999.34,146048.28,-92951.06,56,69
FARM01048,West Bengal,Kolkata,Village_313,Cotton,Bt,2023-06-02,2023-10-05,Zaid,19.24,Clay,5.9,41,105,129,Vermicompost,Drip,73.9,33.6,65,No,None,Neem Oil,71.87,75.98,1317639.0,625154.48,172866.91,-452287.57,64,51
FARM01049,Rajasthan,Kota,Village_492,Cotton,Bt,2021-05-27,2021-08-28,Rabi,14.58,Loamy,5.6,119,160,161,Organic Compost,Canal,36.8,36.8,67,Yes,Leaf Blight,Imidacloprid,45.94,36.75,804683.0,405748.7,151839.48,-253909.22,45,86
FARM01050,Rajasthan,Kota,Village_348,Maize,HQPM1,2023-10-14,2024-03-12,Zaid,5.04,Clay,6.2,61,158,72,DAP,Flood,52.1,32.9,69,Yes,Leaf Blight,Imidacloprid,17.03,13.62,282392.9,173098.93,46409.18,-126689.75,50,84
FARM01051,Uttar Pradesh,Lucknow,Village_132,Sugarcane,Co86032,2020-04-11,2020-08-05,Kharif,13.82,Black,6.3,78,85,84,Organic Compost,Drip,66.1,22.4,59,Yes,Leaf Blight,Imidacloprid,47.87,38.3,559998.5,275351.99,99955.17,-175396.82,32,56
FARM01052,Punjab,Amritsar,Village_65,Soybean,JS335,2021-04-23,2021-09-03,Rabi,24.62,Alluvial,6.6,177,88,110,Vermicompost,Rain-fed,87.0,26.5,66,No,None,Neem Oil,99.29,98.41,1533372.6,319383.27,243200.24,-76183.03,84,48
FARM01053,Rajasthan,Jaipur,Village_342,Cotton,Bt,2021-07-03,2021-11-05,Zaid,8.29,Clay,7.9,136,128,112,Urea,Flood,64.4,32.1,61,No,None,Neem Oil,28.26,28.23,453190.7,202062.56,87907.43,-114155.13,90,68
FARM01054,Rajasthan,Kota,Village_320,Rice,IR64,2023-08-18,2023-12-02,Rabi,10.62,Alluvial,6.6,128,171,52,Vermicompost,Drip,61.1,20.6,63,No,None,Neem Oil,41.41,39.52,214389.5,221722.17,147220.81,-74501.36,89,85
FARM01055,West Bengal,Kolkata,Village_484,Wheat,PBW725,2020-08-12,2021-01-20,Zaid,4.32,Red,6.9,88,172,153,DAP,Drip,59.0,32.3,71,No,None,Neem Oil,18.76,19.35,150820.8,99168.89,42848.16,-56320.73,57,72
FARM01056,Punjab,Amritsar,Village_111,Wheat,HD2967,2020-12-23,2021-06-16,Zaid,7.76,Clay,7.9,72,47,66,Urea,Rain-fed,70.8,35.3,66,No,None,Neem Oil,26.43,26.66,499230.7,174423.94,107921.07,-66502.87,84,88
FARM01057,Tamil Nadu,Coimbatore,Village_333,Soybean,JS335,2021-11-17,2022-05-10,Rabi,21.52,Alluvial,5.6,66,91,79,NPK,Canal,47.8,28.0,68,Yes,Leaf Blight,Chlorpyrifos,73.44,58.75,500642.1,744687.3,221772.72,-522914.58,34,87
FARM01058,Karnataka,Mysuru,Village_94,Potato,Kufri Jyoti,2021-06-12,2021-11-06,Zaid,20.42,Laterite,7.5,132,86,102,Organic Compost,Flood,51.1,25.7,62,Yes,Leaf Blight,Chlorpyrifos,66.28,53.02,1587719.7,567143.4,105457.84,-461685.56,68,80
FARM01059,Assam,Guwahati,Village_382,Cotton,Suraj,2020-04-30,2020-10-12,Zaid,12.08,Loamy,6.8,153,112,54,NPK,Drip,95.8,23.8,79,No,None,Neem Oil,44.51,42.6,269941.0,253499.04,77396.36,-176102.68,85,93
FARM01060,West Bengal,Siliguri,Village_410,Wheat,PBW725,2022-12-26,2023-06-09,Rabi,20.41,Loamy,5.9,140,43,143,Vermicompost,Drip,82.5,21.7,70,No,None,Neem Oil,88.57,94.97,1000571.6,522585.43,257446.17,-265139.26,80,55
FARM01061,Tamil Nadu,Coimbatore,Village_133,Rice,Basmati,2020-05-23,2020-10-11,Kharif,22.51,Loamy,6.5,155,53,171,Urea,Rain-fed,58.2,19.5,69,Yes,Leaf Blight,Chlorpyrifos,95.25,76.2,936417.1,623260.98,273544.46,-349716.52,57,79
FARM01062,Maharashtra,Nashik,Village_164,Sugarcane,Co0238,2023-01-23,2023-05-06,Zaid,21.99,Black,6.8,152,52,70,NPK,Flood,124.6,26.4,87,Yes,Leaf Blight,Chlorpyrifos,105.62,84.5,1625469.4,388911.38,347092.56,-41818.82,46,45
FARM01063,Uttar Pradesh,Lucknow,Village_460,Wheat,PBW725,2022-11-11,2023-02-10,Kharif,21.7,Alluvial,6.6,64,111,67,Urea,Canal,172.7,35.8,95,No,None,Neem Oil,105.12,106.46,1610365.8,419276.35,367258.75,-52017.6,71,74
FARM01064,Karnataka,Belagavi,Village_356,Rice,Basmati,2022-05-06,2022-08-15,Kharif,8.97,Clay,7.5,153,72,169,NPK,Sprinkler,68.5,41.3,74,No,None,Neem Oil,29.67,29.37,357338.0,178910.87,109609.66,-69301.21,59,92
FARM01065,Tamil Nadu,Coimbatore,Village_321,Cotton,Suraj,2022-08-18,2022-12-28,Zaid,15.45,Clay,5.6,58,161,178,NPK,Sprinkler,123.3,24.2,79,No,None,Neem Oil,75.59,72.17,488839.7,501397.44,297357.93,-204039.51,68,66
FARM01066,West Bengal,Siliguri,Village_184,Maize,DHM117,2023-03-04,2023-06-15,Zaid,6.81,Black,5.5,180,111,105,Vermicompost,Drip,77.7,27.8,67,No,None,Neem Oil,24.73,24.07,450520.6,120679.77,96875.85,-23803.92,71,62
FARM01067,Karnataka,Belagavi,Village_92,Cotton,Suraj,2024-03-22,2024-09-10,Rabi,4.51,Red,6.3,170,89,159,Urea,Rain-fed,60.2,26.8,57,Yes,Leaf Blight,Chlorpyrifos,19.39,15.51,212913.4,136447.9,49486.62,-86961.28,37,65
FARM01068,Uttar Pradesh,Lucknow,Village_176,Potato,Kufri Pukhraj,2022-06-05,2022-11-18,Rabi,10.53,Red,5.5,108,96,134,NPK,Rain-fed,139.6,15.5,91,No,None,Neem Oil,51.52,49.84,488196.3,140392.65,103682.5,-36710.15,65,74
FARM01069,West Bengal,Siliguri,Village_353,Rice,Basmati,2020-10-30,2021-02-14,Zaid,12.24,Black,7.2,100,180,104,DAP,Flood,5.5,27.3,45,No,None,Neem Oil,42.72,45.65,714867.3,397926.52,158124.8,-239801.72,64,69
FARM01070,Uttar Pradesh,Lucknow,Village_36,Sugarcane,Co0238,2023-08-17,2024-02-07,Rabi,6.14,Red,7.8,143,73,100,Vermicompost,Flood,30.8,30.0,65,Yes,Leaf Blight,Imidacloprid,19.09,15.27,141592.1,117020.39,35847.36,-81173.03,37,91
FARM01071,Maharashtra,Nashik,Village_343,Rice,IR64,2022-06-20,2022-12-07,Kharif,19.97,Black,5.5,120,72,57,NPK,Drip,89.0,35.1,71,No,None,Neem Oil,79.6,84.8,1144848.0,305297.59,255246.95,-50050.64,98,60
FARM01072,Punjab,Amritsar,Village_156,Maize,HQPM1,2023-08-16,2023-11-24,Kharif,16.96,Black,7.9,42,124,61,Organic Compost,Canal,79.0,25.7,77,No,None,Neem Oil,62.55,59.64,843067.8,414458.5,243754.62,-170703.88,79,49
FARM01073,Rajasthan,Jaipur,Village_217,Millet,Ragi,2023-06-17,2023-11-03,Kharif,14.05,Clay,8.1,138,141,89,Urea,Sprinkler,55.7,29.3,63,No,None,Neem Oil,49.46,50.5,738453.8,200514.81,201759.86,1245.05,73,51
FARM01074,Punjab,Amritsar,Village_451,Wheat,PBW725,2020-02-11,2020-07-04,Rabi,8.65,Laterite,6.0,98,161,41,NPK,Drip,26.9,37.9,50,No,None,Neem Oil,29.05,29.44,466988.0,188163.34,95087.29,-93076.05,82,90
FARM01075,Maharashtra,Nashik,Village_414,Rice,Basmati,2024-03-27,2024-07-18,Kharif,7.93,Loamy,7.3,159,145,80,Urea,Sprinkler,18.6,28.0,53,No,None,Neem Oil,22.21,24.19,351777.2,140279.48,77713.67,-62565.81,62,60
FARM01076,West Bengal,Siliguri,Village_498,Cotton,Suraj,2021-02-27,2021-08-24,Rabi,21.31,Alluvial,6.6,132,102,128,Organic Compost,Rain-fed,66.9,16.1,58,No,None,Neem Oil,90.78,91.51,1258402.7,430495.0,328088.15,-102406.85,98,69
FARM01077,Maharashtra,Pune,Village_381,Maize,HQPM1,2020-12-27,2021-05-28,Kharif,10.56,Red,6.1,75,168,179,NPK,Sprinkler,126.6,30.6,89,No,None,Neem Oil,50.3,55.08,703988.6,205654.74,175805.38,-29849.36,71,64
FARM01078,Tamil Nadu,Coimbatore,Village_331,Sugarcane,Co0238,2024-01-22,2024-07-10,Kharif,9.42,Red,5.9,54,87,150,Vermicompost,Sprinkler,76.8,27.5,72,Yes,Leaf Blight,Chlorpyrifos,43.35,34.68,278697.3,208219.4,71922.91,-136296.49,45,68
FARM01079,Maharashtra,Pune,Village_68,Wheat,PBW725,2021-08-06,2022-02-02,Zaid,21.9,Clay,6.7,63,133,92,DAP,Drip,148.4,27.3,92,Yes,Leaf Blight,Imidacloprid,91.99,73.59,1090407.7,455571.08,149278.55,-306292.53,22,68
FARM01080,Tamil Nadu,Madurai,Village_294,Rice,Basmati,2021-12-15,2022-04-22,Zaid,18.72,Red,6.3,132,107,161,DAP,Sprinkler,18.4,35.0,61,No,None,Neem Oil,51.37,49.54,1320845.6,603642.93,122291.82,-481351.11,76,84
FARM01081,West Bengal,Siliguri,Village_282,Rice,Basmati,2021-08-07,2022-01-11,Zaid,23.75,Red,5.9,55,116,107,NPK,Rain-fed,81.7,28.0,70,No,None,Neem Oil,107.9,113.65,813518.7,370100.25,248103.56,-121996.69,67,55
FARM01082,Maharashtra,Pune,Village_202,Rice,Basmati,2024-02-19,2024-08-04,Rabi,20.82,Black,7.0,114,54,164,Organic Compost,Drip,71.5,35.5,72,Yes,Leaf Blight,Chlorpyrifos,83.46,66.77,779454.8,600191.65,186803.37,-413388.28,57,60
FARM01083,Punjab,Amritsar,Village_186,Cotton,Suraj,2020-12-30,2021-06-18,Rabi,16.15,Loamy,6.2,134,168,100,Urea,Rain-fed,153.9,29.6,96,No,None,Neem Oil,80.3,80.65,967467.2,244314.8,253232.62,8917.82,87,73
FARM01084,Punjab,Amritsar,Village_344,Soybean,NRC37,2022-05-06,2022-10-05,Kharif,13.1,Laterite,7.0,99,75,153,NPK,Rain-fed,85.3,26.6,72,No,None,Neem Oil,53.59,55.17,644282.1,225035.82,189409.34,-35626.48,92,72
FARM01085,West Bengal,Siliguri,Village_386,Soybean,NRC37,2022-02-17,2022-06-15,Kharif,17.23,Laterite,6.9,121,108,101,Vermicompost,Flood,68.8,26.4,66,No,None,Neem Oil,77.89,77.75,888854.9,506697.62,252001.57,-254696.05,77,94
FARM01086,Punjab,Ludhiana,Village_386,Cotton,Bt,2022-08-03,2022-12-11,Zaid,13.42,Black,7.2,139,43,84,DAP,Canal,76.2,13.1,71,Yes,Leaf Blight,Chlorpyrifos,49.53,39.62,755788.9,399993.6,139873.99,-260119.61,58,61
FARM01087,Assam,Jorhat,Village_283,Cotton,Bt,2021-09-09,2022-01-11,Rabi,17.13,Black,5.9,96,154,145,DAP,Canal,33.3,32.9,55,No,None,Neem Oil,69.86,66.78,736003.1,230154.88,205306.87,-24848.01,70,82
FARM01088,Uttar Pradesh,Lucknow,Village_215,Millet,Ragi,2024-01-30,2024-05-08,Zaid,5.98,Alluvial,7.8,85,167,162,Urea,Sprinkler,92.4,27.1,72,No,None,Neem Oil,25.4,27.07,351459.1,198878.21,96425.61,-102452.6,78,45
FARM01089,Karnataka,Belagavi,Village_189,Wheat,HD2967,2020-08-29,2021-02-21,Kharif,18.79,Alluvial,7.0,166,48,179,NPK,Sprinkler,92.3,31.8,72,No,None,Neem Oil,85.61,82.9,1412531.4,474110.62,261227.28,-212883.34,97,73
FARM01090,Karnataka,Belagavi,Village_279,Millet,Bajra,2020-06-02,2020-11-28,Rabi,1.12,Red,8.1,72,91,92,NPK,Rain-fed,76.1,29.0,74,No,None,Neem Oil,5.02,5.03,34245.9,19481.62,14187.95,-5293.67,94,83
FARM01091,Maharashtra,Pune,Village_139,Millet,Ragi,2023-08-28,2024-02-03,Rabi,6.43,Laterite,5.6,137,159,41,Urea,Drip,29.1,32.1,63,Yes,Leaf Blight,Imidacloprid,17.12,13.7,433426.9,189835.53,26608.47,-163227.06,49,48
FARM01092,Uttar Pradesh,Lucknow,Village_348,Sugarcane,Co0238,2020-12-19,2021-04-25,Zaid,17.82,Clay,7.6,169,46,132,Organic Compost,Flood,77.2,16.7,69,No,None,Neem Oil,81.69,88.96,1301530.4,529125.98,187724.61,-341401.37,66,82
FARM01093,Assam,Jorhat,Village_281,Wheat,HD2967,2024-02-21,2024-08-08,Kharif,24.46,Clay,7.0,55,162,157,Urea,Drip,123.8,29.7,76,No,None,Neem Oil,98.02,98.99,1019152.8,719760.56,304897.11,-414863.45,56,93
FARM01094,Karnataka,Mysuru,Village_114,Rice,IR64,2022-12-08,2023-04-03,Kharif,13.39,Laterite,6.1,66,47,168,DAP,Sprinkler,37.0,27.7,67,No,None,Neem Oil,37.79,40.56,503390.3,250173.6,158108.23,-92065.37,89,54
FARM01095,Maharashtra,Pune,Village_53,Wheat,HD2967,2023-04-07,2023-09-02,Zaid,17.56,Loamy,7.6,107,73,160,Urea,Sprinkler,41.4,27.8,61,Yes,Leaf Blight,Chlorpyrifos,66.79,53.43,1193647.0,387695.84,115700.33,-271995.51,68,93
FARM01096,Assam,Guwahati,Village_421,Sugarcane,Co86032,2024-04-17,2024-08-02,Rabi,7.18,Laterite,7.0,158,44,71,Vermicompost,Sprinkler,37.1,34.9,55,Yes,Leaf Blight,Chlorpyrifos,26.49,21.19,532461.6,240780.67,61248.76,-179531.91,27,90
FARM01097,Rajasthan,Kota,Village_29,Sugarcane,Co86032,2021-03-05,2021-07-05,Rabi,21.5,Loamy,7.2,109,140,78,Vermicompost,Sprinkler,72.1,23.3,61,Yes,Leaf Blight,Imidacloprid,70.39,56.31,757822.6,316040.51,164825.51,-151215.0,44,88
FARM01098,West Bengal,Kolkata,Village_469,Potato,Kufri Jyoti,2021-02-19,2021-08-16,Kharif,24.46,Black,7.5,149,165,113,DAP,Rain-fed,75.3,30.1,74,No,None,Neem Oil,111.96,119.21,1836580.6,642575.77,363260.63,-279315.14,86,62
FARM01099,Maharashtra,Nashik,Village_328,Millet,Bajra,2022-02-26,2022-07-12,Kharif,16.35,Clay,6.5,63,118,162,Urea,Flood,29.7,21.2,51,No,None,Neem Oil,51.29,53.22,1138191.5,498106.48,156743.14,-341363.34,85,90
FARM01100,West Bengal,Kolkata,Village_281,Wheat,PBW725,2020-01-22,2020-05-26,Zaid,14.8,Black,5.7,110,41,40,Organic Compost,Rain-fed,11.4,32.4,48,Yes,Leaf Blight,Imidacloprid,39.71,31.77,952433.0,397918.59,102655.41,-295263.18,39,45
FARM01101,Uttar Pradesh,Meerut,Village_144,Millet,Bajra,2020-12-21,2021-05-29,Rabi,9.28,Black,6.6,124,55,73,Organic Compost,Sprinkler,13.4,18.4,45,No,None,Neem Oil,32.14,33.96,658099.5,190846.42,102274.39,-88572.03,84,92
FARM01102,Maharashtra,Pune,Village_397,Potato,Kufri Jyoti,2022-09-18,2023-01-25,Kharif,4.28,Black,8.1,59,63,167,Vermicompost,Flood,59.1,30.5,67,No,None,Neem Oil,15.12,14.77,246723.8,131659.05,33734.94,-97924.11,95,50
FARM01103,Rajasthan,Kota,Village_125,Maize,HQPM1,2020-06-24,2020-10-26,Kharif,17.58,Black,8.1,49,157,73,Organic Compost,Sprinkler,88.5,23.8,68,No,None,Neem Oil,83.81,82.77,817428.7,523283.69,219620.44,-303663.25,92,94
FARM01104,Maharashtra,Pune,Village_252,Maize,HQPM1,2024-05-04,2024-10-24,Zaid,22.4,Alluvial,6.1,115,83,118,Urea,Sprinkler,53.1,26.4,61,Yes,Leaf Blight,Chlorpyrifos,66.11,52.89,1482522.4,436612.28,146939.75,-289672.53,26,50
FARM01105,Tamil Nadu,Madurai,Village_476,Soybean,NRC37,2023-10-29,2024-03-14,Zaid,1.3,Red,8.2,73,58,40,DAP,Drip,66.0,26.8,66,No,None,Neem Oil,5.01,5.2,78107.8,38722.83,12302.36,-26420.47,85,88
FARM01106,Karnataka,Mysuru,Village_224,Potato,Kufri Pukhraj,2022-03-12,2022-06-27,Zaid,14.26,Laterite,7.2,168,147,155,NPK,Flood,230.2,25.6,98,No,None,Neem Oil,89.66,88.96,431632.7,470869.11,271781.47,-199087.64,59,48
FARM01107,Rajasthan,Kota,Village_421,Soybean,NRC37,2023-12-01,2024-05-13,Zaid,12.07,Alluvial,8.1,108,92,80,Urea,Flood,36.9,23.7,64,Yes,Leaf Blight,Chlorpyrifos,32.93,26.34,339072.9,296449.08,62611.62,-233837.46,43,63
FARM01108,West Bengal,Kolkata,Village_382,Sugarcane,Co86032,2024-01-10,2024-06-01,Rabi,9.71,Black,7.5,72,130,161,Organic Compost,Drip,97.5,27.0,71,Yes,Leaf Blight,Chlorpyrifos,41.91,33.53,480388.7,252730.03,113488.67,-139241.36,58,84
FARM01109,Punjab,Amritsar,Village_202,Maize,HQPM1,2024-01-28,2024-05-15,Rabi,13.86,Loamy,6.1,111,145,159,Organic Compost,Canal,36.5,24.0,56,No,None,Neem Oil,50.54,51.7,391143.9,304930.4,126789.01,-178141.39,89,55
FARM01110,Assam,Jorhat,Village_403,Wheat,HD2967,2022-05-28,2022-09-09,Rabi,14.53,Alluvial,8.2,139,156,179,Vermicompost,Drip,60.3,30.6,64,No,None,Neem Oil,48.43,51.1,656318.3,184634.13,208958.73,24324.6,58,53
FARM01111,Rajasthan,Kota,Village_67,Wheat,HD2967,2020-08-28,2020-12-20,Rabi,12.85,Clay,7.9,136,174,146,DAP,Sprinkler,26.8,20.4,62,No,None,Neem Oil,48.62,50.75,565885.3,232452.3,132330.52,-100121.78,63,58
FARM01112,Rajasthan,Jaipur,Village_345,Millet,Ragi,2023-11-03,2024-04-11,Rabi,7.02,Alluvial,6.9,110,174,159,NPK,Sprinkler,64.7,29.3,58,No,None,Neem Oil,21.4,20.36,539314.7,93222.51,38010.42,-55212.09,57,67
FARM01113,West Bengal,Siliguri,Village_315,Millet,Ragi,2021-04-15,2021-07-15,Zaid,23.27,Red,7.6,158,59,146,Urea,Rain-fed,39.1,40.9,66,No,None,Neem Oil,71.13,69.59,639825.4,501892.54,282685.31,-219207.23,56,91
FARM01114,Tamil Nadu,Coimbatore,Village_218,Soybean,NRC37,2023-12-29,2024-04-01,Zaid,4.73,Loamy,6.8,129,41,142,Urea,Drip,41.5,36.6,55,No,None,Neem Oil,18.59,18.63,157559.2,156356.48,50609.58,-105746.9,71,68
FARM01115,Maharashtra,Pune,Village_456,Potato,Kufri Jyoti,2022-11-28,2023-03-03,Zaid,7.9,Loamy,7.5,91,87,126,NPK,Sprinkler,35.9,37.3,52,No,None,Neem Oil,30.46,32.28,124535.7,251747.06,86629.56,-165117.5,68,50
FARM01116,West Bengal,Siliguri,Village_210,Wheat,PBW725,2022-03-19,2022-08-05,Zaid,14.7,Red,7.2,88,160,119,NPK,Sprinkler,95.7,22.8,76,No,None,Neem Oil,55.64,53.86,804303.1,400523.62,162364.05,-238159.57,84,85
FARM01117,Uttar Pradesh,Lucknow,Village_300,Millet,Bajra,2024-01-24,2024-06-21,Kharif,16.81,Alluvial,6.1,140,71,124,Urea,Rain-fed,66.4,35.0,72,Yes,Leaf Blight,Imidacloprid,58.78,47.02,1301665.7,370823.1,127434.33,-243388.77,62,90
FARM01118,Karnataka,Belagavi,Village_423,Soybean,NRC37,2022-05-23,2022-09-10,Zaid,15.06,Clay,6.4,126,77,62,Urea,Rain-fed,76.5,31.3,69,Yes,Leaf Blight,Chlorpyrifos,69.03,55.22,1176179.2,468700.38,194037.22,-274663.16,52,92
FARM01119,West Bengal,Siliguri,Village_300,Rice,Basmati,2023-11-02,2024-02-17,Zaid,22.64,Alluvial,7.1,78,140,113,Vermicompost,Rain-fed,139.2,27.0,91,No,None,Neem Oil,120.73,131.84,654603.8,680386.08,431635.16,-248750.92,90,92
FARM01120,Karnataka,Belagavi,Village_319,Sugarcane,Co86032,2021-11-09,2022-03-31,Rabi,1.85,Clay,7.3,132,152,171,DAP,Sprinkler,82.5,32.7,69,Yes,Leaf Blight,Imidacloprid,6.37,5.1,40838.2,31599.52,15166.47,-16433.05,31,70
FARM01121,Tamil Nadu,Coimbatore,Village_311,Rice,Basmati,2023-08-27,2023-12-09,Kharif,23.37,Loamy,7.8,80,128,153,NPK,Canal,150.8,37.6,92,No,None,Neem Oil,105.14,112.6,1127674.5,655471.7,416653.17,-238818.53,87,79
FARM01122,Uttar Pradesh,Lucknow,Village_282,Potato,Kufri Pukhraj,2021-10-18,2022-02-18,Kharif,15.05,Black,6.0,179,76,129,DAP,Canal,50.1,37.5,63,Yes,Leaf Blight,Imidacloprid,54.07,43.26,614308.9,308534.58,132910.77,-175623.81,62,52
FARM01123,West Bengal,Siliguri,Village_130,Wheat,PBW725,2021-10-14,2022-03-17,Zaid,3.19,Loamy,6.2,131,154,120,Vermicompost,Sprinkler,45.8,28.7,56,No,None,Neem Oil,12.25,11.76,149034.3,40654.53,40461.56,-192.97,98,81
FARM01124,Tamil Nadu,Coimbatore,Village_131,Millet,Ragi,2023-06-13,2023-10-21,Kharif,19.25,Black,6.9,53,56,108,Vermicompost,Canal,103.1,24.8,68,No,None,Neem Oil,79.37,78.48,1493686.1,628500.59,320999.6,-307500.99,93,61
FARM01125,Assam,Jorhat,Village_179,Maize,DHM117,2023-09-01,2024-02-22,Kharif,16.78,Clay,7.2,125,88,130,NPK,Canal,63.3,19.4,64,No,None,Neem Oil,62.18,64.82,1190204.9,392298.08,143920.26,-248377.82,72,69
FARM01126,Assam,Guwahati,Village_196,Millet,Ragi,2023-04-23,2023-07-25,Rabi,12.23,Black,6.9,91,64,117,Vermicompost,Flood,98.1,20.2,70,Yes,Leaf Blight,Imidacloprid,50.1,40.08,888144.8,205418.82,142703.32,-62715.5,42,93
FARM01127,Tamil Nadu,Madurai,Village_95,Potato,Kufri Jyoti,2020-08-10,2020-11-18,Kharif,14.8,Clay,6.3,114,120,53,NPK,Canal,52.8,19.9,61,Yes,Leaf Blight,Chlorpyrifos,58.36,46.69,648772.3,284194.96,92610.46,-191584.5,22,69
FARM01128,Tamil Nadu,Madurai,Village_55,Rice,IR64,2024-02-19,2024-07-16,Rabi,13.36,Red,7.6,51,177,110,Organic Compost,Sprinkler,102.5,21.7,73,No,None,Neem Oil,50.43,47.98,802974.3,261552.0,127247.29,-134304.71,64,81
FARM01129,West Bengal,Siliguri,Village_94,Soybean,NRC37,2020-07-21,2020-12-08,Rabi,6.78,Laterite,6.0,120,135,119,Vermicompost,Drip,106.4,31.7,72,No,None,Neem Oil,23.94,24.16,153842.8,179068.31,97055.47,-82012.84,74,79
FARM01130,Uttar Pradesh,Lucknow,Village_196,Potato,Kufri Jyoti,2023-12-25,2024-04-12,Zaid,13.11,Red,7.4,142,75,41,Vermicompost,Flood,121.1,36.8,81,No,None,Neem Oil,67.15,72.97,742379.2,320078.31,145467.13,-174611.18,62,71
FARM01131,Punjab,Amritsar,Village_102,Rice,IR64,2022-04-08,2022-08-22,Zaid,14.93,Laterite,6.1,150,139,121,NPK,Drip,35.0,25.0,53,No,None,Neem Oil,42.93,46.54,1155643.4,474619.24,174741.18,-299878.06,81,74
FARM01132,Uttar Pradesh,Meerut,Village_53,Potato,Kufri Pukhraj,2023-07-14,2023-12-12,Zaid,24.96,Red,8.2,67,42,172,Urea,Rain-fed,128.2,30.4,88,No,None,Neem Oil,96.75,98.84,1096773.1,481077.56,398032.81,-83044.75,69,51
FARM01133,Punjab,Ludhiana,Village_485,Maize,HQPM1,2023-03-23,2023-07-19,Zaid,17.81,Loamy,6.7,146,136,57,Vermicompost,Canal,57.4,27.5,63,No,None,Neem Oil,74.22,78.61,803987.9,470298.42,306778.07,-163520.35,90,47
FARM01134,Tamil Nadu,Madurai,Village_492,Millet,Bajra,2020-04-07,2020-09-22,Zaid,3.15,Black,6.3,61,97,41,Organic Compost,Canal,100.5,27.1,76,No,None,Neem Oil,11.25,11.43,55801.1,64599.93,37417.59,-27182.34,95,77
FARM01135,Maharashtra,Nashik,Village_166,Cotton,Bt,2021-01-07,2021-04-08,Kharif,19.26,Clay,6.4,161,58,80,Organic Compost,Drip,32.8,25.9,66,No,None,Neem Oil,70.79,76.08,780729.1,632897.27,170485.07,-462412.2,70,90
FARM01136,Punjab,Ludhiana,Village_455,Cotton,Bt,2022-05-26,2022-09-19,Kharif,17.31,Laterite,5.6,166,151,68,Urea,Canal,48.4,27.4,56,No,None,Neem Oil,50.34,52.69,264756.9,234583.1,204045.98,-30537.12,67,69
FARM01137,Tamil Nadu,Coimbatore,Village_322,Sugarcane,Co0238,2023-09-02,2024-01-18,Rabi,13.46,Alluvial,7.1,103,136,156,Vermicompost,Drip,125.9,31.5,88,No,None,Neem Oil,69.77,72.33,983029.0,296041.46,145963.31,-150078.15,62,55
FARM01138,Punjab,Amritsar,Village_314,Millet,Ragi,2020-03-16,2020-07-11,Rabi,20.36,Laterite,5.9,59,73,142,DAP,Drip,68.1,24.4,74,Yes,Leaf Blight,Chlorpyrifos,67.09,53.67,612696.5,495455.53,155398.74,-340056.79,42,70
FARM01139,Punjab,Amritsar,Village_151,Cotton,Bt,2023-06-28,2023-12-19,Kharif,17.09,Alluvial,7.9,91,104,159,DAP,Rain-fed,141.0,26.5,93,No,None,Neem Oil,92.02,97.39,1079007.4,385973.97,284217.45,-101756.52,66,80
FARM01140,Karnataka,Belagavi,Village_381,Rice,IR64,2023-08-18,2024-02-02,Rabi,11.6,Clay,7.4,52,101,154,Urea,Rain-fed,61.9,25.2,70,No,None,Neem Oil,45.86,45.94,670232.7,274201.65,124900.23,-149301.42,74,72
FARM01141,Tamil Nadu,Madurai,Village_483,Maize,HQPM1,2022-05-01,2022-08-03,Rabi,9.26,Red,7.6,79,49,47,NPK,Sprinkler,83.8,23.7,75,No,None,Neem Oil,38.73,37.53,718340.2,172342.0,108850.32,-63491.68,84,71
FARM01142,Punjab,Ludhiana,Village_23,Millet,Bajra,2021-02-22,2021-06-30,Zaid,14.0,Alluvial,5.7,176,66,120,Organic Compost,Sprinkler,16.1,23.6,50,No,None,Neem Oil,39.07,38.64,698441.4,168194.32,138123.21,-30071.11,56,65
FARM01143,Tamil Nadu,Coimbatore,Village_67,Rice,Basmati,2020-07-27,2020-11-24,Zaid,19.2,Laterite,6.8,105,112,151,NPK,Rain-fed,96.4,24.4,78,No,None,Neem Oil,82.78,78.7,900930.1,488061.1,203594.75,-284466.35,95,51
FARM01144,Tamil Nadu,Madurai,Village_435,Potato,Kufri Pukhraj,2022-01-02,2022-06-19,Kharif,8.09,Red,5.8,180,156,110,Urea,Rain-fed,100.6,24.8,80,No,None,Neem Oil,32.82,34.84,411090.0,141087.23,94767.58,-46319.65,63,85
FARM01145,Rajasthan,Jaipur,Village_399,Soybean,JS335,2023-09-15,2024-01-07,Rabi,3.05,Loamy,7.2,153,125,47,Vermicompost,Canal,112.5,22.5,72,Yes,Leaf Blight,Imidacloprid,13.2,10.56,165283.9,99065.02,34974.04,-64090.98,42,50
FARM01146,Maharashtra,Pune,Village_390,Wheat,HD2967,2022-05-11,2022-09-18,Rabi,15.56,Black,6.5,129,52,158,NPK,Canal,69.3,24.8,71,Yes,Leaf Blight,Imidacloprid,56.17,44.94,594265.6,446149.92,147773.08,-298376.84,33,56
FARM01147,Karnataka,Belagavi,Village_357,Rice,Basmati,2024-04-21,2024-07-27,Zaid,5.31,Red,7.5,110,114,70,Organic Compost,Flood,98.6,21.0,81,No,None,Neem Oil,25.95,25.81,153074.5,87096.91,77467.37,-9629.54,88,69
FARM01148,Assam,Guwahati,Village_276,Maize,HQPM1,2022-04-01,2022-08-09,Zaid,16.04,Alluvial,5.7,88,62,135,Organic Compost,Flood,40.9,25.9,63,Yes,Leaf Blight,Imidacloprid,58.03,46.42,1266637.8,530501.57,120805.86,-409695.71,69,66
FARM01149,Assam,Guwahati,Village_207,Soybean,JS335,2020-04-18,2020-08-22,Kharif,15.1,Alluvial,6.3,119,160,154,Urea,Drip,94.0,21.3,72,No,None,Neem Oil,63.55,65.21,1086741.2,398754.19,209268.66,-189485.53,61,68
FARM01150,Assam,Jorhat,Village_426,Rice,Basmati,2023-05-12,2023-08-25,Zaid,18.55,Alluvial,7.3,87,138,132,Urea,Canal,54.4,28.3,61,No,None,Neem Oil,65.4,67.46,585925.2,225995.45,244096.86,18101.41,86,84
FARM01151,West Bengal,Kolkata,Village_149,Cotton,Suraj,2023-02-18,2023-06-26,Zaid,21.56,Black,7.1,153,122,115,NPK,Flood,91.2,24.5,69,No,None,Neem Oil,77.73,81.83,960833.4,300608.68,176628.24,-123980.44,90,63
FARM01152,Karnataka,Mysuru,Village_278,Cotton,Suraj,2023-03-05,2023-06-07,Zaid,22.49,Clay,7.5,154,128,45,Vermicompost,Rain-fed,52.7,15.6,55,No,None,Neem Oil,88.86,88.9,366678.0,629067.03,345697.76,-283369.27,73,55
FARM01153,Maharashtra,Pune,Village_253,Soybean,NRC37,2021-02-23,2021-08-14,Rabi,21.07,Black,8.2,126,145,167,Urea,Canal,52.8,28.0,70,Yes,Leaf Blight,Imidacloprid,70.84,56.67,737234.4,356852.66,129354.56,-227498.1,55,80
FARM01154,Karnataka,Mysuru,Village_7,Potato,Kufri Pukhraj,2022-12-20,2023-05-12,Kharif,8.81,Black,6.1,127,141,64,Organic Compost,Drip,145.3,29.6,83,No,None,Neem Oil,38.52,37.43,270476.1,161171.12,139233.38,-21937.74,71,48
FARM01155,Rajasthan,Kota,Village_323,Potato,Kufri Jyoti,2020-11-05,2021-03-29,Kharif,20.55,Laterite,7.1,95,155,161,NPK,Flood,97.0,26.0,74,No,None,Neem Oil,99.12,99.62,980759.5,639333.24,356788.0,-282545.24,95,58
FARM01156,Assam,Jorhat,Village_482,Soybean,JS335,2022-08-13,2022-11-28,Kharif,19.64,Black,7.5,142,102,69,Vermicompost,Sprinkler,103.2,24.7,76,No,None,Neem Oil,92.86,90.17,536560.6,490276.52,222062.36,-268214.16,88,68
FARM01157,Tamil Nadu,Madurai,Village_215,Cotton,Bt,2022-04-07,2022-08-08,Zaid,6.24,Loamy,6.7,173,179,92,Urea,Drip,121.1,23.3,74,No,None,Neem Oil,24.35,26.75,367069.7,98797.64,93342.91,-5454.73,73,62
FARM01158,Maharashtra,Pune,Village_240,Wheat,HD2967,2023-08-27,2024-02-03,Kharif,14.08,Red,5.8,178,137,81,Organic Compost,Rain-fed,62.5,29.1,70,No,None,Neem Oil,53.67,58.47,1120221.4,219635.04,225868.48,6233.44,89,56
FARM01159,Uttar Pradesh,Lucknow,Village_349,Cotton,Suraj,2022-10-01,2023-03-29,Kharif,23.05,Loamy,7.4,137,44,118,DAP,Sprinkler,60.4,25.6,70,Yes,Leaf Blight,Imidacloprid,71.86,57.49,1751721.6,510163.83,177414.05,-332749.78,34,63
FARM01160,Assam,Guwahati,Village_5,Wheat,HD2967,2024-03-12,2024-07-09,Kharif,22.29,Loamy,5.7,165,81,120,DAP,Sprinkler,117.6,19.9,83,No,None,Neem Oil,109.83,106.85,1511656.9,320848.89,262800.11,-58048.78,58,56
FARM01161,Tamil Nadu,Madurai,Village_499,Soybean,JS335,2024-03-17,2024-08-20,Kharif,8.21,Laterite,7.5,80,73,108,Organic Compost,Rain-fed,108.5,22.3,73,Yes,Leaf Blight,Chlorpyrifos,38.09,30.47,247414.7,227512.55,120743.46,-106769.09,33,74
FARM01162,Assam,Jorhat,Village_18,Potato,Kufri Pukhraj,2022-12-09,2023-03-12,Kharif,5.08,Red,8.1,63,53,69,NPK,Canal,106.6,28.4,75,No,None,Neem Oil,24.04,24.41,132766.8,76398.07,96292.5,19894.43,61,63
FARM01163,Uttar Pradesh,Lucknow,Village_23,Soybean,JS335,2022-01-18,2022-04-26,Kharif,1.31,Black,6.4,125,140,81,DAP,Drip,90.5,22.0,78,Yes,Leaf Blight,Imidacloprid,6.31,5.05,97501.3,20720.73,20825.75,105.02,53,51
FARM01164,Assam,Jorhat,Village_485,Millet,Ragi,2020-04-27,2020-10-22,Kharif,17.14,Black,7.4,67,149,86,Vermicompost,Drip,104.0,41.7,82,Yes,Leaf Blight,Imidacloprid,63.88,51.1,935549.0,593127.83,164404.3,-428723.53,52,52
FARM01165,Tamil Nadu,Madurai,Village_355,Cotton,Suraj,2021-12-06,2022-03-16,Zaid,15.85,Black,7.3,174,47,115,Organic Compost,Drip,74.9,28.7,69,No,None,Neem Oil,62.95,66.42,306978.3,312314.0,244247.58,-68066.42,75,62
FARM01166,Rajasthan,Kota,Village_391,Cotton,Suraj,2023-12-01,2024-03-24,Rabi,14.98,Alluvial,7.5,79,84,61,Vermicompost,Rain-fed,146.8,34.7,80,No,None,Neem Oil,70.66,71.1,370933.2,341479.79,177016.61,-164463.18,91,62
FARM01167,Tamil Nadu,Madurai,Village_134,Cotton,Suraj,2020-08-09,2021-01-20,Kharif,11.56,Black,6.4,147,127,143,Organic Compost,Rain-fed,29.8,24.0,59,No,None,Neem Oil,30.38,31.04,711691.7,211870.27,66095.31,-145774.96,92,92
FARM01168,Karnataka,Belagavi,Village_242,Sugarcane,Co86032,2021-05-05,2021-10-28,Zaid,12.45,Clay,8.1,120,103,117,DAP,Canal,51.1,20.9,70,Yes,Leaf Blight,Imidacloprid,46.37,37.1,402371.8,199523.85,149800.74,-49723.11,53,49
FARM01169,Uttar Pradesh,Lucknow,Village_314,Potato,Kufri Jyoti,2020-10-06,2021-02-10,Rabi,14.73,Black,5.7,69,145,111,NPK,Flood,113.6,27.9,75,No,None,Neem Oil,70.25,69.45,615955.3,353846.64,290225.36,-63621.28,59,58
FARM01170,Rajasthan,Kota,Village_365,Sugarcane,Co0238,2024-05-15,2024-11-11,Zaid,5.68,Clay,7.4,180,40,147,NPK,Drip,31.8,27.0,64,No,None,Neem Oil,17.84,19.37,154842.9,87123.12,47115.3,-40007.82,97,87
FARM01171,Assam,Guwahati,Village_353,Sugarcane,Co0238,2020-05-17,2020-09-15,Kharif,12.36,Laterite,6.8,147,149,175,NPK,Rain-fed,119.0,25.7,82,No,None,Neem Oil,57.23,58.33,847288.7,187838.77,182445.8,-5392.97,62,88
FARM01172,Uttar Pradesh,Lucknow,Village_247,Wheat,PBW725,2021-05-27,2021-10-10,Zaid,1.21,Red,6.6,62,117,103,Urea,Sprinkler,122.1,19.4,74,No,None,Neem Oil,4.52,4.63,28213.6,28576.69,14678.58,-13898.11,71,54
FARM01173,Karnataka,Belagavi,Village_159,Wheat,PBW725,2021-01-02,2021-05-12,Zaid,6.4,Black,5.9,63,155,119,Urea,Flood,104.4,22.7,69,Yes,Leaf Blight,Chlorpyrifos,29.76,23.81,451206.5,144884.14,80104.76,-64779.38,62,45
FARM01174,West Bengal,Kolkata,Village_141,Rice,Basmati,2023-06-29,2023-11-02,Kharif,2.4,Red,5.7,177,156,44,Urea,Canal,77.1,32.7,66,Yes,Leaf Blight,Imidacloprid,8.8,7.04,185710.9,67649.84,29475.55,-38174.29,63,55
FARM01175,Maharashtra,Pune,Village_58,Maize,HQPM1,2020-01-01,2020-05-16,Rabi,2.13,Clay,6.3,80,88,80,NPK,Drip,80.3,18.6,77,Yes,Leaf Blight,Imidacloprid,8.81,7.05,78210.0,46117.85,19926.44,-26191.41,29,92
FARM01176,Assam,Jorhat,Village_204,Millet,Bajra,2020-10-08,2021-02-02,Kharif,23.02,Clay,7.8,118,148,114,Urea,Rain-fed,84.4,19.3,67,No,None,Neem Oil,78.05,74.18,1739787.9,400401.15,150886.61,-249514.54,65,54
FARM01177,Karnataka,Belagavi,Village_318,Soybean,JS335,2020-02-25,2020-05-25,Kharif,21.31,Black,5.9,53,97,106,Vermicompost,Sprinkler,34.8,17.5,61,No,None,Neem Oil,74.09,74.49,1665287.7,511099.91,282541.07,-228558.84,75,55
FARM01178,Tamil Nadu,Madurai,Village_449,Cotton,Suraj,2023-11-13,2024-04-24,Kharif,2.84,Alluvial,5.9,110,99,48,DAP,Flood,92.8,25.2,68,No,None,Neem Oil,11.07,12.06,114897.1,49555.69,26277.09,-23278.6,98,76
FARM01179,Punjab,Ludhiana,Village_236,Wheat,HD2967,2020-01-13,2020-06-27,Rabi,10.55,Clay,7.6,155,83,101,NPK,Canal,78.2,20.5,73,No,None,Neem Oil,47.12,48.93,329789.2,201887.12,90140.51,-111746.61,84,67
FARM01180,Tamil Nadu,Madurai,Village_95,Cotton,Bt,2022-06-13,2022-09-30,Zaid,15.09,Laterite,7.2,159,91,117,DAP,Sprinkler,85.1,15.9,63,Yes,Leaf Blight,Imidacloprid,70.2,56.16,313934.2,402538.59,167821.01,-234717.58,34,55
FARM01181,Maharashtra,Pune,Village_364,Maize,HQPM1,2021-02-02,2021-05-26,Zaid,15.87,Clay,6.6,109,121,103,Urea,Sprinkler,115.5,30.1,76,No,None,Neem Oil,59.84,62.35,620174.9,527596.13,223395.26,-304200.87,68,80
FARM01182,West Bengal,Siliguri,Village_273,Rice,Basmati,2020-06-05,2020-09-05,Kharif,24.75,Laterite,6.2,141,73,103,DAP,Flood,154.7,28.4,88,Yes,Leaf Blight,Imidacloprid,123.61,98.89,1849393.5,398534.66,247805.53,-150729.13,20,48
FARM01183,Rajasthan,Kota,Village_314,Potato,Kufri Jyoti,2024-05-03,2024-10-14,Kharif,12.62,Laterite,7.3,158,69,115,DAP,Drip,59.3,28.9,65,No,None,Neem Oil,49.47,49.02,899208.2,206495.28,184341.47,-22153.81,89,70
FARM01184,Rajasthan,Jaipur,Village_204,Millet,Bajra,2020-09-11,2021-03-01,Kharif,3.1,Clay,5.7,150,175,121,Vermicompost,Canal,57.5,33.2,57,No,None,Neem Oil,9.62,9.9,74672.6,90704.32,28977.88,-61726.44,64,45
FARM01185,Punjab,Amritsar,Village_95,Maize,HQPM1,2023-02-09,2023-06-20,Zaid,9.18,Alluvial,7.1,114,66,40,NPK,Flood,50.4,33.2,67,No,None,Neem Oil,28.39,27.47,275353.8,315684.79,58636.93,-257047.86,98,72
FARM01186,Uttar Pradesh,Meerut,Village_207,Cotton,Bt,2020-12-25,2021-06-12,Zaid,11.02,Clay,5.9,115,106,179,Urea,Rain-fed,72.9,28.7,64,No,None,Neem Oil,38.46,39.53,234717.0,316261.07,125577.23,-190683.84,71,52
FARM01187,Uttar Pradesh,Meerut,Village_442,Rice,IR64,2022-04-10,2022-08-05,Rabi,20.99,Clay,8.0,62,136,113,Vermicompost,Flood,39.0,30.5,58,No,None,Neem Oil,65.67,68.25,1029798.2,458890.0,222518.86,-236371.14,64,78
FARM01188,West Bengal,Siliguri,Village_463,Cotton,Bt,2020-03-16,2020-08-17,Kharif,15.28,Loamy,7.5,141,160,63,Organic Compost,Flood,54.8,26.8,67,No,None,Neem Oil,57.94,58.27,506639.2,366013.77,155962.11,-210051.66,56,65
FARM01189,Maharashtra,Pune,Village_258,Wheat,HD2967,2023-02-01,2023-06-18,Zaid,2.22,Red,7.7,166,84,103,Urea,Sprinkler,107.4,30.4,80,No,None,Neem Oil,8.3,8.69,123370.6,62040.64,27811.46,-34229.18,81,95
FARM01190,Assam,Guwahati,Village_409,Rice,IR64,2022-10-22,2023-04-06,Zaid,18.96,Clay,5.7,63,146,164,NPK,Sprinkler,168.3,30.9,96,Yes,Leaf Blight,Chlorpyrifos,91.64,73.31,775015.2,317434.49,206460.86,-110973.63,56,46
FARM01191,Tamil Nadu,Coimbatore,Village_472,Rice,Basmati,2021-11-01,2022-04-29,Kharif,4.74,Black,5.6,47,141,101,Urea,Rain-fed,86.1,21.6,78,Yes,Leaf Blight,Imidacloprid,18.63,14.9,150714.8,87308.77,38024.09,-49284.68,24,71
FARM01192,Uttar Pradesh,Lucknow,Village_237,Potato,Kufri Jyoti,2023-09-06,2023-12-05,Rabi,2.62,Red,7.3,114,73,111,Urea,Flood,56.8,31.7,62,Yes,Leaf Blight,Imidacloprid,8.45,6.76,105856.5,49357.37,24402.78,-24954.59,64,66
FARM01193,West Bengal,Siliguri,Village_169,Potato,Kufri Pukhraj,2022-04-30,2022-09-02,Kharif,13.58,Loamy,7.0,169,176,44,Urea,Canal,74.8,27.4,71,No,None,Neem Oil,46.96,45.98,422156.9,263727.78,129087.29,-134640.49,97,47
FARM01194,Maharashtra,Nashik,Village_167,Maize,DHM117,2022-08-05,2022-12-13,Zaid,7.73,Clay,7.7,93,50,68,Vermicompost,Canal,50.1,24.5,56,Yes,Leaf Blight,Chlorpyrifos,23.88,19.1,524181.8,104191.85,57471.48,-46720.37,27,69
FARM01195,Tamil Nadu,Coimbatore,Village_449,Millet,Ragi,2023-02-09,2023-06-01,Zaid,13.9,Alluvial,6.6,148,105,142,Vermicompost,Rain-fed,86.6,34.3,64,Yes,Leaf Blight,Chlorpyrifos,56.22,44.98,714156.3,400101.89,89983.49,-310118.4,45,49
FARM01196,Assam,Jorhat,Village_63,Soybean,JS335,2023-02-19,2023-05-29,Kharif,21.84,Loamy,8.1,147,62,132,DAP,Canal,54.4,17.2,58,Yes,Leaf Blight,Imidacloprid,80.76,64.61,1658559.2,711503.25,267679.13,-443824.12,28,55
FARM01197,Karnataka,Belagavi,Village_464,Maize,HQPM1,2023-07-20,2023-12-15,Rabi,15.67,Clay,5.9,121,106,69,NPK,Flood,123.4,33.9,87,No,None,Neem Oil,78.83,85.49,504637.1,256617.65,332475.39,75857.74,93,88
FARM01198,Karnataka,Mysuru,Village_451,Wheat,HD2967,2020-11-07,2021-02-10,Rabi,12.08,Loamy,6.5,157,170,46,Vermicompost,Canal,93.3,32.4,78,No,None,Neem Oil,58.04,55.47,438191.7,158973.76,196667.11,37693.35,67,67
FARM01199,Punjab,Amritsar,Village_372,Cotton,Suraj,2023-06-25,2023-12-19,Rabi,5.82,Loamy,5.9,57,137,106,DAP,Sprinkler,84.4,20.5,66,Yes,Leaf Blight,Imidacloprid,21.76,17.41,315532.7,170787.16,43968.37,-126818.79,35,54
FARM01200,West Bengal,Kolkata,Village_145,Maize,DHM117,2022-01-11,2022-07-03,Zaid,19.72,Laterite,6.7,61,134,86,DAP,Rain-fed,21.7,25.6,53,Yes,Leaf Blight,Chlorpyrifos,68.94,55.15,550115.5,605750.34,158262.96,-447487.38,58,48
FARM01201,Tamil Nadu,Coimbatore,Village_227,Sugarcane,Co0238,2023-07-01,2023-10-07,Zaid,7.18,Red,7.5,177,93,131,Organic Compost,Sprinkler,33.0,34.7,53,No,None,Neem Oil,22.87,24.05,275375.2,114338.9,99246.26,-15092.64,59,61
FARM01202,Punjab,Ludhiana,Village_159,Potato,Kufri Pukhraj,2022-12-07,2023-03-15,Rabi,12.99,Loamy,5.9,61,115,153,Urea,Flood,113.0,27.4,73,No,None,Neem Oil,49.1,49.43,960229.9,386501.33,175134.85,-211366.48,66,89
FARM01203,West Bengal,Kolkata,Village_423,Millet,Ragi,2020-09-30,2021-03-15,Rabi,15.43,Red,6.1,44,95,136,NPK,Drip,42.3,30.3,58,No,None,Neem Oil,46.03,45.25,1094521.1,377186.2,81517.7,-295668.5,57,57
FARM01204,Rajasthan,Kota,Village_42,Rice,IR64,2022-09-24,2023-01-25,Kharif,12.16,Loamy,6.4,71,50,45,DAP,Rain-fed,80.7,27.2,62,Yes,Leaf Blight,Chlorpyrifos,45.53,36.42,324727.1,276923.19,146809.72,-130113.47,50,76
FARM01205,Tamil Nadu,Coimbatore,Village_327,Sugarcane,Co0238,2020-06-10,2020-11-17,Kharif,23.17,Laterite,5.8,173,41,167,NPK,Drip,40.5,22.7,52,Yes,Leaf Blight,Chlorpyrifos,88.61,70.89,725682.3,716528.72,155519.13,-561009.59,39,45
FARM01206,Rajasthan,Jaipur,Village_332,Potato,Kufri Pukhraj,2022-04-11,2022-08-08,Kharif,14.63,Laterite,7.5,77,154,81,Urea,Canal,77.5,25.4,71,Yes,Leaf Blight,Imidacloprid,62.52,50.02,1038022.5,469869.24,192043.91,-277825.33,46,65
FARM01207,Maharashtra,Nashik,Village_482,Maize,HQPM1,2021-01-26,2021-05-02,Kharif,4.19,Alluvial,6.8,167,42,63,Organic Compost,Rain-fed,62.5,20.0,64,Yes,Leaf Blight,Imidacloprid,17.47,13.98,180647.0,109530.25,38472.03,-71058.22,65,57
FARM01208,West Bengal,Siliguri,Village_49,Wheat,PBW725,2024-01-22,2024-04-29,Rabi,8.66,Black,7.9,113,159,179,NPK,Flood,83.9,32.5,72,No,None,Neem Oil,30.61,32.88,359327.7,302346.6,129377.3,-172969.3,58,94
FARM01209,Tamil Nadu,Coimbatore,Village_41,Millet,Bajra,2020-12-14,2021-04-11,Kharif,24.67,Clay,6.3,95,44,158,NPK,Sprinkler,28.0,35.2,62,Yes,Leaf Blight,Chlorpyrifos,71.8,57.44,502468.9,777095.35,184324.18,-592771.17,59,94
FARM01210,Punjab,Amritsar,Village_325,Sugarcane,Co86032,2021-06-15,2021-11-12,Zaid,12.34,Alluvial,7.1,149,40,73,DAP,Canal,40.7,27.8,55,No,None,Neem Oil,44.67,48.82,549007.3,355795.1,117662.26,-238132.84,86,87
FARM01211,Punjab,Ludhiana,Village_49,Sugarcane,Co86032,2023-01-04,2023-04-10,Zaid,7.57,Clay,7.4,138,120,78,Vermicompost,Sprinkler,32.1,23.9,55,Yes,Leaf Blight,Imidacloprid,23.59,18.87,580761.1,108107.7,59831.01,-48276.69,52,51
FARM01212,Uttar Pradesh,Lucknow,Village_318,Cotton,Suraj,2021-12-25,2022-06-21,Rabi,15.26,Loamy,5.6,46,123,146,DAP,Drip,97.9,33.6,76,No,None,Neem Oil,67.26,69.27,1218312.1,402947.58,273953.64,-128993.94,77,66
FARM01213,Punjab,Ludhiana,Village_259,Cotton,Bt,2021-01-12,2021-04-17,Kharif,12.8,Alluvial,6.1,115,142,65,Urea,Canal,105.1,29.3,84,No,None,Neem Oil,47.66,48.25,431490.6,395628.12,119525.13,-276102.99,67,90
FARM01214,Uttar Pradesh,Lucknow,Village_148,Wheat,PBW725,2021-05-26,2021-11-11,Zaid,11.96,Loamy,7.4,81,140,118,Vermicompost,Sprinkler,38.3,32.4,62,No,None,Neem Oil,36.42,37.11,710289.7,150936.91,129772.19,-21164.72,94,95
FARM01215,Karnataka,Belagavi,Village_17,Maize,DHM117,2024-02-14,2024-07-09,Zaid,10.21,Laterite,6.8,109,131,179,Vermicompost,Rain-fed,109.5,23.9,84,No,None,Neem Oil,38.78,41.43,426736.4,345313.53,84771.49,-260542.04,94,58
FARM01216,West Bengal,Siliguri,Village_467,Rice,Basmati,2020-04-05,2020-09-02,Rabi,23.19,Alluvial,7.8,145,54,64,Urea,Sprinkler,51.8,28.4,68,Yes,Leaf Blight,Chlorpyrifos,66.9,53.52,1347118.8,798079.79,99027.94,-699051.85,57,83
FARM01217,Assam,Jorhat,Village_205,Rice,IR64,2021-01-13,2021-05-04,Kharif,14.58,Black,6.8,47,140,175,NPK,Canal,20.4,33.9,63,No,None,Neem Oil,38.6,39.31,424476.6,301206.9,124408.19,-176798.71,80,93
FARM01218,Karnataka,Mysuru,Village_92,Soybean,NRC37,2023-12-20,2024-04-07,Kharif,24.3,Black,8.2,46,55,148,NPK,Flood,76.3,24.7,74,Yes,Leaf Blight,Chlorpyrifos,103.02,82.42,1346344.1,524162.05,253684.37,-270477.68,41,46
FARM01219,Punjab,Amritsar,Village_283,Rice,Basmati,2023-11-01,2024-03-21,Kharif,23.56,Loamy,7.6,95,102,180,NPK,Flood,52.9,28.6,69,Yes,Leaf Blight,Chlorpyrifos,78.18,62.54,1154700.1,785608.69,203637.75,-581970.94,33,82
FARM01220,Uttar Pradesh,Meerut,Village_206,Sugarcane,Co0238,2021-04-15,2021-07-19,Kharif,2.54,Loamy,7.7,144,94,166,DAP,Rain-fed,27.1,24.2,55,Yes,Leaf Blight,Chlorpyrifos,6.55,5.24,66520.1,87514.76,15692.46,-71822.3,60,90
FARM01221,Punjab,Amritsar,Village_129,Sugarcane,Co86032,2022-03-17,2022-07-12,Zaid,11.76,Black,5.8,112,54,129,Urea,Rain-fed,67.1,34.4,63,No,None,Neem Oil,42.41,41.73,178217.0,211192.35,79525.06,-131667.29,74,56
FARM01222,Punjab,Amritsar,Village_150,Millet,Ragi,2020-02-19,2020-08-10,Kharif,9.54,Clay,6.2,66,145,82,Urea,Canal,34.5,32.3,53,No,None,Neem Oil,29.79,32.67,612702.1,259140.45,59662.46,-199477.99,81,89
FARM01223,Tamil Nadu,Madurai,Village_384,Rice,Basmati,2020-03-26,2020-09-02,Zaid,1.28,Black,7.7,102,90,94,Urea,Drip,125.0,23.9,85,Yes,Leaf Blight,Chlorpyrifos,6.23,4.98,65305.4,25682.95,19878.39,-5804.56,21,91
FARM01224,Karnataka,Mysuru,Village_478,Rice,Basmati,2022-12-17,2023-05-17,Rabi,24.96,Black,7.9,114,119,179,NPK,Drip,124.8,38.7,88,No,None,Neem Oil,104.13,109.77,634368.5,559317.4,304748.86,-254568.54,56,83
FARM01225,Maharashtra,Pune,Village_212,Sugarcane,Co0238,2020-03-15,2020-06-17,Kharif,22.42,Loamy,7.5,59,148,74,NPK,Drip,116.1,25.6,77,Yes,Leaf Blight,Chlorpyrifos,96.79,77.43,1190283.4,521126.97,161540.13,-359586.84,31,76
FARM01226,Punjab,Amritsar,Village_91,Maize,DHM117,2020-12-14,2021-04-05,Kharif,8.1,Red,6.6,147,93,127,Vermicompost,Rain-fed,99.3,32.8,73,No,None,Neem Oil,30.46,31.52,248874.7,174822.02,126254.55,-48567.47,80,89
FARM01227,Punjab,Amritsar,Village_179,Maize,HQPM1,2021-08-12,2022-02-07,Rabi,23.88,Laterite,5.9,136,45,109,NPK,Canal,16.9,17.9,58,No,None,Neem Oil,67.84,65.7,989555.9,691108.16,155540.59,-535567.57,83,52
FARM01228,Karnataka,Mysuru,Village_352,Sugarcane,Co0238,2022-04-17,2022-08-15,Rabi,18.34,Red,7.9,79,123,172,Organic Compost,Sprinkler,67.3,27.0,65,No,None,Neem Oil,80.65,87.59,1257755.9,296349.6,226580.58,-69769.02,72,64
FARM01229,Uttar Pradesh,Lucknow,Village_350,Wheat,PBW725,2022-11-21,2023-04-16,Zaid,22.72,Loamy,5.9,85,74,77,Urea,Sprinkler,44.4,23.4,64,Yes,Leaf Blight,Chlorpyrifos,66.4,53.12,1010676.7,695176.63,162482.92,-532693.71,46,47
FARM01230,Maharashtra,Nashik,Village_414,Sugarcane,Co86032,2020-07-15,2020-11-29,Zaid,3.98,Alluvial,6.8,79,92,125,Urea,Canal,54.5,36.2,66,No,None,Neem Oil,13.74,14.4,267522.0,120362.41,45639.71,-74722.7,65,77
FARM01231,Karnataka,Mysuru,Village_458,Potato,Kufri Jyoti,2022-07-04,2022-10-20,Rabi,14.46,Laterite,7.9,108,66,45,NPK,Flood,39.9,26.1,57,Yes,Leaf Blight,Imidacloprid,46.16,36.93,799861.5,325640.32,101090.68,-224549.64,43,63
FARM01232,Maharashtra,Nashik,Village_262,Wheat,HD2967,2022-07-31,2023-01-02,Kharif,9.03,Black,7.3,92,45,103,Organic Compost,Rain-fed,81.3,23.7,69,Yes,Leaf Blight,Imidacloprid,30.9,24.72,402758.0,235701.21,65506.14,-170195.07,58,46
FARM01233,Rajasthan,Kota,Village_370,Rice,Basmati,2023-07-14,2023-10-17,Zaid,19.36,Alluvial,7.9,85,138,126,Vermicompost,Drip,34.6,25.7,53,No,None,Neem Oil,51.4,55.49,1299047.6,280777.33,206087.33,-74690.0,66,69
FARM01234,Uttar Pradesh,Meerut,Village_44,Cotton,Suraj,2020-02-07,2020-07-13,Kharif,2.19,Clay,6.7,135,166,77,Urea,Sprinkler,110.1,38.6,81,No,None,Neem Oil,10.46,10.76,48635.8,60492.22,19739.24,-40752.98,78,84
FARM01235,West Bengal,Siliguri,Village_78,Soybean,NRC37,2023-12-28,2024-04-30,Kharif,22.39,Loamy,6.1,47,156,139,Vermicompost,Flood,135.9,31.0,87,No,None,Neem Oil,107.0,102.8,1463419.4,302376.68,420633.34,118256.66,71,50
FARM01236,West Bengal,Kolkata,Village_145,Millet,Bajra,2021-01-30,2021-06-06,Rabi,13.02,Red,5.6,80,57,108,Vermicompost,Sprinkler,44.7,27.8,59,No,None,Neem Oil,36.28,38.24,760369.7,226208.21,123786.4,-102421.81,66,61
FARM01237,Tamil Nadu,Madurai,Village_98,Potato,Kufri Jyoti,2021-04-04,2021-07-19,Zaid,4.57,Alluvial,7.2,70,132,153,NPK,Rain-fed,201.1,17.9,96,No,None,Neem Oil,24.01,24.58,319413.2,138198.04,46887.06,-91310.98,85,68
FARM01238,Punjab,Amritsar,Village_276,Cotton,Suraj,2022-02-10,2022-08-05,Zaid,13.4,Clay,6.0,139,167,154,Organic Compost,Sprinkler,125.0,41.6,87,Yes,Leaf Blight,Chlorpyrifos,59.01,47.21,800156.2,316065.02,99670.76,-216394.26,29,90
FARM01239,West Bengal,Kolkata,Village_208,Potato,Kufri Pukhraj,2024-02-28,2024-08-02,Kharif,14.45,Laterite,6.1,129,96,118,Vermicompost,Rain-fed,62.6,27.2,61,No,None,Neem Oil,58.89,56.43,381924.0,491169.06,221521.96,-269647.1,88,53
FARM01240,Punjab,Amritsar,Village_218,Rice,IR64,2024-04-24,2024-08-29,Kharif,19.18,Red,6.8,58,161,79,DAP,Drip,87.4,28.0,71,No,None,Neem Oil,76.05,75.7,1321447.8,555682.77,286794.83,-268887.94,79,57
FARM01241,Karnataka,Belagavi,Village_75,Sugarcane,Co0238,2021-06-21,2021-11-08,Rabi,4.44,Loamy,7.3,40,164,125,DAP,Canal,61.7,23.5,73,No,None,Neem Oil,16.03,15.7,171194.1,130716.35,53089.25,-77627.1,57,61
FARM01242,Tamil Nadu,Coimbatore,Village_334,Wheat,HD2967,2020-11-27,2021-04-04,Rabi,18.12,Red,8.1,45,156,132,NPK,Rain-fed,127.9,29.5,87,Yes,Leaf Blight,Imidacloprid,68.86,55.09,1129908.0,495616.35,129400.1,-366216.25,50,58
FARM01243,Uttar Pradesh,Lucknow,Village_390,Wheat,HD2967,2023-02-03,2023-05-27,Rabi,8.57,Black,7.4,56,149,96,Urea,Canal,69.6,28.6,75,No,None,Neem Oil,28.13,30.4,419023.4,226753.95,56164.93,-170589.02,68,76
FARM01244,West Bengal,Kolkata,Village_218,Millet,Bajra,2021-11-04,2022-02-06,Zaid,6.28,Alluvial,6.9,143,145,93,Organic Compost,Rain-fed,54.1,25.2,56,No,None,Neem Oil,24.9,26.1,487309.8,217865.92,47931.13,-169934.79,80,87
FARM01245,Uttar Pradesh,Meerut,Village_13,Sugarcane,Co0238,2021-08-26,2021-12-18,Zaid,20.42,Red,7.7,109,58,99,Organic Compost,Rain-fed,49.8,26.6,60,No,None,Neem Oil,67.38,71.97,1129931.9,429747.4,230971.37,-198776.03,72,82
FARM01246,West Bengal,Kolkata,Village_256,Maize,DHM117,2022-08-05,2022-11-06,Zaid,12.06,Alluvial,7.0,46,46,90,DAP,Flood,126.3,20.6,89,Yes,Leaf Blight,Chlorpyrifos,46.85,37.48,661837.2,330690.78,154168.26,-176522.52,23,59
FARM01247,Maharashtra,Nashik,Village_225,Wheat,HD2967,2024-01-15,2024-05-30,Zaid,17.14,Laterite,6.9,64,135,61,Urea,Drip,40.1,31.1,54,Yes,Leaf Blight,Imidacloprid,60.4,48.32,533844.7,409777.07,175707.23,-234069.84,61,54
FARM01248,Tamil Nadu,Coimbatore,Village_165,Potato,Kufri Jyoti,2023-07-19,2023-12-03,Rabi,12.67,Clay,7.5,117,40,180,Vermicompost,Flood,35.5,22.2,58,No,None,Neem Oil,36.57,40.0,240545.6,237572.35,138568.48,-99003.87,93,88
FARM01249,West Bengal,Siliguri,Village_83,Maize,DHM117,2021-01-07,2021-04-20,Rabi,22.44,Loamy,6.5,100,106,109,Vermicompost,Canal,73.7,30.0,76,No,None,Neem Oil,76.62,75.93,827984.0,569711.32,289847.19,-279864.13,87,70
FARM01250,Punjab,Ludhiana,Village_24,Millet,Bajra,2023-03-03,2023-08-14,Kharif,11.2,Clay,5.9,103,108,171,Organic Compost,Flood,58.6,21.1,63,No,None,Neem Oil,34.28,36.09,887171.7,235205.56,75219.97,-159985.59,98,45
FARM01251,Uttar Pradesh,Lucknow,Village_77,Soybean,JS335,2022-12-04,2023-05-08,Kharif,4.6,Loamy,6.7,124,49,65,Urea,Flood,47.2,26.8,53,No,None,Neem Oil,14.54,15.27,358463.8,141437.72,60857.11,-80580.61,90,58
FARM01252,Uttar Pradesh,Lucknow,Village_150,Soybean,NRC37,2022-12-03,2023-05-20,Zaid,17.67,Laterite,7.0,104,143,60,Vermicompost,Flood,55.9,28.6,60,No,None,Neem Oil,68.19,67.96,1002249.8,567212.3,146324.11,-420888.19,79,47
FARM01253,Uttar Pradesh,Lucknow,Village_311,Millet,Ragi,2021-02-02,2021-07-19,Kharif,18.69,Alluvial,7.4,107,136,106,Vermicompost,Flood,52.6,27.9,63,No,None,Neem Oil,57.71,57.99,1037726.8,224533.84,220804.79,-3729.05,86,92
FARM01254,Punjab,Ludhiana,Village_422,Millet,Ragi,2020-12-14,2021-04-27,Zaid,13.55,Alluvial,8.1,91,117,66,Organic Compost,Rain-fed,70.0,20.9,72,No,None,Neem Oil,53.5,51.02,776363.1,265914.03,203628.84,-62285.19,67,64
FARM01255,Punjab,Ludhiana,Village_165,Maize,HQPM1,2020-01-28,2020-07-14,Kharif,21.58,Loamy,6.4,106,110,114,NPK,Drip,133.4,28.2,84,Yes,Leaf Blight,Chlorpyrifos,87.96,70.37,669915.1,717489.46,165412.77,-552076.69,32,64
FARM01256,Karnataka,Belagavi,Village_136,Cotton,Suraj,2023-02-27,2023-06-21,Zaid,17.26,Clay,7.2,96,177,54,NPK,Rain-fed,34.7,25.2,57,Yes,Leaf Blight,Imidacloprid,49.78,39.82,602802.5,228739.17,154865.74,-73873.43,68,92
FARM01257,Assam,Guwahati,Village_299,Millet,Bajra,2022-10-03,2023-02-01,Zaid,19.92,Alluvial,6.0,172,176,43,DAP,Rain-fed,89.7,24.3,77,No,None,Neem Oil,91.71,91.86,1574707.3,486276.4,307073.31,-179203.09,96,60
FARM01258,Karnataka,Belagavi,Village_45,Wheat,PBW725,2022-11-21,2023-03-01,Zaid,20.1,Red,8.1,179,57,132,Organic Compost,Sprinkler,172.5,28.2,98,No,None,Neem Oil,96.14,95.85,876690.6,261706.61,280264.38,18557.77,96,61
FARM01259,Rajasthan,Kota,Village_324,Sugarcane,Co0238,2020-06-05,2020-09-20,Zaid,17.03,Loamy,5.8,119,91,111,Organic Compost,Sprinkler,109.3,21.7,73,No,None,Neem Oil,68.47,74.37,617447.6,544687.85,240930.5,-303757.35,97,75
FARM01260,Rajasthan,Jaipur,Village_127,Cotton,Bt,2020-02-02,2020-05-31,Kharif,10.91,Laterite,6.7,171,135,148,Organic Compost,Canal,32.1,30.9,63,No,None,Neem Oil,30.96,33.32,432108.0,373901.06,133075.5,-240825.56,75,46
FARM01261,Karnataka,Belagavi,Village_316,Sugarcane,Co0238,2020-12-24,2021-04-27,Zaid,16.14,Loamy,7.4,127,138,83,DAP,Canal,49.5,24.1,59,Yes,Leaf Blight,Chlorpyrifos,48.86,39.09,956605.8,461931.95,118286.79,-343645.16,50,87
FARM01262,Assam,Guwahati,Village_282,Cotton,Suraj,2020-05-12,2020-09-04,Zaid,11.3,Clay,7.1,117,110,42,Urea,Canal,87.3,26.3,71,No,None,Neem Oil,46.57,48.61,854794.8,207007.15,143090.25,-63916.9,98,45
FARM01263,Rajasthan,Jaipur,Village_261,Sugarcane,Co86032,2021-02-22,2021-06-06,Kharif,17.48,Laterite,7.3,62,160,78,NPK,Rain-fed,49.9,18.0,61,No,None,Neem Oil,70.71,71.43,873877.7,284408.02,177911.35,-106496.67,63,54
FARM01264,West Bengal,Kolkata,Village_161,Millet,Bajra,2021-07-21,2021-10-26,Kharif,8.77,Red,5.7,163,144,53,NPK,Flood,64.4,26.9,74,Yes,Leaf Blight,Chlorpyrifos,38.55,30.84,543199.5,296522.58,61386.52,-235136.06,44,66
FARM01265,Karnataka,Mysuru,Village_365,Potato,Kufri Pukhraj,2021-12-03,2022-05-17,Rabi,17.31,Alluvial,6.4,137,176,105,Urea,Drip,71.1,31.9,62,No,None,Neem Oil,56.83,59.55,1307470.2,526518.41,226478.58,-300039.83,89,56
FARM01266,Uttar Pradesh,Lucknow,Village_289,Potato,Kufri Jyoti,2021-04-02,2021-08-28,Zaid,9.42,Red,5.7,159,88,157,NPK,Canal,130.6,29.0,80,No,None,Neem Oil,45.2,45.14,541628.8,164679.87,159963.34,-4716.53,74,79
FARM01267,West Bengal,Kolkata,Village_319,Maize,DHM117,2020-10-29,2021-03-06,Zaid,16.37,Clay,6.5,107,164,51,Urea,Flood,76.3,26.6,71,No,None,Neem Oil,64.68,70.7,1168729.1,313759.05,147370.37,-166388.68,95,90
FARM01268,West Bengal,Kolkata,Village_100,Maize,HQPM1,2020-07-14,2020-12-19,Zaid,17.78,Clay,7.2,167,173,179,Organic Compost,Rain-fed,152.5,34.7,92,No,None,Neem Oil,90.75,93.11,1107906.8,395294.11,340619.61,-54674.5,56,90
FARM01269,Uttar Pradesh,Meerut,Village_162,Maize,DHM117,2021-07-01,2021-10-31,Kharif,24.94,Red,7.5,84,171,43,DAP,Flood,147.2,21.7,93,Yes,Leaf Blight,Chlorpyrifos,131.01,104.81,825578.9,361998.77,368565.26,6566.49,24,84
FARM01270,Rajasthan,Kota,Village_210,Cotton,Suraj,2021-01-25,2021-05-27,Zaid,10.58,Laterite,6.4,72,40,163,DAP,Rain-fed,56.9,35.1,63,No,None,Neem Oil,37.89,37.58,586146.7,143638.92,102287.43,-41351.49,74,85
FARM01271,Karnataka,Mysuru,Village_161,Soybean,NRC37,2021-10-11,2022-04-06,Zaid,15.41,Laterite,8.0,160,152,81,Vermicompost,Sprinkler,43.6,32.7,61,Yes,Leaf Blight,Chlorpyrifos,65.19,52.15,649753.7,422423.77,123747.02,-298676.75,25,52
FARM01272,Uttar Pradesh,Lucknow,Village_112,Cotton,Bt,2021-12-19,2022-03-28,Zaid,2.22,Clay,7.5,154,49,58,NPK,Flood,18.5,26.0,50,Yes,Leaf Blight,Imidacloprid,6.42,5.14,116138.6,76932.74,21505.5,-55427.24,36,82
FARM01273,Maharashtra,Pune,Village_169,Sugarcane,Co86032,2022-03-31,2022-08-14,Rabi,1.22,Red,6.3,90,93,56,NPK,Canal,79.2,22.4,74,No,None,Neem Oil,5.54,5.51,72290.7,27164.35,20365.6,-6798.75,92,45
FARM01274,Rajasthan,Jaipur,Village_459,Soybean,NRC37,2022-04-21,2022-10-01,Kharif,24.43,Red,6.1,158,168,103,Organic Compost,Drip,63.1,34.6,57,No,None,Neem Oil,86.88,85.65,1326048.2,356845.75,292010.14,-64835.61,71,54
FARM01275,Uttar Pradesh,Meerut,Village_344,Millet,Ragi,2023-11-29,2024-05-13,Rabi,12.76,Alluvial,7.4,117,45,141,Urea,Flood,101.0,29.2,83,No,None,Neem Oil,44.66,45.35,383634.9,154235.7,148717.16,-5518.54,82,85
FARM01276,West Bengal,Kolkata,Village_30,Maize,HQPM1,2024-03-05,2024-08-07,Kharif,11.13,Laterite,6.0,70,89,172,Urea,Flood,89.1,24.7,77,No,None,Neem Oil,51.99,50.05,861911.3,182111.81,123602.64,-58509.17,59,54
FARM01277,Maharashtra,Nashik,Village_176,Wheat,HD2967,2023-04-17,2023-09-11,Zaid,21.29,Black,7.7,125,111,131,NPK,Drip,96.8,35.6,70,Yes,Leaf Blight,Imidacloprid,96.25,77.0,1546632.8,585546.38,187586.4,-397959.98,63,59
FARM01278,Punjab,Amritsar,Village_164,Wheat,PBW725,2023-05-10,2023-09-29,Zaid,20.08,Black,7.4,98,55,69,DAP,Flood,55.0,25.4,55,Yes,Leaf Blight,Chlorpyrifos,75.02,60.02,1510420.4,362405.55,201376.79,-161028.76,69,85
FARM01279,Uttar Pradesh,Lucknow,Village_296,Sugarcane,Co86032,2024-02-01,2024-05-23,Zaid,10.8,Laterite,8.0,73,178,161,DAP,Sprinkler,93.6,24.6,68,Yes,Leaf Blight,Chlorpyrifos,36.71,29.37,760603.8,143936.67,78307.81,-65628.86,21,66
FARM01280,Assam,Guwahati,Village_1,Rice,Basmati,2021-06-22,2021-11-14,Kharif,14.97,Alluvial,7.3,108,99,47,Urea,Flood,53.3,30.7,65,Yes,Leaf Blight,Chlorpyrifos,49.62,39.7,876283.9,460342.91,149736.34,-310606.57,50,74
FARM01281,Punjab,Ludhiana,Village_398,Potato,Kufri Jyoti,2022-03-07,2022-07-27,Zaid,10.92,Clay,6.9,62,120,87,Vermicompost,Sprinkler,34.6,30.9,58,Yes,Leaf Blight,Imidacloprid,37.84,30.27,357493.9,202108.57,120678.22,-81430.35,32,73
FARM01282,Rajasthan,Kota,Village_105,Cotton,Suraj,2023-02-06,2023-06-04,Zaid,2.57,Laterite,5.9,141,130,173,Organic Compost,Flood,41.3,28.8,61,No,None,Neem Oil,7.91,8.47,59687.2,69464.07,31270.81,-38193.26,75,94
FARM01283,Karnataka,Belagavi,Village_267,Rice,Basmati,2023-09-10,2024-02-15,Kharif,2.12,Clay,7.6,52,107,170,Vermicompost,Rain-fed,55.1,33.0,58,No,None,Neem Oil,9.18,8.76,67329.5,28683.45,29417.31,733.86,89,67
FARM01284,Maharashtra,Pune,Village_428,Soybean,JS335,2022-08-30,2023-01-21,Zaid,16.53,Red,5.9,155,112,169,Organic Compost,Rain-fed,24.6,21.3,49,Yes,Leaf Blight,Imidacloprid,43.66,34.93,285527.4,369575.89,90138.41,-279437.48,45,86
FARM01285,Uttar Pradesh,Lucknow,Village_381,Soybean,NRC37,2021-04-15,2021-08-02,Zaid,15.13,Laterite,6.7,127,167,156,Vermicompost,Sprinkler,104.5,21.7,77,No,None,Neem Oil,70.13,70.07,1094135.7,403928.36,184369.78,-219558.58,92,91
FARM01286,Rajasthan,Kota,Village_325,Potato,Kufri Jyoti,2022-08-27,2023-01-20,Kharif,3.23,Loamy,7.2,126,120,125,Organic Compost,Canal,107.3,22.5,82,No,None,Neem Oil,12.41,12.97,239931.9,49262.45,38119.15,-11143.3,73,82
FARM01287,Maharashtra,Pune,Village_91,Potato,Kufri Jyoti,2021-08-02,2021-11-30,Rabi,1.52,Alluvial,6.9,107,60,171,DAP,Drip,85.7,18.4,64,No,None,Neem Oil,5.14,5.08,90320.8,49792.52,10419.83,-39372.69,63,88
FARM01288,Tamil Nadu,Coimbatore,Village_399,Potato,Kufri Jyoti,2020-01-29,2020-05-29,Zaid,9.99,Alluvial,7.9,64,81,75,Vermicompost,Drip,57.2,29.5,59,Yes,Leaf Blight,Imidacloprid,43.56,34.85,390097.8,154323.01,121151.07,-33171.94,35,75
FARM01289,Tamil Nadu,Madurai,Village_414,Maize,HQPM1,2023-01-22,2023-05-12,Zaid,3.18,Clay,6.7,161,99,65,NPK,Canal,100.9,29.4,78,No,None,Neem Oil,13.72,13.32,95433.0,41079.81,37323.25,-3756.56,80,89
FARM01290,West Bengal,Kolkata,Village_89,Sugarcane,Co0238,2020-08-17,2020-11-23,Zaid,1.72,Alluvial,7.3,145,53,60,Urea,Drip,60.1,34.3,59,No,None,Neem Oil,6.84,7.26,46160.9,37952.86,29173.76,-8779.1,62,63
FARM01291,Rajasthan,Kota,Village_298,Millet,Ragi,2022-09-11,2023-01-10,Zaid,9.02,Alluvial,6.9,107,170,59,Organic Compost,Sprinkler,102.7,37.0,68,No,None,Neem Oil,41.82,39.96,314993.9,227392.1,95878.7,-131513.4,89,50
FARM01292,Uttar Pradesh,Lucknow,Village_194,Cotton,Suraj,2022-05-30,2022-09-04,Kharif,7.58,Red,8.2,153,137,89,Organic Compost,Canal,104.8,21.6,75,Yes,Leaf Blight,Chlorpyrifos,30.52,24.42,262399.0,207434.7,85671.13,-121763.57,22,92
FARM01293,Assam,Guwahati,Village_421,Sugarcane,Co0238,2024-01-12,2024-06-30,Zaid,22.76,Loamy,8.2,153,147,150,Urea,Rain-fed,65.3,34.1,61,No,None,Neem Oil,81.71,81.19,1420330.7,760289.0,327509.6,-432779.4,67,90
FARM01294,Assam,Jorhat,Village_6,Potato,Kufri Pukhraj,2020-02-07,2020-07-05,Rabi,10.56,Laterite,7.7,49,152,154,Urea,Sprinkler,73.6,29.0,61,No,None,Neem Oil,45.61,49.37,420899.7,204956.65,131465.19,-73491.46,60,91
FARM01295,West Bengal,Siliguri,Village_490,Rice,Basmati,2021-01-01,2021-04-06,Rabi,22.13,Alluvial,6.5,115,135,161,Organic Compost,Canal,33.6,28.0,54,No,None,Neem Oil,76.36,75.43,843254.6,724480.63,198475.02,-526005.61,92,67
FARM01296,Tamil Nadu,Coimbatore,Village_10,Potato,Kufri Jyoti,2022-06-30,2022-12-05,Zaid,24.44,Black,6.8,161,175,48,Urea,Flood,82.7,27.0,67,Yes,Leaf Blight,Imidacloprid,95.44,76.35,1357529.0,333122.91,265189.36,-67933.55,52,93
FARM01297,Uttar Pradesh,Meerut,Village_334,Millet,Ragi,2021-04-10,2021-07-24,Kharif,22.21,Black,7.2,101,142,58,Urea,Flood,104.9,22.6,69,No,None,Neem Oil,106.64,104.42,1024052.2,549797.1,329540.75,-220256.35,81,84
FARM01298,West Bengal,Siliguri,Village_53,Soybean,JS335,2023-10-27,2024-03-06,Rabi,17.5,Laterite,7.6,118,48,52,Vermicompost,Sprinkler,114.9,35.6,71,No,None,Neem Oil,75.14,72.62,375357.8,549432.01,257811.9,-291620.11,81,64
FARM01299,Karnataka,Belagavi,Village_312,Potato,Kufri Jyoti,2022-01-03,2022-06-21,Zaid,5.77,Clay,7.4,90,95,42,Organic Compost,Sprinkler,88.2,19.5,73,No,None,Neem Oil,25.99,26.22,380099.9,152021.74,48936.24,-103085.5,62,64
FARM01300,Punjab,Amritsar,Village_306,Soybean,NRC37,2020-09-06,2020-12-17,Zaid,16.24,Alluvial,8.1,169,93,91,Organic Compost,Rain-fed,134.7,25.1,81,Yes,Leaf Blight,Imidacloprid,77.24,61.79,1260568.9,367005.68,111942.06,-255063.62,54,60
FARM01301,Karnataka,Belagavi,Village_469,Wheat,PBW725,2022-04-26,2022-10-04,Rabi,5.02,Laterite,6.8,81,54,176,Organic Compost,Drip,95.1,30.5,71,Yes,Leaf Blight,Imidacloprid,17.67,14.14,122716.3,159686.26,38212.76,-121473.5,50,65
FARM01302,Assam,Guwahati,Village_117,Potato,Kufri Jyoti,2024-02-10,2024-05-21,Rabi,14.58,Loamy,6.8,41,108,101,Organic Compost,Drip,19.7,26.9,60,Yes,Leaf Blight,Chlorpyrifos,38.89,31.11,525612.5,219437.42,125067.11,-94370.31,49,93
FARM01303,West Bengal,Kolkata,Village_342,Sugarcane,Co86032,2020-03-22,2020-08-31,Rabi,2.32,Clay,6.9,165,122,113,DAP,Drip,85.7,25.0,63,No,None,Neem Oil,8.86,9.58,92399.0,56055.22,28850.28,-27204.94,56,45
FARM01304,Assam,Guwahati,Village_219,Wheat,HD2967,2022-01-16,2022-04-23,Kharif,24.25,Clay,7.2,176,131,40,Vermicompost,Canal,52.2,23.7,57,No,None,Neem Oil,83.89,84.83,1915608.8,762156.23,312233.52,-449922.71,96,88
FARM01305,Assam,Jorhat,Village_499,Millet,Bajra,2020-04-09,2020-09-25,Rabi,19.49,Red,6.0,91,57,50,Urea,Flood,63.1,19.0,57,No,None,Neem Oil,69.43,74.74,1386307.1,357578.67,199382.23,-158196.44,76,48
FARM01306,Assam,Jorhat,Village_114,Millet,Bajra,2024-05-17,2024-09-03,Rabi,16.48,Black,5.8,175,120,66,NPK,Rain-fed,101.8,31.4,69,Yes,Leaf Blight,Chlorpyrifos,74.29,59.43,741221.9,399327.32,117515.25,-281812.07,22,48
FARM01307,Assam,Jorhat,Village_79,Wheat,HD2967,2022-10-01,2023-01-19,Rabi,11.22,Clay,8.1,173,92,180,Vermicompost,Canal,102.7,39.3,74,No,None,Neem Oil,46.97,44.63,603968.0,374526.12,161951.42,-212574.7,72,72
FARM01308,West Bengal,Kolkata,Village_278,Wheat,HD2967,2020-11-11,2021-04-14,Rabi,9.8,Alluvial,7.5,118,137,163,Urea,Rain-fed,53.3,30.0,59,No,None,Neem Oil,30.4,29.5,676897.1,258462.81,79795.32,-178667.49,94,83
FARM01309,Maharashtra,Pune,Village_181,Millet,Bajra,2022-06-01,2022-09-28,Rabi,10.38,Laterite,6.0,59,50,114,NPK,Sprinkler,70.0,29.4,61,No,None,Neem Oil,43.63,41.57,261513.2,294095.47,138456.37,-155639.1,55,61
FARM01310,Karnataka,Mysuru,Village_211,Soybean,NRC37,2021-11-27,2022-03-07,Zaid,24.64,Laterite,6.0,118,42,165,NPK,Rain-fed,59.7,25.2,58,No,None,Neem Oil,78.18,78.55,746027.7,716412.8,287379.31,-429033.49,79,76
FARM01311,Karnataka,Belagavi,Village_90,Sugarcane,Co0238,2023-12-25,2024-05-19,Rabi,14.61,Red,6.4,169,95,117,Urea,Drip,87.4,36.6,79,No,None,Neem Oil,49.89,48.07,953382.6,431010.83,138255.48,-292755.35,82,91
FARM01312,Karnataka,Mysuru,Village_54,Soybean,JS335,2023-06-05,2023-10-08,Rabi,22.29,Clay,6.3,94,168,158,Organic Compost,Rain-fed,49.2,30.1,66,Yes,Leaf Blight,Chlorpyrifos,64.3,51.44,444732.7,635542.5,147365.02,-488177.48,68,54
FARM01313,Rajasthan,Jaipur,Village_368,Rice,Basmati,2022-04-07,2022-09-05,Zaid,23.46,Loamy,6.2,134,176,109,Urea,Flood,129.1,32.2,76,No,None,Neem Oil,98.81,106.51,700205.9,402951.04,390350.9,-12600.14,57,92
FARM01314,Tamil Nadu,Madurai,Village_216,Maize,HQPM1,2022-05-26,2022-09-20,Zaid,4.62,Loamy,6.5,145,149,57,Organic Compost,Flood,42.4,21.2,64,Yes,Leaf Blight,Imidacloprid,16.64,13.31,125851.1,94842.98,28011.52,-66831.46,24,81
FARM01315,Punjab,Amritsar,Village_498,Millet,Ragi,2020-03-11,2020-06-16,Rabi,24.98,Red,6.5,68,170,60,DAP,Sprinkler,59.7,22.7,57,No,None,Neem Oil,100.5,102.66,528745.1,532446.52,365613.22,-166833.3,83,79
FARM01316,Rajasthan,Jaipur,Village_200,Soybean,JS335,2022-03-14,2022-08-29,Kharif,11.3,Laterite,7.9,126,171,104,Urea,Rain-fed,83.3,26.2,69,No,None,Neem Oil,47.47,49.94,785502.0,183026.63,154472.13,-28554.5,91,95
FARM01317,Assam,Jorhat,Village_261,Wheat,HD2967,2020-09-22,2021-02-20,Zaid,2.62,Clay,7.7,134,122,107,Vermicompost,Canal,66.6,22.8,62,Yes,Leaf Blight,Imidacloprid,9.3,7.44,44425.2,69959.0,16013.84,-53945.16,45,53
FARM01318,Rajasthan,Jaipur,Village_428,Cotton,Bt,2022-02-04,2022-06-03,Rabi,17.49,Alluvial,6.3,178,41,117,Urea,Sprinkler,98.1,27.9,81,Yes,Leaf Blight,Imidacloprid,60.58,48.46,1269414.1,543642.42,104445.71,-439196.71,38,70
FARM01319,West Bengal,Kolkata,Village_7,Rice,IR64,2020-03-08,2020-07-16,Rabi,4.95,Black,5.7,151,75,77,Vermicompost,Drip,101.9,31.2,80,Yes,Leaf Blight,Chlorpyrifos,23.47,18.78,388140.8,101052.34,50919.72,-50132.62,54,56
FARM01320,Tamil Nadu,Madurai,Village_203,Cotton,Suraj,2020-02-08,2020-07-03,Rabi,9.64,Red,7.4,44,88,180,DAP,Rain-fed,62.3,24.9,68,No,None,Neem Oil,39.2,42.69,345675.2,172514.62,146239.51,-26275.11,81,88
FARM01321,Maharashtra,Nashik,Village_243,Millet,Ragi,2023-09-25,2024-01-24,Rabi,7.57,Alluvial,6.4,158,43,96,DAP,Sprinkler,72.1,24.2,72,Yes,Leaf Blight,Imidacloprid,32.76,26.21,206204.9,100823.34,55141.04,-45682.3,22,71
FARM01322,Assam,Guwahati,Village_411,Rice,IR64,2020-11-27,2021-04-16,Zaid,18.91,Clay,6.2,89,180,94,Urea,Drip,62.0,25.7,65,Yes,Leaf Blight,Imidacloprid,76.02,60.82,810168.1,580753.31,208375.32,-372377.99,22,78
FARM01323,Maharashtra,Pune,Village_448,Maize,DHM117,2023-12-18,2024-06-11,Kharif,22.4,Black,6.7,149,40,71,Vermicompost,Canal,60.4,23.6,62,No,None,Neem Oil,96.52,94.56,1299050.0,647213.0,386069.09,-261143.91,90,74
FARM01324,Maharashtra,Pune,Village_132,Sugarcane,Co0238,2020-08-21,2020-12-04,Zaid,10.07,Alluvial,7.5,112,59,50,DAP,Sprinkler,139.1,35.8,88,Yes,Leaf Blight,Chlorpyrifos,52.08,41.66,264038.3,123041.68,127290.49,4248.81,33,88
FARM01325,Assam,Guwahati,Village_195,Sugarcane,Co0238,2022-01-21,2022-05-19,Kharif,19.81,Clay,7.9,119,138,114,Urea,Rain-fed,90.1,21.8,72,No,None,Neem Oil,71.02,69.66,790413.0,555982.71,185429.08,-370553.63,55,46
FARM01326,Uttar Pradesh,Meerut,Village_340,Rice,Basmati,2023-06-17,2023-11-13,Kharif,14.48,Clay,5.8,136,91,76,Organic Compost,Drip,65.1,28.3,63,No,None,Neem Oil,59.07,58.3,1021332.3,344239.41,196823.69,-147415.72,60,90
FARM01327,Punjab,Amritsar,Village_301,Millet,Bajra,2022-03-29,2022-08-29,Kharif,5.86,Laterite,5.7,72,173,104,Vermicompost,Flood,90.7,27.6,67,No,None,Neem Oil,22.51,23.32,298982.3,204876.88,84345.69,-120531.19,76,84
FARM01328,Karnataka,Belagavi,Village_286,Potato,Kufri Pukhraj,2021-02-18,2021-06-28,Kharif,24.86,Red,7.3,126,115,134,NPK,Flood,30.5,21.4,58,No,None,Neem Oil,98.08,107.09,528053.5,692342.94,297231.63,-395111.31,77,75
FARM01329,Punjab,Amritsar,Village_65,Potato,Kufri Jyoti,2022-02-26,2022-07-13,Kharif,18.04,Alluvial,6.0,102,162,59,DAP,Drip,62.8,34.3,60,No,None,Neem Oil,76.11,83.64,310421.6,384582.11,340359.12,-44222.99,70,86
FARM01330,Karnataka,Mysuru,Village_236,Cotton,Bt,2023-03-13,2023-06-14,Zaid,21.49,Laterite,7.5,114,119,85,DAP,Sprinkler,103.8,33.3,68,Yes,Leaf Blight,Chlorpyrifos,94.46,75.57,1668169.1,648896.73,266755.7,-382141.03,29,94
FARM01331,Rajasthan,Jaipur,Village_181,Cotton,Suraj,2023-09-01,2024-01-14,Zaid,3.37,Alluvial,6.2,134,49,98,DAP,Canal,149.5,16.2,92,Yes,Leaf Blight,Imidacloprid,13.92,11.14,133988.9,58125.45,26581.3,-31544.15,60,47
FARM01332,Karnataka,Mysuru,Village_30,Maize,HQPM1,2020-03-19,2020-08-16,Kharif,22.46,Laterite,6.3,83,152,90,Urea,Flood,122.2,31.9,77,No,None,Neem Oil,100.25,107.39,1463942.8,277050.27,344921.9,67871.63,56,65
FARM01333,Karnataka,Belagavi,Village_12,Wheat,HD2967,2023-02-12,2023-05-21,Zaid,19.63,Black,6.3,142,109,47,Urea,Rain-fed,84.4,29.3,75,No,None,Neem Oil,86.12,87.71,514632.6,281565.25,161214.72,-120350.53,77,76
FARM01334,Punjab,Ludhiana,Village_63,Rice,IR64,2021-10-09,2022-03-25,Zaid,15.78,Loamy,8.0,143,90,169,Urea,Flood,83.7,30.0,69,No,None,Neem Oil,62.8,61.14,768329.6,447078.4,137636.05,-309442.35,61,60
FARM01335,Assam,Guwahati,Village_76,Soybean,NRC37,2020-10-28,2021-02-24,Kharif,16.18,Red,7.6,62,91,153,Organic Compost,Sprinkler,67.6,31.6,59,No,None,Neem Oil,65.64,63.18,507164.3,278168.49,252634.62,-25533.87,80,82
FARM01336,West Bengal,Kolkata,Village_317,Soybean,JS335,2022-10-01,2023-03-30,Kharif,6.22,Clay,6.5,149,54,73,DAP,Sprinkler,119.5,27.4,82,Yes,Leaf Blight,Chlorpyrifos,31.63,25.3,287259.8,183512.66,65001.0,-118511.66,36,90
FARM01337,Karnataka,Mysuru,Village_390,Rice,IR64,2023-02-28,2023-07-20,Kharif,3.49,Loamy,6.5,66,178,143,DAP,Flood,28.0,23.7,54,No,None,Neem Oil,10.58,11.11,81115.7,89931.47,40116.14,-49815.33,68,84
FARM01338,Maharashtra,Pune,Village_300,Rice,IR64,2023-06-05,2023-09-17,Rabi,4.27,Alluvial,7.9,122,91,133,Vermicompost,Flood,106.2,23.4,68,No,None,Neem Oil,21.24,23.32,120475.6,74959.76,42134.51,-32825.25,74,76
FARM01339,Assam,Guwahati,Village_361,Potato,Kufri Pukhraj,2023-03-08,2023-09-03,Kharif,4.55,Loamy,7.4,121,83,116,DAP,Rain-fed,115.4,14.3,85,Yes,Leaf Blight,Imidacloprid,20.87,16.7,341035.2,129780.11,45999.9,-83780.21,30,94
FARM01340,Tamil Nadu,Madurai,Village_380,Millet,Bajra,2021-08-09,2021-12-03,Kharif,3.53,Clay,8.0,125,84,114,Organic Compost,Drip,94.3,26.2,73,No,None,Neem Oil,12.35,13.22,132784.0,75257.16,48532.72,-26724.44,67,77
FARM01341,Punjab,Amritsar,Village_372,Potato,Kufri Jyoti,2020-06-18,2020-11-25,Zaid,23.8,Clay,5.9,106,93,106,NPK,Flood,55.3,26.9,59,No,None,Neem Oil,98.97,106.19,437183.2,752503.9,211477.65,-541026.25,73,81
FARM01342,Maharashtra,Nashik,Village_266,Rice,IR64,2023-07-14,2023-11-16,Zaid,6.76,Loamy,7.2,169,109,138,NPK,Drip,86.7,27.1,69,No,None,Neem Oil,28.64,27.93,353594.2,205945.39,78858.13,-127087.26,97,85
FARM01343,West Bengal,Siliguri,Village_474,Cotton,Suraj,2020-01-03,2020-06-28,Zaid,3.54,Clay,6.4,49,94,58,Urea,Rain-fed,48.4,34.3,62,No,None,Neem Oil,13.08,13.74,265773.3,43520.51,53011.77,9491.26,77,93
FARM01344,Tamil Nadu,Coimbatore,Village_154,Cotton,Bt,2023-07-03,2023-10-21,Rabi,14.39,Black,7.8,173,143,154,NPK,Rain-fed,117.9,27.7,78,No,None,Neem Oil,67.78,74.15,517186.2,398556.13,264358.65,-134197.48,72,84
FARM01345,Punjab,Ludhiana,Village_119,Potato,Kufri Pukhraj,2021-10-29,2022-03-13,Kharif,23.54,Black,6.6,76,86,177,Vermicompost,Canal,135.7,27.8,79,No,None,Neem Oil,117.9,127.01,1758070.3,755192.68,492067.06,-263125.62,85,78
FARM01346,Assam,Jorhat,Village_153,Soybean,JS335,2020-06-11,2020-11-05,Kharif,1.69,Laterite,7.4,152,154,160,Vermicompost,Drip,113.1,25.5,79,Yes,Leaf Blight,Imidacloprid,7.39,5.91,127899.6,58994.92,14554.8,-44440.12,32,55
FARM01347,Rajasthan,Jaipur,Village_482,Wheat,HD2967,2023-04-30,2023-10-08,Kharif,10.95,Loamy,6.6,174,93,118,DAP,Canal,85.4,32.4,66,No,None,Neem Oil,43.27,42.6,626428.9,209743.21,83960.77,-125782.44,64,69
FARM01348,Uttar Pradesh,Lucknow,Village_407,Millet,Bajra,2020-12-19,2021-05-08,Zaid,12.19,Clay,7.0,75,144,97,Organic Compost,Drip,22.1,24.8,54,Yes,Leaf Blight,Imidacloprid,30.49,24.39,328746.1,369435.15,60363.33,-309071.82,26,81
FARM01349,Karnataka,Mysuru,Village_393,Wheat,PBW725,2024-01-07,2024-06-09,Zaid,22.5,Laterite,6.2,173,50,80,Urea,Canal,22.3,27.9,52,No,None,Neem Oil,86.5,95.02,825505.7,459561.85,328497.43,-131064.42,79,76
FARM01350,Punjab,Ludhiana,Village_296,Millet,Bajra,2023-10-25,2024-01-24,Kharif,18.89,Alluvial,6.6,131,82,64,Organic Compost,Sprinkler,37.8,25.7,61,No,None,Neem Oil,66.82,72.61,525879.7,427635.36,254872.35,-172763.01,77,92
FARM01351,Punjab,Ludhiana,Village_319,Wheat,HD2967,2024-02-12,2024-07-16,Rabi,13.01,Laterite,7.2,145,117,107,Urea,Flood,10.3,39.3,53,No,None,Neem Oil,30.8,31.51,1025647.9,405117.94,71131.75,-333986.19,60,85
FARM01352,Rajasthan,Jaipur,Village_351,Soybean,JS335,2022-05-05,2022-09-19,Zaid,14.78,Loamy,7.5,65,111,151,DAP,Rain-fed,19.7,29.2,47,Yes,Leaf Blight,Chlorpyrifos,53.05,42.44,736245.2,419608.26,80078.62,-339529.64,51,49
FARM01353,Rajasthan,Jaipur,Village_492,Wheat,HD2967,2022-09-10,2023-02-27,Rabi,12.39,Clay,7.6,105,150,157,Organic Compost,Sprinkler,94.8,26.1,70,Yes,Leaf Blight,Chlorpyrifos,42.06,33.65,990765.6,205093.76,118628.97,-86464.79,63,83
FARM01354,Rajasthan,Jaipur,Village_120,Potato,Kufri Pukhraj,2022-10-25,2023-04-08,Kharif,4.71,Laterite,7.9,156,61,74,Urea,Drip,71.3,16.4,63,No,None,Neem Oil,17.31,18.73,241148.7,126154.94,46115.33,-80039.61,59,77
FARM01355,Maharashtra,Pune,Village_124,Rice,Basmati,2021-04-08,2021-07-31,Kharif,24.85,Laterite,6.7,43,169,74,DAP,Canal,79.1,22.0,73,No,None,Neem Oil,111.11,113.39,879040.2,349952.19,243993.02,-105959.17,55,52
FARM01356,Maharashtra,Pune,Village_25,Rice,IR64,2024-05-16,2024-08-25,Rabi,21.1,Alluvial,7.9,158,50,94,NPK,Flood,46.3,24.3,58,No,None,Neem Oil,76.32,76.0,608114.7,677714.26,247959.2,-429755.06,95,71
FARM01357,Uttar Pradesh,Lucknow,Village_355,Sugarcane,Co86032,2023-01-18,2023-04-25,Kharif,7.43,Red,5.8,144,88,155,NPK,Canal,66.2,26.1,70,No,None,Neem Oil,23.08,21.93,337445.7,224187.13,82573.86,-141613.27,98,85
FARM01358,Karnataka,Belagavi,Village_365,Millet,Ragi,2020-06-30,2020-12-17,Zaid,9.95,Clay,5.9,174,86,131,NPK,Rain-fed,79.2,39.4,76,Yes,Leaf Blight,Chlorpyrifos,40.31,32.25,478423.4,253917.38,125731.75,-128185.63,61,85
FARM01359,West Bengal,Kolkata,Village_155,Maize,DHM117,2022-01-04,2022-05-08,Kharif,17.77,Loamy,6.0,129,72,47,NPK,Drip,124.6,30.6,88,No,None,Neem Oil,93.35,96.55,1258265.8,248242.23,366481.75,118239.52,83,73
FARM01360,Uttar Pradesh,Meerut,Village_44,Sugarcane,Co0238,2020-09-10,2021-02-18,Kharif,12.41,Red,6.3,173,103,167,Urea,Rain-fed,57.9,35.3,69,No,None,Neem Oil,37.68,36.19,309884.1,231234.46,145876.6,-85357.86,92,50
FARM01361,Rajasthan,Jaipur,Village_340,Cotton,Bt,2020-02-08,2020-05-18,Kharif,9.89,Alluvial,6.6,170,94,145,Organic Compost,Drip,53.7,24.6,63,No,None,Neem Oil,30.56,33.39,199984.5,120020.39,95949.79,-24070.6,79,53
FARM01362,Assam,Jorhat,Village_277,Maize,DHM117,2020-06-22,2020-10-19,Rabi,3.59,Laterite,6.3,66,114,153,Organic Compost,Canal,29.0,30.2,49,Yes,Leaf Blight,Chlorpyrifos,10.11,8.09,61592.9,74042.37,33132.7,-40909.67,42,79
FARM01363,Assam,Jorhat,Village_267,Potato,Kufri Jyoti,2022-11-25,2023-03-04,Rabi,1.94,Alluvial,7.3,44,77,52,NPK,Sprinkler,64.2,23.2,66,No,None,Neem Oil,8.24,8.45,82279.4,42822.35,21612.5,-21209.85,76,68
FARM01364,Assam,Jorhat,Village_279,Millet,Ragi,2023-05-18,2023-09-23,Rabi,17.65,Laterite,6.6,86,146,179,Urea,Drip,62.0,34.7,67,Yes,Leaf Blight,Imidacloprid,70.82,56.66,1308726.5,529157.37,221043.74,-308113.63,53,86
FARM01365,Rajasthan,Jaipur,Village_387,Rice,IR64,2022-08-03,2023-01-02,Kharif,16.06,Red,6.3,154,137,158,Organic Compost,Flood,22.5,31.9,62,Yes,Leaf Blight,Chlorpyrifos,57.03,45.62,374081.2,454053.07,152300.63,-301752.44,40,53
FARM01366,Rajasthan,Jaipur,Village_302,Potato,Kufri Pukhraj,2023-10-20,2024-03-21,Kharif,19.85,Red,6.7,88,72,152,Urea,Canal,88.4,31.9,70,Yes,Leaf Blight,Chlorpyrifos,84.35,67.48,951935.7,670027.18,251016.42,-419010.76,69,80
FARM01367,Maharashtra,Nashik,Village_432,Potato,Kufri Jyoti,2020-08-14,2020-12-07,Rabi,3.7,Red,7.2,168,175,139,DAP,Flood,24.4,23.9,50,Yes,Leaf Blight,Chlorpyrifos,13.81,11.05,241034.4,98489.92,38884.68,-59605.24,26,75
FARM01368,Rajasthan,Kota,Village_134,Soybean,NRC37,2020-03-27,2020-09-02,Zaid,1.72,Black,5.9,53,113,177,Urea,Sprinkler,78.9,32.4,69,No,None,Neem Oil,6.66,7.17,84577.9,32783.48,27887.93,-4895.55,65,61
FARM01369,Punjab,Ludhiana,Village_164,Millet,Bajra,2022-03-24,2022-06-28,Zaid,9.88,Loamy,7.4,171,50,141,DAP,Rain-fed,66.4,28.1,74,No,None,Neem Oil,40.5,40.12,208096.1,314514.68,162706.01,-151808.67,88,91
FARM01370,Assam,Jorhat,Village_382,Millet,Bajra,2023-12-18,2024-03-24,Kharif,15.58,Alluvial,7.5,164,100,71,Organic Compost,Rain-fed,78.0,27.8,77,No,None,Neem Oil,56.9,55.83,1131868.8,536382.02,198366.51,-338015.51,79,84
FARM01371,Assam,Jorhat,Village_467,Sugarcane,Co0238,2020-10-06,2021-01-22,Kharif,5.95,Black,6.6,112,158,119,Organic Compost,Rain-fed,28.0,17.8,52,Yes,Leaf Blight,Chlorpyrifos,16.0,12.8,236474.1,84758.28,41974.87,-42783.41,24,68
FARM01372,Tamil Nadu,Madurai,Village_276,Maize,HQPM1,2023-11-03,2024-04-16,Zaid,6.62,Clay,7.8,149,57,46,NPK,Canal,42.6,23.2,62,Yes,Leaf Blight,Chlorpyrifos,23.52,18.82,397101.3,185289.79,57873.27,-127416.52,47,71
FARM01373,West Bengal,Kolkata,Village_183,Sugarcane,Co86032,2023-12-21,2024-04-21,Kharif,3.79,Black,7.7,131,151,63,Urea,Canal,60.8,18.5,65,No,None,Neem Oil,15.89,16.41,116924.5,48895.68,31876.71,-17018.97,93,85
FARM01374,Tamil Nadu,Madurai,Village_95,Wheat,HD2967,2022-07-05,2022-11-05,Zaid,24.73,Black,7.1,64,48,48,DAP,Drip,76.2,23.8,73,No,None,Neem Oil,82.15,80.15,1465722.6,499322.75,154039.65,-345283.1,62,85
FARM01375,Punjab,Ludhiana,Village_238,Maize,DHM117,2023-08-30,2024-02-13,Kharif,11.17,Red,5.6,106,109,103,Urea,Canal,106.0,20.7,72,Yes,Leaf Blight,Imidacloprid,47.86,38.29,169367.7,225100.01,121535.19,-103564.82,59,53
FARM01376,Assam,Guwahati,Village_71,Wheat,PBW725,2023-02-03,2023-06-14,Kharif,22.13,Laterite,6.6,134,44,129,DAP,Rain-fed,36.4,28.1,59,No,None,Neem Oil,75.95,78.5,462957.8,568903.54,222052.24,-346851.3,87,88
FARM01377,Maharashtra,Nashik,Village_241,Sugarcane,Co0238,2022-07-10,2022-11-27,Kharif,16.94,Black,5.8,176,54,54,DAP,Canal,96.0,33.0,77,Yes,Leaf Blight,Chlorpyrifos,60.99,48.79,1067005.0,259494.94,165473.01,-94021.93,69,59
FARM01378,Punjab,Amritsar,Village_79,Wheat,PBW725,2020-02-24,2020-07-14,Rabi,18.73,Clay,8.0,59,152,105,NPK,Drip,47.1,22.9,53,No,None,Neem Oil,71.98,74.36,1283514.5,417433.95,264619.67,-152814.28,83,91
FARM01379,Punjab,Ludhiana,Village_215,Cotton,Bt,2020-03-02,2020-07-27,Rabi,3.6,Laterite,5.9,78,175,44,NPK,Flood,81.2,27.1,69,No,None,Neem Oil,14.48,14.35,211386.0,71630.77,34276.01,-37354.76,68,88
FARM01380,Rajasthan,Jaipur,Village_89,Rice,Basmati,2023-02-04,2023-08-02,Rabi,8.34,Laterite,6.2,61,115,156,Organic Compost,Canal,45.6,22.1,53,Yes,Leaf Blight,Chlorpyrifos,24.69,19.75,544844.1,230124.48,44357.08,-185767.4,65,61
FARM01381,Assam,Jorhat,Village_364,Potato,Kufri Pukhraj,2020-12-08,2021-03-27,Rabi,20.68,Black,8.2,125,114,49,Vermicompost,Rain-fed,30.8,25.4,56,Yes,Leaf Blight,Chlorpyrifos,54.22,43.38,479981.9,293501.9,133597.09,-159904.81,26,62
FARM01382,Tamil Nadu,Coimbatore,Village_247,Soybean,JS335,2021-02-07,2021-05-18,Rabi,22.03,Alluvial,6.4,49,132,165,Organic Compost,Sprinkler,145.5,19.4,84,No,None,Neem Oil,116.35,118.92,1263781.2,706380.68,404995.67,-301385.01,96,57
FARM01383,Uttar Pradesh,Lucknow,Village_102,Potato,Kufri Jyoti,2022-06-18,2022-11-28,Zaid,1.71,Black,6.8,120,177,90,Vermicompost,Flood,151.3,28.9,92,No,None,Neem Oil,7.1,6.86,39965.4,45098.87,25545.61,-19553.26,57,54
FARM01384,Assam,Guwahati,Village_325,Sugarcane,Co0238,2020-03-15,2020-08-14,Kharif,20.38,Laterite,6.5,97,144,122,Urea,Canal,92.8,22.3,69,No,None,Neem Oil,91.79,93.58,854860.0,282785.81,258375.63,-24410.18,87,60
FARM01385,Maharashtra,Pune,Village_358,Maize,DHM117,2020-05-24,2020-08-25,Kharif,13.37,Loamy,6.0,91,89,77,NPK,Rain-fed,100.0,28.1,75,No,None,Neem Oil,60.74,59.22,1004067.7,467822.09,214405.71,-253416.38,55,49
FARM01386,Assam,Guwahati,Village_122,Maize,HQPM1,2023-11-29,2024-04-16,Zaid,1.36,Red,6.4,42,172,129,Urea,Sprinkler,15.2,22.4,59,No,None,Neem Oil,3.76,3.98,47107.8,32890.46,11517.8,-21372.66,75,94
FARM01387,Rajasthan,Kota,Village_474,Cotton,Suraj,2021-10-07,2022-03-04,Zaid,11.51,Black,6.4,104,55,148,Urea,Flood,47.6,17.8,69,No,None,Neem Oil,45.91,45.74,212963.7,275564.12,155343.54,-120220.58,68,52
FARM01388,Punjab,Ludhiana,Village_40,Potato,Kufri Pukhraj,2020-06-28,2020-11-20,Zaid,7.28,Black,8.1,85,43,163,Organic Compost,Flood,70.1,29.1,60,No,None,Neem Oil,22.63,21.75,531431.4,240356.39,64752.7,-175603.69,59,61
FARM01389,Tamil Nadu,Madurai,Village_342,Cotton,Bt,2024-05-08,2024-09-06,Zaid,14.0,Alluvial,6.6,169,117,69,Urea,Flood,57.6,16.2,59,Yes,Leaf Blight,Chlorpyrifos,43.64,34.91,800187.3,317462.56,91983.25,-225479.31,55,86
FARM01390,Uttar Pradesh,Lucknow,Village_491,Rice,Basmati,2020-01-19,2020-05-24,Rabi,9.0,Loamy,5.5,163,171,135,Urea,Canal,37.5,20.5,51,No,None,Neem Oil,25.21,24.55,185921.3,302998.26,79103.19,-223895.07,95,83
FARM01391,Punjab,Ludhiana,Village_90,Cotton,Suraj,2022-09-18,2023-02-19,Kharif,17.27,Laterite,6.5,99,156,177,NPK,Flood,56.7,21.6,63,Yes,Leaf Blight,Imidacloprid,63.12,50.5,354582.2,552776.84,119237.6,-433539.24,36,57
FARM01392,Tamil Nadu,Madurai,Village_456,Millet,Bajra,2020-04-06,2020-08-03,Rabi,5.71,Clay,6.6,113,66,58,Urea,Drip,63.8,35.0,62,No,None,Neem Oil,25.42,25.94,226991.4,121226.78,107747.97,-13478.81,89,76
FARM01393,West Bengal,Kolkata,Village_170,Millet,Bajra,2022-10-22,2023-03-15,Kharif,24.76,Red,6.1,148,162,140,Urea,Sprinkler,86.3,25.9,77,Yes,Leaf Blight,Imidacloprid,105.6,84.48,593306.1,479696.08,241549.14,-238146.94,32,76
FARM01394,Maharashtra,Nashik,Village_135,Maize,DHM117,2021-08-10,2022-01-01,Zaid,13.91,Red,5.8,161,67,117,Vermicompost,Flood,83.6,25.4,63,No,None,Neem Oil,61.03,62.73,848508.9,467943.98,192010.07,-275933.91,69,51
FARM01395,Punjab,Ludhiana,Village_132,Cotton,Suraj,2022-04-21,2022-09-30,Rabi,18.83,Alluvial,6.9,163,66,115,NPK,Rain-fed,66.3,22.2,67,No,None,Neem Oil,61.67,66.35,423010.3,293631.75,237735.04,-55896.71,61,90
FARM01396,Uttar Pradesh,Lucknow,Village_28,Wheat,PBW725,2024-05-15,2024-11-04,Zaid,12.34,Loamy,7.3,76,59,134,Vermicompost,Rain-fed,156.9,35.8,91,Yes,Leaf Blight,Chlorpyrifos,66.88,53.5,735643.5,340513.52,192198.19,-148315.33,58,91
FARM01397,Tamil Nadu,Madurai,Village_140,Soybean,JS335,2020-05-21,2020-11-03,Rabi,21.1,Loamy,7.8,69,40,163,DAP,Sprinkler,35.2,26.3,50,No,None,Neem Oil,78.74,77.04,875133.6,430483.13,172115.79,-258367.34,76,81
FARM01398,West Bengal,Siliguri,Village_489,Soybean,JS335,2023-12-23,2024-06-16,Rabi,15.87,Black,8.1,105,112,94,Organic Compost,Drip,113.5,24.6,70,No,None,Neem Oil,71.57,73.13,1181563.5,323287.75,277055.35,-46232.4,67,54
FARM01399,West Bengal,Siliguri,Village_239,Wheat,PBW725,2022-08-15,2023-01-14,Rabi,21.64,Laterite,6.5,55,98,77,Vermicompost,Drip,80.0,24.1,66,Yes,Leaf Blight,Chlorpyrifos,83.73,66.98,347449.2,598052.72,163710.9,-434341.82,62,54
FARM01400,Uttar Pradesh,Lucknow,Village_54,Sugarcane,Co0238,2023-08-22,2024-02-03,Zaid,22.36,Alluvial,6.4,57,50,168,NPK,Sprinkler,67.3,25.3,60,No,None,Neem Oil,98.73,104.5,1227766.2,368700.92,227602.82,-141098.1,95,76
FARM01401,Assam,Guwahati,Village_161,Cotton,Bt,2021-12-22,2022-05-18,Kharif,24.02,Black,6.9,167,77,141,Urea,Drip,76.8,34.7,74,No,None,Neem Oil,106.06,112.73,559944.5,758246.25,241413.37,-516832.88,94,95
FARM01402,Uttar Pradesh,Lucknow,Village_451,Potato,Kufri Pukhraj,2021-03-22,2021-08-15,Zaid,21.51,Red,7.0,117,129,41,NPK,Canal,113.2,24.7,77,No,None,Neem Oil,96.57,93.64,1545028.0,521953.4,269592.31,-252361.09,81,77
FARM01403,Assam,Jorhat,Village_387,Maize,HQPM1,2021-12-09,2022-04-12,Rabi,7.13,Laterite,6.5,114,56,61,DAP,Rain-fed,112.0,29.0,77,No,None,Neem Oil,30.93,29.72,446518.6,162721.13,123044.84,-39676.29,93,90
FARM01404,Assam,Jorhat,Village_170,Wheat,HD2967,2020-01-16,2020-05-30,Kharif,11.41,Red,8.1,106,68,79,NPK,Drip,136.4,37.2,92,No,None,Neem Oil,54.59,59.99,672595.7,194719.94,160433.28,-34286.66,75,85
FARM01405,Uttar Pradesh,Meerut,Village_245,Rice,Basmati,2022-12-03,2023-05-19,Rabi,19.7,Clay,5.8,106,167,134,Vermicompost,Drip,36.2,32.9,51,No,None,Neem Oil,73.62,79.33,1210429.4,616055.76,285266.87,-330788.89,89,63
FARM01406,Karnataka,Mysuru,Village_206,Maize,HQPM1,2021-05-15,2021-11-10,Kharif,20.2,Alluvial,6.4,44,44,106,Vermicompost,Rain-fed,79.0,23.6,67,No,None,Neem Oil,94.08,98.26,983699.6,273512.29,285069.59,11557.3,82,59
FARM01407,Karnataka,Belagavi,Village_265,Rice,Basmati,2021-03-22,2021-06-27,Kharif,9.88,Loamy,8.2,85,176,67,Organic Compost,Rain-fed,109.2,16.7,72,No,None,Neem Oil,38.93,37.14,376273.4,252737.43,120385.59,-132351.84,83,47
FARM01408,Rajasthan,Kota,Village_203,Wheat,PBW725,2022-02-16,2022-08-11,Kharif,22.52,Laterite,5.6,66,121,146,Urea,Drip,45.3,25.3,67,No,None,Neem Oil,81.19,78.81,1206613.5,492661.13,200886.18,-291774.95,57,90
FARM01409,Uttar Pradesh,Meerut,Village_336,Millet,Ragi,2020-06-29,2020-09-29,Kharif,19.45,Red,7.9,167,149,129,Urea,Drip,64.2,25.1,72,Yes,Leaf Blight,Chlorpyrifos,84.49,67.59,457722.5,416685.36,143564.58,-273120.78,36,75
FARM01410,Tamil Nadu,Madurai,Village_208,Rice,Basmati,2022-07-09,2022-10-12,Zaid,5.94,Laterite,7.4,73,44,120,NPK,Drip,59.0,22.9,70,No,None,Neem Oil,21.01,20.59,330103.8,82878.76,63567.56,-19311.2,77,74
FARM01411,Tamil Nadu,Coimbatore,Village_299,Potato,Kufri Pukhraj,2022-11-05,2023-03-01,Kharif,6.98,Clay,7.4,158,61,101,Urea,Rain-fed,65.7,28.4,70,Yes,Leaf Blight,Imidacloprid,22.18,17.74,177760.7,224461.95,45750.76,-178711.19,32,50
FARM01412,Rajasthan,Jaipur,Village_386,Soybean,JS335,2022-10-11,2023-04-07,Zaid,24.73,Clay,5.8,150,158,119,Vermicompost,Rain-fed,75.2,23.3,75,Yes,Leaf Blight,Imidacloprid,112.97,90.38,1095454.7,775570.05,308060.67,-467509.38,49,66
FARM01413,West Bengal,Siliguri,Village_173,Cotton,Suraj,2021-01-05,2021-05-09,Kharif,6.35,Loamy,6.5,99,139,92,Urea,Drip,42.7,25.6,67,Yes,Leaf Blight,Imidacloprid,21.6,17.28,446668.7,209817.79,67328.6,-142489.19,38,83
FARM01414,Karnataka,Belagavi,Village_16,Maize,DHM117,2022-04-18,2022-09-05,Rabi,20.27,Clay,6.9,103,118,156,DAP,Canal,22.9,17.5,59,No,None,Neem Oil,64.82,69.99,1017241.4,561859.86,210565.37,-351294.49,90,78
FARM01415,Maharashtra,Nashik,Village_276,Potato,Kufri Pukhraj,2023-02-22,2023-08-05,Rabi,14.95,Loamy,7.6,142,80,66,Organic Compost,Flood,70.4,24.6,64,No,None,Neem Oil,55.83,61.02,626581.0,312043.28,110849.02,-201194.26,87,78
FARM01416,Maharashtra,Pune,Village_177,Potato,Kufri Jyoti,2023-02-15,2023-08-12,Kharif,10.46,Black,6.5,169,115,110,NPK,Sprinkler,37.7,29.6,65,No,None,Neem Oil,27.95,27.72,200321.4,211276.52,53856.18,-157420.34,69,94
FARM01417,Assam,Guwahati,Village_119,Potato,Kufri Jyoti,2021-07-22,2021-11-04,Rabi,11.43,Laterite,5.6,161,119,44,Organic Compost,Rain-fed,48.3,32.8,67,No,None,Neem Oil,33.56,33.69,752406.2,282546.88,68188.05,-214358.83,80,80
FARM01418,Rajasthan,Kota,Village_207,Millet,Bajra,2024-05-13,2024-08-24,Kharif,11.13,Loamy,6.8,70,52,115,Vermicompost,Rain-fed,85.9,29.2,69,No,None,Neem Oil,50.6,54.11,209181.1,294463.48,180112.46,-114351.02,80,93
FARM01419,Karnataka,Belagavi,Village_303,Rice,IR64,2021-02-16,2021-08-02,Rabi,7.5,Clay,8.1,94,129,61,DAP,Rain-fed,124.6,23.9,75,Yes,Leaf Blight,Chlorpyrifos,38.47,30.78,453765.0,139689.47,100302.74,-39386.73,28,66
FARM01420,Karnataka,Mysuru,Village_42,Sugarcane,Co0238,2023-05-20,2023-09-07,Kharif,16.95,Loamy,6.2,104,59,75,NPK,Drip,143.4,24.7,91,No,None,Neem Oil,92.87,93.09,600011.2,566181.47,209540.96,-356640.51,94,46
FARM01421,West Bengal,Kolkata,Village_16,Cotton,Suraj,2020-11-02,2021-04-02,Rabi,13.3,Loamy,7.2,88,122,88,Organic Compost,Canal,104.7,27.3,82,No,None,Neem Oil,63.73,69.32,585654.3,462689.75,226249.83,-236439.92,80,78
FARM01422,Uttar Pradesh,Meerut,Village_372,Rice,Basmati,2021-04-21,2021-08-15,Kharif,11.65,Loamy,7.7,119,158,155,Organic Compost,Flood,107.0,23.5,73,No,None,Neem Oil,45.09,44.41,591921.1,237750.09,94376.78,-143373.31,65,91
FARM01423,Rajasthan,Jaipur,Village_133,Rice,Basmati,2021-01-21,2021-06-15,Kharif,6.18,Black,7.6,41,154,146,Organic Compost,Drip,46.3,20.0,67,No,None,Neem Oil,18.76,18.45,280115.2,212811.98,65924.02,-146887.96,97,70
FARM01424,Rajasthan,Kota,Village_475,Cotton,Suraj,2024-05-06,2024-09-11,Zaid,1.66,Red,7.3,75,84,70,NPK,Rain-fed,20.8,23.9,53,Yes,Leaf Blight,Chlorpyrifos,4.26,3.41,39052.0,57453.97,6906.28,-50547.69,69,61
FARM01425,Uttar Pradesh,Meerut,Village_61,Wheat,PBW725,2023-06-29,2023-11-13,Zaid,23.07,Laterite,6.1,83,120,165,Organic Compost,Canal,52.6,26.1,57,No,None,Neem Oil,75.97,80.68,1396207.6,619122.51,192342.39,-426780.12,55,50
FARM01426,Tamil Nadu,Coimbatore,Village_278,Maize,HQPM1,2023-08-05,2024-01-21,Rabi,14.93,Alluvial,6.4,140,173,145,DAP,Canal,79.5,32.6,64,No,None,Neem Oil,56.41,54.13,294458.6,323361.46,134816.0,-188545.46,93,58
FARM01427,Maharashtra,Pune,Village_446,Cotton,Suraj,2022-01-22,2022-04-25,Kharif,6.45,Black,6.9,52,97,175,NPK,Canal,111.8,29.2,81,No,None,Neem Oil,25.2,26.38,505975.9,173297.62,67092.94,-106204.68,78,54
FARM01428,Punjab,Ludhiana,Village_17,Sugarcane,Co0238,2021-02-03,2021-05-19,Kharif,18.94,Loamy,8.0,50,94,74,NPK,Sprinkler,88.0,33.3,71,Yes,Leaf Blight,Imidacloprid,85.47,68.38,1058057.8,492387.78,125783.37,-366604.41,54,71
FARM01429,Karnataka,Belagavi,Village_323,Rice,Basmati,2023-06-08,2023-09-14,Kharif,24.33,Laterite,5.9,87,127,116,NPK,Canal,83.0,23.2,67,Yes,Leaf Blight,Imidacloprid,89.73,71.78,472229.6,315847.64,174587.97,-141259.67,38,88
FARM01430,Karnataka,Mysuru,Village_76,Soybean,NRC37,2022-07-21,2022-12-26,Rabi,19.36,Black,7.2,77,165,70,Urea,Sprinkler,115.2,13.6,78,No,None,Neem Oil,89.78,95.07,1498026.0,434638.53,387302.63,-47335.9,70,86
FARM01431,Uttar Pradesh,Lucknow,Village_202,Rice,Basmati,2020-03-31,2020-07-29,Kharif,11.53,Alluvial,6.9,64,99,142,Vermicompost,Canal,36.9,18.8,58,No,None,Neem Oil,44.96,46.89,817434.9,190433.24,133184.04,-57249.2,58,74
FARM01432,West Bengal,Siliguri,Village_324,Sugarcane,Co86032,2023-07-18,2024-01-12,Rabi,7.9,Red,8.1,107,78,154,Organic Compost,Canal,25.7,35.7,49,Yes,Leaf Blight,Imidacloprid,31.38,25.1,327020.2,138433.91,64523.12,-73910.79,50,80
FARM01433,West Bengal,Siliguri,Village_72,Sugarcane,Co86032,2023-06-20,2023-11-20,Kharif,14.91,Laterite,6.5,87,134,142,NPK,Drip,67.3,28.7,74,No,None,Neem Oil,53.44,54.02,760968.0,197057.05,132034.42,-65022.63,91,89
FARM01434,Rajasthan,Kota,Village_483,Cotton,Bt,2022-07-28,2022-11-25,Zaid,2.26,Alluvial,5.9,151,131,102,Vermicompost,Sprinkler,47.0,29.4,65,Yes,Leaf Blight,Imidacloprid,8.41,6.73,62830.9,29064.07,14692.31,-14371.76,48,90
FARM01435,Assam,Jorhat,Village_304,Potato,Kufri Pukhraj,2022-04-22,2022-08-19,Kharif,9.21,Black,6.4,90,156,151,Organic Compost,Drip,90.6,28.2,72,No,None,Neem Oil,34.51,35.25,707653.9,159274.57,117730.37,-41544.2,86,63
FARM01436,Assam,Jorhat,Village_468,Soybean,NRC37,2023-12-12,2024-03-14,Kharif,8.73,Red,6.7,105,104,165,NPK,Canal,65.3,16.7,65,No,None,Neem Oil,37.93,38.7,552223.2,292059.49,86146.14,-205913.35,90,94
FARM01437,Punjab,Ludhiana,Village_40,Cotton,Suraj,2023-04-01,2023-09-02,Zaid,3.21,Alluvial,7.9,75,92,93,Urea,Flood,45.9,28.4,69,No,None,Neem Oil,11.5,12.15,165337.4,90890.92,50895.78,-39995.14,97,64
FARM01438,Assam,Guwahati,Village_244,Soybean,NRC37,2020-10-03,2021-02-22,Kharif,22.96,Clay,7.9,54,158,89,Urea,Canal,25.5,27.8,64,No,None,Neem Oil,60.45,60.26,1331307.4,617408.88,123116.56,-494292.32,64,87
FARM01439,Rajasthan,Kota,Village_295,Wheat,PBW725,2023-02-12,2023-05-13,Kharif,11.15,Laterite,7.8,72,99,40,Organic Compost,Sprinkler,103.0,25.3,77,Yes,Leaf Blight,Imidacloprid,46.38,37.1,756251.9,198263.94,152780.59,-45483.35,66,79
FARM01440,Tamil Nadu,Madurai,Village_174,Soybean,JS335,2021-06-11,2021-09-28,Zaid,5.18,Alluvial,5.8,61,40,163,Vermicompost,Sprinkler,68.9,23.1,59,No,None,Neem Oil,16.51,17.27,349173.2,81521.55,61233.35,-20288.2,77,60
FARM01441,Punjab,Amritsar,Village_157,Rice,IR64,2023-11-27,2024-03-13,Kharif,11.57,Clay,7.6,86,114,85,NPK,Rain-fed,104.6,29.0,80,Yes,Leaf Blight,Chlorpyrifos,48.0,38.4,720263.3,357030.21,76515.32,-280514.89,27,59
FARM01442,West Bengal,Siliguri,Village_174,Rice,Basmati,2024-04-14,2024-07-21,Zaid,16.29,Black,7.4,162,118,168,Organic Compost,Flood,111.4,29.1,78,Yes,Leaf Blight,Chlorpyrifos,79.08,63.26,777990.1,431250.46,164875.79,-266374.67,63,85
FARM01443,Assam,Guwahati,Village_100,Wheat,PBW725,2022-08-28,2022-12-02,Kharif,19.62,Red,5.6,131,107,108,NPK,Drip,166.3,20.5,98,No,None,Neem Oil,97.33,106.89,300866.9,253062.46,424420.02,171357.56,89,58
FARM01444,Tamil Nadu,Madurai,Village_125,Maize,HQPM1,2021-09-16,2022-01-12,Kharif,2.22,Black,8.0,112,89,115,Vermicompost,Canal,29.6,18.0,56,No,None,Neem Oil,7.74,8.03,64017.0,41316.76,19562.51,-21754.25,93,49
FARM01445,Punjab,Amritsar,Village_261,Sugarcane,Co86032,2022-01-08,2022-04-24,Kharif,15.76,Loamy,6.2,132,178,64,DAP,Drip,48.1,28.2,69,Yes,Leaf Blight,Imidacloprid,61.67,49.34,396978.0,341240.87,168718.97,-172521.9,29,84
FARM01446,West Bengal,Siliguri,Village_53,Millet,Ragi,2021-12-23,2022-03-30,Zaid,9.43,Alluvial,6.6,144,140,131,DAP,Flood,62.7,22.5,62,No,None,Neem Oil,38.87,37.15,281458.0,114813.65,150428.28,35614.63,85,64
FARM01447,Karnataka,Belagavi,Village_161,Millet,Bajra,2020-03-16,2020-07-02,Zaid,8.87,Loamy,5.7,103,64,69,Vermicompost,Canal,56.2,20.7,59,No,None,Neem Oil,27.52,28.79,595889.2,254180.56,103291.18,-150889.38,61,66
FARM01448,Maharashtra,Nashik,Village_353,Wheat,HD2967,2020-06-03,2020-11-23,Zaid,23.61,Red,6.0,137,144,155,Vermicompost,Flood,131.6,24.4,77,Yes,Leaf Blight,Chlorpyrifos,100.3,80.24,1023962.6,354587.63,261744.07,-92843.56,66,64
FARM01449,Uttar Pradesh,Meerut,Village_101,Sugarcane,Co86032,2022-02-24,2022-08-01,Kharif,14.68,Red,6.0,139,115,59,Organic Compost,Canal,85.9,23.1,64,No,None,Neem Oil,57.18,54.64,344843.4,356579.53,211881.3,-144698.23,62,77
FARM01450,Uttar Pradesh,Meerut,Village_37,Millet,Bajra,2023-02-07,2023-05-14,Rabi,24.97,Loamy,7.3,70,153,77,Vermicompost,Rain-fed,48.8,27.0,65,No,None,Neem Oil,78.9,83.05,1528960.5,424862.2,229523.56,-195338.64,90,53
FARM01451,West Bengal,Siliguri,Village_160,Soybean,JS335,2021-05-10,2021-09-30,Rabi,1.34,Red,5.9,134,158,73,NPK,Canal,121.5,22.7,88,No,None,Neem Oil,5.85,6.43,49922.2,34518.81,12893.8,-21625.01,59,84
FARM01452,Assam,Jorhat,Village_307,Wheat,HD2967,2020-03-23,2020-06-28,Rabi,4.23,Red,6.6,41,141,48,NPK,Sprinkler,36.6,27.5,56,No,None,Neem Oil,11.25,12.21,185698.1,142459.62,50413.48,-92046.14,77,74
FARM01453,West Bengal,Kolkata,Village_273,Maize,DHM117,2023-04-09,2023-09-26,Zaid,8.14,Alluvial,7.8,97,51,171,NPK,Sprinkler,111.3,27.1,83,No,None,Neem Oil,30.48,33.04,384090.5,125345.02,128352.85,3007.83,71,85
FARM01454,Assam,Jorhat,Village_66,Cotton,Bt,2023-03-18,2023-06-22,Rabi,15.17,Laterite,6.8,164,54,43,DAP,Drip,77.8,21.2,68,Yes,Leaf Blight,Chlorpyrifos,49.53,39.62,943117.9,327474.5,129036.54,-198437.96,30,68
FARM01455,Punjab,Amritsar,Village_404,Soybean,NRC37,2023-07-15,2023-10-21,Zaid,18.78,Clay,7.3,68,174,102,Vermicompost,Flood,62.7,26.0,71,No,None,Neem Oil,61.43,65.76,1487253.7,290550.92,223933.91,-66617.01,96,49
FARM01456,West Bengal,Kolkata,Village_294,Rice,Basmati,2023-01-11,2023-05-28,Zaid,15.19,Black,8.0,157,53,123,DAP,Rain-fed,57.0,23.2,64,Yes,Leaf Blight,Imidacloprid,45.97,36.78,756487.6,265523.59,69711.04,-195812.55,58,73
FARM01457,Rajasthan,Kota,Village_374,Soybean,NRC37,2023-07-21,2023-12-02,Kharif,8.47,Red,7.7,161,153,81,Vermicompost,Flood,86.6,29.9,77,No,None,Neem Oil,32.48,34.31,177371.1,231125.31,97416.7,-133708.61,71,78
FARM01458,West Bengal,Kolkata,Village_429,Rice,Basmati,2024-02-08,2024-08-01,Kharif,11.82,Clay,7.6,180,165,101,Organic Compost,Flood,25.4,26.2,58,No,None,Neem Oil,33.12,32.78,296532.4,154577.17,72753.14,-81824.03,89,91
FARM01459,Assam,Jorhat,Village_439,Cotton,Bt,2020-05-11,2020-11-01,Kharif,21.39,Alluvial,6.6,93,162,133,NPK,Drip,75.0,21.5,69,No,None,Neem Oil,86.69,89.39,694686.2,460924.54,210819.99,-250104.55,71,83
FARM01460,West Bengal,Siliguri,Village_162,Rice,Basmati,2020-05-20,2020-11-15,Rabi,17.42,Laterite,6.6,120,179,123,DAP,Canal,29.3,29.2,61,Yes,Leaf Blight,Imidacloprid,55.1,44.08,301234.4,311511.18,103560.57,-207950.61,26,65
FARM01461,Uttar Pradesh,Meerut,Village_439,Potato,Kufri Pukhraj,2022-12-01,2023-03-04,Kharif,10.43,Red,7.8,88,124,152,Organic Compost,Sprinkler,17.1,29.7,53,No,None,Neem Oil,37.31,38.29,285821.1,351205.76,159162.83,-192042.93,66,65
FARM01462,Rajasthan,Jaipur,Village_342,Soybean,JS335,2021-10-11,2022-03-18,Zaid,15.36,Alluvial,8.1,122,160,118,Vermicompost,Canal,65.9,15.9,74,No,None,Neem Oil,55.59,53.44,549208.3,517426.64,149648.01,-367778.63,71,47
FARM01463,Uttar Pradesh,Meerut,Village_188,Maize,HQPM1,2020-05-29,2020-10-03,Rabi,12.96,Loamy,6.6,53,81,97,Organic Compost,Drip,69.4,20.1,73,Yes,Leaf Blight,Chlorpyrifos,54.06,43.25,771805.0,197279.97,84524.17,-112755.8,56,77
FARM01464,Assam,Guwahati,Village_114,Soybean,JS335,2022-09-29,2023-03-09,Kharif,14.09,Alluvial,6.8,94,94,98,Organic Compost,Drip,36.0,30.8,67,No,None,Neem Oil,39.87,39.27,821199.0,446792.4,88641.78,-358150.62,65,83
FARM01465,Punjab,Ludhiana,Village_438,Soybean,NRC37,2024-04-11,2024-09-18,Kharif,17.15,Clay,6.7,92,172,155,NPK,Flood,139.1,31.1,77,No,None,Neem Oil,68.33,71.33,565789.4,509316.6,242067.87,-267248.73,60,71
FARM01466,West Bengal,Kolkata,Village_200,Millet,Ragi,2023-01-24,2023-05-12,Rabi,8.36,Laterite,8.0,168,79,166,Vermicompost,Canal,61.2,14.6,69,Yes,Leaf Blight,Imidacloprid,35.07,28.06,347773.1,189854.5,99585.9,-90268.6,58,84
FARM01467,Punjab,Ludhiana,Village_311,Cotton,Suraj,2021-05-22,2021-11-06,Rabi,13.97,Loamy,7.9,49,153,104,DAP,Rain-fed,113.9,21.0,78,No,None,Neem Oil,54.57,55.25,418097.6,391001.0,146159.0,-244842.0,84,47
FARM01468,Punjab,Ludhiana,Village_218,Sugarcane,Co0238,2020-01-18,2020-06-05,Kharif,22.16,Clay,5.6,133,156,42,Organic Compost,Flood,49.9,24.2,58,No,None,Neem Oil,85.34,90.03,574126.3,484159.99,246179.98,-237980.01,66,95
FARM01469,Punjab,Ludhiana,Village_36,Sugarcane,Co86032,2020-03-06,2020-08-30,Kharif,11.54,Black,6.3,175,180,73,DAP,Flood,80.0,33.7,62,No,None,Neem Oil,39.73,40.31,308949.7,140297.03,104838.01,-35459.02,68,51
FARM01470,Maharashtra,Pune,Village_247,Wheat,HD2967,2020-09-06,2020-12-18,Rabi,22.92,Red,7.9,74,116,47,Urea,Rain-fed,62.5,33.3,57,Yes,Leaf Blight,Imidacloprid,68.79,55.03,1414843.6,440011.91,128671.11,-311340.8,61,94
FARM01471,Assam,Jorhat,Village_299,Soybean,JS335,2021-10-14,2022-04-06,Zaid,7.85,Clay,5.5,172,49,58,Vermicompost,Rain-fed,53.2,31.0,70,No,None,Neem Oil,25.26,25.24,308051.6,264369.73,66650.88,-197718.85,90,74
FARM01472,Karnataka,Mysuru,Village_132,Maize,DHM117,2023-06-24,2023-10-17,Kharif,11.07,Laterite,6.7,158,129,49,DAP,Canal,62.3,38.6,65,No,None,Neem Oil,43.23,43.29,325452.2,360283.82,78524.84,-281758.98,55,72
FARM01473,Maharashtra,Nashik,Village_396,Cotton,Suraj,2020-04-04,2020-09-15,Kharif,16.02,Alluvial,7.2,72,49,126,NPK,Rain-fed,33.9,26.8,56,Yes,Leaf Blight,Chlorpyrifos,48.6,38.88,879427.2,295211.15,142423.26,-152787.89,68,83
FARM01474,Punjab,Amritsar,Village_284,Rice,IR64,2021-02-27,2021-07-16,Zaid,23.58,Laterite,6.4,84,86,169,DAP,Drip,55.5,20.8,57,Yes,Leaf Blight,Chlorpyrifos,72.8,58.24,1251542.9,654649.8,143602.87,-511046.93,38,65
FARM01475,West Bengal,Kolkata,Village_186,Sugarcane,Co86032,2020-06-26,2020-09-30,Rabi,17.1,Black,7.8,156,58,92,DAP,Canal,97.2,20.7,75,No,None,Neem Oil,71.17,74.85,563810.6,211716.96,306188.72,94471.76,85,55
FARM01476,Karnataka,Mysuru,Village_27,Potato,Kufri Pukhraj,2020-10-24,2021-03-06,Rabi,1.23,Clay,7.2,41,160,168,DAP,Rain-fed,54.6,14.3,71,No,None,Neem Oil,4.55,4.41,65822.0,26894.81,10554.7,-16340.11,71,55
FARM01477,Karnataka,Mysuru,Village_174,Maize,DHM117,2021-04-19,2021-08-13,Zaid,24.87,Loamy,7.6,93,109,52,Urea,Drip,42.3,24.4,54,No,None,Neem Oil,77.8,82.42,1171814.2,694304.22,312141.18,-382163.04,55,87
FARM01478,Rajasthan,Kota,Village_19,Maize,HQPM1,2022-10-03,2023-02-07,Kharif,7.86,Red,8.0,59,92,96,NPK,Flood,85.8,21.3,73,No,None,Neem Oil,37.13,39.73,617250.9,272235.63,153313.22,-118922.41,76,70
FARM01479,Tamil Nadu,Madurai,Village_14,Wheat,PBW725,2021-07-09,2021-10-14,Kharif,4.21,Black,5.5,45,42,161,Vermicompost,Sprinkler,71.2,19.6,69,Yes,Leaf Blight,Chlorpyrifos,17.8,14.24,311879.3,121289.69,52979.26,-68310.43,65,78
FARM01480,Rajasthan,Jaipur,Village_245,Millet,Bajra,2021-08-26,2021-12-12,Zaid,24.76,Alluvial,5.7,164,146,157,Organic Compost,Drip,53.8,24.1,64,Yes,Leaf Blight,Chlorpyrifos,107.83,86.26,746333.0,475460.75,221973.27,-253487.48,38,54
FARM01481,Tamil Nadu,Madurai,Village_97,Soybean,JS335,2020-07-20,2020-11-06,Zaid,11.72,Clay,5.8,59,139,53,Vermicompost,Drip,104.7,33.1,80,No,None,Neem Oil,56.83,55.09,912097.1,243017.25,173045.1,-69972.15,95,45
FARM01482,Assam,Guwahati,Village_401,Soybean,JS335,2023-01-03,2023-04-21,Zaid,16.27,Loamy,5.6,53,58,52,DAP,Canal,40.8,19.7,59,Yes,Leaf Blight,Imidacloprid,66.35,53.08,569531.4,442490.1,216387.49,-226102.61,30,60
FARM01483,Maharashtra,Pune,Village_275,Rice,IR64,2024-03-31,2024-07-25,Rabi,13.8,Clay,7.5,130,151,159,Vermicompost,Canal,56.6,32.3,56,No,None,Neem Oil,56.35,60.86,457665.3,195081.64,208656.69,13575.05,77,86
FARM01484,Maharashtra,Pune,Village_279,Potato,Kufri Pukhraj,2022-12-15,2023-04-13,Kharif,20.14,Clay,7.6,40,81,125,Urea,Flood,85.4,33.9,76,No,None,Neem Oil,95.15,90.65,308132.4,593314.05,316574.41,-276739.64,88,65
FARM01485,Punjab,Ludhiana,Village_481,Cotton,Bt,2021-12-08,2022-04-08,Rabi,8.06,Alluvial,6.2,45,131,66,DAP,Drip,26.9,29.7,61,No,None,Neem Oil,22.27,24.06,446190.5,161841.41,84526.21,-77315.2,73,76
FARM01486,Punjab,Amritsar,Village_448,Potato,Kufri Jyoti,2020-10-23,2021-02-03,Rabi,4.75,Alluvial,5.7,77,109,114,Organic Compost,Flood,49.0,22.1,56,No,None,Neem Oil,14.57,13.94,245141.2,135251.86,25142.39,-110109.47,83,59
FARM01487,Uttar Pradesh,Meerut,Village_224,Soybean,NRC37,2023-10-03,2024-03-18,Kharif,14.89,Clay,7.3,138,127,116,Organic Compost,Drip,46.6,19.7,55,No,None,Neem Oil,58.4,58.42,1096184.4,198814.05,199312.59,498.54,78,78
FARM01488,Uttar Pradesh,Meerut,Village_171,Maize,DHM117,2023-05-09,2023-09-02,Zaid,11.62,Clay,5.7,153,61,158,Organic Compost,Sprinkler,84.6,28.3,65,Yes,Leaf Blight,Chlorpyrifos,38.68,30.94,274044.6,264003.96,69420.93,-194583.03,58,51
FARM01489,Punjab,Amritsar,Village_375,Millet,Bajra,2021-04-29,2021-09-26,Zaid,2.35,Clay,6.0,53,62,99,Urea,Drip,61.7,27.5,66,No,None,Neem Oil,8.69,9.54,166698.3,38103.97,23423.54,-14680.43,89,82
FARM01490,Karnataka,Belagavi,Village_307,Cotton,Suraj,2023-11-04,2024-03-28,Zaid,10.16,Red,7.8,138,140,119,DAP,Sprinkler,81.1,26.0,65,No,None,Neem Oil,40.56,40.32,753838.4,284330.34,109665.73,-174664.61,78,90
FARM01491,West Bengal,Kolkata,Village_414,Soybean,JS335,2020-01-23,2020-06-11,Rabi,18.62,Alluvial,7.0,89,79,72,NPK,Rain-fed,96.6,20.1,73,No,None,Neem Oil,70.15,69.57,1211865.1,419695.75,290084.88,-129610.87,56,76
FARM01492,Punjab,Ludhiana,Village_271,Millet,Bajra,2021-01-08,2021-05-14,Kharif,13.03,Alluvial,7.4,56,165,134,DAP,Sprinkler,166.5,22.9,95,No,None,Neem Oil,66.3,68.82,458780.4,198190.36,280253.36,82063.0,69,64
FARM01493,Uttar Pradesh,Lucknow,Village_404,Maize,HQPM1,2023-08-08,2024-01-11,Kharif,12.51,Clay,7.4,91,126,77,DAP,Flood,58.5,27.3,72,No,None,Neem Oil,42.65,41.23,775798.8,284524.65,155492.03,-129032.62,91,88
FARM01494,Karnataka,Belagavi,Village_408,Potato,Kufri Jyoti,2023-11-30,2024-04-25,Rabi,20.37,Laterite,7.4,144,156,163,NPK,Rain-fed,93.8,19.9,67,Yes,Leaf Blight,Chlorpyrifos,85.45,68.36,398481.6,650590.6,271122.43,-379468.17,70,77
FARM01495,Tamil Nadu,Coimbatore,Village_84,Wheat,HD2967,2021-08-26,2021-11-30,Rabi,5.65,Laterite,7.9,161,51,99,NPK,Rain-fed,40.4,21.2,57,No,None,Neem Oil,20.83,22.91,259075.6,96795.98,86975.42,-9820.56,64,81
FARM01496,Maharashtra,Pune,Village_208,Maize,DHM117,2020-02-06,2020-07-29,Zaid,1.96,Loamy,7.2,131,79,71,Urea,Canal,75.5,33.7,69,No,None,Neem Oil,6.67,6.8,49375.7,57229.5,22190.33,-35039.17,95,85
FARM01497,Tamil Nadu,Coimbatore,Village_15,Potato,Kufri Jyoti,2021-04-21,2021-08-17,Kharif,17.38,Black,6.6,88,72,94,Organic Compost,Sprinkler,53.8,27.4,56,Yes,Leaf Blight,Imidacloprid,75.16,60.13,1260653.5,411866.24,134319.13,-277547.11,44,94
FARM01498,Uttar Pradesh,Lucknow,Village_204,Soybean,NRC37,2020-02-22,2020-08-15,Kharif,1.73,Red,5.9,114,88,45,DAP,Sprinkler,45.4,28.7,63,No,None,Neem Oil,5.44,5.82,82139.8,27000.72,13947.2,-13053.52,95,48
FARM01499,West Bengal,Siliguri,Village_476,Potato,Kufri Jyoti,2022-10-03,2023-03-24,Zaid,4.2,Red,7.2,124,168,173,Urea,Drip,46.0,34.8,55,No,None,Neem Oil,13.59,13.37,228356.9,62961.67,31974.93,-30986.74,96,74
FARM01500,Rajasthan,Kota,Village_122,Potato,Kufri Pukhraj,2022-06-13,2022-11-04,Kharif,12.4,Clay,8.0,163,68,162,NPK,Flood,96.3,20.9,74,Yes,Leaf Blight,Chlorpyrifos,46.58,37.26,777600.8,378521.01,122742.67,-255778.34,58,83
FARM01501,Rajasthan,Kota,Village_226,Maize,HQPM1,2023-09-19,2024-02-08,Kharif,14.08,Laterite,6.9,138,59,75,NPK,Canal,41.8,34.4,66,No,None,Neem Oil,57.43,56.35,690247.3,204315.13,163642.37,-40672.76,58,88
FARM01502,Rajasthan,Jaipur,Village_386,Millet,Ragi,2023-08-31,2023-12-06,Rabi,9.68,Alluvial,8.0,40,73,176,Vermicompost,Rain-fed,32.5,34.0,60,Yes,Leaf Blight,Imidacloprid,29.46,23.57,444353.6,303038.05,97425.55,-205612.5,21,60
FARM01503,Assam,Guwahati,Village_433,Maize,HQPM1,2020-04-15,2020-09-13,Zaid,7.79,Black,7.7,150,95,108,NPK,Drip,79.5,22.2,76,No,None,Neem Oil,33.86,32.25,140384.9,140690.78,117940.17,-22750.61,81,77
FARM01504,Maharashtra,Nashik,Village_271,Cotton,Suraj,2020-12-27,2021-06-07,Zaid,6.47,Clay,7.3,136,98,55,Urea,Canal,48.8,30.6,54,No,None,Neem Oil,20.62,21.15,506648.8,83641.59,69249.35,-14392.24,75,57
FARM01505,Tamil Nadu,Madurai,Village_495,Sugarcane,Co86032,2020-03-12,2020-08-31,Rabi,2.7,Clay,7.0,108,94,60,NPK,Rain-fed,72.4,31.0,72,Yes,Leaf Blight,Imidacloprid,8.82,7.06,204597.4,64258.02,19659.24,-44598.78,68,72
FARM01506,Tamil Nadu,Coimbatore,Village_419,Maize,DHM117,2023-03-12,2023-06-22,Rabi,22.89,Laterite,8.1,59,165,76,DAP,Sprinkler,59.3,22.0,56,Yes,Leaf Blight,Chlorpyrifos,82.65,66.12,448085.6,713262.52,159526.66,-553735.86,20,67
FARM01507,Punjab,Ludhiana,Village_11,Millet,Ragi,2022-09-16,2023-03-07,Rabi,10.45,Loamy,7.2,77,86,75,DAP,Flood,111.5,24.0,85,No,None,Neem Oil,44.98,48.36,543548.1,343106.08,175372.95,-167733.13,68,56
FARM01508,Uttar Pradesh,Lucknow,Village_337,Cotton,Suraj,2022-01-24,2022-06-02,Zaid,15.36,Clay,6.3,178,104,118,Urea,Canal,86.0,31.1,68,Yes,Leaf Blight,Chlorpyrifos,67.65,54.12,406868.8,304262.29,118344.04,-185918.25,39,45
FARM01509,Karnataka,Belagavi,Village_155,Sugarcane,Co0238,2023-04-24,2023-08-11,Kharif,13.0,Loamy,8.1,142,114,50,Urea,Drip,94.8,22.3,78,No,None,Neem Oil,57.3,58.64,621256.0,185251.78,172611.99,-12639.79,84,55
FARM01510,Maharashtra,Nashik,Village_103,Wheat,HD2967,2022-11-20,2023-05-19,Zaid,18.25,Loamy,7.2,166,56,69,Organic Compost,Canal,55.4,33.5,57,Yes,Leaf Blight,Chlorpyrifos,71.22,56.98,1148268.9,378125.37,153753.81,-224371.56,57,68
FARM01511,Rajasthan,Jaipur,Village_398,Cotton,Bt,2022-04-06,2022-08-10,Rabi,4.22,Alluvial,5.9,153,141,82,NPK,Rain-fed,82.1,26.7,71,Yes,Leaf Blight,Imidacloprid,15.52,12.42,186795.3,119791.88,30298.92,-89492.96,48,95
FARM01512,Karnataka,Belagavi,Village_15,Soybean,NRC37,2020-03-23,2020-08-24,Rabi,18.68,Loamy,6.9,164,129,123,DAP,Canal,88.3,23.2,72,Yes,Leaf Blight,Chlorpyrifos,72.02,57.62,485700.9,539083.0,181156.42,-357926.58,58,46
FARM01513,Tamil Nadu,Madurai,Village_63,Cotton,Suraj,2020-10-04,2021-02-04,Zaid,7.7,Alluvial,7.3,58,51,170,NPK,Drip,82.8,37.4,68,No,None,Neem Oil,32.33,31.02,223733.2,194166.74,57419.25,-136747.49,80,85
FARM01514,Uttar Pradesh,Meerut,Village_472,Cotton,Bt,2020-06-16,2020-11-07,Rabi,22.56,Alluvial,6.5,128,72,68,NPK,Sprinkler,40.9,29.3,57,Yes,Leaf Blight,Imidacloprid,86.5,69.2,658519.8,316584.55,170242.2,-146342.35,30,62
FARM01515,Punjab,Ludhiana,Village_451,Rice,Basmati,2023-01-03,2023-04-24,Zaid,10.9,Alluvial,6.9,68,51,155,Organic Compost,Flood,19.2,29.2,54,Yes,Leaf Blight,Chlorpyrifos,37.65,30.12,611429.8,255888.86,57966.44,-197922.42,62,58
FARM01516,Tamil Nadu,Coimbatore,Village_258,Millet,Ragi,2021-06-28,2021-11-13,Rabi,10.61,Red,5.9,87,97,69,DAP,Canal,37.6,43.2,66,No,None,Neem Oil,29.13,30.97,380459.8,313382.01,72943.74,-240438.27,76,54
FARM01517,Maharashtra,Nashik,Village_56,Cotton,Suraj,2021-02-14,2021-06-24,Zaid,19.75,Clay,5.7,106,57,139,Vermicompost,Drip,132.8,22.8,89,Yes,Leaf Blight,Imidacloprid,87.47,69.98,863075.3,355470.2,246228.06,-109242.14,31,56
FARM01518,Uttar Pradesh,Meerut,Village_365,Potato,Kufri Jyoti,2020-09-22,2021-01-20,Kharif,12.03,Black,6.5,49,142,134,Vermicompost,Flood,36.7,33.9,64,No,None,Neem Oil,49.2,51.53,572840.3,403168.88,213846.41,-189322.47,97,64
FARM01519,West Bengal,Siliguri,Village_128,Sugarcane,Co86032,2021-05-15,2021-10-08,Kharif,20.05,Laterite,5.9,92,163,100,Vermicompost,Flood,96.0,28.5,74,No,None,Neem Oil,80.59,81.4,911272.4,252079.6,252733.27,653.67,89,70
FARM01520,Maharashtra,Pune,Village_64,Wheat,HD2967,2024-01-03,2024-04-23,Zaid,1.74,Alluvial,5.8,54,111,177,Urea,Flood,89.6,32.1,78,Yes,Leaf Blight,Chlorpyrifos,7.17,5.74,99201.6,49385.88,22759.49,-26626.39,45,70
FARM01521,Rajasthan,Jaipur,Village_75,Maize,DHM117,2022-06-20,2022-11-13,Kharif,11.39,Alluvial,6.0,55,88,121,NPK,Sprinkler,58.8,27.9,58,No,None,Neem Oil,37.11,37.28,684142.7,231680.9,91813.53,-139867.37,93,60
FARM01522,Tamil Nadu,Coimbatore,Village_470,Rice,Basmati,2023-02-04,2023-05-05,Rabi,24.08,Laterite,6.8,133,154,55,DAP,Rain-fed,96.9,34.9,66,No,None,Neem Oil,83.56,88.34,908966.4,396454.97,322049.87,-74405.1,61,71
FARM01523,Assam,Guwahati,Village_205,Maize,HQPM1,2021-06-12,2021-09-16,Zaid,21.22,Loamy,8.2,107,155,118,Vermicompost,Rain-fed,28.0,27.9,58,No,None,Neem Oil,81.45,83.61,1009585.2,425049.79,182712.66,-242337.13,74,68
FARM01524,Maharashtra,Nashik,Village_61,Maize,DHM117,2022-08-10,2022-11-22,Rabi,10.87,Red,8.1,85,81,91,Vermicompost,Flood,222.4,23.6,98,No,None,Neem Oil,69.92,68.48,680877.2,379909.33,134580.47,-245328.86,55,53
FARM01525,Assam,Jorhat,Village_422,Rice,IR64,2024-03-23,2024-09-02,Zaid,1.97,Clay,6.5,171,132,52,Urea,Flood,32.5,25.7,52,No,None,Neem Oil,5.59,6.12,90165.7,68816.24,13556.25,-55259.99,83,91
FARM01526,Punjab,Ludhiana,Village_500,Potato,Kufri Pukhraj,2020-10-25,2021-03-14,Rabi,6.78,Red,7.3,57,172,127,Organic Compost,Drip,87.9,27.0,63,No,None,Neem Oil,26.26,28.33,405577.6,193781.68,70765.67,-123016.01,76,91
FARM01527,Punjab,Ludhiana,Village_351,Rice,IR64,2023-01-06,2023-06-06,Zaid,24.83,Laterite,5.7,80,102,139,DAP,Rain-fed,23.1,23.7,47,No,None,Neem Oil,78.44,83.12,564715.7,564064.88,328486.71,-235578.17,69,49
FARM01528,Uttar Pradesh,Lucknow,Village_197,Cotton,Bt,2024-04-12,2024-08-19,Zaid,13.28,Alluvial,7.0,143,142,94,DAP,Rain-fed,106.3,25.6,70,No,None,Neem Oil,48.61,51.23,797304.3,440563.43,192618.35,-247945.08,58,87
FARM01529,Uttar Pradesh,Lucknow,Village_387,Sugarcane,Co86032,2023-09-03,2024-01-10,Kharif,15.26,Alluvial,6.2,135,154,157,NPK,Flood,65.7,27.1,74,No,None,Neem Oil,55.67,57.29,937933.4,282363.29,145368.56,-136994.73,71,59
FARM01530,Maharashtra,Pune,Village_384,Soybean,NRC37,2024-05-17,2024-09-25,Kharif,20.91,Loamy,6.4,62,40,63,NPK,Canal,166.3,34.3,91,Yes,Leaf Blight,Imidacloprid,117.89,94.31,1640521.0,730884.7,296142.91,-434741.79,29,45
FARM01531,Punjab,Ludhiana,Village_468,Wheat,HD2967,2020-07-10,2021-01-01,Kharif,10.98,Black,6.0,52,113,154,DAP,Sprinkler,53.6,25.4,55,Yes,Leaf Blight,Chlorpyrifos,36.73,29.38,586938.2,370183.87,81586.42,-288597.45,62,75
FARM01532,Assam,Guwahati,Village_83,Rice,Basmati,2021-05-29,2021-10-08,Zaid,6.91,Black,5.8,84,176,108,Vermicompost,Canal,40.7,29.6,64,No,None,Neem Oil,28.78,28.31,473267.5,120392.52,81063.72,-39328.8,92,82
FARM01533,Tamil Nadu,Coimbatore,Village_247,Soybean,NRC37,2023-10-22,2024-02-09,Zaid,3.93,Loamy,6.7,87,109,108,Organic Compost,Flood,100.3,29.3,83,Yes,Leaf Blight,Imidacloprid,15.34,12.27,88306.3,72253.79,49897.58,-22356.21,68,72
FARM01534,Maharashtra,Nashik,Village_459,Soybean,NRC37,2022-02-23,2022-08-08,Zaid,17.3,Laterite,6.1,120,72,87,Organic Compost,Drip,48.0,31.4,70,No,None,Neem Oil,48.96,53.83,1052322.7,543998.13,105197.34,-438800.79,73,88
FARM01535,Maharashtra,Pune,Village_213,Maize,HQPM1,2022-10-28,2023-03-09,Zaid,7.78,Clay,7.4,77,41,63,Urea,Flood,42.7,22.5,52,No,None,Neem Oil,21.37,21.5,587207.0,271235.22,46258.7,-224976.52,80,49
FARM01536,Assam,Jorhat,Village_74,Rice,Basmati,2021-03-07,2021-08-01,Rabi,12.92,Clay,8.2,147,75,180,Urea,Canal,51.3,16.3,58,No,None,Neem Oil,45.94,49.86,765627.1,351019.87,153754.4,-197265.47,55,84
FARM01537,Uttar Pradesh,Lucknow,Village_235,Rice,IR64,2021-07-03,2021-11-11,Kharif,2.41,Loamy,5.6,107,162,128,Vermicompost,Rain-fed,70.6,28.3,67,No,None,Neem Oil,8.5,8.9,156391.5,61642.29,17031.73,-44610.56,81,73
FARM01538,Tamil Nadu,Coimbatore,Village_314,Millet,Ragi,2021-03-07,2021-07-25,Zaid,7.97,Clay,6.5,159,116,83,DAP,Sprinkler,52.5,27.6,70,No,None,Neem Oil,26.77,25.81,392235.3,101952.82,95834.97,-6117.85,94,70
FARM01539,Uttar Pradesh,Lucknow,Village_167,Millet,Bajra,2023-11-03,2024-02-20,Rabi,6.95,Clay,5.9,120,40,147,Urea,Sprinkler,143.9,27.1,79,No,None,Neem Oil,32.13,31.39,554208.2,83612.3,71369.78,-12242.52,73,93
FARM01540,Tamil Nadu,Madurai,Village_386,Sugarcane,Co86032,2023-04-18,2023-10-02,Kharif,14.21,Black,6.2,97,43,93,DAP,Canal,63.5,32.2,71,No,None,Neem Oil,55.82,57.62,608822.0,178566.42,185095.02,6528.6,79,50
FARM01541,Maharashtra,Pune,Village_179,Wheat,HD2967,2023-11-30,2024-03-14,Kharif,18.96,Alluvial,7.3,122,67,69,Urea,Rain-fed,41.2,24.5,55,Yes,Leaf Blight,Imidacloprid,71.21,56.97,475852.4,646313.11,234370.81,-411942.3,30,62
FARM01542,Punjab,Ludhiana,Village_157,Soybean,NRC37,2020-08-03,2020-12-09,Rabi,11.55,Black,5.7,146,59,117,Urea,Rain-fed,61.6,30.2,60,Yes,Leaf Blight,Imidacloprid,38.65,30.92,810606.5,141096.52,67952.62,-73143.9,66,54
FARM01543,Uttar Pradesh,Lucknow,Village_84,Sugarcane,Co86032,2020-02-28,2020-07-05,Kharif,12.06,Laterite,5.6,48,155,111,NPK,Flood,36.2,42.4,63,No,None,Neem Oil,36.51,35.48,791059.5,316815.09,94592.83,-222222.26,83,95
FARM01544,Rajasthan,Kota,Village_310,Maize,DHM117,2021-10-08,2022-01-31,Rabi,6.85,Loamy,6.3,92,167,90,Vermicompost,Rain-fed,70.4,24.2,70,No,None,Neem Oil,29.35,31.5,382715.3,140822.75,63653.59,-77169.16,67,95
FARM01545,Assam,Jorhat,Village_339,Wheat,PBW725,2023-04-18,2023-09-11,Zaid,15.98,Black,7.4,62,166,133,Vermicompost,Sprinkler,42.9,24.4,64,No,None,Neem Oil,51.86,54.92,861860.8,469848.7,184912.83,-284935.87,89,82
FARM01546,Assam,Jorhat,Village_203,Maize,HQPM1,2022-07-09,2022-12-08,Rabi,24.81,Red,6.0,172,81,70,Urea,Flood,42.5,30.9,64,Yes,Leaf Blight,Imidacloprid,84.34,67.47,1490675.0,521554.03,191281.68,-330272.35,30,50
FARM01547,Uttar Pradesh,Meerut,Village_380,Sugarcane,Co0238,2022-09-08,2022-12-25,Rabi,17.97,Red,7.7,66,127,86,DAP,Rain-fed,62.5,34.3,66,No,None,Neem Oil,70.81,77.8,462940.9,404089.97,309528.79,-94561.18,70,61
FARM01548,Uttar Pradesh,Meerut,Village_484,Wheat,PBW725,2020-12-21,2021-03-23,Kharif,24.47,Laterite,7.4,165,60,141,Vermicompost,Canal,71.4,27.2,64,Yes,Leaf Blight,Chlorpyrifos,103.05,82.44,1241259.7,703225.46,268646.33,-434579.13,70,52
FARM01549,Rajasthan,Kota,Village_154,Millet,Ragi,2020-10-02,2021-03-30,Kharif,2.89,Laterite,6.5,48,106,154,Urea,Canal,116.6,24.7,72,No,None,Neem Oil,11.9,12.34,117289.0,97346.06,46089.56,-51256.5,66,84
FARM01550,Tamil Nadu,Madurai,Village_362,Wheat,HD2967,2022-03-17,2022-08-06,Kharif,15.97,Clay,7.2,111,51,120,DAP,Drip,23.2,25.9,53,No,None,Neem Oil,59.48,57.2,1055686.6,365727.72,140703.77,-225023.95,68,71
FARM01551,Uttar Pradesh,Lucknow,Village_274,Cotton,Bt,2021-09-20,2022-02-09,Kharif,6.16,Black,7.0,57,171,172,DAP,Rain-fed,52.4,27.3,55,No,None,Neem Oil,18.71,20.09,364616.0,95497.96,50947.65,-44550.31,80,74
FARM01552,Karnataka,Belagavi,Village_269,Maize,DHM117,2024-03-14,2024-09-07,Zaid,8.94,Loamy,8.2,72,43,161,DAP,Canal,66.3,33.6,62,No,None,Neem Oil,36.89,37.23,215060.5,229269.34,94194.56,-135074.78,86,71
FARM01553,Tamil Nadu,Coimbatore,Village_227,Soybean,NRC37,2024-02-26,2024-06-26,Kharif,24.33,Laterite,6.9,116,158,86,DAP,Canal,58.3,37.9,58,No,None,Neem Oil,104.93,100.66,608802.0,359194.2,395927.94,36733.74,72,78
FARM01554,West Bengal,Kolkata,Village_19,Sugarcane,Co0238,2024-01-22,2024-06-17,Zaid,22.63,Red,6.8,116,110,179,Organic Compost,Drip,90.9,22.9,65,Yes,Leaf Blight,Imidacloprid,104.46,83.57,894181.8,287178.08,332377.14,45199.06,62,74
FARM01555,Maharashtra,Pune,Village_113,Maize,HQPM1,2021-11-24,2022-05-20,Rabi,15.61,Black,6.2,173,172,115,NPK,Sprinkler,73.2,24.1,68,No,None,Neem Oil,69.14,72.58,997277.5,238316.82,194201.62,-44115.2,94,63
FARM01556,Rajasthan,Kota,Village_409,Wheat,PBW725,2022-05-06,2022-10-09,Kharif,5.54,Red,6.5,63,108,132,Urea,Rain-fed,69.7,22.7,73,No,None,Neem Oil,22.81,24.41,83207.3,98635.49,101970.5,3335.01,58,83
FARM01557,Assam,Guwahati,Village_22,Potato,Kufri Pukhraj,2020-08-14,2020-12-02,Zaid,6.84,Red,8.1,78,131,106,Organic Compost,Sprinkler,57.2,19.0,66,No,None,Neem Oil,26.15,26.52,510407.3,161386.21,86208.73,-75177.48,62,58
FARM01558,Rajasthan,Jaipur,Village_57,Sugarcane,Co0238,2020-06-04,2020-09-13,Kharif,12.68,Alluvial,6.0,61,54,76,DAP,Flood,116.9,30.7,79,No,None,Neem Oil,60.72,66.3,264462.3,315352.94,273312.67,-42040.27,87,84
FARM01559,Maharashtra,Pune,Village_443,Rice,IR64,2021-08-04,2021-12-26,Rabi,18.23,Loamy,6.8,134,161,138,Vermicompost,Canal,129.3,31.6,83,No,None,Neem Oil,78.49,76.52,1129678.8,634203.88,189585.64,-444618.24,96,92
FARM01560,Assam,Guwahati,Village_149,Sugarcane,Co0238,2023-09-21,2024-02-18,Zaid,5.55,Laterite,7.5,47,173,77,NPK,Rain-fed,99.0,33.4,73,No,None,Neem Oil,20.58,19.66,413956.8,79005.69,56453.62,-22552.07,62,66
FARM01561,Assam,Guwahati,Village_143,Potato,Kufri Jyoti,2021-03-05,2021-06-05,Zaid,12.72,Red,7.6,53,116,151,DAP,Flood,38.5,24.2,61,No,None,Neem Oil,41.21,42.86,262429.7,295534.45,170713.23,-124821.22,95,93
FARM01562,Assam,Guwahati,Village_217,Sugarcane,Co86032,2021-08-26,2021-12-16,Rabi,4.14,Alluvial,7.2,180,58,167,Organic Compost,Drip,83.1,12.3,73,No,None,Neem Oil,13.49,13.0,314647.0,127320.64,25238.58,-102082.06,90,52
FARM01563,Maharashtra,Nashik,Village_495,Potato,Kufri Pukhraj,2021-12-07,2022-05-02,Kharif,14.88,Clay,7.3,177,99,113,NPK,Canal,25.8,28.9,63,No,None,Neem Oil,51.54,53.14,1155857.7,324254.42,101375.87,-222878.55,61,55
FARM01564,Karnataka,Mysuru,Village_350,Soybean,JS335,2022-08-22,2023-01-07,Zaid,2.99,Loamy,5.7,113,105,64,Organic Compost,Flood,72.4,18.4,71,No,None,Neem Oil,10.77,11.0,188851.7,91710.37,43486.46,-48223.91,78,63
FARM01565,Rajasthan,Kota,Village_260,Cotton,Suraj,2021-09-01,2021-12-31,Rabi,18.08,Alluvial,6.6,153,71,110,Vermicompost,Sprinkler,26.3,22.4,56,No,None,Neem Oil,59.76,59.55,832103.3,524350.37,175735.63,-348614.74,89,76
FARM01566,Tamil Nadu,Coimbatore,Village_24,Maize,HQPM1,2020-05-06,2020-10-03,Zaid,21.23,Loamy,7.7,129,131,55,Vermicompost,Sprinkler,91.6,28.7,72,No,None,Neem Oil,99.75,96.36,514643.0,311423.92,202294.5,-109129.42,59,75
FARM01567,Uttar Pradesh,Lucknow,Village_234,Maize,DHM117,2022-12-10,2023-06-08,Kharif,19.96,Laterite,7.4,105,105,136,DAP,Flood,108.1,21.9,75,No,None,Neem Oil,94.2,94.15,864381.5,304892.76,259032.92,-45859.84,85,77
FARM01568,Assam,Guwahati,Village_199,Millet,Ragi,2022-09-02,2023-02-17,Kharif,23.07,Red,6.6,169,175,136,Organic Compost,Sprinkler,66.1,37.4,58,Yes,Leaf Blight,Imidacloprid,98.12,78.5,1775390.9,651847.1,325569.58,-326277.52,29,68
FARM01569,Tamil Nadu,Coimbatore,Village_385,Rice,Basmati,2022-11-26,2023-05-03,Kharif,16.45,Clay,7.6,132,68,158,Organic Compost,Canal,70.2,24.4,66,Yes,Leaf Blight,Chlorpyrifos,61.85,49.48,1085638.4,537577.49,100397.21,-437180.28,61,70
FARM01570,Assam,Jorhat,Village_168,Wheat,HD2967,2023-08-16,2023-11-23,Rabi,10.06,Loamy,6.0,86,57,141,Vermicompost,Rain-fed,117.3,20.1,71,No,None,Neem Oil,40.69,41.94,263196.3,181729.68,102062.38,-79667.3,66,77
FARM01571,West Bengal,Kolkata,Village_334,Potato,Kufri Jyoti,2021-12-30,2022-04-21,Kharif,7.53,Black,7.7,167,77,160,DAP,Rain-fed,30.3,32.5,57,No,None,Neem Oil,25.29,24.64,293925.4,258099.8,61107.91,-196991.89,61,63
FARM01572,Tamil Nadu,Coimbatore,Village_168,Maize,DHM117,2021-10-31,2022-02-04,Zaid,2.87,Loamy,6.4,82,96,50,Vermicompost,Flood,82.5,28.6,68,No,None,Neem Oil,13.44,13.91,221028.3,49501.16,26947.26,-22553.9,73,85
FARM01573,West Bengal,Siliguri,Village_457,Millet,Bajra,2021-07-18,2021-12-05,Kharif,19.54,Red,5.8,45,142,177,Vermicompost,Drip,33.0,26.7,65,No,None,Neem Oil,59.74,64.02,693974.1,452875.21,178436.38,-274438.83,63,60
FARM01574,West Bengal,Kolkata,Village_332,Sugarcane,Co86032,2020-09-02,2020-12-14,Zaid,23.35,Red,7.1,146,79,60,NPK,Rain-fed,50.4,26.1,67,No,None,Neem Oil,91.08,92.8,1304000.1,712716.23,316835.24,-395880.99,68,93
FARM01575,Assam,Guwahati,Village_275,Cotton,Bt,2022-07-04,2022-12-09,Kharif,20.52,Red,7.9,142,106,50,Organic Compost,Flood,61.6,27.5,58,No,None,Neem Oil,86.36,85.48,1214151.4,401788.6,311902.58,-89886.02,67,87
FARM01576,Tamil Nadu,Madurai,Village_428,Potato,Kufri Jyoti,2023-04-23,2023-08-06,Kharif,6.92,Loamy,6.5,128,50,122,NPK,Drip,64.3,31.0,69,No,None,Neem Oil,22.29,23.55,337450.7,188707.36,75337.71,-113369.65,76,58
FARM01577,Punjab,Amritsar,Village_331,Rice,IR64,2021-04-28,2021-08-07,Rabi,6.36,Red,6.6,98,44,164,Urea,Flood,165.9,22.5,98,No,None,Neem Oil,33.74,36.8,225628.3,181176.58,109848.86,-71327.72,77,79
FARM01578,Maharashtra,Nashik,Village_205,Potato,Kufri Jyoti,2020-03-25,2020-08-10,Zaid,23.07,Black,6.3,74,176,50,Organic Compost,Sprinkler,61.0,27.0,71,Yes,Leaf Blight,Imidacloprid,85.8,68.64,1337993.6,534558.7,252887.57,-281671.13,55,56
FARM01579,Assam,Jorhat,Village_60,Rice,IR64,2021-05-13,2021-10-27,Zaid,2.9,Black,8.2,146,168,41,Urea,Drip,57.3,19.5,56,No,None,Neem Oil,11.36,11.11,134821.5,99036.43,42063.59,-56972.84,72,63
FARM01580,Assam,Jorhat,Village_71,Soybean,JS335,2023-11-23,2024-04-18,Rabi,19.2,Loamy,6.7,125,134,48,Vermicompost,Flood,120.2,30.3,74,No,None,Neem Oil,82.93,91.15,1472299.7,278412.63,287242.0,8829.37,76,48
FARM01581,Tamil Nadu,Madurai,Village_187,Potato,Kufri Pukhraj,2024-02-22,2024-06-14,Kharif,16.62,Laterite,6.1,76,160,179,Organic Compost,Canal,213.6,30.8,98,Yes,Leaf Blight,Chlorpyrifos,88.5,70.8,1313019.7,203656.32,213208.18,9551.86,60,75
FARM01582,Maharashtra,Nashik,Village_422,Potato,Kufri Jyoti,2020-10-22,2021-03-03,Kharif,12.52,Clay,6.9,71,167,84,Organic Compost,Rain-fed,53.0,27.2,66,No,None,Neem Oil,38.66,41.19,258553.9,367301.99,136519.15,-230782.84,95,94
FARM01583,Punjab,Ludhiana,Village_323,Sugarcane,Co0238,2022-06-06,2022-11-18,Zaid,15.47,Alluvial,7.2,170,104,114,DAP,Rain-fed,122.0,26.3,85,Yes,Leaf Blight,Imidacloprid,66.65,53.32,795645.2,483640.2,163053.34,-320586.86,55,79
FARM01584,Maharashtra,Nashik,Village_396,Soybean,NRC37,2021-02-24,2021-07-21,Rabi,15.1,Red,7.8,85,110,97,NPK,Rain-fed,69.6,31.4,71,Yes,Leaf Blight,Chlorpyrifos,61.73,49.38,1115988.5,343535.68,180724.38,-162811.3,47,65
FARM01585,Maharashtra,Nashik,Village_380,Rice,IR64,2023-07-10,2023-12-12,Kharif,10.22,Loamy,5.7,134,41,76,DAP,Drip,36.6,20.7,62,Yes,Leaf Blight,Chlorpyrifos,31.51,25.21,457134.1,199583.04,49369.96,-150213.08,33,53
FARM01586,Punjab,Amritsar,Village_431,Potato,Kufri Pukhraj,2021-12-15,2022-04-02,Rabi,23.81,Black,6.1,59,83,54,DAP,Flood,25.1,26.5,60,No,None,Neem Oil,80.02,79.71,1290092.4,633121.87,277731.29,-355390.58,68,61
FARM01587,Maharashtra,Pune,Village_140,Cotton,Suraj,2021-08-05,2021-11-30,Kharif,24.43,Laterite,5.7,97,116,109,DAP,Canal,54.0,29.5,70,Yes,Leaf Blight,Chlorpyrifos,96.07,76.86,532103.3,774777.31,223204.73,-551572.58,23,63
FARM01588,Maharashtra,Nashik,Village_342,Soybean,JS335,2021-04-28,2021-09-10,Rabi,18.29,Clay,7.7,165,42,89,DAP,Drip,172.1,24.1,94,No,None,Neem Oil,97.23,96.72,507638.1,490035.97,360429.6,-129606.37,65,92
FARM01589,Assam,Jorhat,Village_435,Cotton,Suraj,2023-06-30,2023-12-23,Rabi,11.05,Alluvial,6.7,67,152,134,NPK,Drip,53.1,27.9,64,No,None,Neem Oil,46.01,49.97,230642.3,264607.46,193653.59,-70953.87,86,80
FARM01590,Punjab,Amritsar,Village_223,Soybean,NRC37,2020-04-21,2020-08-19,Zaid,16.9,Laterite,5.6,133,172,118,NPK,Flood,29.1,25.9,59,No,None,Neem Oil,57.0,56.88,1262575.8,251428.54,140442.34,-110986.2,94,62
FARM01591,Karnataka,Mysuru,Village_349,Wheat,HD2967,2022-04-30,2022-09-17,Kharif,21.49,Red,6.8,119,61,154,Organic Compost,Flood,128.5,16.4,75,Yes,Leaf Blight,Imidacloprid,99.82,79.86,1361391.1,612500.17,322812.87,-289687.3,37,58
FARM01592,Punjab,Ludhiana,Village_469,Soybean,JS335,2023-12-22,2024-04-01,Kharif,14.68,Laterite,7.2,160,61,107,Urea,Canal,41.4,24.2,60,No,None,Neem Oil,58.75,64.43,1166003.8,394261.82,196760.39,-197501.43,82,68
FARM01593,Karnataka,Mysuru,Village_453,Wheat,PBW725,2020-06-12,2020-11-19,Zaid,10.5,Loamy,7.2,78,166,122,Vermicompost,Sprinkler,50.8,15.6,64,No,None,Neem Oil,37.96,38.42,500097.7,356687.15,88766.29,-267920.86,80,45
FARM01594,Tamil Nadu,Madurai,Village_37,Rice,IR64,2023-09-16,2024-01-08,Zaid,22.49,Loamy,6.5,159,160,137,Vermicompost,Flood,23.9,39.6,53,No,None,Neem Oil,60.59,57.94,1236532.0,399618.44,127412.1,-272206.34,79,59
FARM01595,Assam,Jorhat,Village_276,Maize,HQPM1,2020-10-07,2021-02-07,Zaid,11.94,Loamy,7.5,121,96,54,Organic Compost,Drip,89.5,27.8,78,Yes,Leaf Blight,Chlorpyrifos,53.43,42.74,405051.8,388738.11,82448.47,-306289.64,31,80
FARM01596,Assam,Guwahati,Village_310,Wheat,PBW725,2020-05-02,2020-10-03,Kharif,10.55,Clay,6.7,93,101,150,Organic Compost,Drip,41.6,30.1,54,Yes,Leaf Blight,Chlorpyrifos,38.09,30.47,259611.5,184633.33,71487.26,-113146.07,54,48
FARM01597,West Bengal,Siliguri,Village_180,Sugarcane,Co0238,2021-03-01,2021-06-17,Kharif,8.18,Black,7.6,128,66,54,DAP,Sprinkler,93.0,28.8,80,No,None,Neem Oil,38.29,39.53,332045.8,149103.78,108988.24,-40115.54,96,63
FARM01598,Assam,Jorhat,Village_347,Sugarcane,Co0238,2022-05-28,2022-11-09,Rabi,23.84,Laterite,7.9,95,180,163,Urea,Rain-fed,65.1,31.0,64,No,None,Neem Oil,90.81,88.43,374423.1,722150.78,254240.55,-467910.23,95,47
FARM01599,Karnataka,Belagavi,Village_5,Wheat,PBW725,2022-04-16,2022-09-11,Zaid,4.89,Clay,5.9,128,127,48,Organic Compost,Rain-fed,25.8,28.0,56,No,None,Neem Oil,16.49,17.48,274003.1,146716.5,55635.68,-91080.82,55,77
FARM01600,West Bengal,Siliguri,Village_31,Millet,Ragi,2020-01-16,2020-06-16,Zaid,5.2,Laterite,8.0,122,129,114,Organic Compost,Canal,72.1,32.6,63,No,None,Neem Oil,21.26,20.73,308230.4,136239.57,53532.74,-82706.83,66,78
FARM01601,Uttar Pradesh,Lucknow,Village_119,Millet,Bajra,2024-05-16,2024-10-14,Kharif,2.1,Black,8.2,99,156,144,Organic Compost,Drip,55.1,20.0,66,No,None,Neem Oil,6.97,6.72,106690.8,41028.8,18192.53,-22836.27,76,84
FARM01602,West Bengal,Kolkata,Village_228,Cotton,Bt,2021-03-15,2021-07-09,Rabi,23.06,Alluvial,5.9,105,49,82,NPK,Drip,149.7,33.1,84,No,None,Neem Oil,126.27,128.8,905997.4,599993.12,241221.97,-358771.15,92,89
FARM01603,Karnataka,Belagavi,Village_18,Wheat,HD2967,2022-05-02,2022-09-28,Kharif,23.08,Black,7.0,51,107,81,Vermicompost,Drip,70.1,23.6,61,Yes,Leaf Blight,Chlorpyrifos,92.53,74.02,1096432.3,757978.01,227753.82,-530224.19,67,93
FARM01604,Karnataka,Mysuru,Village_294,Rice,Basmati,2023-02-07,2023-07-21,Kharif,4.45,Clay,7.7,48,67,55,Vermicompost,Sprinkler,51.3,24.1,59,Yes,Leaf Blight,Chlorpyrifos,18.76,15.01,220372.1,57641.79,60031.95,2390.16,55,64
FARM01605,Uttar Pradesh,Lucknow,Village_293,Millet,Ragi,2020-12-13,2021-06-06,Rabi,24.87,Loamy,7.1,75,48,176,Urea,Rain-fed,46.3,30.1,66,Yes,Leaf Blight,Imidacloprid,80.19,64.15,1183083.3,321385.16,237475.52,-83909.64,43,52
FARM01606,Assam,Jorhat,Village_17,Cotton,Bt,2022-03-11,2022-08-15,Kharif,12.06,Loamy,5.8,145,78,122,NPK,Rain-fed,61.1,30.3,65,Yes,Leaf Blight,Imidacloprid,40.27,32.22,362648.1,148918.43,65120.61,-83797.82,55,89
FARM01607,Rajasthan,Jaipur,Village_74,Soybean,NRC37,2021-07-07,2021-12-14,Zaid,16.35,Alluvial,6.8,166,180,144,Vermicompost,Drip,83.2,25.5,66,No,None,Neem Oil,58.69,56.53,677108.0,345362.49,114619.84,-230742.65,73,92
FARM01608,Maharashtra,Pune,Village_344,Rice,Basmati,2021-08-24,2021-12-16,Kharif,1.79,Laterite,7.7,175,81,163,NPK,Canal,53.1,30.5,56,No,None,Neem Oil,7.24,7.73,55376.4,22917.4,20922.44,-1994.96,68,95
FARM01609,Tamil Nadu,Coimbatore,Village_424,Maize,HQPM1,2021-10-25,2022-02-03,Kharif,4.22,Alluvial,6.0,167,158,171,Urea,Rain-fed,105.5,20.4,80,Yes,Leaf Blight,Imidacloprid,19.75,15.8,67756.7,106914.91,36072.06,-70842.85,29,67
FARM01610,Karnataka,Belagavi,Village_1,Potato,Kufri Jyoti,2022-10-31,2023-04-07,Kharif,14.32,Black,5.6,160,98,124,Urea,Flood,26.2,36.3,49,No,None,Neem Oil,49.62,52.47,682319.5,231804.92,196865.61,-34939.31,97,93
FARM01611,Punjab,Amritsar,Village_429,Cotton,Bt,2020-10-04,2021-03-11,Zaid,17.31,Loamy,5.6,124,108,110,Urea,Canal,142.0,27.3,93,No,None,Neem Oil,79.11,84.13,1342469.0,600846.94,201974.51,-398872.43,87,95
FARM01612,West Bengal,Kolkata,Village_430,Sugarcane,Co86032,2020-03-21,2020-08-31,Rabi,9.91,Red,7.6,138,68,101,Organic Compost,Canal,28.7,25.2,63,No,None,Neem Oil,36.51,38.63,766893.2,265306.92,154945.24,-110361.68,83,70
FARM01613,West Bengal,Siliguri,Village_111,Potato,Kufri Pukhraj,2023-01-03,2023-05-19,Kharif,8.56,Black,7.1,113,96,122,Vermicompost,Canal,122.7,23.7,85,Yes,Leaf Blight,Imidacloprid,43.04,34.43,501753.9,146434.68,93589.04,-52845.64,56,90
FARM01614,Karnataka,Belagavi,Village_375,Soybean,NRC37,2023-11-13,2024-02-16,Zaid,10.08,Clay,7.4,131,47,64,Vermicompost,Flood,144.4,31.5,88,Yes,Leaf Blight,Chlorpyrifos,54.69,43.75,724422.6,185325.87,141803.64,-43522.23,36,68
FARM01615,Rajasthan,Jaipur,Village_241,Maize,HQPM1,2023-05-16,2023-08-20,Zaid,17.8,Laterite,6.2,41,67,83,Vermicompost,Flood,24.6,24.3,48,No,None,Neem Oil,50.63,54.58,446972.2,601035.25,219869.91,-381165.34,86,94
FARM01616,West Bengal,Kolkata,Village_155,Potato,Kufri Pukhraj,2022-05-03,2022-08-22,Zaid,10.51,Laterite,5.7,129,100,86,Organic Compost,Canal,85.7,35.7,72,Yes,Leaf Blight,Imidacloprid,49.9,39.92,595934.2,199555.22,133630.05,-65925.17,29,90
FARM01617,Tamil Nadu,Madurai,Village_312,Rice,IR64,2020-07-04,2020-11-21,Kharif,15.83,Red,6.5,142,173,111,DAP,Rain-fed,194.2,29.0,97,Yes,Leaf Blight,Imidacloprid,95.45,76.36,490365.2,463170.07,226750.14,-236419.93,48,94
FARM01618,Tamil Nadu,Madurai,Village_110,Maize,HQPM1,2021-10-16,2022-04-07,Kharif,1.1,Loamy,5.8,125,147,155,Organic Compost,Rain-fed,65.2,34.1,65,No,None,Neem Oil,4.83,5.2,66967.5,21657.73,10558.04,-11099.69,87,63
FARM01619,Maharashtra,Nashik,Village_383,Cotton,Bt,2021-01-09,2021-06-03,Rabi,8.74,Alluvial,7.2,54,152,174,NPK,Drip,105.7,26.1,73,Yes,Leaf Blight,Imidacloprid,37.22,29.78,501620.0,282848.86,120349.93,-162498.93,53,91
FARM01620,West Bengal,Kolkata,Village_463,Potato,Kufri Pukhraj,2021-01-26,2021-06-19,Rabi,6.81,Loamy,6.6,69,176,71,Urea,Canal,59.9,19.2,63,Yes,Leaf Blight,Imidacloprid,23.61,18.89,174927.2,232320.4,60539.94,-171780.46,22,60
FARM01621,Tamil Nadu,Coimbatore,Village_233,Cotton,Bt,2021-04-07,2021-08-09,Kharif,4.06,Loamy,6.0,70,100,178,Vermicompost,Sprinkler,48.2,27.9,56,No,None,Neem Oil,13.68,13.58,252334.2,105585.48,47600.07,-57985.41,73,54
FARM01622,West Bengal,Siliguri,Village_76,Rice,Basmati,2022-03-14,2022-09-10,Zaid,9.02,Loamy,7.6,57,119,141,Organic Compost,Drip,105.0,17.5,76,Yes,Leaf Blight,Chlorpyrifos,36.47,29.18,476912.9,283292.39,61264.52,-222027.87,60,63
FARM01623,Karnataka,Mysuru,Village_391,Millet,Ragi,2023-09-21,2024-01-17,Kharif,19.21,Black,8.0,163,155,71,NPK,Drip,36.4,26.8,53,Yes,Leaf Blight,Chlorpyrifos,61.68,49.34,512536.0,412204.98,178057.45,-234147.53,65,79
FARM01624,Uttar Pradesh,Lucknow,Village_385,Cotton,Bt,2023-08-23,2023-11-29,Kharif,23.96,Red,7.5,154,52,180,Organic Compost,Rain-fed,32.2,22.2,61,No,None,Neem Oil,89.76,86.0,591032.0,808266.42,271669.41,-536597.01,63,87
FARM01625,Punjab,Amritsar,Village_87,Maize,HQPM1,2022-02-15,2022-05-29,Rabi,23.87,Red,6.7,111,132,161,Vermicompost,Rain-fed,99.0,17.8,70,No,None,Neem Oil,88.27,95.41,1244302.6,344659.42,258971.21,-85688.21,84,67
FARM01626,Punjab,Amritsar,Village_222,Potato,Kufri Jyoti,2020-12-20,2021-05-30,Zaid,18.01,Alluvial,7.6,62,56,115,Urea,Drip,67.9,16.0,71,Yes,Leaf Blight,Imidacloprid,61.35,49.08,1360876.1,352528.54,175436.58,-177091.96,46,70
FARM01627,West Bengal,Kolkata,Village_335,Potato,Kufri Jyoti,2023-08-23,2024-01-10,Kharif,1.9,Black,5.8,102,160,54,Vermicompost,Drip,77.0,35.4,74,Yes,Leaf Blight,Imidacloprid,6.77,5.42,97359.2,56568.36,16962.73,-39605.63,66,55
FARM01628,Assam,Jorhat,Village_154,Soybean,NRC37,2023-07-20,2024-01-02,Rabi,23.05,Clay,5.9,63,48,86,DAP,Flood,36.5,22.6,62,No,None,Neem Oil,86.59,85.54,1586492.6,490079.53,198869.3,-291210.23,59,56
FARM01629,Maharashtra,Pune,Village_427,Potato,Kufri Jyoti,2020-05-08,2020-09-07,Kharif,11.85,Alluvial,8.2,47,95,110,NPK,Sprinkler,114.5,25.9,85,No,None,Neem Oil,52.05,50.33,590982.3,243122.47,196521.82,-46600.65,84,76
FARM01630,Tamil Nadu,Coimbatore,Village_338,Sugarcane,Co0238,2022-03-08,2022-07-20,Kharif,2.57,Laterite,5.9,52,75,96,Vermicompost,Canal,71.7,20.1,59,No,None,Neem Oil,8.26,8.89,172675.0,65988.17,17024.85,-48963.32,96,82
FARM01631,Tamil Nadu,Coimbatore,Village_376,Potato,Kufri Pukhraj,2020-06-25,2020-09-24,Zaid,12.55,Black,6.7,167,177,41,DAP,Sprinkler,144.7,22.0,85,No,None,Neem Oil,54.12,59.53,967390.3,195519.27,241205.79,45686.52,97,52
FARM01632,Uttar Pradesh,Lucknow,Village_79,Soybean,JS335,2024-02-24,2024-06-03,Rabi,20.16,Laterite,6.9,80,143,119,Urea,Rain-fed,60.6,28.4,63,Yes,Leaf Blight,Imidacloprid,89.18,71.34,1210714.4,539675.44,266438.27,-273237.17,27,88
FARM01633,Karnataka,Belagavi,Village_338,Rice,Basmati,2022-12-23,2023-06-14,Kharif,10.31,Clay,7.3,43,170,59,Urea,Canal,20.2,14.6,52,No,None,Neem Oil,28.33,30.98,631761.4,152002.72,109474.8,-42527.92,61,67
FARM01634,Tamil Nadu,Coimbatore,Village_400,Maize,DHM117,2021-05-09,2021-09-28,Zaid,15.64,Black,7.6,80,177,149,Organic Compost,Drip,65.8,13.9,59,Yes,Leaf Blight,Imidacloprid,61.71,49.37,699505.9,438885.58,188138.02,-250747.56,40,68
FARM01635,Rajasthan,Jaipur,Village_314,Potato,Kufri Jyoti,2023-06-14,2023-11-29,Kharif,12.25,Red,8.2,65,88,70,NPK,Flood,100.9,19.7,68,Yes,Leaf Blight,Chlorpyrifos,47.03,37.62,460938.1,158061.16,87084.08,-70977.08,46,88
FARM01636,Tamil Nadu,Coimbatore,Village_483,Millet,Bajra,2022-02-01,2022-05-31,Zaid,6.31,Black,6.0,141,44,51,Organic Compost,Flood,24.9,26.7,64,No,None,Neem Oil,17.94,17.31,291577.5,151085.72,59800.53,-91285.19,55,85
FARM01637,Tamil Nadu,Madurai,Village_83,Cotton,Suraj,2022-09-28,2023-03-24,Rabi,7.61,Clay,7.5,99,45,41,DAP,Drip,34.2,22.3,50,No,None,Neem Oil,27.95,28.97,519923.1,130792.81,98549.25,-32243.56,83,74
FARM01638,West Bengal,Kolkata,Village_220,Rice,IR64,2020-04-07,2020-09-02,Zaid,10.93,Laterite,6.1,113,44,160,Vermicompost,Sprinkler,80.9,25.8,67,No,None,Neem Oil,48.58,47.38,535977.1,300237.07,168574.51,-131662.56,62,81
FARM01639,West Bengal,Kolkata,Village_145,Soybean,JS335,2023-03-16,2023-08-19,Rabi,4.86,Loamy,6.4,152,51,47,Urea,Sprinkler,39.6,20.5,56,No,None,Neem Oil,14.63,15.67,136497.8,117648.41,31351.89,-86296.52,83,68
FARM01640,Karnataka,Mysuru,Village_259,Cotton,Suraj,2023-06-13,2023-10-11,Zaid,4.98,Loamy,6.1,149,170,61,Urea,Flood,63.2,27.5,68,No,None,Neem Oil,19.28,19.47,306053.8,100487.03,69526.95,-30960.08,55,70
FARM01641,Punjab,Ludhiana,Village_178,Potato,Kufri Jyoti,2023-01-29,2023-06-01,Kharif,3.28,Laterite,7.7,129,126,97,DAP,Flood,76.3,26.6,66,No,None,Neem Oil,10.93,10.63,227031.9,55710.76,21918.15,-33792.61,72,60
FARM01642,Punjab,Ludhiana,Village_119,Potato,Kufri Pukhraj,2023-06-11,2023-10-05,Kharif,13.66,Alluvial,6.2,175,101,178,Vermicompost,Drip,47.0,32.3,61,No,None,Neem Oil,45.18,48.1,269347.3,239279.16,151706.91,-87572.25,72,54
FARM01643,West Bengal,Kolkata,Village_101,Sugarcane,Co86032,2021-12-04,2022-03-06,Kharif,16.57,Black,6.1,148,158,54,Vermicompost,Sprinkler,81.3,34.1,66,No,None,Neem Oil,72.22,70.42,909292.1,214338.25,234384.81,20046.56,70,47
FARM01644,Punjab,Ludhiana,Village_38,Millet,Bajra,2022-05-06,2022-08-23,Kharif,14.77,Black,6.8,102,45,128,Urea,Sprinkler,98.7,31.1,78,No,None,Neem Oil,69.32,75.11,523978.7,364587.48,234497.87,-130089.61,89,50
FARM01645,Assam,Guwahati,Village_185,Millet,Bajra,2020-08-12,2020-11-27,Rabi,21.95,Red,5.6,120,177,178,NPK,Canal,121.3,31.8,76,No,None,Neem Oil,101.05,107.76,1724271.5,501449.71,408237.6,-93212.11,74,50
FARM01646,Tamil Nadu,Madurai,Village_252,Millet,Ragi,2021-10-13,2022-03-28,Rabi,2.87,Loamy,8.1,65,140,170,NPK,Drip,127.0,33.2,89,No,None,Neem Oil,11.0,11.2,229452.0,82853.91,41624.14,-41229.77,88,49
FARM01647,Karnataka,Belagavi,Village_346,Soybean,JS335,2020-04-22,2020-07-22,Zaid,8.31,Alluvial,7.5,139,82,156,Urea,Drip,86.0,25.2,70,Yes,Leaf Blight,Chlorpyrifos,36.49,29.19,322048.1,145348.23,70557.56,-74790.67,46,72
FARM01648,Maharashtra,Nashik,Village_431,Rice,IR64,2023-03-17,2023-08-25,Rabi,8.64,Black,5.8,138,142,127,DAP,Drip,38.6,25.2,65,No,None,Neem Oil,34.66,35.95,181810.2,222376.53,146431.13,-75945.4,85,89
FARM01649,Rajasthan,Kota,Village_494,Sugarcane,Co86032,2024-04-06,2024-09-16,Rabi,24.06,Alluvial,5.8,137,81,119,Vermicompost,Flood,45.0,25.7,62,Yes,Leaf Blight,Imidacloprid,66.68,53.34,1621524.5,710676.16,116465.86,-594210.3,21,65
FARM01650,Assam,Guwahati,Village_491,Millet,Ragi,2020-07-09,2020-10-28,Zaid,2.82,Clay,8.0,110,87,122,DAP,Canal,40.0,19.2,54,Yes,Leaf Blight,Imidacloprid,7.88,6.3,82545.7,44417.03,19072.1,-25344.93,34,59
FARM01651,Assam,Jorhat,Village_39,Maize,HQPM1,2020-07-27,2021-01-17,Kharif,5.01,Clay,8.0,102,48,80,Vermicompost,Flood,89.7,32.1,64,No,None,Neem Oil,18.13,19.03,312793.3,82288.29,71910.04,-10378.25,69,48
FARM01652,Uttar Pradesh,Lucknow,Village_262,Potato,Kufri Jyoti,2021-12-16,2022-06-08,Zaid,16.09,Red,7.0,85,127,44,Vermicompost,Sprinkler,51.6,25.8,62,No,None,Neem Oil,58.82,61.32,1074485.1,360387.66,254863.86,-105523.8,87,48
FARM01653,Assam,Jorhat,Village_167,Soybean,NRC37,2020-05-28,2020-09-14,Zaid,23.58,Laterite,5.7,64,112,61,NPK,Canal,71.8,34.2,66,No,None,Neem Oil,107.21,116.06,1317769.1,561413.14,427497.05,-133916.09,57,74
FARM01654,Punjab,Ludhiana,Village_366,Maize,DHM117,2021-07-05,2021-12-15,Rabi,14.75,Clay,6.0,120,143,155,NPK,Canal,67.3,28.5,58,No,None,Neem Oil,63.0,61.85,747740.0,367864.46,196506.02,-171358.44,62,82
FARM01655,West Bengal,Kolkata,Village_442,Rice,IR64,2020-09-19,2021-02-05,Rabi,6.09,Laterite,6.9,115,112,71,NPK,Rain-fed,97.1,16.2,82,Yes,Leaf Blight,Chlorpyrifos,23.07,18.46,137921.7,112712.68,40539.12,-72173.56,20,50
FARM01656,Karnataka,Mysuru,Village_357,Wheat,HD2967,2021-10-26,2022-03-23,Kharif,5.03,Loamy,6.4,152,58,173,NPK,Rain-fed,206.7,28.4,98,Yes,Leaf Blight,Imidacloprid,26.24,20.99,76344.8,100815.34,57971.65,-42843.69,52,59
FARM01657,Uttar Pradesh,Meerut,Village_60,Wheat,PBW725,2022-08-04,2022-12-14,Kharif,16.57,Alluvial,7.8,109,137,136,Vermicompost,Drip,59.2,31.1,66,No,None,Neem Oil,52.8,54.95,441006.0,456831.98,199382.68,-257449.3,66,64
FARM01658,Tamil Nadu,Coimbatore,Village_97,Cotton,Suraj,2023-01-23,2023-05-02,Zaid,11.29,Alluvial,7.6,124,139,61,NPK,Rain-fed,53.2,36.1,62,No,None,Neem Oil,34.51,35.06,176899.6,172594.63,67072.14,-105522.49,78,74
FARM01659,Uttar Pradesh,Meerut,Village_68,Sugarcane,Co0238,2021-10-06,2022-01-10,Zaid,14.0,Clay,6.8,160,149,149,Organic Compost,Sprinkler,91.5,29.6,68,Yes,Leaf Blight,Imidacloprid,67.14,53.71,834522.7,379038.72,171278.59,-207760.13,50,75
FARM01660,Karnataka,Mysuru,Village_192,Maize,DHM117,2020-06-22,2020-11-28,Zaid,23.66,Alluvial,7.6,119,125,149,DAP,Rain-fed,61.0,29.3,57,No,None,Neem Oil,94.24,90.93,1047537.1,507372.78,248557.35,-258815.43,73,80
FARM01661,Assam,Jorhat,Village_162,Soybean,JS335,2022-05-16,2022-09-30,Zaid,9.1,Red,6.8,136,59,173,Urea,Drip,62.0,30.9,70,No,None,Neem Oil,34.08,33.74,460701.0,295374.5,129039.9,-166334.6,65,73
FARM01662,Punjab,Ludhiana,Village_443,Maize,HQPM1,2021-11-29,2022-04-09,Kharif,15.83,Alluvial,7.6,180,68,169,NPK,Canal,98.2,28.1,78,No,None,Neem Oil,59.14,57.48,760884.4,444329.73,192956.87,-251372.86,86,91
FARM01663,West Bengal,Kolkata,Village_117,Soybean,NRC37,2023-11-19,2024-03-12,Kharif,14.07,Clay,8.1,141,70,66,DAP,Flood,98.3,27.2,79,No,None,Neem Oil,54.73,58.87,752157.8,209078.93,243996.56,34917.63,92,63
FARM01664,Karnataka,Mysuru,Village_192,Maize,DHM117,2021-11-12,2022-05-08,Kharif,10.06,Alluvial,7.8,177,170,134,Urea,Flood,81.5,34.9,63,No,None,Neem Oil,39.74,39.11,410941.0,198617.97,83591.22,-115026.75,74,95
FARM01665,Maharashtra,Pune,Village_19,Sugarcane,Co0238,2020-02-15,2020-06-22,Rabi,16.27,Laterite,6.3,153,149,100,Vermicompost,Rain-fed,65.4,26.3,70,No,None,Neem Oil,52.45,54.9,397672.0,357331.72,156937.18,-200394.54,71,49
FARM01666,Tamil Nadu,Madurai,Village_160,Sugarcane,Co86032,2021-01-06,2021-04-09,Zaid,20.71,Clay,6.3,157,166,171,Organic Compost,Flood,68.6,29.6,69,No,None,Neem Oil,78.9,84.67,429601.3,288522.21,234435.58,-54086.63,55,50
FARM01667,Karnataka,Mysuru,Village_475,Wheat,PBW725,2022-11-06,2023-03-01,Zaid,1.88,Alluvial,6.2,159,157,84,Organic Compost,Rain-fed,122.6,32.5,78,Yes,Leaf Blight,Imidacloprid,9.54,7.63,131886.9,63401.23,18341.25,-45059.98,63,60
FARM01668,Tamil Nadu,Coimbatore,Village_309,Millet,Bajra,2024-02-21,2024-06-28,Rabi,10.73,Black,7.2,118,79,70,Vermicompost,Sprinkler,66.7,24.0,60,No,None,Neem Oil,33.35,31.91,232973.9,283905.94,93065.68,-190840.26,60,88
FARM01669,Tamil Nadu,Madurai,Village_120,Potato,Kufri Jyoti,2023-01-21,2023-06-02,Zaid,21.16,Black,6.5,51,170,130,DAP,Drip,142.2,28.8,93,Yes,Leaf Blight,Chlorpyrifos,98.42,78.74,1547171.5,702516.76,313293.37,-389223.39,69,71
FARM01670,Uttar Pradesh,Meerut,Village_291,Potato,Kufri Jyoti,2022-12-17,2023-05-10,Zaid,17.59,Red,7.8,101,47,179,Organic Compost,Rain-fed,56.3,20.0,64,No,None,Neem Oil,73.35,80.49,269270.3,487227.73,201643.26,-285584.47,60,71
FARM01671,Uttar Pradesh,Lucknow,Village_283,Cotton,Suraj,2021-12-12,2022-03-13,Zaid,14.91,Loamy,7.7,59,44,95,Organic Compost,Flood,41.6,21.9,67,Yes,Leaf Blight,Imidacloprid,58.2,46.56,923000.1,331975.02,91010.28,-240964.74,51,68
FARM01672,Maharashtra,Pune,Village_75,Potato,Kufri Jyoti,2024-01-09,2024-07-07,Kharif,5.26,Laterite,7.1,52,106,86,NPK,Rain-fed,49.1,27.3,68,No,None,Neem Oil,19.86,20.87,260160.2,69731.4,64739.75,-4991.65,76,71
FARM01673,Assam,Guwahati,Village_439,Rice,Basmati,2023-12-08,2024-03-23,Kharif,21.88,Red,7.2,133,116,139,NPK,Sprinkler,140.9,25.8,84,No,None,Neem Oil,86.72,89.72,1659368.8,676847.08,329008.95,-347838.13,73,57
FARM01674,Punjab,Ludhiana,Village_115,Wheat,PBW725,2023-01-23,2023-06-28,Rabi,6.85,Loamy,5.8,127,91,68,Vermicompost,Rain-fed,36.8,23.5,55,Yes,Leaf Blight,Imidacloprid,25.25,20.2,436441.6,233363.59,71610.16,-161753.43,50,56
FARM01675,Punjab,Ludhiana,Village_327,Soybean,NRC37,2020-11-04,2021-03-13,Rabi,5.06,Loamy,6.0,158,140,72,DAP,Sprinkler,120.0,25.8,75,Yes,Leaf Blight,Chlorpyrifos,26.22,20.98,209712.4,101700.82,45981.66,-55719.16,44,51
FARM01676,Assam,Guwahati,Village_298,Potato,Kufri Pukhraj,2024-04-02,2024-08-09,Kharif,19.15,Clay,6.0,176,124,162,DAP,Canal,27.7,37.1,56,No,None,Neem Oil,56.72,55.66,693419.3,529354.9,160661.94,-368692.96,90,94
FARM01677,Punjab,Ludhiana,Village_279,Sugarcane,Co86032,2020-06-20,2020-11-04,Rabi,17.69,Laterite,5.9,111,73,162,Vermicompost,Canal,121.8,31.0,81,No,None,Neem Oil,77.24,83.55,612674.6,518808.04,274188.29,-244619.75,97,48
FARM01678,Rajasthan,Kota,Village_21,Rice,IR64,2023-12-22,2024-03-25,Rabi,12.98,Red,7.9,163,101,86,Urea,Canal,81.2,22.7,67,No,None,Neem Oil,50.15,51.22,1035477.5,159225.06,114709.7,-44515.36,60,95
FARM01679,Karnataka,Mysuru,Village_285,Wheat,PBW725,2022-02-09,2022-07-31,Kharif,21.68,Clay,6.6,84,112,151,Urea,Canal,87.0,22.5,64,No,None,Neem Oil,80.51,85.76,399921.5,423150.02,192405.65,-230744.37,58,80
FARM01680,Uttar Pradesh,Meerut,Village_186,Rice,Basmati,2021-12-18,2022-05-21,Kharif,1.1,Laterite,6.2,89,117,59,DAP,Drip,98.8,27.8,79,No,None,Neem Oil,4.72,5.08,41158.6,30499.33,9783.4,-20715.93,73,79
FARM01681,West Bengal,Siliguri,Village_128,Sugarcane,Co0238,2021-02-10,2021-07-12,Zaid,22.43,Laterite,7.9,162,171,135,Vermicompost,Flood,91.8,19.3,71,No,None,Neem Oil,98.39,98.66,1767736.5,336705.57,332088.31,-4617.26,55,55
FARM01682,Maharashtra,Pune,Village_180,Wheat,HD2967,2021-02-08,2021-06-13,Rabi,3.29,Clay,6.2,53,141,60,Organic Compost,Flood,44.1,26.8,61,No,None,Neem Oil,12.74,12.7,103230.5,62916.37,30824.29,-32092.08,95,63
FARM01683,Assam,Jorhat,Village_212,Millet,Bajra,2021-01-21,2021-05-14,Zaid,5.5,Clay,7.6,88,83,157,NPK,Rain-fed,58.2,24.6,62,Yes,Leaf Blight,Chlorpyrifos,22.54,18.03,254496.1,108575.09,39277.6,-69297.49,58,77
FARM01684,Tamil Nadu,Madurai,Village_176,Millet,Ragi,2022-08-30,2023-02-18,Kharif,13.27,Laterite,7.4,111,97,174,Vermicompost,Canal,87.6,26.1,74,No,None,Neem Oil,58.76,56.9,306626.2,224512.24,178506.01,-46006.23,92,70
FARM01685,Punjab,Ludhiana,Village_451,Rice,Basmati,2022-10-13,2023-04-08,Zaid,20.12,Loamy,6.5,114,133,44,NPK,Drip,92.0,25.1,72,No,None,Neem Oil,71.77,70.04,1412612.0,676618.15,217926.36,-458691.79,79,67
FARM01686,West Bengal,Siliguri,Village_496,Soybean,NRC37,2020-01-02,2020-06-19,Zaid,13.63,Clay,8.2,142,63,54,Urea,Sprinkler,90.7,30.4,64,No,None,Neem Oil,51.96,56.6,747125.2,408696.91,213229.33,-195467.58,82,69
FARM01687,Rajasthan,Jaipur,Village_251,Rice,IR64,2020-05-01,2020-09-22,Rabi,11.81,Red,6.2,179,87,143,NPK,Rain-fed,124.2,27.0,86,Yes,Leaf Blight,Chlorpyrifos,50.99,40.79,810465.2,269013.73,142596.52,-126417.21,41,73
FARM01688,Tamil Nadu,Coimbatore,Village_250,Rice,Basmati,2020-01-13,2020-06-17,Zaid,13.65,Black,6.3,75,57,91,Urea,Flood,85.2,24.8,74,No,None,Neem Oil,46.38,45.16,904691.5,386430.16,96242.04,-290188.12,95,82
FARM01689,West Bengal,Siliguri,Village_345,Rice,Basmati,2020-03-14,2020-08-02,Rabi,22.24,Loamy,6.1,41,167,104,Organic Compost,Rain-fed,73.6,36.0,67,No,None,Neem Oil,76.45,79.87,1562945.1,399741.92,302250.79,-97491.13,62,52
FARM01690,Tamil Nadu,Madurai,Village_396,Potato,Kufri Pukhraj,2022-02-25,2022-08-23,Zaid,18.15,Loamy,7.2,71,66,71,Vermicompost,Drip,87.3,21.1,68,No,None,Neem Oil,86.2,94.67,474264.9,415566.96,295855.95,-119711.01,73,66
FARM01691,Assam,Jorhat,Village_131,Potato,Kufri Pukhraj,2024-03-09,2024-07-10,Zaid,20.1,Black,7.7,159,175,167,Vermicompost,Rain-fed,31.6,28.6,65,Yes,Leaf Blight,Imidacloprid,53.3,42.64,1577816.9,360793.75,123227.47,-237566.28,39,83
FARM01692,Punjab,Ludhiana,Village_213,Millet,Ragi,2023-12-23,2024-05-31,Kharif,23.96,Laterite,5.6,132,128,70,NPK,Flood,100.7,22.9,73,Yes,Leaf Blight,Chlorpyrifos,114.44,91.55,742506.3,573181.44,282662.3,-290519.14,52,46
FARM01693,Tamil Nadu,Coimbatore,Village_399,Maize,HQPM1,2023-03-30,2023-08-05,Kharif,19.21,Clay,6.4,98,170,80,DAP,Flood,165.4,24.3,96,No,None,Neem Oil,82.14,80.16,540104.5,590824.6,228838.7,-361985.9,62,88
FARM01694,Rajasthan,Jaipur,Village_56,Rice,IR64,2022-12-18,2023-03-31,Rabi,5.03,Red,5.9,168,147,135,Urea,Canal,150.9,20.3,86,No,None,Neem Oil,24.28,25.47,90897.5,169784.79,87780.38,-82004.41,63,86
FARM01695,West Bengal,Siliguri,Village_367,Sugarcane,Co0238,2020-05-11,2020-09-26,Kharif,10.34,Laterite,6.2,154,119,149,NPK,Canal,151.2,24.8,92,Yes,Leaf Blight,Chlorpyrifos,53.06,42.45,214979.6,214699.04,100498.62,-114200.42,37,68
FARM01696,Punjab,Ludhiana,Village_335,Sugarcane,Co86032,2020-03-24,2020-08-12,Kharif,9.13,Alluvial,6.4,120,45,70,Organic Compost,Drip,56.0,30.4,57,No,None,Neem Oil,30.86,29.41,694447.3,118707.2,115190.72,-3516.48,78,56
FARM01697,Tamil Nadu,Coimbatore,Village_325,Sugarcane,Co86032,2021-08-12,2021-12-27,Rabi,2.01,Black,5.9,69,57,169,Urea,Drip,84.3,29.3,63,No,None,Neem Oil,8.13,8.42,43396.4,49013.74,29263.74,-19750.0,76,70
FARM01698,Maharashtra,Pune,Village_263,Maize,DHM117,2020-02-22,2020-06-24,Zaid,10.27,Red,6.7,119,83,163,NPK,Sprinkler,42.6,24.9,63,No,None,Neem Oil,39.63,39.95,553497.2,312702.12,145242.89,-167459.23,87,86
FARM01699,Assam,Guwahati,Village_403,Soybean,NRC37,2021-07-29,2021-11-25,Kharif,15.91,Alluvial,6.7,50,59,53,Vermicompost,Flood,24.3,33.7,50,No,None,Neem Oil,44.02,47.18,255862.8,490385.49,118204.78,-372180.71,95,87
FARM01700,Tamil Nadu,Coimbatore,Village_307,Rice,IR64,2023-04-09,2023-08-05,Rabi,1.93,Black,7.4,49,101,49,Vermicompost,Flood,122.7,24.1,82,Yes,Leaf Blight,Imidacloprid,9.17,7.34,145815.3,30093.11,21339.34,-8753.77,38,93
FARM01701,West Bengal,Kolkata,Village_453,Rice,IR64,2020-09-08,2021-02-06,Zaid,22.97,Black,6.4,109,175,168,Urea,Canal,42.7,34.9,61,No,None,Neem Oil,66.83,73.24,1331295.0,675008.96,185962.39,-489046.57,94,89
FARM01702,Tamil Nadu,Coimbatore,Village_460,Sugarcane,Co86032,2021-05-10,2021-09-20,Kharif,19.88,Red,7.4,161,114,112,Vermicompost,Flood,24.4,28.3,62,Yes,Leaf Blight,Imidacloprid,54.75,43.8,1243858.7,667144.32,177655.16,-489489.16,60,95
FARM01703,Rajasthan,Jaipur,Village_85,Soybean,NRC37,2020-06-13,2020-09-17,Kharif,16.88,Clay,7.9,124,57,122,DAP,Rain-fed,80.9,28.0,71,No,None,Neem Oil,54.47,55.37,1185481.9,348099.85,166958.83,-181141.02,67,57
FARM01704,Karnataka,Belagavi,Village_99,Maize,HQPM1,2021-09-06,2021-12-30,Kharif,6.53,Red,7.2,76,52,65,Vermicompost,Drip,93.7,28.9,77,No,None,Neem Oil,25.52,24.58,502021.0,165174.5,78350.66,-86823.84,61,89
FARM01705,Rajasthan,Kota,Village_101,Soybean,NRC37,2023-10-17,2024-03-06,Kharif,16.2,Loamy,5.7,116,56,49,NPK,Drip,112.2,27.8,80,Yes,Leaf Blight,Chlorpyrifos,60.33,48.26,1003711.9,234862.03,160243.95,-74618.08,68,77
FARM01706,Assam,Jorhat,Village_216,Rice,IR64,2021-02-19,2021-06-24,Rabi,9.16,Clay,6.5,180,125,137,Vermicompost,Flood,68.0,24.9,70,No,None,Neem Oil,31.1,30.74,343648.0,319015.28,77077.2,-241938.08,70,48
FARM01707,Uttar Pradesh,Lucknow,Village_357,Wheat,HD2967,2022-05-15,2022-08-13,Kharif,16.91,Red,5.9,136,86,54,Vermicompost,Canal,41.6,31.6,66,No,None,Neem Oil,67.62,71.09,1261253.2,591073.55,142762.11,-448311.44,94,63
FARM01708,West Bengal,Kolkata,Village_105,Millet,Bajra,2020-04-17,2020-07-19,Kharif,5.05,Black,7.3,45,68,126,NPK,Canal,94.0,26.9,75,No,None,Neem Oil,22.61,24.32,376312.9,130084.95,75699.05,-54385.9,98,80
FARM01709,Rajasthan,Jaipur,Village_272,Sugarcane,Co86032,2022-12-25,2023-04-01,Kharif,5.1,Laterite,5.6,165,81,111,Urea,Drip,50.6,24.6,55,Yes,Leaf Blight,Imidacloprid,21.39,17.11,406518.7,73877.14,30801.89,-43075.25,59,62
FARM01710,West Bengal,Siliguri,Village_116,Rice,IR64,2020-12-29,2021-04-19,Rabi,20.09,Red,6.6,119,119,50,Organic Compost,Canal,72.5,28.7,67,Yes,Leaf Blight,Imidacloprid,79.29,63.43,372196.8,570324.52,181451.81,-388872.71,54,56
FARM01711,Uttar Pradesh,Lucknow,Village_272,Wheat,HD2967,2020-06-24,2020-10-21,Zaid,10.04,Red,7.4,68,122,84,NPK,Flood,139.7,31.6,86,No,None,Neem Oil,54.26,53.04,313770.2,179678.41,110423.11,-69255.3,85,74
FARM01712,Karnataka,Belagavi,Village_69,Sugarcane,Co0238,2024-02-08,2024-07-27,Rabi,13.14,Alluvial,7.4,154,40,164,DAP,Rain-fed,109.9,20.7,82,No,None,Neem Oil,58.4,58.62,580833.5,191921.4,136933.49,-54987.91,98,80
FARM01713,West Bengal,Siliguri,Village_9,Rice,IR64,2020-08-11,2021-01-03,Zaid,5.37,Clay,5.8,73,95,65,NPK,Rain-fed,115.2,40.1,70,Yes,Leaf Blight,Imidacloprid,22.38,17.9,201575.6,177900.97,61005.09,-116895.88,50,52
FARM01714,Uttar Pradesh,Meerut,Village_261,Sugarcane,Co86032,2023-12-29,2024-06-02,Zaid,8.7,Loamy,6.0,135,93,91,Urea,Canal,184.7,12.4,98,No,None,Neem Oil,48.55,49.01,418792.9,162862.77,178941.24,16078.47,66,77
FARM01715,Punjab,Amritsar,Village_391,Rice,Basmati,2022-03-09,2022-07-10,Rabi,11.39,Alluvial,5.9,54,115,96,Urea,Canal,30.8,30.7,61,No,None,Neem Oil,32.1,32.41,328651.6,314603.19,132880.61,-181722.58,83,88
FARM01716,Tamil Nadu,Madurai,Village_451,Cotton,Bt,2021-08-31,2021-12-29,Zaid,24.32,Clay,8.2,101,51,103,NPK,Flood,32.4,24.6,53,No,None,Neem Oil,81.67,80.45,1519785.7,318884.82,239148.98,-79735.84,56,59
FARM01717,Punjab,Amritsar,Village_50,Maize,HQPM1,2021-10-28,2022-03-23,Kharif,22.99,Black,6.2,94,130,77,NPK,Flood,118.4,26.5,71,No,None,Neem Oil,118.61,129.65,1223634.6,579523.74,512251.9,-67271.84,63,53
FARM01718,Uttar Pradesh,Meerut,Village_373,Soybean,JS335,2022-05-09,2022-08-24,Rabi,7.73,Loamy,6.0,157,134,160,DAP,Rain-fed,87.8,23.9,67,Yes,Leaf Blight,Imidacloprid,35.23,28.18,263733.2,207413.0,103755.07,-103657.93,41,85
FARM01719,Assam,Jorhat,Village_100,Rice,Basmati,2023-05-27,2023-09-04,Rabi,17.17,Black,7.5,102,175,163,Vermicompost,Canal,93.0,34.6,71,No,None,Neem Oil,60.58,64.52,509318.5,585707.2,239844.69,-345862.51,89,77
FARM01720,Punjab,Ludhiana,Village_359,Maize,DHM117,2024-02-06,2024-06-06,Rabi,8.02,Laterite,5.5,73,94,46,Urea,Flood,25.0,28.7,50,No,None,Neem Oil,21.43,23.4,256254.6,177379.18,50964.93,-126414.25,60,57
FARM01721,Punjab,Ludhiana,Village_500,Sugarcane,Co0238,2023-11-09,2024-04-14,Rabi,3.96,Laterite,7.2,174,85,51,Urea,Canal,57.5,32.1,71,No,None,Neem Oil,13.24,13.76,72560.1,122016.98,45249.46,-76767.52,70,95
FARM01722,Punjab,Amritsar,Village_245,Soybean,NRC37,2021-03-23,2021-07-23,Zaid,3.74,Alluvial,8.0,157,54,69,Urea,Rain-fed,88.1,26.1,78,No,None,Neem Oil,13.48,13.99,209045.8,93587.33,55268.86,-38318.47,90,58
FARM01723,West Bengal,Siliguri,Village_139,Sugarcane,Co0238,2020-05-16,2020-09-27,Rabi,2.94,Red,5.8,64,178,108,NPK,Canal,76.1,32.8,68,No,None,Neem Oil,9.56,10.21,45856.0,93301.78,19259.16,-74042.62,97,91
FARM01724,Rajasthan,Jaipur,Village_3,Potato,Kufri Jyoti,2021-12-11,2022-05-31,Rabi,24.13,Loamy,6.8,165,69,57,Urea,Drip,62.6,32.9,59,No,None,Neem Oil,99.47,105.28,1388673.1,455943.85,434093.83,-21850.02,59,94
FARM01725,Rajasthan,Kota,Village_292,Soybean,JS335,2022-11-10,2023-05-04,Rabi,18.22,Laterite,7.0,86,44,77,Vermicompost,Canal,44.5,30.9,63,Yes,Leaf Blight,Chlorpyrifos,59.51,47.61,947174.3,390098.68,90100.81,-299997.87,34,63
FARM01726,Punjab,Ludhiana,Village_314,Maize,DHM117,2020-04-16,2020-09-11,Kharif,5.11,Red,8.0,76,150,47,DAP,Canal,65.5,21.6,69,Yes,Leaf Blight,Chlorpyrifos,22.86,18.29,166974.2,65686.27,33471.77,-32214.5,37,66
FARM01727,Maharashtra,Nashik,Village_273,Potato,Kufri Jyoti,2020-09-07,2021-02-25,Rabi,15.77,Clay,7.1,175,168,169,NPK,Rain-fed,77.2,20.4,69,No,None,Neem Oil,71.52,68.67,717542.7,229991.98,126287.51,-103704.47,57,70
FARM01728,Assam,Guwahati,Village_132,Wheat,HD2967,2021-02-12,2021-05-24,Zaid,7.31,Alluvial,6.6,58,69,120,NPK,Rain-fed,98.2,24.3,81,No,None,Neem Oil,33.7,33.31,565963.2,207188.85,80206.2,-126982.65,84,83
FARM01729,Tamil Nadu,Madurai,Village_142,Cotton,Suraj,2023-12-03,2024-03-05,Kharif,1.8,Clay,6.3,174,60,126,Organic Compost,Drip,105.0,24.0,77,No,None,Neem Oil,7.87,8.36,78238.9,52447.61,30418.26,-22029.35,89,87
FARM01730,Maharashtra,Nashik,Village_243,Maize,HQPM1,2020-04-10,2020-09-25,Kharif,23.15,Alluvial,6.7,118,75,135,Vermicompost,Drip,57.0,28.4,70,No,None,Neem Oil,82.11,84.41,1279515.2,449749.36,258901.71,-190847.65,61,95
FARM01731,Rajasthan,Kota,Village_389,Wheat,PBW725,2021-07-01,2021-12-25,Rabi,4.41,Black,6.7,70,88,97,DAP,Rain-fed,119.1,30.6,81,No,None,Neem Oil,21.75,23.43,103403.6,139671.43,52252.87,-87418.56,80,48
FARM01732,Maharashtra,Pune,Village_22,Wheat,PBW725,2020-06-26,2020-10-02,Rabi,16.29,Loamy,7.5,98,73,108,Urea,Sprinkler,85.0,22.7,73,Yes,Leaf Blight,Chlorpyrifos,77.23,61.78,699147.3,520676.97,212844.97,-307832.0,29,50
FARM01733,Assam,Jorhat,Village_355,Soybean,JS335,2024-04-10,2024-09-24,Kharif,20.56,Red,8.1,61,92,105,Urea,Canal,118.2,28.2,82,Yes,Leaf Blight,Chlorpyrifos,85.87,68.7,1459254.1,617402.42,224326.06,-393076.36,26,51
FARM01734,Tamil Nadu,Coimbatore,Village_173,Soybean,JS335,2021-09-24,2022-01-27,Rabi,15.91,Loamy,6.1,136,114,180,Urea,Drip,13.8,32.1,59,No,None,Neem Oil,55.46,56.4,371019.1,458818.55,222027.21,-236791.34,74,68
FARM01735,West Bengal,Kolkata,Village_254,Rice,IR64,2024-01-21,2024-05-12,Rabi,22.54,Loamy,6.8,133,67,111,Organic Compost,Flood,33.9,34.7,58,Yes,Leaf Blight,Chlorpyrifos,63.26,50.61,1691603.6,561361.47,134313.68,-427047.79,69,89
FARM01736,Uttar Pradesh,Lucknow,Village_387,Potato,Kufri Jyoti,2024-03-28,2024-07-25,Rabi,11.16,Alluvial,7.3,44,140,135,Organic Compost,Drip,100.2,33.4,67,No,None,Neem Oil,46.05,48.49,827911.8,312186.2,198034.91,-114151.29,96,46
FARM01737,Uttar Pradesh,Meerut,Village_269,Millet,Bajra,2021-02-21,2021-05-31,Zaid,24.3,Loamy,8.0,103,45,107,Organic Compost,Rain-fed,76.2,27.3,74,No,None,Neem Oil,84.74,84.56,1169190.3,635811.5,196823.23,-438988.27,88,77
FARM01738,West Bengal,Kolkata,Village_351,Potato,Kufri Jyoti,2023-08-03,2024-01-09,Zaid,17.7,Loamy,5.5,129,164,155,NPK,Rain-fed,87.8,34.5,75,No,None,Neem Oil,69.93,76.56,499139.9,385836.05,189021.93,-196814.12,73,46
FARM01739,Maharashtra,Pune,Village_327,Wheat,HD2967,2024-04-23,2024-08-03,Zaid,15.94,Alluvial,5.8,80,92,59,Vermicompost,Drip,16.7,30.9,55,Yes,Leaf Blight,Imidacloprid,57.86,46.29,842026.7,441338.18,118409.24,-322928.94,44,79
FARM01740,Tamil Nadu,Madurai,Village_258,Sugarcane,Co0238,2021-08-02,2021-11-07,Zaid,2.23,Loamy,6.5,40,44,114,Urea,Canal,68.8,17.6,70,No,None,Neem Oil,8.86,9.37,135226.8,37295.16,36294.25,-1000.91,64,54
FARM01741,Maharashtra,Pune,Village_239,Millet,Bajra,2021-02-10,2021-06-27,Rabi,13.03,Red,5.9,167,173,98,Vermicompost,Sprinkler,92.8,23.9,71,No,None,Neem Oil,59.7,63.02,950070.6,383996.44,194016.52,-189979.92,78,71
FARM01742,Karnataka,Belagavi,Village_195,Cotton,Suraj,2021-12-29,2022-05-25,Rabi,11.71,Clay,8.0,140,105,113,Vermicompost,Sprinkler,79.6,27.7,62,No,None,Neem Oil,43.11,45.51,423376.9,307223.77,180483.97,-126739.8,91,66
FARM01743,Uttar Pradesh,Lucknow,Village_193,Soybean,NRC37,2021-12-08,2022-03-20,Kharif,6.69,Laterite,6.0,88,171,164,Organic Compost,Sprinkler,34.9,21.9,52,No,None,Neem Oil,24.52,23.86,411519.8,85362.99,46651.14,-38711.85,55,46
FARM01744,Rajasthan,Kota,Village_161,Rice,IR64,2021-09-14,2022-01-13,Rabi,21.25,Clay,5.7,41,68,90,Urea,Canal,24.0,25.7,49,No,None,Neem Oil,84.46,90.65,1446483.0,564183.34,272554.66,-291628.68,66,74
FARM01745,Uttar Pradesh,Meerut,Village_297,Maize,DHM117,2022-07-30,2022-11-11,Rabi,1.47,Black,7.3,70,71,125,Organic Compost,Canal,30.0,17.7,53,No,None,Neem Oil,5.7,6.06,46339.3,26652.54,23990.39,-2662.15,79,53
FARM01746,Tamil Nadu,Coimbatore,Village_260,Cotton,Suraj,2022-12-11,2023-06-08,Zaid,21.49,Laterite,5.7,111,107,64,NPK,Rain-fed,38.5,39.5,59,Yes,Leaf Blight,Imidacloprid,74.56,59.65,858199.3,349738.06,159948.77,-189789.29,49,69
FARM01747,Rajasthan,Jaipur,Village_58,Potato,Kufri Pukhraj,2023-06-21,2023-11-24,Rabi,6.74,Loamy,8.0,112,51,119,NPK,Sprinkler,56.7,21.2,70,No,None,Neem Oil,26.16,27.83,368825.7,91317.43,108574.2,17256.77,83,91
FARM01748,Tamil Nadu,Madurai,Village_373,Wheat,HD2967,2020-05-05,2020-10-31,Rabi,4.49,Alluvial,8.1,107,153,42,Organic Compost,Canal,41.6,23.2,56,Yes,Leaf Blight,Chlorpyrifos,13.14,10.51,228054.7,71608.17,33569.43,-38038.74,60,85
FARM01749,Maharashtra,Nashik,Village_299,Soybean,JS335,2024-03-29,2024-09-19,Rabi,12.86,Clay,5.7,43,148,98,Organic Compost,Drip,93.1,38.4,76,No,None,Neem Oil,48.55,50.63,831011.0,372647.33,102659.15,-269988.18,68,95
FARM01750,Rajasthan,Kota,Village_70,Maize,HQPM1,2020-07-25,2020-10-26,Rabi,11.86,Alluvial,6.1,84,42,44,NPK,Flood,17.0,18.9,51,Yes,Leaf Blight,Imidacloprid,39.97,31.98,239912.1,256122.51,104694.39,-151428.12,65,87
FARM01751,Uttar Pradesh,Lucknow,Village_254,Millet,Ragi,2022-10-21,2023-03-27,Zaid,6.34,Red,6.4,50,178,109,Vermicompost,Canal,83.5,38.3,76,No,None,Neem Oil,28.04,28.2,506956.9,121964.45,59855.81,-62108.64,74,92
FARM01752,West Bengal,Kolkata,Village_310,Cotton,Bt,2020-11-06,2021-02-26,Zaid,5.67,Red,6.5,97,120,44,NPK,Rain-fed,101.8,30.8,83,Yes,Leaf Blight,Imidacloprid,26.56,21.25,417615.7,162237.83,49564.11,-112673.72,45,58
FARM01753,Karnataka,Mysuru,Village_475,Wheat,PBW725,2020-06-29,2020-10-22,Zaid,12.39,Laterite,7.3,55,75,90,DAP,Drip,74.1,22.1,70,No,None,Neem Oil,39.71,41.16,377358.9,330189.75,165860.52,-164329.23,64,68
FARM01754,Punjab,Amritsar,Village_318,Sugarcane,Co0238,2023-09-11,2023-12-31,Zaid,19.17,Laterite,6.9,169,104,54,Vermicompost,Drip,52.5,25.1,70,No,None,Neem Oil,62.48,63.31,482299.6,320464.89,257519.86,-62945.03,94,46
FARM01755,Tamil Nadu,Madurai,Village_300,Soybean,NRC37,2020-07-31,2021-01-02,Zaid,14.73,Loamy,7.6,59,99,68,DAP,Drip,176.4,33.6,96,No,None,Neem Oil,77.59,81.68,870809.7,304922.98,314828.6,9905.62,59,69
FARM01756,Uttar Pradesh,Lucknow,Village_142,Wheat,HD2967,2021-02-05,2021-07-22,Zaid,3.17,Alluvial,7.4,135,164,157,Organic Compost,Flood,145.4,17.6,81,No,None,Neem Oil,15.42,15.3,175152.4,88143.3,45492.23,-42651.07,77,65
FARM01757,Uttar Pradesh,Lucknow,Village_225,Potato,Kufri Jyoti,2020-07-28,2020-11-29,Kharif,15.16,Loamy,7.4,64,40,51,DAP,Canal,118.2,26.6,82,No,None,Neem Oil,75.16,76.52,1171027.4,504744.03,232375.49,-272368.54,61,45
FARM01758,Tamil Nadu,Coimbatore,Village_416,Potato,Kufri Pukhraj,2022-08-17,2023-01-15,Kharif,24.63,Red,7.1,77,173,132,NPK,Canal,25.8,31.0,52,No,None,Neem Oil,81.52,85.03,1052592.3,441922.86,348992.46,-92930.4,75,90
FARM01759,Rajasthan,Jaipur,Village_266,Sugarcane,Co86032,2023-06-22,2023-12-12,Zaid,14.37,Black,5.7,100,55,170,Vermicompost,Drip,95.8,28.2,79,No,None,Neem Oil,59.9,60.79,1033524.6,343655.2,160523.16,-183132.04,60,79
FARM01760,Assam,Guwahati,Village_395,Millet,Bajra,2023-01-07,2023-05-18,Zaid,5.25,Black,6.7,65,124,112,NPK,Flood,81.6,24.4,73,Yes,Leaf Blight,Chlorpyrifos,22.68,18.14,237044.3,125018.26,49840.25,-75178.01,55,55
FARM01761,Rajasthan,Jaipur,Village_38,Cotton,Suraj,2022-03-21,2022-07-14,Kharif,8.17,Red,6.7,76,82,112,Organic Compost,Canal,128.8,24.3,76,No,None,Neem Oil,35.39,36.9,136047.7,201895.59,141204.29,-60691.3,89,95
FARM01762,Maharashtra,Pune,Village_120,Sugarcane,Co0238,2020-09-04,2021-01-05,Kharif,1.51,Alluvial,7.5,53,148,128,DAP,Drip,46.3,32.1,55,Yes,Leaf Blight,Imidacloprid,5.3,4.24,28998.2,24986.88,11182.93,-13803.95,46,67
FARM01763,Maharashtra,Nashik,Village_8,Soybean,NRC37,2024-01-20,2024-05-22,Rabi,10.84,Alluvial,6.9,132,128,46,DAP,Sprinkler,111.3,32.0,71,No,None,Neem Oil,42.57,41.91,287062.3,254545.46,77799.05,-176746.41,62,53
FARM01764,Maharashtra,Pune,Village_398,Maize,DHM117,2023-10-24,2024-04-19,Kharif,23.44,Red,8.1,107,86,164,Urea,Rain-fed,101.0,24.0,77,Yes,Leaf Blight,Chlorpyrifos,83.29,66.63,983385.5,304943.57,189070.3,-115873.27,39,59
FARM01765,Punjab,Amritsar,Village_370,Cotton,Suraj,2024-02-18,2024-08-11,Zaid,12.31,Red,7.5,63,109,108,Urea,Rain-fed,54.8,26.2,69,No,None,Neem Oil,36.12,37.27,323974.4,189703.16,128615.62,-61087.54,78,49
FARM01766,Karnataka,Mysuru,Village_320,Wheat,PBW725,2022-07-10,2022-10-12,Kharif,10.74,Black,7.8,104,56,74,Organic Compost,Canal,57.5,22.1,69,Yes,Leaf Blight,Chlorpyrifos,44.76,35.81,691872.1,150132.0,139469.9,-10662.1,28,94
FARM01767,Tamil Nadu,Coimbatore,Village_276,Maize,HQPM1,2023-07-05,2023-10-15,Zaid,1.69,Clay,6.9,180,74,56,Urea,Drip,52.2,32.1,56,No,None,Neem Oil,6.47,6.51,103975.1,37658.89,14961.71,-22697.18,58,70
FARM01768,West Bengal,Siliguri,Village_86,Cotton,Bt,2021-01-31,2021-05-15,Rabi,5.02,Alluvial,7.5,99,145,133,Organic Compost,Flood,38.9,22.9,66,No,None,Neem Oil,17.56,16.78,230247.6,168332.0,46667.9,-121664.1,86,76
FARM01769,Uttar Pradesh,Meerut,Village_164,Sugarcane,Co86032,2023-01-25,2023-05-14,Kharif,24.77,Clay,8.1,141,73,67,Urea,Drip,39.7,31.7,53,No,None,Neem Oil,97.33,100.11,530835.7,487962.75,332216.02,-155746.73,66,85
FARM01770,Tamil Nadu,Madurai,Village_42,Rice,Basmati,2023-11-26,2024-03-13,Rabi,17.43,Red,7.5,53,142,138,Urea,Flood,225.0,31.1,98,No,None,Neem Oil,110.38,105.14,655215.5,508363.4,337070.3,-171293.1,79,65
FARM01771,Rajasthan,Jaipur,Village_463,Wheat,PBW725,2022-11-20,2023-05-07,Zaid,1.48,Black,7.6,81,128,106,DAP,Drip,26.6,41.4,62,No,None,Neem Oil,4.5,4.94,88961.8,39779.63,15730.42,-24049.21,64,90
FARM01772,Rajasthan,Kota,Village_163,Soybean,NRC37,2022-02-01,2022-05-02,Rabi,3.24,Clay,8.0,50,118,148,Vermicompost,Canal,91.8,26.3,68,Yes,Leaf Blight,Imidacloprid,13.65,10.92,211204.6,57433.39,33206.11,-24227.28,32,66
FARM01773,Karnataka,Belagavi,Village_481,Maize,HQPM1,2023-05-19,2023-09-27,Zaid,15.65,Laterite,7.0,165,148,73,DAP,Flood,27.4,30.6,48,No,None,Neem Oil,57.73,55.85,1176476.6,299905.64,217871.24,-82034.4,90,85
FARM01774,West Bengal,Kolkata,Village_357,Cotton,Suraj,2024-04-08,2024-09-21,Zaid,24.91,Red,7.9,56,167,140,Organic Compost,Drip,89.0,36.8,67,No,None,Neem Oil,93.37,93.7,718143.0,847672.0,325758.02,-521913.98,71,86
FARM01775,Karnataka,Belagavi,Village_410,Maize,DHM117,2020-09-18,2021-02-14,Zaid,18.58,Clay,7.2,135,121,137,Vermicompost,Sprinkler,96.2,23.6,78,No,None,Neem Oil,84.68,87.05,512242.8,639088.21,201948.55,-437139.66,80,89
FARM01776,Punjab,Amritsar,Village_58,Soybean,JS335,2023-06-02,2023-09-22,Rabi,5.93,Clay,6.2,59,110,62,Organic Compost,Sprinkler,133.5,31.2,80,No,None,Neem Oil,31.05,33.17,141900.4,166236.57,65158.43,-101078.14,97,65
FARM01777,Punjab,Ludhiana,Village_129,Cotton,Suraj,2022-03-11,2022-07-28,Rabi,6.23,Laterite,6.6,112,87,136,Organic Compost,Canal,74.3,22.5,65,Yes,Leaf Blight,Imidacloprid,24.87,19.9,419534.6,170618.61,77709.7,-92908.91,62,95
FARM01778,Karnataka,Mysuru,Village_333,Wheat,PBW725,2022-08-07,2023-02-02,Zaid,3.87,Clay,6.4,128,162,154,DAP,Drip,18.3,38.9,50,No,None,Neem Oil,11.13,11.71,78077.1,124681.36,40667.02,-84014.34,56,73
FARM01779,Assam,Guwahati,Village_85,Wheat,HD2967,2022-10-19,2023-02-02,Kharif,9.29,Laterite,5.5,108,121,127,Vermicompost,Rain-fed,66.4,27.3,67,Yes,Leaf Blight,Imidacloprid,30.91,24.73,380105.9,127131.15,103794.47,-23336.68,28,64
FARM01780,Uttar Pradesh,Meerut,Village_355,Soybean,JS335,2020-08-22,2020-12-16,Zaid,4.32,Red,5.7,169,46,44,Urea,Sprinkler,48.0,28.7,57,No,None,Neem Oil,15.46,16.98,164151.1,97341.31,58201.1,-39140.21,97,87
FARM01781,Assam,Guwahati,Village_180,Soybean,NRC37,2024-04-29,2024-07-29,Zaid,16.61,Red,7.9,127,47,157,NPK,Canal,42.0,32.9,60,No,None,Neem Oil,69.15,70.62,1178821.0,463204.18,168701.82,-294502.36,88,62
FARM01782,Tamil Nadu,Coimbatore,Village_75,Millet,Bajra,2021-11-14,2022-04-29,Zaid,4.81,Red,7.6,94,94,136,Vermicompost,Sprinkler,64.8,27.3,74,Yes,Leaf Blight,Imidacloprid,21.1,16.88,314879.7,85292.55,30479.79,-54812.76,69,76
FARM01783,Karnataka,Mysuru,Village_189,Sugarcane,Co0238,2024-02-05,2024-05-15,Zaid,23.31,Loamy,8.0,153,168,168,Organic Compost,Flood,13.0,25.8,52,No,None,Neem Oil,77.57,82.81,1111537.6,543086.78,316134.81,-226951.97,90,62
FARM01784,Tamil Nadu,Coimbatore,Village_10,Sugarcane,Co86032,2023-11-28,2024-05-09,Zaid,3.84,Red,6.2,103,82,100,Organic Compost,Canal,51.7,28.3,58,Yes,Leaf Blight,Imidacloprid,11.79,9.43,241545.2,63530.19,36495.81,-27034.38,26,87
FARM01785,Karnataka,Belagavi,Village_110,Wheat,HD2967,2022-10-12,2023-02-20,Zaid,4.16,Clay,5.9,57,106,154,Organic Compost,Sprinkler,49.8,17.1,55,No,None,Neem Oil,15.99,15.69,307094.8,145503.46,39675.52,-105827.94,74,82
FARM01786,Maharashtra,Nashik,Village_36,Cotton,Bt,2021-07-22,2021-12-15,Rabi,3.22,Black,6.0,107,79,138,Vermicompost,Flood,45.7,30.8,65,Yes,Leaf Blight,Chlorpyrifos,11.27,9.02,172063.3,93298.14,31111.96,-62186.18,64,77
FARM01787,West Bengal,Siliguri,Village_88,Rice,Basmati,2022-10-23,2023-01-29,Zaid,11.71,Red,7.0,78,180,74,Urea,Flood,73.2,33.8,74,Yes,Leaf Blight,Imidacloprid,40.5,32.4,753444.6,384140.77,74569.76,-309571.01,28,75
FARM01788,Uttar Pradesh,Lucknow,Village_342,Maize,DHM117,2020-07-02,2020-11-29,Rabi,3.53,Black,5.5,112,60,177,Vermicompost,Flood,110.6,24.2,85,Yes,Leaf Blight,Imidacloprid,16.13,12.9,70545.1,74378.46,44345.65,-30032.81,68,71
FARM01789,Uttar Pradesh,Meerut,Village_437,Wheat,HD2967,2020-01-04,2020-07-02,Zaid,17.83,Laterite,6.5,49,108,106,Vermicompost,Sprinkler,61.7,26.9,59,No,None,Neem Oil,55.45,56.5,622922.4,446857.41,165515.09,-281342.32,59,67
FARM01790,Maharashtra,Pune,Village_50,Potato,Kufri Jyoti,2023-02-04,2023-05-22,Zaid,10.47,Red,6.1,45,106,50,Urea,Rain-fed,60.2,24.5,71,No,None,Neem Oil,41.48,39.73,680341.8,249899.33,133742.8,-116156.53,87,53
FARM01791,Maharashtra,Pune,Village_66,Rice,IR64,2022-05-12,2022-11-08,Zaid,4.84,Loamy,6.2,85,46,69,DAP,Rain-fed,109.8,30.5,85,No,None,Neem Oil,24.48,24.29,83392.8,102543.16,74042.47,-28500.69,81,47
FARM01792,Uttar Pradesh,Meerut,Village_96,Sugarcane,Co0238,2023-01-27,2023-07-15,Kharif,2.78,Red,6.0,61,156,170,Organic Compost,Drip,72.0,23.9,67,Yes,Leaf Blight,Chlorpyrifos,12.64,10.11,62990.8,90223.91,19007.51,-71216.4,25,77
FARM01793,Punjab,Ludhiana,Village_208,Soybean,JS335,2021-04-22,2021-10-11,Zaid,15.39,Laterite,7.8,86,150,163,Vermicompost,Flood,48.0,36.7,61,No,None,Neem Oil,49.97,53.08,573671.8,427582.72,195652.0,-231930.72,85,92
FARM01794,Karnataka,Belagavi,Village_354,Wheat,PBW725,2022-04-09,2022-09-13,Kharif,8.63,Black,6.8,90,141,66,Organic Compost,Canal,60.8,17.2,57,No,None,Neem Oil,25.85,25.08,508539.8,169638.51,103078.76,-66559.75,66,72
FARM01795,Maharashtra,Pune,Village_279,Soybean,NRC37,2021-06-08,2021-11-06,Rabi,6.99,Laterite,5.9,154,156,137,Organic Compost,Flood,93.0,27.2,79,Yes,Leaf Blight,Imidacloprid,23.89,19.11,160018.6,163047.2,65906.94,-97140.26,41,47
FARM01796,Uttar Pradesh,Lucknow,Village_222,Millet,Ragi,2020-03-25,2020-08-27,Zaid,11.23,Alluvial,8.1,152,153,98,Vermicompost,Drip,138.4,31.3,78,No,None,Neem Oil,59.03,56.22,180813.1,212880.6,223384.99,10504.39,79,80
FARM01797,Uttar Pradesh,Lucknow,Village_205,Wheat,HD2967,2022-12-07,2023-03-29,Rabi,5.37,Laterite,7.6,164,147,151,NPK,Flood,29.3,26.9,55,Yes,Leaf Blight,Chlorpyrifos,17.37,13.9,419330.7,91859.4,40876.57,-50982.83,25,95
FARM01798,West Bengal,Siliguri,Village_372,Sugarcane,Co0238,2022-02-14,2022-07-04,Rabi,1.1,Alluvial,7.1,116,40,51,Organic Compost,Sprinkler,46.1,29.3,54,Yes,Leaf Blight,Imidacloprid,4.12,3.3,18116.2,14838.74,10791.35,-4047.39,66,75
FARM01799,Maharashtra,Pune,Village_35,Cotton,Bt,2020-10-24,2021-03-30,Zaid,15.86,Clay,8.1,158,55,124,Organic Compost,Rain-fed,101.0,22.2,75,Yes,Leaf Blight,Imidacloprid,69.87,55.9,1262066.1,290247.69,203090.39,-87157.3,64,91
FARM01800,Maharashtra,Pune,Village_144,Potato,Kufri Pukhraj,2020-03-29,2020-08-22,Rabi,2.57,Laterite,6.1,59,108,84,DAP,Canal,96.2,36.3,66,No,None,Neem Oil,12.6,12.41,205573.5,45566.82,50022.54,4455.72,79,85
FARM01801,Karnataka,Mysuru,Village_64,Soybean,JS335,2024-02-14,2024-05-26,Zaid,2.24,Loamy,6.2,167,170,56,Organic Compost,Sprinkler,54.5,30.0,66,No,None,Neem Oil,7.31,7.67,57482.5,53120.88,17094.75,-36026.13,56,84
FARM01802,Punjab,Ludhiana,Village_178,Potato,Kufri Pukhraj,2022-12-06,2023-05-09,Rabi,10.23,Alluvial,5.6,106,81,111,DAP,Flood,38.7,24.5,55,No,None,Neem Oil,33.52,32.74,490642.0,315049.12,84995.44,-230053.68,78,61
FARM01803,Maharashtra,Pune,Village_457,Millet,Bajra,2020-07-24,2021-01-09,Zaid,10.84,Clay,6.3,60,103,114,Urea,Drip,85.9,28.6,69,No,None,Neem Oil,45.14,44.38,638509.0,332109.67,155240.49,-176869.18,84,62
FARM01804,Rajasthan,Kota,Village_430,Wheat,PBW725,2020-08-08,2020-11-18,Zaid,8.91,Laterite,5.8,42,56,153,NPK,Sprinkler,59.2,21.9,59,Yes,Leaf Blight,Chlorpyrifos,29.15,23.32,288724.2,177068.75,74388.14,-102680.61,46,82
FARM01805,West Bengal,Kolkata,Village_197,Potato,Kufri Pukhraj,2020-04-04,2020-07-20,Kharif,13.66,Clay,7.8,90,72,95,DAP,Sprinkler,51.8,32.8,58,Yes,Leaf Blight,Chlorpyrifos,53.99,43.19,227844.4,346761.95,164491.63,-182270.32,67,45
FARM01806,Maharashtra,Nashik,Village_377,Cotton,Suraj,2020-11-11,2021-03-26,Kharif,2.38,Laterite,7.6,75,104,156,DAP,Flood,114.1,31.4,81,No,None,Neem Oil,9.09,9.08,88952.1,29474.73,36929.56,7454.83,81,73
FARM01807,Punjab,Ludhiana,Village_347,Maize,DHM117,2022-06-21,2022-12-10,Kharif,12.38,Red,6.6,155,158,47,Vermicompost,Sprinkler,29.7,27.5,53,No,None,Neem Oil,35.23,35.8,288408.7,332358.98,98969.94,-233389.04,67,78
FARM01808,Tamil Nadu,Madurai,Village_171,Potato,Kufri Pukhraj,2020-12-20,2021-05-06,Rabi,10.34,Loamy,6.3,71,44,65,NPK,Canal,101.3,19.6,69,No,None,Neem Oil,37.19,39.66,803111.6,187106.62,124186.49,-62920.13,57,68
FARM01809,Assam,Guwahati,Village_176,Millet,Ragi,2022-03-21,2022-09-09,Kharif,8.25,Clay,6.3,113,123,110,Urea,Sprinkler,55.5,26.9,60,No,None,Neem Oil,24.93,25.0,603545.4,159213.54,52757.21,-106456.33,91,83
FARM01810,Rajasthan,Kota,Village_12,Soybean,NRC37,2022-07-28,2022-11-02,Kharif,21.41,Black,5.6,61,44,69,Vermicompost,Sprinkler,75.0,26.6,63,Yes,Leaf Blight,Imidacloprid,96.83,77.46,1266230.8,516261.22,163001.46,-353259.76,24,81
FARM01811,Tamil Nadu,Madurai,Village_498,Millet,Bajra,2020-05-22,2020-09-29,Kharif,12.63,Clay,7.5,175,74,154,Organic Compost,Flood,116.1,18.1,78,Yes,Leaf Blight,Chlorpyrifos,62.67,50.14,204620.0,303795.01,155806.82,-147988.19,28,71
FARM01812,Rajasthan,Jaipur,Village_15,Rice,Basmati,2023-06-07,2023-10-21,Kharif,17.96,Alluvial,7.9,70,101,65,Vermicompost,Canal,35.9,35.5,62,No,None,Neem Oil,58.68,60.3,557903.7,253764.61,196562.26,-57202.35,87,48
FARM01813,West Bengal,Siliguri,Village_184,Sugarcane,Co86032,2020-11-04,2021-04-23,Kharif,9.38,Alluvial,5.7,118,132,160,NPK,Drip,54.8,25.6,61,No,None,Neem Oil,39.42,42.71,212787.2,161194.12,88900.73,-72293.39,71,65
FARM01814,Punjab,Amritsar,Village_392,Millet,Ragi,2021-11-24,2022-04-15,Kharif,13.32,Black,7.2,170,49,168,NPK,Canal,63.7,28.8,60,No,None,Neem Oil,52.51,55.1,276889.5,186898.22,153979.09,-32919.13,61,57
FARM01815,Rajasthan,Jaipur,Village_79,Rice,Basmati,2020-07-04,2020-10-02,Kharif,24.27,Alluvial,6.3,70,116,66,NPK,Flood,31.7,28.8,52,No,None,Neem Oil,80.69,88.74,725627.6,307259.12,293722.05,-13537.07,86,52
FARM01816,Maharashtra,Nashik,Village_167,Maize,HQPM1,2022-05-07,2022-09-12,Kharif,8.4,Red,7.1,106,129,93,NPK,Flood,101.4,13.9,82,Yes,Leaf Blight,Chlorpyrifos,39.19,31.35,666046.8,191173.43,97053.85,-94119.58,57,66
FARM01817,Maharashtra,Nashik,Village_203,Rice,Basmati,2023-03-05,2023-06-16,Zaid,2.24,Loamy,7.7,132,60,179,Vermicompost,Sprinkler,44.9,20.0,58,No,None,Neem Oil,9.37,9.4,121952.2,33318.96,37677.87,4358.91,62,64
FARM01818,Tamil Nadu,Coimbatore,Village_129,Wheat,HD2967,2024-01-28,2024-05-13,Zaid,7.27,Black,7.9,128,108,77,DAP,Drip,56.4,31.6,70,No,None,Neem Oil,22.65,23.74,232578.5,238101.12,84451.93,-153649.19,57,72
FARM01819,Tamil Nadu,Madurai,Village_187,Potato,Kufri Pukhraj,2021-10-29,2022-02-25,Rabi,21.01,Black,5.8,92,175,131,Organic Compost,Drip,42.9,27.1,63,Yes,Leaf Blight,Chlorpyrifos,61.14,48.91,1486848.3,723386.98,106367.31,-617019.67,33,83
FARM01820,Maharashtra,Nashik,Village_312,Millet,Bajra,2020-06-03,2020-09-13,Kharif,8.38,Red,5.9,166,110,88,DAP,Flood,40.0,37.6,62,No,None,Neem Oil,23.44,25.39,389919.2,234554.13,105639.27,-128914.86,61,82
FARM01821,Punjab,Ludhiana,Village_129,Cotton,Bt,2021-08-19,2021-12-18,Zaid,21.03,Loamy,7.3,87,156,80,Urea,Flood,50.3,20.1,59,No,None,Neem Oil,70.58,76.66,453819.3,709273.85,196190.05,-513083.8,97,48
FARM01822,Karnataka,Mysuru,Village_486,Maize,HQPM1,2020-09-09,2020-12-20,Rabi,2.88,Loamy,6.6,59,54,115,NPK,Drip,70.5,38.0,67,No,None,Neem Oil,9.64,10.48,126615.5,45419.18,33242.38,-12176.8,74,90
FARM01823,Assam,Guwahati,Village_56,Sugarcane,Co0238,2020-11-23,2021-04-15,Zaid,24.81,Alluvial,5.9,112,95,95,Vermicompost,Sprinkler,61.2,28.9,58,No,None,Neem Oil,83.99,87.17,1880260.4,415002.41,328004.73,-86997.68,97,52
FARM01824,Maharashtra,Pune,Village_50,Potato,Kufri Pukhraj,2021-06-27,2021-10-02,Rabi,4.64,Laterite,6.4,102,99,67,Vermicompost,Rain-fed,147.3,24.5,88,No,None,Neem Oil,25.17,27.35,210823.5,157922.98,88913.18,-69009.8,98,87
FARM01825,Uttar Pradesh,Meerut,Village_225,Wheat,HD2967,2023-11-17,2024-04-19,Rabi,12.8,Laterite,5.9,59,79,126,NPK,Sprinkler,65.6,27.2,63,No,None,Neem Oil,56.85,62.48,539716.8,236747.79,139614.36,-97133.43,55,76
FARM01826,Tamil Nadu,Coimbatore,Village_447,Potato,Kufri Pukhraj,2021-10-05,2022-02-24,Rabi,3.09,Clay,7.5,124,126,136,Urea,Drip,30.9,29.1,56,No,None,Neem Oil,10.87,10.84,113491.6,68177.92,33763.9,-34414.02,80,71
FARM01827,Maharashtra,Nashik,Village_228,Cotton,Bt,2024-02-01,2024-06-09,Zaid,19.41,Alluvial,8.2,119,116,155,NPK,Flood,117.7,29.2,83,No,None,Neem Oil,89.55,98.38,786846.5,456909.22,360210.59,-96698.63,78,57
FARM01828,Uttar Pradesh,Meerut,Village_289,Rice,Basmati,2021-05-03,2021-09-30,Rabi,19.33,Alluvial,7.5,164,102,100,Urea,Rain-fed,88.0,22.7,73,Yes,Leaf Blight,Chlorpyrifos,71.66,57.33,746765.0,389055.92,195387.96,-193667.96,56,67
FARM01829,Karnataka,Belagavi,Village_263,Wheat,HD2967,2022-12-27,2023-06-09,Kharif,9.52,Alluvial,6.4,176,47,54,Organic Compost,Drip,38.4,24.6,58,Yes,Leaf Blight,Imidacloprid,28.37,22.7,565977.0,254056.02,55859.63,-198196.39,24,69
FARM01830,Karnataka,Mysuru,Village_98,Cotton,Bt,2020-03-27,2020-09-06,Kharif,9.26,Loamy,5.7,90,74,101,DAP,Rain-fed,106.6,31.9,81,No,None,Neem Oil,40.53,40.06,387863.6,150107.93,149440.59,-667.34,71,58
FARM01831,Punjab,Amritsar,Village_433,Millet,Bajra,2023-01-05,2023-05-15,Zaid,8.64,Red,5.7,81,96,138,Organic Compost,Canal,72.0,25.5,67,No,None,Neem Oil,38.17,36.43,410306.1,295149.21,85965.06,-209184.15,96,61
FARM01832,Karnataka,Mysuru,Village_371,Millet,Bajra,2023-10-11,2024-03-10,Zaid,8.16,Laterite,7.5,93,119,45,Vermicompost,Rain-fed,66.3,23.3,61,No,None,Neem Oil,31.61,33.88,347952.6,234204.76,61960.64,-172244.12,90,70
FARM01833,Rajasthan,Kota,Village_269,Maize,HQPM1,2021-07-13,2021-10-18,Zaid,12.78,Laterite,8.1,127,61,137,NPK,Sprinkler,139.6,26.4,84,No,None,Neem Oil,68.5,65.85,637108.0,281406.98,169681.18,-111725.8,87,49
FARM01834,Uttar Pradesh,Lucknow,Village_374,Potato,Kufri Pukhraj,2024-02-12,2024-06-30,Kharif,12.81,Alluvial,7.1,91,154,73,Urea,Drip,96.1,24.4,72,No,None,Neem Oil,58.71,57.03,327677.5,374340.54,106761.69,-267578.85,56,95
FARM01835,Punjab,Amritsar,Village_477,Wheat,PBW725,2021-07-10,2021-11-27,Zaid,1.45,Red,6.2,163,46,74,DAP,Sprinkler,94.9,30.4,72,No,None,Neem Oil,5.16,5.36,58630.6,49451.87,16418.23,-33033.64,96,80
FARM01836,Rajasthan,Kota,Village_323,Millet,Ragi,2020-03-07,2020-07-05,Zaid,14.95,Loamy,6.9,55,130,113,NPK,Sprinkler,47.2,26.0,58,No,None,Neem Oil,53.37,52.06,914022.6,483987.46,184482.01,-299505.45,88,60
FARM01837,Tamil Nadu,Coimbatore,Village_234,Soybean,NRC37,2021-07-20,2021-11-03,Zaid,14.86,Clay,6.2,69,40,105,Vermicompost,Flood,77.7,24.3,71,No,None,Neem Oil,56.29,54.05,729124.2,385572.29,198109.09,-187463.2,79,87
FARM01838,Tamil Nadu,Madurai,Village_351,Millet,Ragi,2022-01-16,2022-05-18,Zaid,13.77,Loamy,7.5,95,58,94,DAP,Rain-fed,192.0,25.7,93,Yes,Leaf Blight,Imidacloprid,71.94,57.55,512910.2,194414.35,233521.31,39106.96,22,91
FARM01839,Maharashtra,Pune,Village_300,Rice,IR64,2021-08-09,2022-01-10,Kharif,23.7,Clay,6.2,138,109,134,Urea,Sprinkler,29.9,22.4,49,No,None,Neem Oil,61.85,59.89,1333275.1,479930.31,134100.68,-345829.63,71,45
FARM01840,Tamil Nadu,Madurai,Village_253,Cotton,Bt,2023-08-27,2024-01-03,Kharif,18.59,Alluvial,5.6,53,173,143,Organic Compost,Sprinkler,136.8,25.6,87,Yes,Leaf Blight,Imidacloprid,86.05,68.84,1197740.5,472781.67,285539.87,-187241.8,53,69
FARM01841,Rajasthan,Kota,Village_97,Soybean,JS335,2021-09-29,2022-02-13,Kharif,18.52,Black,8.2,163,179,79,Urea,Rain-fed,61.4,20.6,57,No,None,Neem Oil,62.91,65.0,1434208.6,284240.1,220705.73,-63534.37,74,56
FARM01842,Tamil Nadu,Coimbatore,Village_117,Wheat,HD2967,2021-01-04,2021-05-15,Zaid,23.99,Loamy,6.4,81,157,156,DAP,Sprinkler,48.7,21.6,60,Yes,Leaf Blight,Chlorpyrifos,71.3,57.04,897292.5,576952.37,230491.54,-346460.83,59,75
FARM01843,Tamil Nadu,Madurai,Village_421,Cotton,Bt,2024-04-23,2024-10-12,Kharif,1.72,Laterite,7.4,152,48,56,DAP,Sprinkler,57.5,36.0,71,No,None,Neem Oil,6.08,6.63,75682.3,29947.96,16683.81,-13264.15,71,59
FARM01844,West Bengal,Kolkata,Village_266,Wheat,HD2967,2021-11-18,2022-04-24,Kharif,14.86,Clay,5.7,107,131,104,NPK,Canal,40.8,25.6,60,No,None,Neem Oil,57.88,62.75,863962.4,473760.29,237315.97,-236444.32,87,53
FARM01845,Uttar Pradesh,Meerut,Village_375,Wheat,HD2967,2023-01-23,2023-06-14,Kharif,18.82,Alluvial,6.4,162,79,108,DAP,Rain-fed,28.6,22.5,56,Yes,Leaf Blight,Imidacloprid,74.7,59.76,905582.3,407637.91,243948.17,-163689.74,45,85
FARM01846,Tamil Nadu,Coimbatore,Village_164,Rice,Basmati,2020-02-25,2020-05-27,Zaid,11.1,Alluvial,7.3,149,130,40,NPK,Sprinkler,65.6,26.3,59,Yes,Leaf Blight,Imidacloprid,46.36,37.09,205169.8,138099.79,127961.01,-10138.78,39,89
FARM01847,Karnataka,Mysuru,Village_249,Potato,Kufri Jyoti,2021-10-25,2022-01-29,Rabi,21.48,Clay,6.9,165,154,42,Vermicompost,Sprinkler,56.9,26.4,67,No,None,Neem Oil,63.85,67.66,1281477.3,638762.95,254819.41,-383943.54,96,59
FARM01848,Punjab,Amritsar,Village_346,Rice,Basmati,2021-10-14,2022-03-06,Zaid,3.75,Clay,6.6,74,117,110,Organic Compost,Sprinkler,67.3,32.0,67,No,None,Neem Oil,14.08,14.71,239867.9,70149.36,29009.91,-41139.45,75,74
FARM01849,Punjab,Ludhiana,Village_388,Wheat,HD2967,2020-04-10,2020-09-20,Rabi,15.75,Black,6.9,59,155,96,Vermicompost,Sprinkler,57.0,25.2,64,Yes,Leaf Blight,Imidacloprid,51.22,40.98,555657.5,468850.36,166881.23,-301969.13,66,62
FARM01850,Punjab,Amritsar,Village_394,Rice,Basmati,2023-01-21,2023-07-17,Zaid,4.75,Red,6.4,107,45,42,Vermicompost,Canal,139.5,36.4,90,No,None,Neem Oil,19.16,18.26,191658.4,132099.2,73454.71,-58644.49,84,90
FARM01851,Assam,Jorhat,Village_357,Rice,IR64,2022-08-05,2022-11-08,Kharif,13.06,Red,6.4,97,51,135,Urea,Drip,45.8,30.7,62,No,None,Neem Oil,46.72,49.81,669559.9,264775.55,194572.06,-70203.49,79,53
FARM01852,Uttar Pradesh,Lucknow,Village_205,Wheat,PBW725,2023-11-30,2024-05-16,Kharif,22.14,Loamy,8.1,44,180,106,Organic Compost,Sprinkler,21.8,27.7,51,Yes,Leaf Blight,Chlorpyrifos,63.89,51.11,717857.4,571932.37,94194.55,-477737.82,43,57
FARM01853,Assam,Guwahati,Village_262,Rice,Basmati,2023-10-16,2024-03-11,Zaid,23.1,Laterite,8.1,128,143,169,Urea,Drip,43.2,29.5,62,Yes,Leaf Blight,Chlorpyrifos,91.91,73.53,1346802.8,413175.11,171254.75,-241920.36,36,95
FARM01854,Rajasthan,Jaipur,Village_86,Cotton,Bt,2022-01-12,2022-04-13,Zaid,17.44,Loamy,5.6,48,178,167,Organic Compost,Sprinkler,32.1,27.6,58,No,None,Neem Oil,62.71,61.41,319710.9,245946.74,201230.0,-44716.74,82,59
FARM01855,Tamil Nadu,Madurai,Village_388,Soybean,JS335,2022-07-21,2022-11-02,Zaid,6.83,Loamy,5.9,112,61,145,DAP,Drip,38.9,24.5,56,No,None,Neem Oil,20.6,19.67,142447.6,149089.13,50265.42,-98823.71,58,54
FARM01856,Tamil Nadu,Coimbatore,Village_183,Rice,Basmati,2022-09-06,2022-12-12,Rabi,11.71,Alluvial,6.6,46,128,123,NPK,Sprinkler,135.5,28.3,83,Yes,Leaf Blight,Chlorpyrifos,46.13,36.9,819357.7,248143.13,117994.21,-130148.92,38,81
FARM01857,Maharashtra,Pune,Village_472,Soybean,NRC37,2022-04-14,2022-09-23,Rabi,12.43,Loamy,7.9,93,142,63,DAP,Rain-fed,66.5,34.0,64,No,None,Neem Oil,43.61,46.39,572128.6,428786.05,174728.39,-254057.66,84,54
FARM01858,Maharashtra,Nashik,Village_340,Millet,Ragi,2022-11-15,2023-02-22,Zaid,14.97,Red,6.2,70,60,66,NPK,Flood,35.8,38.9,59,No,None,Neem Oil,44.12,42.17,1042620.1,215810.36,157540.26,-58270.1,66,49
FARM01859,West Bengal,Siliguri,Village_214,Wheat,PBW725,2021-05-30,2021-11-22,Kharif,4.46,Black,7.7,73,92,67,Urea,Rain-fed,46.8,34.4,65,No,None,Neem Oil,16.18,17.62,171355.0,90529.39,40568.84,-49960.55,58,61
FARM01860,Maharashtra,Pune,Village_482,Cotton,Bt,2022-10-05,2023-02-16,Rabi,7.96,Loamy,7.5,105,171,172,DAP,Flood,32.5,22.5,55,No,None,Neem Oil,29.12,31.56,129767.2,222819.02,78272.18,-144546.84,76,89
FARM01861,West Bengal,Kolkata,Village_420,Potato,Kufri Pukhraj,2021-03-07,2021-07-17,Zaid,2.34,Black,6.4,174,62,65,Urea,Canal,159.4,28.9,97,No,None,Neem Oil,11.25,11.83,71502.9,28273.59,47166.81,18893.22,56,56
FARM01862,Uttar Pradesh,Lucknow,Village_120,Maize,DHM117,2023-10-29,2024-02-11,Rabi,12.94,Clay,6.7,136,115,129,Organic Compost,Flood,36.8,33.0,62,Yes,Leaf Blight,Chlorpyrifos,53.46,42.77,704542.5,259234.96,125325.34,-133909.62,64,70
FARM01863,Maharashtra,Pune,Village_451,Millet,Ragi,2021-10-11,2022-03-12,Kharif,18.62,Alluvial,7.3,107,109,46,Organic Compost,Flood,88.9,28.0,66,Yes,Leaf Blight,Chlorpyrifos,71.87,57.5,1018568.6,257407.85,127897.81,-129510.04,29,59
FARM01864,Rajasthan,Jaipur,Village_366,Millet,Bajra,2020-12-01,2021-04-14,Kharif,23.93,Red,6.4,174,42,101,Urea,Flood,84.1,22.7,79,No,None,Neem Oil,79.85,79.11,429421.9,344063.42,157251.28,-186812.14,67,56
FARM01865,Maharashtra,Pune,Village_384,Wheat,HD2967,2020-08-25,2021-01-10,Rabi,2.64,Black,5.9,61,136,176,Urea,Sprinkler,89.5,27.5,73,No,None,Neem Oil,12.65,12.88,161651.4,49664.51,29910.74,-19753.77,69,47
FARM01866,West Bengal,Kolkata,Village_63,Soybean,JS335,2024-02-18,2024-06-22,Kharif,17.12,Red,7.8,157,174,170,Vermicompost,Flood,74.9,22.9,70,No,None,Neem Oil,63.86,65.64,966405.5,321531.03,225110.66,-96420.37,81,64
FARM01867,Rajasthan,Jaipur,Village_95,Rice,Basmati,2023-10-07,2024-02-16,Zaid,2.76,Laterite,7.8,75,96,127,NPK,Canal,137.0,28.8,92,Yes,Leaf Blight,Chlorpyrifos,14.75,11.8,121256.1,58350.76,41892.59,-16458.17,69,75
FARM01868,Punjab,Amritsar,Village_319,Potato,Kufri Pukhraj,2022-09-22,2023-01-18,Rabi,9.82,Loamy,7.0,89,43,143,NPK,Drip,37.9,30.8,66,Yes,Leaf Blight,Imidacloprid,40.93,32.74,763779.4,268262.61,105094.65,-163167.96,38,55
FARM01869,Karnataka,Mysuru,Village_244,Maize,HQPM1,2022-10-21,2023-03-27,Rabi,12.36,Laterite,7.7,126,94,114,Organic Compost,Flood,83.8,28.6,69,No,None,Neem Oil,43.06,41.42,359348.6,348929.2,144696.4,-204232.8,57,51
FARM01870,Tamil Nadu,Madurai,Village_397,Cotton,Bt,2022-06-18,2022-11-11,Zaid,22.54,Clay,7.3,95,58,45,NPK,Drip,42.7,34.5,67,Yes,Leaf Blight,Chlorpyrifos,79.96,63.97,925086.8,328050.31,134830.33,-193219.98,36,71
FARM01871,Uttar Pradesh,Lucknow,Village_457,Cotton,Suraj,2023-04-07,2023-08-31,Zaid,12.49,Black,6.6,86,135,121,Urea,Flood,61.6,23.1,64,No,None,Neem Oil,40.09,40.91,760147.4,318202.32,92196.73,-226005.59,87,45
FARM01872,Karnataka,Belagavi,Village_215,Sugarcane,Co0238,2021-10-08,2022-02-06,Rabi,6.39,Alluvial,6.6,79,67,42,Vermicompost,Flood,82.8,30.4,71,Yes,Leaf Blight,Chlorpyrifos,27.15,21.72,506347.2,115956.12,47537.02,-68419.1,59,46
FARM01873,Uttar Pradesh,Lucknow,Village_443,Cotton,Bt,2020-03-31,2020-07-20,Kharif,14.94,Red,6.0,174,132,81,Organic Compost,Flood,68.0,28.6,74,No,None,Neem Oil,61.62,65.61,331144.4,241696.62,260838.35,19141.73,79,46
FARM01874,Maharashtra,Pune,Village_265,Soybean,JS335,2023-03-07,2023-08-30,Zaid,21.1,Black,5.8,79,155,111,DAP,Flood,68.9,25.8,67,No,None,Neem Oil,94.25,89.72,349325.3,601433.24,294628.6,-306804.64,66,72
FARM01875,Punjab,Amritsar,Village_432,Millet,Bajra,2020-10-01,2021-03-01,Zaid,11.52,Loamy,7.6,63,78,89,NPK,Drip,89.7,21.4,66,No,None,Neem Oil,41.62,39.62,860942.3,196236.65,120751.22,-75485.43,65,70
FARM01876,Punjab,Ludhiana,Village_422,Rice,Basmati,2022-03-02,2022-07-12,Zaid,4.38,Laterite,7.2,59,108,172,Urea,Rain-fed,49.4,25.4,57,No,None,Neem Oil,14.4,15.28,322342.3,133525.84,55080.23,-78445.61,60,62
FARM01877,Karnataka,Belagavi,Village_365,Cotton,Suraj,2022-01-16,2022-04-18,Zaid,3.41,Laterite,8.0,54,62,102,Organic Compost,Canal,71.1,21.7,62,No,None,Neem Oil,13.75,14.02,204283.1,98208.1,40708.86,-57499.24,91,90
FARM01878,Karnataka,Belagavi,Village_389,Maize,DHM117,2023-06-20,2023-10-26,Kharif,18.52,Clay,6.0,151,127,169,Organic Compost,Rain-fed,101.3,21.9,68,No,None,Neem Oil,90.26,95.23,802451.2,414583.25,373972.39,-40610.86,69,86
FARM01879,Karnataka,Belagavi,Village_382,Maize,DHM117,2022-09-27,2023-01-31,Rabi,5.95,Laterite,5.9,47,129,144,DAP,Sprinkler,126.5,21.8,73,Yes,Leaf Blight,Imidacloprid,27.51,22.01,464746.1,106367.58,63783.35,-42584.23,52,82
FARM01880,Punjab,Ludhiana,Village_317,Maize,HQPM1,2022-07-09,2022-12-30,Zaid,3.52,Black,6.6,124,72,130,Urea,Rain-fed,52.2,28.8,60,No,None,Neem Oil,14.09,13.62,139067.2,43755.75,24610.65,-19145.1,63,51
FARM01881,Rajasthan,Jaipur,Village_275,Wheat,PBW725,2024-04-12,2024-09-24,Rabi,21.86,Red,6.3,127,127,101,Vermicompost,Flood,21.9,19.6,49,No,None,Neem Oil,74.2,75.49,1064244.7,577099.73,308318.46,-268781.27,84,82
FARM01882,West Bengal,Kolkata,Village_97,Millet,Ragi,2023-04-03,2023-07-02,Zaid,4.8,Black,7.5,60,94,172,Urea,Sprinkler,177.0,22.1,94,No,None,Neem Oil,23.66,23.63,109443.8,79997.47,88144.78,8147.31,75,95
FARM01883,West Bengal,Kolkata,Village_63,Sugarcane,Co86032,2023-12-01,2024-03-07,Kharif,12.51,Black,6.5,159,75,109,Vermicompost,Sprinkler,41.5,29.3,54,Yes,Leaf Blight,Chlorpyrifos,42.0,33.6,815340.0,312381.45,105417.75,-206963.7,31,49
FARM01884,West Bengal,Kolkata,Village_270,Sugarcane,Co86032,2022-02-20,2022-07-29,Rabi,4.86,Red,7.0,57,98,134,NPK,Flood,64.7,31.9,60,Yes,Leaf Blight,Chlorpyrifos,19.01,15.21,206363.4,76114.56,35820.89,-40293.67,21,82
FARM01885,Assam,Guwahati,Village_101,Rice,IR64,2022-04-24,2022-07-26,Zaid,10.29,Clay,7.2,155,114,179,Urea,Canal,47.4,21.7,55,No,None,Neem Oil,30.4,32.6,512616.4,314214.23,130465.81,-183748.42,84,78
FARM01886,Assam,Guwahati,Village_377,Wheat,HD2967,2022-04-06,2022-09-26,Kharif,19.7,Black,7.8,70,62,101,DAP,Drip,53.9,20.8,67,Yes,Leaf Blight,Chlorpyrifos,74.54,59.63,772096.1,303191.11,228298.64,-74892.47,33,76
FARM01887,Tamil Nadu,Coimbatore,Village_14,Cotton,Bt,2022-06-21,2022-12-06,Kharif,4.58,Black,7.3,69,125,78,Vermicompost,Canal,44.3,23.2,59,No,None,Neem Oil,13.68,13.65,351369.7,119618.66,28592.93,-91025.73,69,59
FARM01888,Karnataka,Mysuru,Village_452,Sugarcane,Co0238,2020-08-16,2021-02-02,Rabi,14.37,Loamy,6.0,179,152,86,Urea,Canal,124.8,23.8,76,Yes,Leaf Blight,Chlorpyrifos,73.32,58.66,465758.4,187622.7,190987.16,3364.46,47,86
FARM01889,West Bengal,Siliguri,Village_255,Potato,Kufri Jyoti,2023-11-24,2024-04-29,Kharif,21.85,Loamy,7.8,86,158,92,Urea,Sprinkler,65.5,30.4,74,Yes,Leaf Blight,Chlorpyrifos,94.83,75.86,1726576.5,593963.83,158346.34,-435617.49,70,59
FARM01890,Punjab,Ludhiana,Village_260,Rice,Basmati,2022-01-15,2022-07-11,Kharif,11.43,Laterite,5.8,81,44,90,Organic Compost,Rain-fed,67.4,15.5,59,No,None,Neem Oil,50.68,53.33,550638.1,371709.34,119580.45,-252128.89,63,82
FARM01891,Karnataka,Belagavi,Village_101,Soybean,NRC37,2020-12-12,2021-03-17,Rabi,21.08,Clay,5.5,153,164,86,Organic Compost,Drip,70.9,31.3,69,No,None,Neem Oil,71.21,77.68,806668.5,462725.04,259133.9,-203591.14,81,95
FARM01892,Maharashtra,Pune,Village_367,Maize,HQPM1,2022-03-18,2022-07-03,Rabi,21.19,Alluvial,6.6,98,56,156,DAP,Sprinkler,54.8,24.6,65,Yes,Leaf Blight,Imidacloprid,78.0,62.4,1127205.7,266566.54,186010.33,-80556.21,62,59
FARM01893,Maharashtra,Nashik,Village_252,Maize,DHM117,2020-08-18,2021-02-07,Kharif,11.94,Black,7.1,62,106,154,Organic Compost,Drip,74.4,24.1,68,No,None,Neem Oil,46.06,48.39,817108.1,396822.14,190006.02,-206816.12,95,78
FARM01894,Karnataka,Belagavi,Village_319,Sugarcane,Co86032,2023-05-13,2023-10-05,Kharif,11.73,Alluvial,6.4,124,120,73,Vermicompost,Flood,58.3,33.0,65,No,None,Neem Oil,41.23,44.48,586650.6,249641.78,111859.15,-137782.63,88,78
FARM01895,West Bengal,Siliguri,Village_311,Wheat,PBW725,2020-06-16,2020-10-23,Zaid,7.16,Laterite,7.2,98,127,55,Urea,Flood,38.0,25.7,55,No,None,Neem Oil,28.47,31.09,561748.9,146115.17,122341.68,-23773.49,80,86
FARM01896,Karnataka,Belagavi,Village_17,Millet,Bajra,2022-04-14,2022-08-13,Rabi,2.77,Red,6.3,154,162,146,Urea,Flood,27.1,23.5,56,No,None,Neem Oil,8.89,9.43,115209.7,43843.43,38931.54,-4911.89,66,92
FARM01897,Punjab,Ludhiana,Village_387,Millet,Ragi,2020-01-30,2020-07-26,Kharif,3.57,Alluvial,6.4,75,137,132,Organic Compost,Canal,86.2,22.4,68,No,None,Neem Oil,14.16,14.85,187954.3,67096.74,60328.62,-6768.12,92,71
FARM01898,Maharashtra,Pune,Village_167,Potato,Kufri Jyoti,2021-03-06,2021-06-20,Kharif,22.68,Laterite,6.9,103,141,126,DAP,Flood,26.5,35.2,55,Yes,Leaf Blight,Chlorpyrifos,83.68,66.94,1635452.5,659187.98,241726.75,-417461.23,40,58
FARM01899,Tamil Nadu,Coimbatore,Village_383,Rice,IR64,2022-10-25,2023-04-11,Kharif,9.35,Laterite,6.9,81,139,54,Organic Compost,Sprinkler,39.7,29.0,54,Yes,Leaf Blight,Chlorpyrifos,32.72,26.18,601500.7,190652.1,59531.84,-131120.26,31,71
FARM01900,Karnataka,Belagavi,Village_347,Cotton,Suraj,2023-09-03,2024-01-15,Zaid,4.31,Laterite,6.2,176,81,120,NPK,Canal,53.5,27.0,60,No,None,Neem Oil,16.07,15.7,276089.7,117186.39,45000.68,-72185.71,83,54
FARM01901,West Bengal,Kolkata,Village_298,Soybean,JS335,2022-11-29,2023-03-11,Kharif,2.47,Red,7.6,128,151,137,Vermicompost,Rain-fed,45.6,31.1,62,No,None,Neem Oil,9.41,9.23,122783.2,69054.97,28452.16,-40602.81,79,61
FARM01902,Maharashtra,Pune,Village_272,Millet,Ragi,2024-04-29,2024-10-25,Kharif,20.77,Clay,6.2,114,173,106,NPK,Sprinkler,124.3,25.3,75,No,None,Neem Oil,106.19,111.88,1583385.4,257887.26,337257.16,79369.9,95,78
FARM01903,Maharashtra,Pune,Village_148,Millet,Bajra,2021-10-13,2022-04-05,Kharif,20.93,Red,7.6,76,43,177,Urea,Drip,22.0,24.4,56,No,None,Neem Oil,55.09,60.51,1165090.8,291654.59,120297.04,-171357.55,85,60
FARM01904,Assam,Jorhat,Village_24,Millet,Bajra,2023-02-23,2023-06-08,Kharif,21.63,Black,5.7,55,179,171,Urea,Canal,95.1,40.4,76,No,None,Neem Oil,74.67,76.36,1033339.2,399479.09,293165.64,-106313.45,56,58
FARM01905,Punjab,Ludhiana,Village_374,Sugarcane,Co86032,2023-03-09,2023-08-07,Zaid,15.31,Red,6.9,42,160,115,DAP,Canal,30.2,30.5,56,No,None,Neem Oil,41.81,41.12,250241.6,289810.92,90326.36,-199484.56,98,88
FARM01906,Punjab,Ludhiana,Village_255,Soybean,JS335,2023-01-09,2023-06-01,Zaid,11.75,Red,6.1,41,162,151,NPK,Drip,114.2,26.5,74,No,None,Neem Oil,59.96,60.06,218175.5,295307.74,133872.21,-161435.53,59,70
FARM01907,Rajasthan,Kota,Village_234,Soybean,JS335,2020-02-05,2020-05-27,Kharif,15.72,Laterite,7.4,74,93,87,NPK,Drip,59.1,32.3,69,No,None,Neem Oil,56.89,57.93,1075811.2,330421.16,171817.55,-158603.61,78,49
FARM01908,Maharashtra,Pune,Village_116,Sugarcane,Co86032,2023-08-26,2024-02-22,Rabi,9.81,Clay,6.0,133,75,158,Vermicompost,Sprinkler,133.1,14.6,86,No,None,Neem Oil,47.37,45.07,432948.4,306899.82,120192.27,-186707.55,98,95
FARM01909,Uttar Pradesh,Meerut,Village_42,Millet,Bajra,2021-02-02,2021-05-18,Rabi,2.73,Loamy,7.3,176,96,157,DAP,Drip,53.6,18.3,65,No,None,Neem Oil,10.99,10.51,105058.0,91735.95,41312.17,-50423.78,84,63
FARM01910,Maharashtra,Nashik,Village_58,Wheat,HD2967,2023-04-20,2023-10-17,Zaid,22.23,Laterite,7.8,162,161,117,DAP,Drip,50.6,23.1,58,No,None,Neem Oil,88.85,92.69,506296.1,621360.77,199596.68,-421764.09,68,80
FARM01911,Uttar Pradesh,Lucknow,Village_296,Sugarcane,Co86032,2020-04-16,2020-10-13,Kharif,18.31,Black,7.7,47,120,142,NPK,Sprinkler,36.5,32.2,60,No,None,Neem Oil,67.67,67.2,1248745.3,247121.95,202139.07,-44982.88,63,66
FARM01912,Assam,Guwahati,Village_374,Rice,IR64,2022-11-08,2023-02-14,Zaid,11.9,Red,7.6,71,61,134,Vermicompost,Flood,63.3,33.8,61,No,None,Neem Oil,43.0,42.57,565450.5,268421.54,136358.34,-132063.2,60,55
FARM01913,Assam,Jorhat,Village_136,Millet,Bajra,2024-02-06,2024-07-09,Zaid,6.67,Clay,7.3,100,65,70,Vermicompost,Drip,91.0,36.9,74,No,None,Neem Oil,24.97,26.29,282352.5,111562.68,85040.02,-26522.66,82,92
FARM01914,Maharashtra,Pune,Village_331,Cotton,Bt,2020-08-06,2020-11-26,Zaid,21.72,Clay,6.0,161,159,119,Vermicompost,Canal,97.5,22.0,80,No,None,Neem Oil,87.13,85.4,799728.4,402580.27,210171.04,-192409.23,96,71
FARM01915,Tamil Nadu,Madurai,Village_469,Rice,Basmati,2021-12-21,2022-06-14,Kharif,17.64,Loamy,7.9,163,63,67,Urea,Canal,36.8,35.7,55,No,None,Neem Oil,47.85,50.12,613107.8,374425.57,95532.49,-278893.08,62,65
FARM01916,Karnataka,Belagavi,Village_161,Cotton,Bt,2022-03-09,2022-08-24,Kharif,4.66,Red,6.5,128,49,119,DAP,Canal,68.5,28.6,67,Yes,Leaf Blight,Chlorpyrifos,14.49,11.59,330566.5,91671.52,39284.6,-52386.92,54,67
FARM01917,Maharashtra,Pune,Village_93,Soybean,JS335,2022-09-16,2022-12-24,Rabi,4.27,Red,5.6,164,84,57,NPK,Drip,29.1,20.7,50,Yes,Leaf Blight,Chlorpyrifos,16.52,13.22,173291.6,99754.18,55510.19,-44243.99,55,77
FARM01918,Rajasthan,Jaipur,Village_455,Maize,HQPM1,2021-12-12,2022-06-07,Zaid,7.0,Alluvial,5.8,98,74,149,Urea,Sprinkler,99.2,33.8,80,No,None,Neem Oil,34.08,36.13,424916.7,149329.7,97968.3,-51361.4,79,52
FARM01919,Maharashtra,Nashik,Village_153,Maize,DHM117,2022-09-11,2023-02-05,Zaid,10.49,Black,7.0,128,71,106,NPK,Canal,53.0,25.7,71,Yes,Leaf Blight,Imidacloprid,35.04,28.03,666264.9,225248.7,106172.36,-119076.34,39,88
FARM01920,Rajasthan,Jaipur,Village_155,Sugarcane,Co86032,2022-10-22,2023-03-13,Zaid,16.61,Alluvial,7.5,65,61,100,NPK,Canal,65.4,26.2,67,Yes,Leaf Blight,Chlorpyrifos,72.95,58.36,682255.8,465112.98,145466.31,-319646.67,60,83
FARM01921,Maharashtra,Nashik,Village_357,Maize,DHM117,2024-03-15,2024-08-22,Kharif,7.4,Alluvial,5.6,59,55,167,Organic Compost,Rain-fed,57.5,37.2,70,No,None,Neem Oil,29.32,29.41,368206.8,214111.83,117857.6,-96254.23,95,75
FARM01922,Assam,Guwahati,Village_154,Soybean,JS335,2023-12-02,2024-04-01,Rabi,9.4,Black,6.5,175,54,126,DAP,Canal,49.9,26.1,69,No,None,Neem Oil,27.08,28.56,531109.1,325898.86,81424.52,-244474.34,79,84
FARM01923,Rajasthan,Jaipur,Village_337,Wheat,HD2967,2022-12-11,2023-04-12,Kharif,11.3,Clay,7.3,168,78,78,Organic Compost,Drip,56.5,25.9,72,No,None,Neem Oil,35.62,37.64,283286.0,159799.65,98119.31,-61680.34,84,80
FARM01924,Maharashtra,Nashik,Village_117,Soybean,JS335,2021-06-08,2021-11-14,Rabi,18.59,Clay,6.3,179,165,125,Urea,Canal,48.1,35.5,66,No,None,Neem Oil,73.6,78.02,1189941.8,280969.23,143706.13,-137263.1,85,83
FARM01925,Punjab,Ludhiana,Village_124,Sugarcane,Co86032,2024-03-02,2024-08-06,Zaid,15.68,Black,8.1,151,55,96,NPK,Rain-fed,32.5,23.9,61,No,None,Neem Oil,45.53,44.87,655417.9,254677.7,161309.33,-93368.37,62,89
FARM01926,West Bengal,Kolkata,Village_130,Wheat,HD2967,2024-05-12,2024-09-24,Kharif,5.88,Alluvial,8.2,114,138,140,NPK,Sprinkler,39.1,28.1,65,No,None,Neem Oil,23.53,25.5,399935.9,96659.1,99703.16,3044.06,71,53
FARM01927,Assam,Jorhat,Village_132,Maize,DHM117,2022-04-04,2022-08-11,Zaid,9.31,Alluvial,7.9,68,116,145,Organic Compost,Flood,245.0,22.9,98,Yes,Leaf Blight,Imidacloprid,50.29,40.23,664055.6,178693.61,151518.7,-27174.91,36,89
FARM01928,Uttar Pradesh,Meerut,Village_273,Soybean,JS335,2022-05-10,2022-10-28,Zaid,9.62,Alluvial,6.0,119,53,83,DAP,Drip,232.1,37.2,98,No,None,Neem Oil,59.09,58.0,711718.5,313066.25,207094.98,-105971.27,69,74
FARM01929,Rajasthan,Jaipur,Village_481,Sugarcane,Co86032,2023-07-07,2023-12-03,Zaid,15.26,Black,7.4,129,98,91,Urea,Drip,29.6,34.3,49,No,None,Neem Oil,60.39,62.2,659190.2,325447.61,208044.68,-117402.93,60,83
FARM01930,Punjab,Amritsar,Village_64,Cotton,Bt,2024-05-01,2024-08-16,Kharif,10.78,Alluvial,6.2,69,164,76,DAP,Drip,87.8,24.6,65,No,None,Neem Oil,44.36,47.63,231063.9,172381.2,198577.21,26196.01,76,54
FARM01931,Tamil Nadu,Coimbatore,Village_313,Cotton,Suraj,2024-01-20,2024-04-25,Kharif,16.27,Clay,6.0,85,146,81,Urea,Drip,80.8,29.4,69,No,None,Neem Oil,61.46,67.57,307393.7,470252.79,146671.52,-323581.27,84,77
FARM01932,Rajasthan,Kota,Village_20,Wheat,PBW725,2024-02-23,2024-06-10,Kharif,22.41,Alluvial,7.1,45,136,141,DAP,Canal,52.4,26.8,71,No,None,Neem Oil,87.26,86.53,703271.4,736567.52,299078.43,-437489.09,88,85
FARM01933,Rajasthan,Jaipur,Village_343,Rice,Basmati,2022-07-14,2022-12-09,Zaid,12.81,Loamy,7.9,152,114,90,NPK,Flood,87.5,25.8,75,Yes,Leaf Blight,Chlorpyrifos,47.93,38.34,211252.3,243517.06,150730.56,-92786.5,55,53
FARM01934,West Bengal,Siliguri,Village_393,Maize,DHM117,2020-03-25,2020-08-18,Rabi,23.77,Red,6.3,178,150,44,Organic Compost,Rain-fed,56.1,23.5,66,Yes,Leaf Blight,Imidacloprid,104.25,83.4,758579.2,467682.16,233169.83,-234512.33,35,63
FARM01935,Tamil Nadu,Madurai,Village_303,Maize,DHM117,2022-11-27,2023-03-03,Zaid,14.38,Laterite,7.6,178,70,110,Urea,Drip,93.8,21.7,70,No,None,Neem Oil,50.14,48.88,462472.2,463697.02,155194.38,-308502.64,85,48
FARM01936,Maharashtra,Pune,Village_414,Potato,Kufri Pukhraj,2023-10-10,2024-03-17,Rabi,15.1,Red,7.7,174,83,147,NPK,Canal,68.3,29.1,74,No,None,Neem Oil,46.79,45.07,1174444.5,478717.69,87611.77,-391105.92,68,49
FARM01937,Karnataka,Mysuru,Village_105,Rice,Basmati,2022-09-26,2023-01-01,Rabi,17.63,Clay,5.8,53,109,136,DAP,Canal,99.7,31.0,77,No,None,Neem Oil,79.95,86.7,1335633.4,605479.51,159633.22,-445846.29,90,78
FARM01938,Uttar Pradesh,Meerut,Village_400,Potato,Kufri Jyoti,2022-03-24,2022-08-14,Rabi,4.47,Black,6.8,150,128,68,Urea,Drip,81.0,9.9,78,Yes,Leaf Blight,Chlorpyrifos,16.05,12.84,239829.6,138990.96,38478.63,-100512.33,69,82
FARM01939,Rajasthan,Kota,Village_18,Millet,Bajra,2022-02-20,2022-06-23,Zaid,7.01,Laterite,6.3,96,83,64,NPK,Sprinkler,63.2,32.6,61,Yes,Leaf Blight,Chlorpyrifos,24.3,19.44,354557.4,206743.96,35318.1,-171425.86,48,87
FARM01940,Maharashtra,Nashik,Village_457,Potato,Kufri Pukhraj,2024-01-25,2024-07-01,Zaid,17.33,Alluvial,6.0,177,54,63,DAP,Sprinkler,49.3,28.0,63,Yes,Leaf Blight,Chlorpyrifos,69.12,55.3,1015494.6,482750.94,109766.24,-372984.7,33,73
FARM01941,Punjab,Amritsar,Village_337,Sugarcane,Co86032,2023-05-02,2023-10-22,Rabi,11.32,Black,7.4,61,136,47,NPK,Rain-fed,58.5,25.4,71,No,None,Neem Oil,35.45,36.82,498402.4,219106.06,105943.79,-113162.27,55,78
FARM01942,Assam,Jorhat,Village_134,Maize,HQPM1,2020-12-01,2021-05-19,Kharif,8.11,Laterite,6.5,63,47,99,Vermicompost,Rain-fed,61.6,30.3,66,No,None,Neem Oil,34.31,33.5,183010.8,102551.03,79778.46,-22772.57,67,72
FARM01943,Maharashtra,Pune,Village_36,Sugarcane,Co0238,2020-09-13,2021-02-07,Zaid,3.98,Laterite,5.5,69,132,55,Vermicompost,Flood,88.9,24.3,77,No,None,Neem Oil,16.76,18.23,302043.8,116533.58,36878.77,-79654.81,87,46
FARM01944,Rajasthan,Kota,Village_180,Potato,Kufri Jyoti,2021-11-19,2022-04-30,Zaid,6.81,Black,6.9,159,71,98,NPK,Flood,47.2,21.0,62,Yes,Leaf Blight,Chlorpyrifos,26.08,20.86,164107.7,203405.12,51708.38,-151696.74,27,50
FARM01945,Karnataka,Mysuru,Village_396,Soybean,JS335,2023-04-13,2023-09-03,Kharif,3.52,Laterite,6.3,138,170,102,Organic Compost,Rain-fed,41.9,28.3,64,No,None,Neem Oil,11.19,11.74,149827.9,67271.17,26775.42,-40495.75,57,76
FARM01946,Maharashtra,Pune,Village_64,Maize,HQPM1,2020-12-24,2021-05-16,Zaid,17.1,Laterite,7.6,109,140,68,DAP,Drip,110.0,29.5,85,No,None,Neem Oil,82.96,87.57,1065232.9,460467.72,266049.75,-194417.97,71,59
FARM01947,Maharashtra,Nashik,Village_39,Cotton,Suraj,2022-06-20,2022-12-07,Zaid,11.35,Laterite,5.6,44,126,40,NPK,Canal,123.2,29.4,73,No,None,Neem Oil,44.43,48.05,355877.4,180095.68,105444.39,-74651.29,56,95
FARM01948,West Bengal,Kolkata,Village_325,Potato,Kufri Pukhraj,2020-06-20,2020-10-20,Rabi,9.15,Clay,8.0,68,62,70,Urea,Rain-fed,127.6,22.1,85,No,None,Neem Oil,44.61,46.67,363558.8,132387.07,127203.07,-5184.0,80,71
FARM01949,Tamil Nadu,Coimbatore,Village_325,Millet,Ragi,2023-08-28,2023-12-02,Rabi,3.89,Loamy,7.0,81,179,113,Vermicompost,Drip,59.2,22.1,60,Yes,Leaf Blight,Chlorpyrifos,16.1,12.88,279404.3,124900.51,31624.18,-93276.33,63,63
FARM01950,Uttar Pradesh,Lucknow,Village_287,Rice,IR64,2023-02-06,2023-06-05,Kharif,5.51,Black,8.0,115,109,50,Organic Compost,Drip,66.9,26.2,70,No,None,Neem Oil,20.02,21.34,398188.4,133536.47,64387.56,-69148.91,88,68
FARM01951,Karnataka,Mysuru,Village_15,Wheat,PBW725,2021-07-21,2021-12-14,Rabi,18.17,Alluvial,7.8,168,58,63,Urea,Sprinkler,34.5,21.7,57,No,None,Neem Oil,63.34,69.53,436082.1,376143.95,273372.6,-102771.35,98,56
FARM01952,Maharashtra,Nashik,Village_344,Rice,IR64,2022-01-29,2022-05-08,Zaid,19.99,Laterite,7.3,129,127,110,Organic Compost,Sprinkler,103.4,24.3,69,No,None,Neem Oil,94.74,99.49,336010.2,303528.84,417416.46,113887.62,78,77
FARM01953,Tamil Nadu,Coimbatore,Village_500,Maize,HQPM1,2023-11-12,2024-04-20,Rabi,23.11,Red,5.5,159,44,151,Vermicompost,Canal,68.7,28.4,64,Yes,Leaf Blight,Chlorpyrifos,99.6,79.68,369487.6,367149.89,317602.46,-49547.43,30,73
FARM01954,West Bengal,Siliguri,Village_318,Cotton,Bt,2023-07-16,2023-10-19,Zaid,19.07,Clay,7.7,72,68,132,DAP,Sprinkler,35.7,30.9,51,Yes,Leaf Blight,Imidacloprid,66.95,53.56,1150889.0,280722.63,109994.42,-170728.21,42,93
FARM01955,Maharashtra,Pune,Village_149,Cotton,Suraj,2023-02-15,2023-07-02,Kharif,15.83,Loamy,6.6,149,159,158,Urea,Rain-fed,53.5,31.1,71,Yes,Leaf Blight,Chlorpyrifos,55.66,44.53,1106385.9,206969.64,88972.15,-117997.49,32,59
FARM01956,Maharashtra,Pune,Village_45,Sugarcane,Co86032,2021-04-16,2021-10-01,Kharif,2.73,Loamy,5.8,118,138,173,DAP,Rain-fed,35.9,27.7,63,No,None,Neem Oil,10.9,10.84,163660.5,91261.8,19689.68,-71572.12,60,65
FARM01957,Tamil Nadu,Coimbatore,Village_310,Rice,IR64,2021-06-08,2021-10-08,Rabi,21.99,Alluvial,6.2,77,89,83,Urea,Sprinkler,56.6,27.7,57,No,None,Neem Oil,96.86,95.76,1575847.6,469020.47,338509.39,-130511.08,75,90
FARM01958,West Bengal,Siliguri,Village_319,Rice,Basmati,2021-05-21,2021-11-17,Rabi,16.69,Red,8.1,77,142,80,Vermicompost,Sprinkler,96.8,20.9,75,No,None,Neem Oil,76.09,79.56,509133.8,239441.39,322244.96,82803.57,55,55
FARM01959,Maharashtra,Pune,Village_106,Maize,HQPM1,2023-02-17,2023-08-15,Zaid,23.65,Red,5.7,126,99,148,DAP,Sprinkler,116.7,19.1,81,No,None,Neem Oil,99.38,97.77,609097.2,687635.0,270819.19,-416815.81,85,81
FARM01960,Rajasthan,Jaipur,Village_146,Soybean,NRC37,2021-11-10,2022-03-24,Kharif,16.43,Alluvial,8.1,75,89,154,DAP,Flood,69.6,27.1,68,No,None,Neem Oil,70.69,69.07,615440.7,481744.23,235617.68,-246126.55,91,74
FARM01961,Karnataka,Mysuru,Village_34,Rice,Basmati,2022-03-25,2022-08-27,Kharif,17.22,Loamy,6.9,171,46,178,Urea,Canal,93.8,22.5,67,No,None,Neem Oil,76.1,82.29,447013.3,334343.73,299164.45,-35179.28,55,88
FARM01962,Maharashtra,Pune,Village_84,Rice,Basmati,2024-02-14,2024-05-14,Kharif,20.56,Red,7.6,78,125,179,DAP,Drip,25.6,25.5,53,No,None,Neem Oil,53.91,51.81,1602052.6,613919.05,207985.61,-405933.44,59,46
FARM01963,Uttar Pradesh,Meerut,Village_497,Wheat,PBW725,2021-04-23,2021-08-06,Zaid,3.89,Red,7.1,64,110,137,DAP,Canal,85.9,21.0,65,No,None,Neem Oil,18.53,19.67,295360.8,125198.45,66174.5,-59023.95,66,89
FARM01964,West Bengal,Siliguri,Village_320,Wheat,PBW725,2020-06-18,2020-10-23,Rabi,12.0,Clay,7.9,165,166,121,Organic Compost,Rain-fed,73.6,26.5,67,Yes,Leaf Blight,Imidacloprid,51.15,40.92,350812.3,245416.92,114056.02,-131360.9,65,90
FARM01965,Assam,Jorhat,Village_182,Maize,DHM117,2022-04-26,2022-08-29,Zaid,19.92,Laterite,5.8,143,143,60,DAP,Canal,67.5,26.8,58,No,None,Neem Oil,67.96,73.6,315869.2,310146.01,253685.42,-56460.59,97,80
FARM01966,Punjab,Ludhiana,Village_353,Millet,Bajra,2023-11-05,2024-04-20,Kharif,1.84,Red,7.0,43,94,128,Vermicompost,Sprinkler,34.9,30.3,58,No,None,Neem Oil,7.42,7.56,93211.7,48931.33,30822.75,-18108.58,96,93
FARM01967,Punjab,Ludhiana,Village_111,Cotton,Suraj,2023-08-08,2023-11-29,Rabi,17.71,Clay,6.0,145,123,117,NPK,Canal,76.7,32.7,77,Yes,Leaf Blight,Imidacloprid,63.4,50.72,348832.7,363498.13,138774.18,-224723.95,59,58
FARM01968,Tamil Nadu,Madurai,Village_76,Potato,Kufri Jyoti,2023-11-11,2024-05-07,Rabi,5.19,Loamy,7.5,73,61,120,Urea,Sprinkler,44.8,27.5,58,No,None,Neem Oil,15.23,15.73,380323.7,178311.98,51429.36,-126882.62,60,62
FARM01969,West Bengal,Siliguri,Village_331,Rice,Basmati,2022-01-10,2022-07-09,Rabi,4.13,Clay,7.0,120,130,61,Urea,Flood,56.7,33.6,67,No,None,Neem Oil,17.32,17.64,96652.3,75028.36,45133.58,-29894.78,63,90
FARM01970,Punjab,Amritsar,Village_377,Cotton,Bt,2021-05-13,2021-08-15,Rabi,11.76,Alluvial,6.6,121,63,141,NPK,Rain-fed,205.1,30.2,98,No,None,Neem Oil,62.12,60.17,218519.1,242814.61,233711.76,-9102.85,78,51
FARM01971,Maharashtra,Pune,Village_386,Maize,DHM117,2021-05-07,2021-09-24,Zaid,9.98,Alluvial,8.0,160,169,110,DAP,Rain-fed,58.5,31.0,71,No,None,Neem Oil,36.0,35.02,523985.6,132441.53,146333.81,13892.28,86,90
FARM01972,Maharashtra,Nashik,Village_184,Wheat,HD2967,2022-04-29,2022-10-04,Rabi,8.8,Alluvial,7.3,71,127,99,Organic Compost,Canal,79.8,25.0,77,No,None,Neem Oil,32.54,35.3,240726.1,193970.54,117598.19,-76372.35,76,82
FARM01973,Rajasthan,Jaipur,Village_172,Millet,Ragi,2022-07-22,2022-11-22,Kharif,18.59,Laterite,6.4,52,162,141,NPK,Canal,225.5,25.7,98,No,None,Neem Oil,119.52,116.28,1391735.0,505513.62,404049.56,-101464.06,66,70
FARM01974,Tamil Nadu,Madurai,Village_356,Rice,IR64,2020-03-16,2020-07-16,Kharif,10.28,Red,7.7,70,51,66,NPK,Canal,80.8,28.7,75,No,None,Neem Oil,44.25,43.15,329498.0,341710.47,147345.21,-194365.26,71,55
FARM01975,Assam,Jorhat,Village_8,Millet,Bajra,2023-09-29,2024-03-21,Zaid,20.26,Loamy,7.9,132,44,40,Vermicompost,Flood,75.5,35.7,65,Yes,Leaf Blight,Imidacloprid,65.94,52.75,911474.3,291206.5,129433.12,-161773.38,24,57
FARM01976,Maharashtra,Nashik,Village_170,Sugarcane,Co86032,2022-04-02,2022-07-27,Zaid,9.22,Red,7.0,162,60,83,Organic Compost,Rain-fed,108.0,26.9,80,No,None,Neem Oil,39.66,40.9,237947.0,215150.38,155422.79,-59727.59,85,74
FARM01977,Tamil Nadu,Madurai,Village_24,Maize,DHM117,2023-09-16,2024-03-06,Zaid,21.91,Clay,5.7,48,106,99,Organic Compost,Drip,69.0,30.2,65,No,None,Neem Oil,90.79,96.48,823762.1,659624.64,311795.59,-347829.05,71,62
FARM01978,Uttar Pradesh,Lucknow,Village_354,Millet,Ragi,2023-11-04,2024-02-09,Rabi,8.63,Black,6.7,163,103,163,DAP,Flood,108.9,29.2,83,No,None,Neem Oil,41.69,41.92,660477.8,201286.91,115408.62,-85878.29,63,93
FARM01979,Assam,Jorhat,Village_487,Potato,Kufri Jyoti,2024-03-10,2024-08-10,Rabi,10.32,Black,6.0,171,152,141,Urea,Drip,57.7,34.4,66,No,None,Neem Oil,33.77,34.75,538078.5,131064.26,108035.56,-23028.7,80,65
FARM01980,Rajasthan,Kota,Village_269,Wheat,HD2967,2022-06-19,2022-11-24,Kharif,11.94,Black,6.4,172,49,147,DAP,Drip,33.7,32.5,51,No,None,Neem Oil,46.63,50.11,879909.9,287675.28,119824.14,-167851.14,84,87
FARM01981,Maharashtra,Nashik,Village_422,Potato,Kufri Jyoti,2021-02-04,2021-07-25,Kharif,14.87,Alluvial,6.7,112,106,101,Organic Compost,Drip,57.4,26.5,69,No,None,Neem Oil,47.8,47.67,884407.7,337417.02,177071.29,-160345.73,57,92
FARM01982,Assam,Guwahati,Village_161,Maize,DHM117,2024-04-07,2024-08-13,Kharif,21.26,Black,8.1,79,125,177,Organic Compost,Sprinkler,18.2,30.7,55,Yes,Leaf Blight,Chlorpyrifos,67.48,53.98,1548744.0,649035.19,220039.69,-428995.5,64,76
FARM01983,Assam,Jorhat,Village_146,Millet,Ragi,2024-03-21,2024-07-20,Kharif,13.06,Alluvial,6.4,156,171,135,NPK,Canal,48.0,31.1,70,No,None,Neem Oil,43.3,45.42,873772.5,271448.09,130488.76,-140959.33,98,87
FARM01984,Maharashtra,Pune,Village_483,Rice,Basmati,2023-06-23,2023-11-14,Kharif,12.25,Red,6.3,179,177,119,Urea,Drip,36.1,26.8,51,No,None,Neem Oil,49.43,47.42,454604.8,236996.76,163353.31,-73643.45,69,71
FARM01985,Rajasthan,Kota,Village_375,Cotton,Suraj,2024-03-27,2024-08-03,Rabi,23.71,Laterite,7.0,120,58,87,Urea,Canal,126.6,21.8,84,No,None,Neem Oil,120.47,131.89,555816.6,301296.49,550361.73,249065.24,88,91
FARM01986,Maharashtra,Nashik,Village_145,Sugarcane,Co0238,2023-02-11,2023-06-28,Kharif,3.0,Laterite,5.9,125,107,62,Organic Compost,Canal,121.1,31.9,82,Yes,Leaf Blight,Chlorpyrifos,13.38,10.7,87100.6,63387.95,22343.35,-41044.6,37,45
FARM01987,Rajasthan,Jaipur,Village_5,Rice,IR64,2023-09-15,2024-02-09,Zaid,15.49,Alluvial,6.9,173,150,126,Vermicompost,Flood,87.2,24.6,79,Yes,Leaf Blight,Imidacloprid,60.14,48.11,654662.2,321775.51,139700.18,-182075.33,25,72
FARM01988,Uttar Pradesh,Lucknow,Village_378,Wheat,HD2967,2022-08-23,2023-01-27,Rabi,24.41,Clay,7.7,172,166,82,Vermicompost,Flood,134.1,29.5,80,No,None,Neem Oil,109.88,109.9,458973.7,595357.63,205772.04,-389585.59,83,61
FARM01989,Tamil Nadu,Madurai,Village_101,Wheat,PBW725,2021-04-18,2021-09-29,Kharif,7.94,Loamy,5.6,129,115,56,Organic Compost,Rain-fed,16.5,22.9,60,Yes,Leaf Blight,Chlorpyrifos,23.42,18.74,185783.5,157982.01,61427.89,-96554.12,42,46
FARM01990,Karnataka,Belagavi,Village_313,Soybean,NRC37,2022-10-23,2023-04-02,Kharif,18.62,Alluvial,8.1,145,40,116,Urea,Canal,74.3,24.9,61,No,None,Neem Oil,63.97,68.13,794308.0,568591.61,217952.99,-350638.62,70,48
FARM01991,Uttar Pradesh,Meerut,Village_477,Maize,DHM117,2021-05-25,2021-11-13,Kharif,17.46,Loamy,6.6,163,147,157,Organic Compost,Drip,107.4,20.8,78,No,None,Neem Oil,86.53,87.9,1347230.5,487389.42,317036.86,-170352.56,55,46
FARM01992,Uttar Pradesh,Meerut,Village_117,Sugarcane,Co86032,2024-01-05,2024-06-01,Rabi,2.27,Alluvial,6.8,43,170,123,Urea,Sprinkler,41.9,34.8,58,Yes,Leaf Blight,Chlorpyrifos,8.18,6.54,55561.8,78939.98,23843.84,-55096.14,25,78
FARM01993,Tamil Nadu,Coimbatore,Village_387,Wheat,PBW725,2023-07-27,2023-11-07,Zaid,9.83,Black,8.0,137,111,135,Organic Compost,Drip,47.7,22.1,69,Yes,Leaf Blight,Chlorpyrifos,38.88,31.1,450285.0,203173.03,61301.71,-141871.32,48,85
FARM01994,West Bengal,Siliguri,Village_320,Millet,Bajra,2021-04-08,2021-09-15,Kharif,8.83,Laterite,6.5,154,42,115,Vermicompost,Drip,35.2,28.3,65,No,None,Neem Oil,25.1,25.9,571735.4,240592.1,85685.9,-154906.2,72,87
FARM01995,Maharashtra,Nashik,Village_307,Soybean,NRC37,2022-01-01,2022-04-14,Rabi,5.96,Clay,6.0,82,103,166,Organic Compost,Flood,92.5,27.5,75,No,None,Neem Oil,27.21,28.53,248067.4,199631.53,98322.29,-101309.24,61,90
FARM01996,Maharashtra,Nashik,Village_274,Soybean,JS335,2020-09-12,2020-12-19,Rabi,3.79,Black,6.8,178,119,155,DAP,Drip,93.2,24.2,73,No,None,Neem Oil,16.42,17.19,91071.4,120934.63,67826.55,-53108.08,73,65
FARM01997,Rajasthan,Jaipur,Village_227,Potato,Kufri Pukhraj,2021-04-22,2021-09-04,Rabi,5.92,Laterite,7.9,114,135,70,Organic Compost,Drip,70.3,31.6,67,No,None,Neem Oil,26.97,29.43,125709.6,171814.62,59427.49,-112387.13,98,85
FARM01998,Tamil Nadu,Coimbatore,Village_84,Potato,Kufri Pukhraj,2021-06-23,2021-12-04,Kharif,19.43,Loamy,8.0,80,154,91,Vermicompost,Canal,51.6,29.1,68,Yes,Leaf Blight,Chlorpyrifos,83.7,66.96,668771.4,632601.33,146111.32,-486490.01,70,84
FARM01999,Assam,Guwahati,Village_403,Maize,DHM117,2020-12-23,2021-04-11,Rabi,20.48,Red,6.7,66,87,50,NPK,Canal,84.6,26.8,65,No,None,Neem Oil,67.34,66.3,1478285.1,368936.6,230521.04,-138415.56,96,82
FARM02000,Rajasthan,Kota,Village_166,Maize,DHM117,2023-02-08,2023-07-12,Zaid,14.82,Alluvial,6.6,176,112,162,Vermicompost,Drip,41.4,24.7,58,No,None,Neem Oil,46.62,47.75,812450.9,423923.5,172873.42,-251050.08,88,94
