station_code,station_name,state,district,observation_date,season,max_temp_c,min_temp_c,avg_temp_c,rainfall_mm,relative_humidity_percent,wind_speed_kmh,wind_direction,visibility_km,cloud_cover_percent,sunshine_hours,atmospheric_pressure_hpa,soil_temperature_c,heat_index_c,dew_point_c,flood_warning,cyclone_alert,rainfall_category,weather_condition
IMD1000,Chennai Weather Station,Tamil Nadu,Chennai,2020-04-17,Summer,36.5,27.4,30.7,1.0291363204682031,38,15.8,SW,5.8,6,1.9,1019.0,30.4,32.6,18.3,No,No,Light,Haze
IMD1001,Lucknow Weather Station,Uttar Pradesh,Lucknow,2021-05-17,Summer,45.7,33.3,39.2,2.2003901431159076,50,3.7,SW,11.2,13,10.9,1014.8,37.7,41.7,29.2,No,No,Light,Cloudy
IMD1002,Nagpur Weather Station,Maharashtra,Nagpur,2020-09-15,Monsoon,27.3,15.8,20.7,30.4,60,19.3,N,11.8,43,6.3,1008.9,21.1,23.7,12.7,No,No,Moderate,Fog
IMD1003,Jaipur Weather Station,Rajasthan,Jaipur,2023-08-01,Monsoon,37.0,27.2,33.0,36.6,71,17.9,NW,8.3,53,4.5,1007.7,31.2,36.5,27.2,No,No,Moderate,Haze
IMD1004,Amritsar Weather Station,Punjab,Amritsar,2021-01-06,Winter,22.0,13.8,16.7,3.0333153573151286,48,22.6,NE,11.1,49,6.9,1009.0,16.4,19.1,6.3,No,No,Light,Cloudy
IMD1005,Patiala Weather Station,Punjab,Patiala,2023-04-15,Summer,44.4,34.1,40.6,7.573356407835418,47,16.8,N,9.9,63,11.6,1015.7,41.7,43.0,30.0,No,No,Light,Cloudy
IMD1006,Guwahati Weather Station,Assam,Guwahati,2023-01-19,Winter,23.0,15.5,20.2,5.126921359329213,51,30.3,N,1.1,58,2.3,1022.4,19.5,22.8,10.4,No,No,Light,Haze
IMD1007,Durgapur Weather Station,West Bengal,Durgapur,2021-07-10,Monsoon,28.8,22.2,24.7,14.4,46,20.9,NE,2.2,1,9.5,1018.3,24.6,27.0,13.9,No,No,Light,Clear
IMD1008,Coimbatore Weather Station,Tamil Nadu,Coimbatore,2021-10-22,Post-Monsoon,21.9,14.9,19.7,1.0,50,14.6,E,13.4,53,0.8,999.0,22.0,22.2,9.7,No,Yes,Light,Rain
IMD1009,Hubballi Weather Station,Karnataka,Hubballi,2023-10-01,Post-Monsoon,21.1,12.3,18.7,2.7223858664253986,39,30.6,W,8.5,18,11.0,999.6,20.6,20.6,6.5,No,No,Light,Rain
IMD1010,Siliguri Weather Station,West Bengal,Siliguri,2024-05-08,Summer,34.5,25.0,31.9,2.22295241226998,54,5.7,E,12.2,49,5.2,1028.5,33.6,34.6,22.7,No,No,Light,Haze
IMD1011,Jodhpur Weather Station,Rajasthan,Jodhpur,2020-02-12,Winter,24.5,12.4,18.1,1.0,51,12.8,N,3.2,41,10.5,1006.4,18.7,20.7,8.3,No,No,Light,Cloudy
IMD1012,Patiala Weather Station,Punjab,Patiala,2021-12-04,Winter,18.4,9.7,12.8,8.048901171928323,51,4.6,SE,3.8,41,3.2,1011.2,11.0,15.4,3.0,No,No,Light,Fog
IMD1013,Hubballi Weather Station,Karnataka,Hubballi,2020-06-13,Monsoon,26.0,16.0,23.0,40.3,57,8.6,SE,2.2,40,1.0,1014.4,23.8,25.9,14.4,No,No,Moderate,Cloudy
IMD1014,Meerut Weather Station,Uttar Pradesh,Meerut,2024-12-28,Winter,25.4,16.9,20.9,1.6788474542304457,37,11.0,NW,5.8,28,10.1,1027.7,23.5,22.8,8.3,No,No,Light,Fog
IMD1015,Nashik Weather Station,Maharashtra,Nashik,2023-07-24,Monsoon,30.8,21.3,25.8,11.1,45,28.0,SW,13.1,46,11.5,1012.2,28.1,28.1,14.8,No,No,Light,Rain
IMD1016,Mysuru Weather Station,Karnataka,Mysuru,2022-01-04,Winter,24.9,15.4,21.2,4.426341352028414,44,15.9,N,12.8,48,6.0,1024.6,23.3,23.4,10.0,No,No,Light,Cloudy
IMD1017,Siliguri Weather Station,West Bengal,Siliguri,2024-10-19,Post-Monsoon,30.0,24.2,27.7,4.491895151480525,47,20.6,SW,1.8,48,0.6,1006.6,27.6,30.1,17.1,No,Yes,Light,Thunderstorm
IMD1018,Jaipur Weather Station,Rajasthan,Jaipur,2023-03-20,Summer,41.6,33.1,36.4,1.0,51,22.9,SW,4.5,88,5.5,1005.9,37.3,38.9,26.6,No,No,Light,Rain
IMD1019,Pune Weather Station,Maharashtra,Pune,2021-11-21,Post-Monsoon,27.1,20.4,24.5,8.662676657145623,56,29.6,NW,8.5,60,12.0,1021.9,23.2,27.3,15.7,No,No,Light,Rain
IMD1020,Hubballi Weather Station,Karnataka,Hubballi,2024-12-30,Winter,26.7,16.1,20.4,1.0,46,28.5,N,5.5,49,2.7,1020.9,22.8,22.7,9.6,No,No,Light,Rain
IMD1021,Meerut Weather Station,Uttar Pradesh,Meerut,2021-08-06,Monsoon,38.1,32.1,34.3,34.5,54,20.4,E,3.8,34,6.3,1010.4,36.1,37.0,25.1,No,No,Moderate,Fog
IMD1022,Mysuru Weather Station,Karnataka,Mysuru,2024-09-15,Monsoon,36.0,25.1,31.5,18.7,53,12.0,NE,2.4,78,6.5,1016.9,30.9,34.1,22.1,No,No,Light,Cloudy
IMD1023,Patiala Weather Station,Punjab,Patiala,2022-12-02,Winter,24.2,13.5,17.5,7.372295187878999,54,5.3,W,11.7,55,6.2,1009.2,16.3,20.2,8.3,No,No,Light,Cloudy
IMD1024,Bengaluru Weather Station,Karnataka,Bengaluru,2021-02-02,Winter,24.5,14.4,17.6,1.454039127052349,43,3.9,N,1.2,83,3.9,1023.1,15.7,19.8,6.2,No,No,Light,Cloudy
IMD1025,Durgapur Weather Station,West Bengal,Durgapur,2024-02-05,Winter,19.1,12.7,15.6,21.49085527361637,50,12.0,SW,4.0,3,9.0,1020.8,17.5,18.1,5.6,No,No,Moderate,Cloudy
IMD1026,Hubballi Weather Station,Karnataka,Hubballi,2022-04-28,Summer,37.2,27.7,31.9,3.597507489881067,44,16.2,NW,13.2,36,1.7,1006.1,33.6,34.1,20.7,No,No,Light,Clear
IMD1027,Amritsar Weather Station,Punjab,Amritsar,2020-09-15,Monsoon,36.0,25.6,29.4,14.2,44,18.4,SW,5.0,27,4.7,1008.1,27.6,31.6,18.2,No,No,Light,Fog
IMD1028,Patiala Weather Station,Punjab,Patiala,2024-08-26,Monsoon,39.6,28.6,34.3,44.2,65,38.4,E,6.9,60,1.7,1009.3,36.6,37.5,27.3,No,No,Moderate,Cloudy
IMD1029,Amritsar Weather Station,Punjab,Amritsar,2024-06-03,Monsoon,27.8,22.9,25.6,67.7,84,17.8,SE,10.3,7,0.7,1015.1,24.2,29.8,22.4,No,No,Moderate,Haze
IMD1030,Kanpur Weather Station,Uttar Pradesh,Kanpur,2020-07-03,Monsoon,29.2,22.8,27.0,70.9,78,32.9,SE,12.0,43,8.1,1004.7,25.4,30.9,22.6,No,No,Moderate,Clear
IMD1031,Udaipur Weather Station,Rajasthan,Udaipur,2021-08-20,Monsoon,30.6,20.7,26.6,29.1,52,3.3,NE,2.5,31,3.5,1019.0,25.2,29.2,17.0,No,No,Moderate,Clear
IMD1032,Coimbatore Weather Station,Tamil Nadu,Coimbatore,2024-05-26,Summer,43.0,31.3,36.1,1.0,48,25.4,W,13.3,77,3.5,1030.2,35.7,38.5,25.7,No,Yes,Light,Rain
IMD1033,Nashik Weather Station,Maharashtra,Nashik,2022-11-03,Post-Monsoon,25.5,18.1,22.0,2.93596131015301,43,24.8,NW,13.0,93,7.2,1005.4,23.7,24.1,10.6,No,No,Light,Cloudy
IMD1034,Ludhiana Weather Station,Punjab,Ludhiana,2022-03-28,Summer,38.3,31.5,35.3,6.579611379532521,55,12.0,E,6.4,33,8.7,1000.8,37.1,38.0,26.3,No,No,Light,Haze
IMD1035,Lucknow Weather Station,Uttar Pradesh,Lucknow,2023-10-09,Post-Monsoon,32.3,26.0,28.5,1.0,40,11.5,NE,6.1,32,4.3,1007.2,27.8,30.5,16.5,No,No,Light,Clear
IMD1036,Madurai Weather Station,Tamil Nadu,Madurai,2023-06-25,Monsoon,37.0,24.7,31.0,47.2,63,39.0,SW,5.0,81,10.4,1011.1,33.9,34.1,23.6,No,No,Moderate,Thunderstorm
IMD1037,Pune Weather Station,Maharashtra,Pune,2021-04-26,Summer,37.8,26.5,31.6,1.0,51,33.7,SW,14.2,23,9.8,1025.7,30.3,34.1,21.8,No,No,Light,Clear
IMD1038,Bengaluru Weather Station,Karnataka,Bengaluru,2022-04-30,Summer,34.5,21.9,27.9,1.0,41,32.3,NE,3.4,34,5.1,1015.0,29.8,29.9,16.1,No,No,Light,Thunderstorm
IMD1039,Chennai Weather Station,Tamil Nadu,Chennai,2024-08-22,Monsoon,33.8,24.8,27.4,14.4,56,11.4,N,9.9,69,8.6,1028.1,29.8,30.2,18.6,No,No,Light,Fog
IMD1040,Jaipur Weather Station,Rajasthan,Jaipur,2023-01-26,Winter,25.7,16.9,20.4,1.0,43,17.7,NW,1.6,8,10.4,1015.5,22.4,22.5,9.0,No,No,Light,Cloudy
IMD1041,Nashik Weather Station,Maharashtra,Nashik,2020-12-14,Winter,19.0,9.8,15.9,1.4638417026286001,51,23.6,SE,6.6,91,9.8,1018.6,16.1,18.4,6.1,No,No,Light,Fog
IMD1042,Ludhiana Weather Station,Punjab,Ludhiana,2022-01-17,Winter,18.1,13.5,15.7,4.372976279131939,48,28.4,SE,10.5,19,10.3,1014.3,16.3,18.1,5.3,No,No,Light,Haze
IMD1043,Durgapur Weather Station,West Bengal,Durgapur,2020-04-13,Summer,41.4,29.9,35.0,2.321616643067546,48,26.8,W,14.6,84,8.2,1016.7,33.4,37.4,24.6,No,Yes,Light,Cloudy
IMD1044,Kanpur Weather Station,Uttar Pradesh,Kanpur,2023-09-06,Monsoon,37.9,29.1,32.6,31.9,68,17.4,S,5.0,23,6.4,1013.1,34.8,36.0,26.2,No,No,Moderate,Fog
IMD1045,Nashik Weather Station,Maharashtra,Nashik,2020-07-06,Monsoon,30.6,22.9,25.6,28.2,54,18.7,SE,9.8,70,5.8,1019.3,25.5,28.3,16.4,No,No,Moderate,Thunderstorm
IMD1046,Madurai Weather Station,Tamil Nadu,Madurai,2022-02-03,Winter,25.2,12.4,19.4,5.571568132572635,49,8.7,N,6.2,74,1.2,1022.8,21.4,21.8,9.2,No,No,Light,Haze
IMD1047,Patiala Weather Station,Punjab,Patiala,2020-12-28,Winter,22.2,13.9,17.1,2.208722020710103,50,39.0,NE,11.7,62,11.2,1004.8,18.9,19.6,7.1,No,No,Light,Haze
IMD1048,Jorhat Weather Station,Assam,Jorhat,2024-06-17,Monsoon,28.5,19.9,24.9,44.3,72,31.6,S,5.7,61,2.1,1011.0,23.4,28.5,19.3,No,Yes,Moderate,Haze
IMD1049,Meerut Weather Station,Uttar Pradesh,Meerut,2022-11-22,Post-Monsoon,34.8,25.4,28.1,6.599752532491643,45,27.7,W,11.4,22,9.3,1012.1,30.5,30.4,17.1,No,No,Light,Fog
IMD1050,Meerut Weather Station,Uttar Pradesh,Meerut,2023-09-01,Monsoon,31.9,25.4,27.4,43.4,62,11.8,NW,4.1,54,9.0,1016.9,29.8,30.5,19.8,No,No,Moderate,Thunderstorm
IMD1051,Nashik Weather Station,Maharashtra,Nashik,2021-10-14,Post-Monsoon,25.7,17.5,21.6,4.415109787757372,41,39.2,NW,7.5,14,0.5,1022.2,24.5,23.7,9.8,No,No,Light,Rain
IMD1052,Hubballi Weather Station,Karnataka,Hubballi,2021-10-18,Post-Monsoon,28.9,18.8,24.2,1.0,52,29.5,SW,10.3,4,2.2,1010.1,25.5,26.8,14.6,No,No,Light,Cloudy
IMD1053,Jorhat Weather Station,Assam,Jorhat,2024-07-28,Monsoon,32.6,25.3,27.4,96.6,89,11.5,SW,8.6,86,0.9,1006.8,26.4,31.8,25.2,Yes,Yes,Heavy,Clear
IMD1054,Kanpur Weather Station,Uttar Pradesh,Kanpur,2023-02-17,Winter,20.3,13.8,18.2,4.237930218840632,52,16.6,NW,1.9,24,2.2,1005.7,17.3,20.8,8.6,No,No,Light,Haze
IMD1055,Guwahati Weather Station,Assam,Guwahati,2022-04-29,Summer,38.5,30.7,34.5,4.813679492521136,51,5.0,S,2.3,15,4.4,1009.3,33.5,37.0,24.7,No,Yes,Light,Thunderstorm
IMD1056,Silchar Weather Station,Assam,Silchar,2024-08-02,Monsoon,32.6,24.2,28.4,42.3,59,17.2,NE,14.1,64,4.7,1022.2,30.6,31.3,20.2,No,No,Moderate,Rain
IMD1057,Amritsar Weather Station,Punjab,Amritsar,2021-12-16,Winter,21.7,14.1,16.7,2.623608097101628,52,16.3,SW,1.5,26,9.6,1021.5,16.3,19.3,7.1,No,No,Light,Rain
IMD1058,Udaipur Weather Station,Rajasthan,Udaipur,2020-11-06,Post-Monsoon,26.8,19.3,22.4,7.47109910175167,41,25.0,E,3.9,30,8.4,1005.2,23.2,24.4,10.6,No,No,Light,Rain
IMD1059,Lucknow Weather Station,Uttar Pradesh,Lucknow,2024-05-09,Summer,37.3,27.1,33.0,18.052007891728397,61,25.4,NW,12.3,34,5.2,1003.1,35.6,36.0,25.2,No,No,Light,Clear
IMD1060,Siliguri Weather Station,West Bengal,Siliguri,2023-08-26,Monsoon,35.5,22.1,28.6,37.0,65,15.9,E,4.3,7,1.9,1011.4,28.7,31.9,21.6,No,No,Moderate,Haze
IMD1061,Madurai Weather Station,Tamil Nadu,Madurai,2023-06-02,Monsoon,28.5,21.8,25.3,8.4,57,10.3,W,12.3,10,7.0,1012.2,26.0,28.2,16.7,No,No,Light,Thunderstorm
IMD1062,Lucknow Weather Station,Uttar Pradesh,Lucknow,2023-11-22,Post-Monsoon,26.7,18.1,23.0,1.0885469493548976,41,38.6,S,6.8,20,5.5,1010.5,24.1,25.1,11.2,No,No,Light,Fog
IMD1063,Mysuru Weather Station,Karnataka,Mysuru,2024-07-30,Monsoon,30.8,22.8,27.8,37.1,64,37.2,SE,9.6,3,2.2,1027.4,29.7,31.0,20.6,No,No,Moderate,Fog
IMD1064,Meerut Weather Station,Uttar Pradesh,Meerut,2023-09-25,Monsoon,32.3,26.9,30.1,39.8,67,9.4,E,13.8,55,2.1,1010.6,33.0,33.5,23.5,No,No,Moderate,Fog
IMD1065,Hubballi Weather Station,Karnataka,Hubballi,2020-04-13,Summer,34.1,25.1,31.6,2.4789085801442567,45,27.2,E,7.3,16,7.0,1010.3,33.3,33.9,20.6,No,No,Light,Clear
IMD1066,Jorhat Weather Station,Assam,Jorhat,2023-06-14,Monsoon,31.9,22.1,27.7,47.2,65,36.7,E,3.7,38,8.9,1007.9,29.7,30.9,20.7,No,Yes,Moderate,Haze
IMD1067,Bengaluru Weather Station,Karnataka,Bengaluru,2023-04-18,Summer,40.4,32.6,35.8,2.3434016156323176,41,4.7,E,10.8,63,8.6,1007.3,36.9,37.8,24.0,No,No,Light,Haze
IMD1068,Hubballi Weather Station,Karnataka,Hubballi,2022-04-09,Summer,44.0,35.6,38.8,1.0,50,36.9,NE,12.1,32,6.7,1012.6,38.1,41.3,28.8,No,No,Light,Cloudy
IMD1069,Bengaluru Weather Station,Karnataka,Bengaluru,2023-06-18,Monsoon,30.8,23.2,28.8,40.4,59,17.0,S,14.7,9,2.2,999.8,28.4,31.8,20.6,No,No,Moderate,Clear
IMD1070,Chennai Weather Station,Tamil Nadu,Chennai,2022-06-12,Monsoon,30.0,19.0,24.2,27.9,54,11.3,E,7.2,95,8.8,1006.7,26.5,26.9,15.0,No,Yes,Moderate,Haze
IMD1071,Jorhat Weather Station,Assam,Jorhat,2022-10-10,Post-Monsoon,24.8,18.3,20.9,4.0253242340087265,50,38.4,S,4.7,67,1.1,1005.9,18.9,23.4,10.9,No,No,Light,Rain
IMD1072,Jorhat Weather Station,Assam,Jorhat,2024-09-03,Monsoon,27.8,21.0,23.9,16.7,50,26.3,SW,3.9,57,9.1,1012.9,26.0,26.4,13.9,No,Yes,Light,Haze
IMD1073,Siliguri Weather Station,West Bengal,Siliguri,2024-07-08,Monsoon,34.6,27.4,30.7,14.3,55,33.6,W,8.5,55,8.2,1014.3,28.7,33.5,21.7,No,Yes,Light,Thunderstorm
IMD1074,Bengaluru Weather Station,Karnataka,Bengaluru,2021-04-06,Summer,39.5,29.0,32.7,1.0,47,38.8,N,10.1,43,5.4,1014.7,34.0,35.1,22.1,No,No,Light,Cloudy
IMD1075,Chennai Weather Station,Tamil Nadu,Chennai,2020-02-16,Winter,26.1,17.2,20.1,12.729186603660324,48,27.1,E,4.4,16,2.1,1019.2,19.5,22.5,9.7,No,No,Light,Fog
IMD1076,Nagpur Weather Station,Maharashtra,Nagpur,2022-08-29,Monsoon,32.2,24.1,27.4,56.4,75,32.0,NE,4.3,98,5.3,1010.6,28.6,31.1,22.4,No,No,Moderate,Clear
IMD1077,Meerut Weather Station,Uttar Pradesh,Meerut,2022-01-20,Winter,20.7,11.5,17.3,5.108818103237218,54,25.1,N,4.3,59,9.2,1012.3,16.4,20.0,8.1,No,No,Light,Fog
IMD1078,Nashik Weather Station,Maharashtra,Nashik,2022-10-09,Post-Monsoon,31.5,18.7,25.3,1.8075630829856204,48,39.1,E,14.3,28,0.2,1009.8,28.1,27.7,14.9,No,No,Light,Clear
IMD1079,Silchar Weather Station,Assam,Silchar,2022-11-11,Post-Monsoon,36.1,27.5,31.0,1.0219612507944615,43,13.6,W,12.3,83,2.4,1021.6,32.1,33.1,19.6,No,Yes,Light,Clear
IMD1080,Hubballi Weather Station,Karnataka,Hubballi,2023-09-21,Monsoon,39.9,30.2,33.6,64.1,84,12.2,W,5.5,31,1.8,1003.0,36.3,37.8,30.4,No,No,Moderate,Haze
IMD1081,Jaipur Weather Station,Rajasthan,Jaipur,2021-04-21,Summer,32.4,21.0,27.3,10.773670813222848,42,15.4,N,10.1,50,11.5,1016.1,29.2,29.4,15.7,No,No,Light,Rain
IMD1082,Ludhiana Weather Station,Punjab,Ludhiana,2023-09-04,Monsoon,33.5,22.2,28.3,40.7,66,26.0,SE,7.2,80,3.7,1032.7,29.2,31.6,21.5,No,No,Moderate,Rain
IMD1083,Madurai Weather Station,Tamil Nadu,Madurai,2022-09-12,Monsoon,34.8,25.9,30.4,39.1,67,7.2,NW,8.3,82,1.6,1011.1,31.6,33.8,23.8,No,Yes,Moderate,Haze
IMD1084,Durgapur Weather Station,West Bengal,Durgapur,2022-01-08,Winter,20.7,13.1,16.2,1.8633866016707303,47,2.0,SE,3.4,78,1.5,1013.7,15.4,18.6,5.6,No,Yes,Light,Fog
IMD1085,Siliguri Weather Station,West Bengal,Siliguri,2022-11-18,Post-Monsoon,31.3,19.0,25.6,9.383055870444197,43,29.8,SE,14.4,85,1.9,1020.5,23.9,27.8,14.2,No,No,Light,Rain
IMD1086,Hubballi Weather Station,Karnataka,Hubballi,2021-11-22,Post-Monsoon,29.3,20.5,25.3,1.6351457115935888,39,22.0,S,10.1,48,11.7,1003.8,26.8,27.2,13.1,No,No,Light,Fog
IMD1087,Meerut Weather Station,Uttar Pradesh,Meerut,2022-05-17,Summer,32.3,24.5,29.2,5.622676691036783,40,8.2,W,9.9,99,5.5,1002.8,31.1,31.2,17.2,No,No,Light,Clear
IMD1088,Guwahati Weather Station,Assam,Guwahati,2020-02-07,Winter,21.1,10.5,16.0,11.101144261803569,54,3.4,NE,2.9,82,2.3,1010.2,15.3,18.7,6.8,No,Yes,Light,Cloudy
IMD1089,Pune Weather Station,Maharashtra,Pune,2022-06-24,Monsoon,32.5,27.0,30.1,14.9,54,22.6,E,11.3,63,8.9,1017.7,31.0,32.8,20.9,No,No,Light,Haze
IMD1090,Bengaluru Weather Station,Karnataka,Bengaluru,2023-06-27,Monsoon,28.3,19.9,24.2,17.4,56,34.0,NE,3.0,57,7.0,1015.9,23.4,27.0,15.4,No,No,Light,Fog
IMD1091,Bengaluru Weather Station,Karnataka,Bengaluru,2020-10-13,Post-Monsoon,29.8,24.2,26.6,12.810555960321782,51,30.9,S,2.3,30,0.0,1001.4,25.9,29.2,16.8,No,No,Light,Rain
IMD1092,Ludhiana Weather Station,Punjab,Ludhiana,2024-12-04,Winter,21.2,13.0,16.6,1.0,39,28.4,S,2.1,85,8.3,1006.5,17.9,18.6,4.4,No,No,Light,Fog
IMD1093,Mysuru Weather Station,Karnataka,Mysuru,2022-03-22,Summer,39.0,26.1,32.7,1.0,43,22.7,NW,1.5,100,9.2,1000.4,34.9,34.9,21.3,No,No,Light,Clear
IMD1094,Kolkata Weather Station,West Bengal,Kolkata,2022-08-27,Monsoon,36.4,26.3,31.8,15.5,44,36.8,SE,14.5,93,10.9,1013.9,30.4,34.0,20.6,No,Yes,Light,Fog
IMD1095,Coimbatore Weather Station,Tamil Nadu,Coimbatore,2024-11-17,Post-Monsoon,24.2,15.2,21.9,5.415470114406764,53,1.7,NE,4.8,64,0.9,1005.7,22.0,24.5,12.5,No,No,Light,Rain
IMD1096,Meerut Weather Station,Uttar Pradesh,Meerut,2020-09-08,Monsoon,27.5,16.3,22.2,59.6,75,21.8,SW,13.4,80,7.7,1015.9,24.9,25.9,17.2,No,No,Moderate,Rain
IMD1097,Bengaluru Weather Station,Karnataka,Bengaluru,2020-12-12,Winter,24.7,14.5,18.8,3.4768005531463646,40,4.6,SE,7.2,30,8.4,1017.4,18.3,20.8,6.8,No,No,Light,Fog
IMD1098,Madurai Weather Station,Tamil Nadu,Madurai,2024-04-01,Summer,37.9,26.5,31.5,6.016151906197781,40,29.3,NE,7.1,16,1.7,1015.7,33.9,33.5,19.5,No,Yes,Light,Haze
IMD1099,Amritsar Weather Station,Punjab,Amritsar,2022-08-02,Monsoon,29.2,23.3,26.5,89.2,84,24.9,S,5.7,40,11.1,1010.7,26.7,30.7,23.3,Yes,No,Heavy,Clear
IMD1100,Nashik Weather Station,Maharashtra,Nashik,2021-05-20,Summer,39.0,30.9,35.0,4.289615865090731,40,11.2,SE,5.1,85,6.5,1011.1,35.3,37.0,23.0,No,No,Light,Cloudy
IMD1101,Kanpur Weather Station,Uttar Pradesh,Kanpur,2021-03-22,Summer,42.5,32.7,36.2,1.0,47,8.2,NE,6.7,30,5.0,1019.4,37.8,38.6,25.6,No,No,Light,Thunderstorm
IMD1102,Lucknow Weather Station,Uttar Pradesh,Lucknow,2024-03-20,Summer,41.5,33.0,38.1,4.496152741167333,46,18.1,E,12.4,39,3.6,1011.1,40.9,40.4,27.3,No,No,Light,Clear
IMD1103,Mysuru Weather Station,Karnataka,Mysuru,2024-01-26,Winter,22.5,13.1,19.4,2.702726233419451,49,12.4,E,13.3,54,10.7,1010.9,21.1,21.8,9.2,No,No,Light,Fog
IMD1104,Mysuru Weather Station,Karnataka,Mysuru,2020-05-11,Summer,37.6,29.4,31.5,1.0,41,5.8,E,14.5,70,10.2,1002.6,34.1,33.5,19.7,No,No,Light,Fog
IMD1105,Pune Weather Station,Maharashtra,Pune,2020-01-14,Winter,17.0,7.1,13.8,7.476787484515722,56,21.0,E,10.7,62,1.1,1009.2,16.0,16.6,5.0,No,No,Light,Fog
IMD1106,Hubballi Weather Station,Karnataka,Hubballi,2021-06-11,Monsoon,26.6,17.5,22.7,32.1,69,23.5,E,3.4,37,9.4,1016.1,23.2,26.1,16.5,No,No,Moderate,Thunderstorm
IMD1107,Meerut Weather Station,Uttar Pradesh,Meerut,2024-10-02,Post-Monsoon,28.2,17.3,23.2,1.0,51,29.1,E,12.2,98,2.7,1011.0,24.1,25.8,13.4,No,No,Light,Haze
IMD1108,Ludhiana Weather Station,Punjab,Ludhiana,2021-10-28,Post-Monsoon,33.5,24.0,29.6,2.3495386244353904,44,12.6,W,1.5,96,8.5,1014.8,32.1,31.8,18.4,No,No,Light,Thunderstorm
IMD1109,Bengaluru Weather Station,Karnataka,Bengaluru,2022-07-18,Monsoon,33.8,24.9,27.5,13.1,55,14.5,SE,3.8,28,6.3,1021.5,29.6,30.2,18.5,No,No,Light,Fog
IMD1110,Bengaluru Weather Station,Karnataka,Bengaluru,2024-03-02,Summer,35.8,29.1,32.5,1.796522475938431,42,23.8,N,5.4,33,5.2,1008.9,30.9,34.6,20.9,No,No,Light,Rain
IMD1111,Siliguri Weather Station,West Bengal,Siliguri,2023-09-27,Monsoon,35.0,21.7,28.1,74.5,85,23.2,NW,14.8,63,4.7,1011.8,30.9,32.4,25.1,No,Yes,Moderate,Clear
IMD1112,Amritsar Weather Station,Punjab,Amritsar,2022-06-03,Monsoon,31.5,22.8,28.5,19.5,46,36.4,E,9.5,12,2.7,1024.0,29.8,30.8,17.7,No,No,Light,Fog
IMD1113,Madurai Weather Station,Tamil Nadu,Madurai,2024-03-18,Summer,36.2,28.7,33.4,1.2669599958902595,53,19.6,N,5.2,36,4.7,1009.5,34.7,36.0,24.0,No,Yes,Light,Rain
IMD1114,Amritsar Weather Station,Punjab,Amritsar,2024-02-02,Winter,20.8,9.6,14.3,12.30069560157254,44,21.8,NW,8.3,16,3.4,1009.2,16.7,16.5,3.1,No,No,Light,Fog
IMD1115,Madurai Weather Station,Tamil Nadu,Madurai,2022-04-30,Summer,37.7,31.8,34.8,2.3314165930851445,44,37.4,NW,14.7,31,0.2,1006.3,37.4,37.0,23.6,No,No,Light,Fog
IMD1116,Nagpur Weather Station,Maharashtra,Nagpur,2022-10-19,Post-Monsoon,21.7,12.7,18.3,8.109361484091215,47,19.8,SW,10.7,47,3.9,1004.1,19.0,20.7,7.7,No,No,Light,Rain
IMD1117,Pune Weather Station,Maharashtra,Pune,2024-11-15,Post-Monsoon,29.8,19.4,24.6,1.0,42,36.3,SW,4.6,65,8.4,999.5,27.2,26.7,13.0,No,No,Light,Haze
IMD1118,Mysuru Weather Station,Karnataka,Mysuru,2023-09-17,Monsoon,36.6,28.5,33.2,20.7,54,35.0,SW,10.6,97,7.4,1011.6,35.5,35.9,24.0,No,No,Moderate,Thunderstorm
IMD1119,Jodhpur Weather Station,Rajasthan,Jodhpur,2023-12-01,Winter,24.8,18.1,20.4,1.8807131258102971,40,36.0,E,8.5,37,11.5,1019.9,23.0,22.4,8.4,No,No,Light,Clear
IMD1120,Chennai Weather Station,Tamil Nadu,Chennai,2021-07-15,Monsoon,31.0,21.6,28.4,17.0,56,6.6,SW,10.9,80,9.5,1016.8,30.7,31.2,19.6,No,No,Light,Clear
IMD1121,Patiala Weather Station,Punjab,Patiala,2022-06-14,Monsoon,32.9,25.3,27.6,36.6,69,38.3,E,8.2,30,0.7,1017.5,26.7,31.1,21.4,No,No,Moderate,Cloudy
IMD1122,Nashik Weather Station,Maharashtra,Nashik,2021-01-02,Winter,20.4,8.0,15.0,1.7201698528242768,42,31.4,SE,5.7,68,8.7,1012.8,17.5,17.1,3.4,No,No,Light,Thunderstorm
IMD1123,Siliguri Weather Station,West Bengal,Siliguri,2024-07-14,Monsoon,29.8,24.7,26.9,34.7,67,37.1,NE,12.4,78,10.4,1011.0,28.8,30.2,20.3,No,Yes,Moderate,Clear
IMD1124,Amritsar Weather Station,Punjab,Amritsar,2023-02-02,Winter,23.5,14.3,20.7,1.0,51,33.0,W,7.4,6,2.7,1020.1,21.8,23.2,10.9,No,No,Light,Clear
IMD1125,Kolkata Weather Station,West Bengal,Kolkata,2024-10-26,Post-Monsoon,25.7,16.9,22.7,1.3536749417486333,39,35.4,N,6.6,99,6.5,999.4,23.0,24.6,10.5,No,No,Light,Clear
IMD1126,Siliguri Weather Station,West Bengal,Siliguri,2020-09-28,Monsoon,32.8,23.9,27.1,46.3,73,14.7,SE,6.3,45,1.6,1010.9,25.6,30.8,21.7,No,Yes,Moderate,Thunderstorm
IMD1127,Amritsar Weather Station,Punjab,Amritsar,2024-03-03,Summer,40.9,31.6,36.3,5.459939512635759,49,29.1,NE,8.8,3,2.2,1008.6,36.3,38.8,26.1,No,No,Light,Haze
IMD1128,Silchar Weather Station,Assam,Silchar,2022-02-08,Winter,17.5,8.3,14.1,7.629975805867898,51,36.7,NW,13.5,73,5.6,992.7,15.4,16.6,4.3,No,Yes,Light,Rain
IMD1129,Bengaluru Weather Station,Karnataka,Bengaluru,2021-10-06,Post-Monsoon,29.4,17.0,23.6,1.4590956839876634,47,23.4,W,11.1,61,9.1,1012.3,23.8,26.0,13.0,No,No,Light,Rain
IMD1130,Nagpur Weather Station,Maharashtra,Nagpur,2020-05-06,Summer,38.8,34.1,36.6,6.51910064446226,56,6.3,E,13.5,81,11.1,1004.7,37.9,39.4,27.8,No,No,Light,Clear
IMD1131,Kanpur Weather Station,Uttar Pradesh,Kanpur,2024-03-10,Summer,32.6,23.4,30.2,3.616202556997244,48,21.1,SE,9.5,48,10.2,1017.1,30.7,32.6,19.8,No,No,Light,Cloudy
IMD1132,Amritsar Weather Station,Punjab,Amritsar,2023-01-04,Winter,23.9,15.0,17.7,2.0270957161349332,50,11.6,N,2.4,28,7.4,1028.5,19.7,20.2,7.7,No,No,Light,Clear
IMD1133,Bengaluru Weather Station,Karnataka,Bengaluru,2024-07-30,Monsoon,30.6,20.0,26.7,35.9,56,36.4,SW,7.0,37,0.6,1010.3,29.3,29.5,17.9,No,No,Moderate,Fog
IMD1134,Meerut Weather Station,Uttar Pradesh,Meerut,2021-02-01,Winter,21.9,11.8,16.6,6.042812465302181,51,14.9,SW,6.9,59,3.2,1006.8,14.9,19.2,6.8,No,No,Light,Thunderstorm
IMD1135,Pune Weather Station,Maharashtra,Pune,2021-08-30,Monsoon,31.7,23.1,26.4,40.6,62,14.2,W,2.8,17,2.0,1007.9,26.1,29.5,18.8,No,No,Moderate,Cloudy
IMD1136,Siliguri Weather Station,West Bengal,Siliguri,2024-09-06,Monsoon,33.1,22.4,28.5,18.0,62,36.7,S,13.1,96,10.6,1022.6,29.2,31.6,20.9,No,Yes,Light,Haze
IMD1137,Udaipur Weather Station,Rajasthan,Udaipur,2024-05-12,Summer,41.1,33.0,39.0,4.448329673184227,53,2.7,N,1.9,16,2.5,1015.3,40.6,41.6,29.6,No,No,Light,Cloudy
IMD1138,Hubballi Weather Station,Karnataka,Hubballi,2020-07-13,Monsoon,34.9,26.3,28.5,11.8,58,32.3,E,10.4,50,8.2,1005.8,27.6,31.4,20.1,No,No,Light,Cloudy
IMD1139,Lucknow Weather Station,Uttar Pradesh,Lucknow,2022-10-13,Post-Monsoon,34.6,23.7,28.1,6.392658683319551,51,33.9,SE,10.9,11,7.9,1009.2,29.9,30.7,18.3,No,No,Light,Thunderstorm
IMD1140,Udaipur Weather Station,Rajasthan,Udaipur,2022-01-20,Winter,20.5,12.8,18.3,3.162855007095085,54,36.5,NW,4.7,61,8.3,1013.4,20.3,21.0,9.1,No,No,Light,Rain
IMD1141,Durgapur Weather Station,West Bengal,Durgapur,2023-11-07,Post-Monsoon,29.4,23.5,27.3,1.0,51,11.2,SW,12.8,3,4.9,1023.4,25.4,29.9,17.5,No,Yes,Light,Thunderstorm
IMD1142,Silchar Weather Station,Assam,Silchar,2020-01-19,Winter,23.5,13.0,18.2,1.0,42,17.4,W,9.2,84,4.4,1009.1,19.3,20.3,6.6,No,No,Light,Fog
IMD1143,Jodhpur Weather Station,Rajasthan,Jodhpur,2022-01-12,Winter,24.8,15.7,19.2,3.0549352188655523,54,35.8,SW,8.3,97,7.9,1002.2,21.0,21.9,10.0,No,No,Light,Fog
IMD1144,Nashik Weather Station,Maharashtra,Nashik,2020-11-21,Post-Monsoon,29.0,15.4,22.1,4.170052890387998,49,32.7,NW,10.9,10,3.6,1019.4,24.0,24.6,11.9,No,No,Light,Clear
IMD1145,Kanpur Weather Station,Uttar Pradesh,Kanpur,2021-06-20,Monsoon,31.6,24.4,28.2,28.3,66,11.1,NE,8.7,45,1.7,1012.2,28.2,31.5,21.4,No,No,Moderate,Clear
IMD1146,Nashik Weather Station,Maharashtra,Nashik,2024-11-18,Post-Monsoon,30.4,19.8,23.9,2.3327199224918385,40,21.6,S,3.3,17,6.9,1022.1,26.9,25.9,11.9,No,No,Light,Thunderstorm
IMD1147,Jaipur Weather Station,Rajasthan,Jaipur,2020-06-19,Monsoon,30.9,20.1,24.5,20.5,57,20.1,NE,9.2,76,2.6,1018.9,24.1,27.4,15.9,No,No,Moderate,Cloudy
IMD1148,Patiala Weather Station,Punjab,Patiala,2021-11-03,Post-Monsoon,30.2,18.5,23.5,4.178350515974644,52,17.0,SE,4.7,22,1.2,1012.4,24.0,26.1,13.9,No,No,Light,Rain
IMD1149,Chennai Weather Station,Tamil Nadu,Chennai,2021-07-15,Monsoon,32.0,25.7,28.4,57.3,68,37.7,E,13.7,74,4.8,1017.7,28.8,31.8,22.0,No,Yes,Moderate,Thunderstorm
IMD1150,Ludhiana Weather Station,Punjab,Ludhiana,2022-02-07,Winter,24.0,16.2,21.0,1.0,48,16.7,SE,6.3,58,5.8,1019.0,21.9,23.4,10.6,No,No,Light,Haze
IMD1151,Mysuru Weather Station,Karnataka,Mysuru,2022-10-08,Post-Monsoon,34.6,22.5,28.4,1.1133683000883856,48,18.0,NE,11.3,61,3.5,1012.6,27.0,30.8,18.0,No,No,Light,Thunderstorm
IMD1152,Silchar Weather Station,Assam,Silchar,2023-08-06,Monsoon,25.2,14.2,20.7,15.8,58,21.7,S,7.8,72,1.3,1012.5,20.6,23.6,12.3,No,No,Light,Clear
IMD1153,Nashik Weather Station,Maharashtra,Nashik,2020-04-14,Summer,36.3,27.3,30.8,2.364156022077583,44,21.8,NE,3.0,64,0.7,1016.2,32.7,33.0,19.6,No,No,Light,Cloudy
IMD1154,Silchar Weather Station,Assam,Silchar,2024-02-11,Winter,26.4,20.4,24.0,1.0,40,32.9,SW,7.2,22,0.9,1011.4,23.2,26.0,12.0,No,Yes,Light,Haze
IMD1155,Kanpur Weather Station,Uttar Pradesh,Kanpur,2021-11-23,Post-Monsoon,29.2,20.9,27.2,3.932998176193425,41,8.5,NE,5.1,11,1.3,1001.5,28.5,29.2,15.4,No,No,Light,Rain
IMD1156,Siliguri Weather Station,West Bengal,Siliguri,2024-04-04,Summer,38.4,26.3,33.3,1.8907617243098727,43,31.8,S,2.6,30,7.3,1014.1,32.7,35.4,21.9,No,Yes,Light,Haze
IMD1157,Nagpur Weather Station,Maharashtra,Nagpur,2024-11-01,Post-Monsoon,25.7,15.9,21.8,1.0,41,18.0,SW,6.6,43,7.0,1015.6,23.7,23.9,10.0,No,No,Light,Cloudy
IMD1158,Coimbatore Weather Station,Tamil Nadu,Coimbatore,2022-07-31,Monsoon,33.7,21.0,27.9,48.1,62,16.3,SW,10.4,75,3.3,1011.0,27.2,31.0,20.3,No,Yes,Moderate,Cloudy
IMD1159,Kolkata Weather Station,West Bengal,Kolkata,2020-08-27,Monsoon,31.5,25.6,28.8,94.5,99,14.3,SE,7.8,33,6.0,1010.1,27.9,33.8,28.6,Yes,No,Heavy,Rain
IMD1160,Amritsar Weather Station,Punjab,Amritsar,2022-08-27,Monsoon,35.9,24.7,30.8,79.5,83,21.5,SE,1.7,97,2.2,1021.4,30.0,35.0,27.4,No,No,Moderate,Haze
IMD1161,Patiala Weather Station,Punjab,Patiala,2022-05-13,Summer,39.8,29.2,33.6,1.2221951368771877,51,29.1,SW,13.6,85,8.7,1002.8,34.3,36.1,23.8,No,No,Light,Clear
IMD1162,Jodhpur Weather Station,Rajasthan,Jodhpur,2024-01-10,Winter,22.4,13.7,19.2,2.473182121109576,51,11.0,S,6.2,63,0.5,1011.1,21.5,21.8,9.4,No,No,Light,Fog
IMD1163,Lucknow Weather Station,Uttar Pradesh,Lucknow,2023-11-24,Post-Monsoon,24.0,18.1,20.7,21.949280081741207,62,28.4,SW,3.3,31,6.8,1020.8,19.8,23.8,13.1,No,No,Moderate,Haze
IMD1164,Nashik Weather Station,Maharashtra,Nashik,2022-08-29,Monsoon,29.9,17.9,24.7,55.6,70,33.8,W,7.3,3,1.9,1011.1,23.1,28.2,18.7,No,No,Moderate,Rain
IMD1165,Jodhpur Weather Station,Rajasthan,Jodhpur,2020-09-26,Monsoon,33.7,24.9,28.1,58.7,70,38.0,SE,4.8,13,9.9,1007.7,27.7,31.6,22.1,No,No,Moderate,Clear
IMD1166,Jorhat Weather Station,Assam,Jorhat,2020-05-04,Summer,32.6,21.9,27.6,1.282060981337382,39,26.0,W,11.3,51,3.2,1006.9,26.5,29.6,15.4,No,No,Light,Clear
IMD1167,Chennai Weather Station,Tamil Nadu,Chennai,2021-10-21,Post-Monsoon,28.7,17.4,22.7,4.263243355191293,43,15.5,N,13.1,28,10.3,1008.4,24.8,24.8,11.3,No,Yes,Light,Clear
IMD1168,Siliguri Weather Station,West Bengal,Siliguri,2024-09-11,Monsoon,33.2,27.4,30.1,56.1,71,38.9,W,11.2,70,9.9,1023.5,28.3,33.6,24.3,No,No,Moderate,Haze
IMD1169,Nagpur Weather Station,Maharashtra,Nagpur,2024-06-09,Monsoon,35.6,27.7,33.0,41.9,57,9.6,W,11.1,70,2.7,1013.5,34.8,35.9,24.4,No,No,Moderate,Thunderstorm
IMD1170,Kanpur Weather Station,Uttar Pradesh,Kanpur,2021-07-28,Monsoon,36.1,29.2,32.8,42.8,66,26.8,S,4.3,97,0.3,997.5,34.5,36.1,26.0,No,No,Moderate,Clear
IMD1171,Mysuru Weather Station,Karnataka,Mysuru,2023-12-19,Winter,24.4,15.9,18.0,1.8358006426791322,46,21.5,W,3.7,71,0.5,1008.7,16.7,20.3,7.2,No,No,Light,Cloudy
IMD1172,Lucknow Weather Station,Uttar Pradesh,Lucknow,2022-10-01,Post-Monsoon,32.3,22.4,27.7,5.88164711921424,43,9.0,E,9.2,30,3.0,1020.3,30.2,29.8,16.3,No,No,Light,Clear
IMD1173,Chennai Weather Station,Tamil Nadu,Chennai,2024-12-04,Winter,19.6,10.5,17.4,1.0,40,24.7,N,11.6,33,11.6,992.5,19.5,19.4,5.4,No,No,Light,Thunderstorm
IMD1174,Hubballi Weather Station,Karnataka,Hubballi,2022-09-11,Monsoon,28.6,21.0,23.2,37.0,66,31.3,W,2.5,5,3.0,1018.2,24.7,26.5,16.4,No,No,Moderate,Fog
IMD1175,Nagpur Weather Station,Maharashtra,Nagpur,2023-12-31,Winter,21.8,9.6,16.0,2.6482980876259155,45,23.6,NE,8.0,52,7.1,1006.0,15.5,18.2,5.0,No,No,Light,Clear
IMD1176,Jodhpur Weather Station,Rajasthan,Jodhpur,2020-09-03,Monsoon,34.0,25.0,31.5,25.5,59,31.8,E,2.8,15,9.5,1015.7,32.9,34.5,23.3,No,No,Moderate,Rain
IMD1177,Mysuru Weather Station,Karnataka,Mysuru,2022-07-03,Monsoon,28.6,21.6,24.0,70.5,76,29.1,W,7.7,8,11.4,1005.4,22.1,27.8,19.2,No,No,Moderate,Clear
IMD1178,Amritsar Weather Station,Punjab,Amritsar,2021-03-25,Summer,31.9,22.9,29.6,3.611954226520996,46,3.7,E,3.1,75,8.6,1012.0,28.3,31.9,18.8,No,No,Light,Haze
IMD1179,Kolkata Weather Station,West Bengal,Kolkata,2022-12-01,Winter,25.2,18.9,22.5,1.0,44,17.1,S,9.2,93,1.7,1019.8,21.4,24.7,11.3,No,Yes,Light,Cloudy
IMD1180,Ludhiana Weather Station,Punjab,Ludhiana,2020-11-06,Post-Monsoon,27.0,19.6,24.7,1.0,42,20.6,W,4.0,63,2.3,1017.7,25.4,26.8,13.1,No,No,Light,Haze
IMD1181,Pune Weather Station,Maharashtra,Pune,2023-12-26,Winter,17.1,11.1,15.0,1.0,48,34.5,NW,2.9,94,9.4,1016.2,17.2,17.4,4.6,No,No,Light,Thunderstorm
IMD1182,Jaipur Weather Station,Rajasthan,Jaipur,2020-04-19,Summer,44.7,35.2,38.0,7.862770301174538,54,16.8,SW,11.7,47,8.9,1013.5,40.4,40.7,28.8,No,No,Light,Clear
IMD1183,Mysuru Weather Station,Karnataka,Mysuru,2022-11-26,Post-Monsoon,28.4,21.4,24.9,4.9525351373315685,51,14.3,N,14.4,27,3.7,1006.9,26.1,27.4,15.1,No,No,Light,Rain
IMD1184,Guwahati Weather Station,Assam,Guwahati,2021-10-27,Post-Monsoon,28.4,20.8,23.0,2.929884200843016,39,33.6,NE,10.9,67,11.8,1010.8,21.4,24.9,10.8,No,Yes,Light,Fog
IMD1185,Meerut Weather Station,Uttar Pradesh,Meerut,2020-06-04,Monsoon,31.4,22.6,24.8,63.2,74,19.3,SE,9.1,37,5.3,1018.8,26.2,28.5,19.6,No,No,Moderate,Thunderstorm
IMD1186,Bengaluru Weather Station,Karnataka,Bengaluru,2022-10-11,Post-Monsoon,31.3,20.5,24.5,5.502619145655462,43,30.6,S,5.9,67,11.9,1007.3,26.7,26.6,13.1,No,No,Light,Thunderstorm
IMD1187,Kolkata Weather Station,West Bengal,Kolkata,2021-07-23,Monsoon,30.6,22.2,25.6,91.8,98,16.7,E,3.1,54,9.4,1013.0,27.8,30.5,25.2,Yes,Yes,Heavy,Clear
IMD1188,Siliguri Weather Station,West Bengal,Siliguri,2021-09-16,Monsoon,40.1,29.0,35.7,40.9,67,30.4,SW,12.6,21,6.2,1018.6,37.9,39.1,29.1,No,Yes,Moderate,Clear
IMD1189,Nagpur Weather Station,Maharashtra,Nagpur,2020-05-07,Summer,37.3,27.7,34.3,11.754950329506704,54,19.6,W,13.1,34,4.8,1013.2,34.9,37.0,25.1,No,No,Light,Rain
IMD1190,Bengaluru Weather Station,Karnataka,Bengaluru,2020-01-09,Winter,24.6,16.0,18.8,1.1311549454452534,51,22.8,N,1.5,38,6.5,1001.6,20.1,21.4,9.0,No,No,Light,Clear
IMD1191,Hubballi Weather Station,Karnataka,Hubballi,2020-01-29,Winter,20.2,10.0,15.7,4.287806351464068,53,5.6,W,13.9,34,6.2,1020.0,16.3,18.3,6.3,No,No,Light,Clear
IMD1192,Udaipur Weather Station,Rajasthan,Udaipur,2020-04-04,Summer,34.6,27.1,31.6,1.0,53,27.8,N,4.9,52,1.7,1015.1,34.2,34.2,22.2,No,No,Light,Thunderstorm
IMD1193,Ludhiana Weather Station,Punjab,Ludhiana,2021-11-27,Post-Monsoon,34.1,22.4,28.2,7.216673054943183,48,26.9,N,5.3,39,5.9,1025.7,29.6,30.6,17.8,No,No,Light,Clear
IMD1194,Kanpur Weather Station,Uttar Pradesh,Kanpur,2023-10-25,Post-Monsoon,25.9,18.6,20.7,3.23344326390587,45,15.1,S,6.6,27,11.3,1003.0,19.2,22.9,9.7,No,No,Light,Thunderstorm
IMD1195,Amritsar Weather Station,Punjab,Amritsar,2021-10-20,Post-Monsoon,31.2,20.3,24.5,9.37839021877921,47,7.4,E,3.2,12,11.9,1016.1,22.6,26.9,13.9,No,No,Light,Fog
IMD1196,Bengaluru Weather Station,Karnataka,Bengaluru,2023-11-27,Post-Monsoon,26.5,17.3,20.6,11.025088844213029,43,5.5,S,10.4,27,2.7,1007.1,20.1,22.8,9.2,No,No,Light,Rain
IMD1197,Chennai Weather Station,Tamil Nadu,Chennai,2023-01-20,Winter,21.2,13.1,15.9,7.6372806998009475,56,22.6,SW,13.3,28,7.3,1008.7,15.3,18.7,7.1,No,Yes,Light,Thunderstorm
IMD1198,Madurai Weather Station,Tamil Nadu,Madurai,2023-01-05,Winter,25.9,15.7,21.1,1.2320631734420755,37,23.6,S,13.8,49,8.4,1004.9,19.2,23.0,8.5,No,Yes,Light,Haze
IMD1199,Durgapur Weather Station,West Bengal,Durgapur,2021-07-31,Monsoon,30.5,25.2,28.1,36.5,67,39.9,N,13.5,6,5.9,1009.2,27.4,31.5,21.5,No,Yes,Moderate,Thunderstorm
IMD1200,Jorhat Weather Station,Assam,Jorhat,2020-02-09,Winter,23.3,10.5,17.2,1.1307405449020163,49,1.6,SE,10.9,54,3.4,1003.9,16.0,19.6,7.0,No,No,Light,Rain
IMD1201,Mysuru Weather Station,Karnataka,Mysuru,2024-01-18,Winter,23.6,14.0,19.9,2.662997158011096,50,32.3,SW,12.9,5,0.9,1004.9,20.0,22.4,9.9,No,No,Light,Cloudy
IMD1202,Nashik Weather Station,Maharashtra,Nashik,2023-03-08,Summer,37.5,28.0,32.0,3.1477517258512475,51,35.1,W,1.8,14,8.5,1009.9,31.1,34.5,22.2,No,No,Light,Haze
IMD1203,Amritsar Weather Station,Punjab,Amritsar,2020-02-13,Winter,16.7,11.4,14.6,1.487205041136517,49,26.3,SW,14.6,91,11.1,1000.7,15.3,17.1,4.4,No,No,Light,Haze
IMD1204,Hubballi Weather Station,Karnataka,Hubballi,2024-05-07,Summer,41.1,30.6,37.1,1.0,50,15.6,NW,1.1,49,2.1,997.3,35.2,39.6,27.1,No,No,Light,Thunderstorm
IMD1205,Patiala Weather Station,Punjab,Patiala,2024-06-17,Monsoon,26.2,19.6,22.9,49.7,61,39.5,SE,2.6,28,7.7,1022.7,25.3,25.9,15.1,No,No,Moderate,Rain
IMD1206,Bengaluru Weather Station,Karnataka,Bengaluru,2021-12-15,Winter,19.6,9.0,15.2,4.684119679257925,41,20.3,SE,6.8,72,1.3,1002.5,17.8,17.2,3.4,No,No,Light,Cloudy
IMD1207,Lucknow Weather Station,Uttar Pradesh,Lucknow,2021-05-25,Summer,39.5,26.8,33.1,13.594328324662195,49,16.9,W,9.3,85,5.6,1011.8,31.5,35.6,22.9,No,No,Light,Fog
IMD1208,Durgapur Weather Station,West Bengal,Durgapur,2023-03-26,Summer,35.1,27.3,31.8,1.0,48,21.7,E,5.0,59,11.0,1018.0,30.5,34.2,21.4,No,Yes,Light,Thunderstorm
IMD1209,Coimbatore Weather Station,Tamil Nadu,Coimbatore,2024-12-10,Winter,22.4,13.1,16.4,1.8308179025772793,51,19.0,N,4.3,8,2.4,1018.2,19.3,18.9,6.6,No,Yes,Light,Haze
IMD1210,Durgapur Weather Station,West Bengal,Durgapur,2022-01-06,Winter,18.0,9.8,14.5,1.0,47,28.8,S,8.4,92,10.1,1007.8,16.4,16.9,3.9,No,No,Light,Thunderstorm
IMD1211,Jorhat Weather Station,Assam,Jorhat,2021-09-08,Monsoon,37.3,26.1,32.8,34.4,59,32.1,S,13.3,16,1.7,1015.7,31.1,35.8,24.6,No,No,Moderate,Rain
IMD1212,Lucknow Weather Station,Uttar Pradesh,Lucknow,2020-12-30,Winter,15.3,7.8,11.4,4.165370935567539,45,31.4,SE,12.6,37,1.7,1012.3,13.9,13.7,0.4,No,No,Light,Fog
IMD1213,Lucknow Weather Station,Uttar Pradesh,Lucknow,2020-08-03,Monsoon,29.5,20.3,25.6,24.3,64,28.1,NW,2.2,99,9.3,1011.9,27.4,28.8,18.4,No,No,Moderate,Clear
IMD1214,Guwahati Weather Station,Assam,Guwahati,2023-11-29,Post-Monsoon,30.5,22.7,25.7,5.571100670855026,48,37.0,S,11.2,96,9.8,1029.5,26.5,28.1,15.3,No,No,Light,Rain
IMD1215,Meerut Weather Station,Uttar Pradesh,Meerut,2020-05-28,Summer,34.8,26.5,31.8,3.5096166552414174,49,7.1,SW,6.3,92,8.0,1010.4,30.7,34.2,21.6,No,No,Light,Rain
IMD1216,Amritsar Weather Station,Punjab,Amritsar,2022-05-08,Summer,33.1,23.7,29.6,1.9996768402016931,46,14.0,E,5.3,36,4.9,1015.9,32.3,31.9,18.8,No,No,Light,Cloudy
IMD1217,Udaipur Weather Station,Rajasthan,Udaipur,2023-10-30,Post-Monsoon,31.3,23.2,25.8,1.0,53,9.8,NE,2.7,48,9.0,1012.3,27.0,28.4,16.4,No,No,Light,Thunderstorm
IMD1218,Ludhiana Weather Station,Punjab,Ludhiana,2020-12-08,Winter,24.0,14.9,19.9,3.629363237325587,43,14.3,NE,6.3,12,4.8,1024.0,22.7,22.0,8.5,No,No,Light,Thunderstorm
IMD1219,Jorhat Weather Station,Assam,Jorhat,2021-08-15,Monsoon,28.0,20.3,24.7,50.0,77,36.3,N,8.6,68,9.0,1017.6,25.5,28.6,20.1,No,Yes,Moderate,Rain
IMD1220,Nashik Weather Station,Maharashtra,Nashik,2020-02-02,Winter,25.4,17.8,20.7,1.0,44,39.8,SW,9.6,58,0.5,1015.9,22.0,22.9,9.5,No,No,Light,Rain
IMD1221,Jorhat Weather Station,Assam,Jorhat,2023-12-06,Winter,23.5,17.3,21.5,1.0,46,9.2,NW,12.7,9,6.7,1021.1,21.8,23.8,10.7,No,No,Light,Rain
IMD1222,Hubballi Weather Station,Karnataka,Hubballi,2020-05-02,Summer,37.5,28.2,35.1,1.0,37,2.4,SW,6.2,70,9.6,1019.6,34.5,37.0,22.5,No,No,Light,Haze
IMD1223,Chennai Weather Station,Tamil Nadu,Chennai,2023-06-08,Monsoon,30.2,20.5,26.3,137.7,100,38.1,E,8.1,43,8.8,1011.8,28.0,31.3,26.3,Yes,Yes,Heavy,Fog
IMD1224,Jodhpur Weather Station,Rajasthan,Jodhpur,2022-02-27,Winter,20.9,14.8,17.7,3.868768806561852,47,36.5,E,7.7,95,9.8,1003.5,17.5,20.1,7.1,No,No,Light,Fog
IMD1225,Jorhat Weather Station,Assam,Jorhat,2022-12-16,Winter,16.9,9.2,14.8,5.563157669035324,52,3.0,NW,7.0,87,3.0,1017.6,14.2,17.4,5.2,No,Yes,Light,Thunderstorm
IMD1226,Pune Weather Station,Maharashtra,Pune,2020-03-16,Summer,39.9,30.7,36.9,1.0,39,21.7,NW,10.4,83,3.6,1031.6,39.0,38.9,24.7,No,No,Light,Thunderstorm
IMD1227,Kolkata Weather Station,West Bengal,Kolkata,2022-12-20,Winter,27.3,14.5,20.4,5.4629018658539374,46,35.8,N,11.6,82,9.2,1010.2,19.3,22.7,9.6,No,Yes,Light,Cloudy
IMD1228,Kanpur Weather Station,Uttar Pradesh,Kanpur,2023-02-17,Winter,22.7,18.3,20.3,2.2391075100121585,46,8.8,E,5.1,100,8.5,1018.0,19.6,22.6,9.5,No,No,Light,Cloudy
IMD1229,Nagpur Weather Station,Maharashtra,Nagpur,2023-02-18,Winter,25.4,19.4,21.7,3.264604393603592,51,1.4,NW,12.4,68,11.8,1004.2,23.1,24.2,11.9,No,No,Light,Clear
IMD1230,Amritsar Weather Station,Punjab,Amritsar,2021-02-05,Winter,23.1,12.9,16.4,1.0,43,26.2,SE,4.1,37,1.3,1009.5,14.9,18.5,5.0,No,No,Light,Fog
IMD1231,Hubballi Weather Station,Karnataka,Hubballi,2023-10-28,Post-Monsoon,31.6,20.8,27.2,1.0,40,2.6,SE,14.2,1,2.0,1010.5,29.7,29.2,15.2,No,No,Light,Fog
IMD1232,Kolkata Weather Station,West Bengal,Kolkata,2020-02-01,Winter,25.6,13.6,18.9,1.2485790649370514,40,29.0,NW,9.1,22,1.5,1014.3,18.7,20.9,6.9,No,Yes,Light,Rain
IMD1233,Jodhpur Weather Station,Rajasthan,Jodhpur,2024-02-21,Winter,18.8,10.5,16.3,10.758213883527837,45,20.1,NW,2.7,90,8.8,1018.1,17.4,18.6,5.3,No,No,Light,Clear
IMD1234,Jodhpur Weather Station,Rajasthan,Jodhpur,2020-06-18,Monsoon,33.0,25.1,29.2,62.0,74,35.8,E,13.4,21,5.3,1004.0,28.1,32.9,24.0,No,No,Moderate,Cloudy
IMD1235,Lucknow Weather Station,Uttar Pradesh,Lucknow,2024-03-19,Summer,42.3,34.1,37.2,4.741730955930213,48,5.5,SE,4.6,32,5.6,1011.2,36.0,39.6,26.8,No,No,Light,Clear
IMD1236,Guwahati Weather Station,Assam,Guwahati,2023-03-11,Summer,38.3,28.5,34.8,2.9382976103862,48,35.2,S,10.3,98,5.0,1015.0,33.5,37.2,24.4,No,No,Light,Cloudy
IMD1237,Udaipur Weather Station,Rajasthan,Udaipur,2021-09-12,Monsoon,20.8,13.0,18.7,37.9,57,31.2,S,1.5,93,2.2,995.0,17.4,21.6,10.1,No,No,Moderate,Clear
IMD1238,Jaipur Weather Station,Rajasthan,Jaipur,2020-09-28,Monsoon,34.0,26.3,31.3,27.9,54,19.4,E,11.4,87,4.4,1011.6,32.4,34.0,22.1,No,No,Moderate,Thunderstorm
IMD1239,Jorhat Weather Station,Assam,Jorhat,2022-12-23,Winter,16.2,7.1,13.7,1.0,48,30.3,NW,11.5,77,7.4,1001.5,11.9,16.1,3.3,No,No,Light,Cloudy
IMD1240,Jodhpur Weather Station,Rajasthan,Jodhpur,2022-10-19,Post-Monsoon,27.6,18.2,23.1,1.0,37,17.7,NW,9.7,67,3.8,1011.7,25.7,25.0,10.5,No,No,Light,Thunderstorm
IMD1241,Kolkata Weather Station,West Bengal,Kolkata,2024-05-29,Summer,41.9,33.6,37.1,2.4560213351998326,52,8.0,E,13.6,12,6.3,1008.4,37.8,39.7,27.5,No,No,Light,Rain
IMD1242,Jodhpur Weather Station,Rajasthan,Jodhpur,2024-02-20,Winter,26.1,13.8,20.6,5.618206564849672,54,22.4,N,7.9,38,5.3,1018.2,19.1,23.3,11.4,No,No,Light,Thunderstorm
IMD1243,Udaipur Weather Station,Rajasthan,Udaipur,2020-05-24,Summer,32.2,24.2,30.0,6.479481912362589,54,16.6,W,1.3,65,11.2,1002.7,28.6,32.7,20.8,No,No,Light,Cloudy
IMD1244,Kanpur Weather Station,Uttar Pradesh,Kanpur,2024-03-22,Summer,42.5,34.2,38.6,3.4807119177771932,53,16.9,NE,1.7,71,10.4,1007.2,39.3,41.2,29.2,No,No,Light,Cloudy
IMD1245,Jodhpur Weather Station,Rajasthan,Jodhpur,2021-03-21,Summer,37.2,28.7,32.0,1.0,46,26.5,N,10.8,96,4.5,1010.5,34.6,34.3,21.2,No,No,Light,Clear
IMD1246,Coimbatore Weather Station,Tamil Nadu,Coimbatore,2020-03-19,Summer,38.1,28.3,33.6,20.467010340435518,60,2.8,SW,13.2,48,11.0,1018.8,34.4,36.6,25.6,No,No,Moderate,Fog
IMD1247,Chennai Weather Station,Tamil Nadu,Chennai,2022-05-02,Summer,35.8,24.7,30.0,1.726451933156254,46,7.2,N,2.8,38,0.8,1007.0,29.0,32.3,19.2,No,Yes,Light,Thunderstorm
IMD1248,Meerut Weather Station,Uttar Pradesh,Meerut,2021-07-15,Monsoon,34.9,28.9,31.7,14.5,56,18.1,SE,2.1,100,1.8,1008.7,32.3,34.5,22.9,No,No,Light,Rain
IMD1249,Patiala Weather Station,Punjab,Patiala,2023-04-13,Summer,40.4,32.0,38.4,2.2642202582826085,46,35.5,NE,1.9,11,11.0,992.4,39.8,40.7,27.6,No,No,Light,Haze
IMD1250,Silchar Weather Station,Assam,Silchar,2024-03-08,Summer,37.5,27.5,30.9,2.7524069136325524,45,6.3,S,2.2,19,10.5,1007.7,32.5,33.1,19.9,No,Yes,Light,Haze
IMD1251,Ludhiana Weather Station,Punjab,Ludhiana,2021-12-23,Winter,17.7,5.8,11.9,2.0744322184388326,42,30.1,E,8.5,80,9.7,1028.3,11.7,14.0,0.3,No,No,Light,Haze
IMD1252,Durgapur Weather Station,West Bengal,Durgapur,2023-01-28,Winter,22.7,14.0,19.0,1.1032280158523577,50,36.9,SE,2.5,28,5.4,1030.0,20.5,21.5,9.0,No,No,Light,Rain
IMD1253,Amritsar Weather Station,Punjab,Amritsar,2023-06-03,Monsoon,33.0,22.3,28.7,40.4,63,8.6,N,6.4,71,8.0,1009.4,31.2,31.8,21.3,No,No,Moderate,Cloudy
IMD1254,Siliguri Weather Station,West Bengal,Siliguri,2024-11-01,Post-Monsoon,33.9,22.0,27.6,1.579499117065638,49,18.8,W,10.8,19,2.4,1009.6,27.4,30.1,17.4,No,Yes,Light,Clear
IMD1255,Jaipur Weather Station,Rajasthan,Jaipur,2023-08-16,Monsoon,32.5,20.3,26.7,39.6,67,37.7,SE,7.5,53,9.4,1002.2,25.7,30.1,20.1,No,No,Moderate,Fog
IMD1256,Amritsar Weather Station,Punjab,Amritsar,2022-10-30,Post-Monsoon,31.6,22.0,27.2,1.0,37,14.6,S,10.9,33,6.9,1011.5,26.3,29.1,14.6,No,No,Light,Fog
IMD1257,Coimbatore Weather Station,Tamil Nadu,Coimbatore,2020-02-02,Winter,18.9,8.6,15.4,1.0,53,2.1,SW,7.0,74,10.5,1003.9,17.3,18.1,6.0,No,No,Light,Clear
IMD1258,Jorhat Weather Station,Assam,Jorhat,2024-03-30,Summer,40.1,30.7,34.4,4.021414723019614,40,32.8,SE,2.4,73,2.9,1018.2,37.3,36.4,22.4,No,Yes,Light,Clear
IMD1259,Coimbatore Weather Station,Tamil Nadu,Coimbatore,2020-05-24,Summer,35.7,25.2,30.7,1.705607398247642,37,12.1,S,6.2,83,11.9,1011.9,29.2,32.5,18.1,No,No,Light,Cloudy
IMD1260,Jodhpur Weather Station,Rajasthan,Jodhpur,2021-01-14,Winter,20.3,11.3,15.5,1.363712984067539,47,20.8,NW,6.5,46,7.6,1012.0,17.1,17.9,4.9,No,No,Light,Thunderstorm
IMD1261,Jodhpur Weather Station,Rajasthan,Jodhpur,2021-08-22,Monsoon,38.2,31.7,34.8,38.9,60,37.1,E,4.1,29,6.5,1011.2,34.7,37.8,26.8,No,No,Moderate,Haze
IMD1262,Meerut Weather Station,Uttar Pradesh,Meerut,2021-06-04,Monsoon,31.7,22.7,25.2,44.3,69,4.7,S,6.4,96,5.2,1004.6,27.1,28.6,19.0,No,No,Moderate,Fog
IMD1263,Bengaluru Weather Station,Karnataka,Bengaluru,2022-10-09,Post-Monsoon,29.1,16.6,22.4,6.545729799406851,46,26.9,SW,5.4,100,4.2,1010.5,24.6,24.7,11.6,No,No,Light,Fog
IMD1264,Ludhiana Weather Station,Punjab,Ludhiana,2024-12-26,Winter,29.2,17.1,23.6,1.0,40,8.4,NE,5.1,7,0.9,1023.2,25.6,25.6,11.6,No,No,Light,Cloudy
IMD1265,Jaipur Weather Station,Rajasthan,Jaipur,2024-02-08,Winter,18.6,8.4,14.4,7.833517010025988,52,28.3,NE,13.4,95,0.9,1002.1,15.1,17.0,4.8,No,No,Light,Rain
IMD1266,Madurai Weather Station,Tamil Nadu,Madurai,2024-05-13,Summer,41.4,35.4,38.9,2.3721894973658766,48,13.9,NW,10.9,21,9.6,1009.6,41.7,41.3,28.5,No,No,Light,Haze
IMD1267,Patiala Weather Station,Punjab,Patiala,2024-01-27,Winter,27.5,15.2,20.6,1.0,45,22.8,S,14.4,7,2.1,1003.6,22.0,22.9,9.6,No,No,Light,Clear
IMD1268,Patiala Weather Station,Punjab,Patiala,2021-05-29,Summer,36.5,27.8,32.6,1.0,49,9.5,SE,13.8,16,7.2,1008.4,33.2,35.1,22.4,No,No,Light,Haze
IMD1269,Guwahati Weather Station,Assam,Guwahati,2021-08-16,Monsoon,28.0,20.3,25.1,104.0,100,2.3,W,8.6,48,8.7,1017.8,26.0,30.1,25.1,Yes,No,Heavy,Haze
IMD1270,Silchar Weather Station,Assam,Silchar,2024-11-03,Post-Monsoon,26.4,18.1,24.3,4.527673134393298,48,6.3,NE,10.9,28,6.1,1003.7,24.4,26.7,13.9,No,Yes,Light,Rain
IMD1271,Bengaluru Weather Station,Karnataka,Bengaluru,2022-06-05,Monsoon,34.0,26.9,31.2,16.8,53,16.5,S,12.0,49,0.5,1008.6,31.8,33.9,21.8,No,No,Light,Rain
IMD1272,Kolkata Weather Station,West Bengal,Kolkata,2024-08-05,Monsoon,34.3,27.7,31.2,30.5,54,21.9,N,7.1,42,0.7,1003.8,34.2,33.9,22.0,No,Yes,Moderate,Clear
IMD1273,Lucknow Weather Station,Uttar Pradesh,Lucknow,2024-03-08,Summer,39.4,31.1,34.7,4.903235460735546,47,36.7,W,11.0,90,3.9,1017.0,37.2,37.1,24.1,No,No,Light,Clear
IMD1274,Guwahati Weather Station,Assam,Guwahati,2020-11-15,Post-Monsoon,27.9,19.2,23.3,19.181408436190665,59,31.0,S,12.9,18,6.6,1008.9,21.3,26.2,15.1,No,No,Light,Cloudy
IMD1275,Kolkata Weather Station,West Bengal,Kolkata,2021-11-11,Post-Monsoon,32.8,25.9,28.3,1.0,46,4.0,E,8.3,87,2.0,1014.1,28.2,30.6,17.5,No,No,Light,Clear
IMD1276,Mysuru Weather Station,Karnataka,Mysuru,2020-05-22,Summer,38.2,27.2,31.4,19.216746448052383,55,28.7,SW,6.1,43,9.4,1017.9,31.6,34.1,22.4,No,No,Light,Cloudy
IMD1277,Siliguri Weather Station,West Bengal,Siliguri,2021-01-27,Winter,23.8,13.4,17.7,1.0,48,2.2,S,3.7,76,6.7,1012.6,19.4,20.1,7.3,No,No,Light,Fog
IMD1278,Chennai Weather Station,Tamil Nadu,Chennai,2024-09-03,Monsoon,32.6,22.7,26.4,45.9,69,7.7,NE,11.8,30,4.3,1012.0,28.2,29.8,20.2,No,No,Moderate,Clear
IMD1279,Amritsar Weather Station,Punjab,Amritsar,2021-08-23,Monsoon,32.5,24.9,30.0,12.0,50,26.5,N,1.7,15,9.5,1015.6,32.2,32.5,20.0,No,No,Light,Cloudy
IMD1280,Guwahati Weather Station,Assam,Guwahati,2022-10-12,Post-Monsoon,31.1,20.9,24.2,1.0,45,1.1,E,14.1,10,8.4,1004.2,23.1,26.4,13.2,No,Yes,Light,Rain
IMD1281,Jorhat Weather Station,Assam,Jorhat,2024-10-28,Post-Monsoon,28.1,17.6,24.4,1.0,37,2.6,SE,4.6,78,0.3,1009.8,25.3,26.2,11.8,No,No,Light,Cloudy
IMD1282,Kanpur Weather Station,Uttar Pradesh,Kanpur,2023-09-10,Monsoon,29.7,20.2,22.8,44.0,59,16.2,SW,4.3,73,9.7,999.9,21.9,25.8,14.6,No,No,Moderate,Thunderstorm
IMD1283,Ludhiana Weather Station,Punjab,Ludhiana,2023-02-07,Winter,23.9,16.2,19.9,2.4380366959650632,49,6.5,SE,13.7,89,3.6,1023.0,22.9,22.3,9.7,No,No,Light,Haze
IMD1284,Udaipur Weather Station,Rajasthan,Udaipur,2023-10-16,Post-Monsoon,27.9,21.8,25.0,6.287930261084579,52,1.5,NW,10.4,71,7.7,1011.4,23.6,27.6,15.4,No,No,Light,Thunderstorm
IMD1285,Bengaluru Weather Station,Karnataka,Bengaluru,2023-04-20,Summer,33.1,26.4,30.7,7.893341955373642,43,5.0,NE,4.8,42,3.1,1014.3,31.8,32.9,19.3,No,No,Light,Clear
IMD1286,Ludhiana Weather Station,Punjab,Ludhiana,2022-10-01,Post-Monsoon,31.4,26.3,28.6,1.0,47,35.9,NW,11.4,10,7.9,1022.6,28.7,31.0,18.0,No,No,Light,Rain
IMD1287,Chennai Weather Station,Tamil Nadu,Chennai,2021-12-11,Winter,22.3,13.7,15.7,1.8698685790075473,43,31.3,S,12.5,33,10.6,1012.6,14.9,17.8,4.3,No,No,Light,Clear
IMD1288,Udaipur Weather Station,Rajasthan,Udaipur,2020-03-30,Summer,37.7,29.3,32.5,5.093785732474789,54,35.0,E,12.1,20,8.3,1006.4,30.6,35.2,23.3,No,No,Light,Haze
IMD1289,Pune Weather Station,Maharashtra,Pune,2020-11-07,Post-Monsoon,31.0,23.4,25.5,1.6378418521023304,43,16.6,E,2.7,35,11.9,1001.0,27.9,27.6,14.1,No,No,Light,Fog
IMD1290,Meerut Weather Station,Uttar Pradesh,Meerut,2020-03-20,Summer,31.2,24.1,28.6,1.0,37,10.7,E,14.7,8,7.4,1013.0,30.8,30.5,16.0,No,No,Light,Thunderstorm
IMD1291,Chennai Weather Station,Tamil Nadu,Chennai,2021-08-13,Monsoon,25.0,15.8,20.7,55.5,68,6.6,SW,5.4,87,8.5,1024.0,19.6,24.1,14.3,No,Yes,Moderate,Cloudy
IMD1292,Meerut Weather Station,Uttar Pradesh,Meerut,2024-04-11,Summer,40.3,30.7,34.5,14.722198368646405,46,14.0,S,9.8,3,4.6,1016.9,36.8,36.8,23.7,No,No,Light,Cloudy
IMD1293,Siliguri Weather Station,West Bengal,Siliguri,2020-05-15,Summer,41.2,30.1,35.2,9.182974017490809,52,25.7,E,8.9,19,3.8,1017.8,37.9,37.8,25.6,No,Yes,Light,Fog
IMD1294,Mysuru Weather Station,Karnataka,Mysuru,2023-06-30,Monsoon,35.5,24.5,29.6,46.1,72,15.2,S,3.0,56,4.1,1013.4,32.3,33.2,24.0,No,No,Moderate,Clear
IMD1295,Coimbatore Weather Station,Tamil Nadu,Coimbatore,2020-05-23,Summer,41.0,29.3,36.2,1.0,42,33.3,S,9.8,69,11.4,1019.2,38.2,38.3,24.6,No,Yes,Light,Cloudy
IMD1296,Guwahati Weather Station,Assam,Guwahati,2024-01-03,Winter,23.9,15.1,17.4,5.853984622939684,53,33.8,SW,6.3,74,4.7,1011.3,16.3,20.0,8.0,No,Yes,Light,Rain
IMD1297,Kanpur Weather Station,Uttar Pradesh,Kanpur,2020-05-27,Summer,44.2,32.4,37.5,5.003814858931672,55,3.1,NW,11.7,27,8.5,1010.0,36.9,40.2,28.5,No,No,Light,Rain
IMD1298,Jodhpur Weather Station,Rajasthan,Jodhpur,2021-11-27,Post-Monsoon,26.3,19.3,23.6,1.057946637060116,51,38.7,NW,4.2,90,5.8,1009.2,22.2,26.2,13.8,No,No,Light,Rain
IMD1299,Pune Weather Station,Maharashtra,Pune,2020-08-29,Monsoon,34.5,24.0,28.0,39.1,67,24.4,NW,12.7,28,5.6,1010.9,29.1,31.4,21.4,No,No,Moderate,Haze
IMD1300,Nashik Weather Station,Maharashtra,Nashik,2022-10-03,Post-Monsoon,28.7,20.9,23.7,1.0,51,7.6,NW,12.1,24,8.8,1006.4,24.0,26.2,13.9,No,No,Light,Thunderstorm
IMD1301,Jorhat Weather Station,Assam,Jorhat,2024-06-02,Monsoon,32.8,20.6,26.5,28.2,60,10.8,SE,11.9,45,5.9,1018.3,28.9,29.5,18.5,No,Yes,Moderate,Cloudy
IMD1302,Jodhpur Weather Station,Rajasthan,Jodhpur,2023-05-19,Summer,36.2,26.2,31.6,8.106562836348024,48,16.1,S,12.7,66,3.3,1022.2,33.1,34.0,21.2,No,No,Light,Cloudy
IMD1303,Hubballi Weather Station,Karnataka,Hubballi,2023-03-09,Summer,38.7,28.4,34.1,13.459199247359765,44,12.5,NE,8.4,4,2.0,1021.4,35.1,36.3,22.9,No,No,Light,Cloudy
IMD1304,Patiala Weather Station,Punjab,Patiala,2024-11-19,Post-Monsoon,33.1,20.5,27.1,1.0429842254276953,46,15.8,W,8.9,86,8.7,1024.1,25.5,29.4,16.3,No,No,Light,Haze
IMD1305,Kolkata Weather Station,West Bengal,Kolkata,2023-01-04,Winter,18.0,9.2,15.1,7.476945816002022,54,18.7,SE,7.8,74,6.2,1019.1,15.0,17.8,5.9,No,No,Light,Rain
IMD1306,Amritsar Weather Station,Punjab,Amritsar,2021-06-18,Monsoon,32.8,25.4,27.6,51.3,68,29.7,SW,7.9,21,0.7,1009.5,26.1,31.0,21.2,No,No,Moderate,Rain
IMD1307,Ludhiana Weather Station,Punjab,Ludhiana,2020-04-02,Summer,39.7,30.0,33.3,7.3610996237257975,52,5.6,N,14.1,81,4.0,1016.3,34.2,35.9,23.7,No,No,Light,Clear
IMD1308,Chennai Weather Station,Tamil Nadu,Chennai,2024-08-26,Monsoon,34.0,25.9,29.3,36.1,70,30.8,E,2.4,46,9.0,995.1,31.9,32.8,23.3,No,Yes,Moderate,Cloudy
IMD1309,Ludhiana Weather Station,Punjab,Ludhiana,2021-01-03,Winter,18.9,10.6,14.7,5.0726128001328625,40,28.5,S,6.3,60,4.3,1003.2,16.9,16.7,2.7,No,No,Light,Rain
IMD1310,Madurai Weather Station,Tamil Nadu,Madurai,2023-08-16,Monsoon,33.7,24.1,29.7,50.5,69,21.1,SE,3.9,59,5.5,1006.6,31.0,33.1,23.5,No,Yes,Moderate,Fog
IMD1311,Silchar Weather Station,Assam,Silchar,2021-07-10,Monsoon,38.1,25.2,31.5,42.5,74,9.3,E,4.3,69,8.9,1009.0,32.4,35.2,26.3,No,Yes,Moderate,Fog
IMD1312,Hubballi Weather Station,Karnataka,Hubballi,2024-07-17,Monsoon,35.0,24.0,29.9,29.6,62,37.4,N,8.6,34,8.0,1013.7,28.6,33.0,22.3,No,No,Moderate,Fog
IMD1313,Pune Weather Station,Maharashtra,Pune,2022-11-14,Post-Monsoon,20.0,15.6,17.8,1.0,40,36.4,NW,6.7,42,11.4,1013.8,18.7,19.8,5.8,No,No,Light,Fog
IMD1314,Madurai Weather Station,Tamil Nadu,Madurai,2022-09-25,Monsoon,35.7,29.3,33.5,37.4,66,8.5,N,9.0,27,8.7,1007.7,33.7,36.8,26.7,No,No,Moderate,Haze
IMD1315,Kanpur Weather Station,Uttar Pradesh,Kanpur,2024-02-09,Winter,19.6,11.6,17.0,1.0,39,32.5,N,7.5,94,10.4,1009.8,15.0,18.9,4.8,No,No,Light,Cloudy
IMD1316,Kolkata Weather Station,West Bengal,Kolkata,2024-12-20,Winter,21.0,12.3,15.1,1.090119169891778,46,18.4,NE,5.8,99,0.3,1013.8,16.5,17.4,4.3,No,No,Light,Fog
IMD1317,Jorhat Weather Station,Assam,Jorhat,2024-01-23,Winter,22.4,15.4,19.6,2.131990527556468,47,39.8,NE,7.5,88,6.6,1021.9,20.7,22.0,9.0,No,Yes,Light,Cloudy
IMD1318,Kolkata Weather Station,West Bengal,Kolkata,2021-07-22,Monsoon,30.2,20.8,24.9,46.9,62,3.2,SE,8.7,100,10.8,1011.5,24.1,28.0,17.3,No,No,Moderate,Clear
IMD1319,Jaipur Weather Station,Rajasthan,Jaipur,2023-03-14,Summer,41.4,29.3,35.3,1.1129406450317298,49,8.4,SW,9.9,36,4.3,1013.2,35.7,37.8,25.1,No,No,Light,Haze
IMD1320,Lucknow Weather Station,Uttar Pradesh,Lucknow,2024-08-17,Monsoon,36.3,27.2,30.0,48.6,63,37.0,E,4.3,77,4.5,1024.1,29.5,33.1,22.6,No,No,Moderate,Haze
IMD1321,Patiala Weather Station,Punjab,Patiala,2024-05-29,Summer,43.3,33.8,36.6,7.631016498113705,42,15.5,W,4.6,16,7.7,1016.3,39.4,38.7,25.0,No,No,Light,Rain
IMD1322,Patiala Weather Station,Punjab,Patiala,2024-09-22,Monsoon,37.1,30.0,33.5,6.9,51,34.9,NE,3.4,25,7.8,999.5,36.3,36.0,23.7,No,No,Light,Fog
IMD1323,Jorhat Weather Station,Assam,Jorhat,2024-06-08,Monsoon,33.0,21.5,27.5,29.9,55,8.0,N,6.0,97,6.0,1019.0,28.3,30.2,18.5,No,Yes,Moderate,Clear
IMD1324,Pune Weather Station,Maharashtra,Pune,2022-11-28,Post-Monsoon,26.5,21.1,23.5,2.2358216289117014,45,20.4,N,11.9,67,7.2,1007.1,22.8,25.8,12.5,No,No,Light,Rain
IMD1325,Kolkata Weather Station,West Bengal,Kolkata,2022-07-31,Monsoon,29.6,22.9,26.7,57.7,80,1.5,N,3.8,28,5.1,1006.5,29.0,30.7,22.7,No,No,Moderate,Clear
IMD1326,Silchar Weather Station,Assam,Silchar,2021-09-22,Monsoon,32.3,27.5,29.7,82.6,86,29.8,N,12.0,68,10.8,1017.2,30.1,34.0,26.9,Yes,No,Heavy,Clear
IMD1327,Udaipur Weather Station,Rajasthan,Udaipur,2024-03-28,Summer,43.1,31.1,36.2,6.329321021080365,45,29.7,S,14.4,76,11.8,1005.0,35.0,38.5,25.2,No,No,Light,Cloudy
IMD1328,Madurai Weather Station,Tamil Nadu,Madurai,2021-09-16,Monsoon,34.2,24.5,27.7,46.0,67,17.1,N,2.0,59,10.3,1010.6,28.1,31.1,21.1,No,Yes,Moderate,Cloudy
IMD1329,Silchar Weather Station,Assam,Silchar,2021-10-28,Post-Monsoon,23.2,15.2,20.6,1.2104827172623596,43,9.3,W,4.1,44,10.7,1019.8,21.5,22.8,9.2,No,Yes,Light,Rain
IMD1330,Kanpur Weather Station,Uttar Pradesh,Kanpur,2023-02-25,Winter,19.9,12.0,16.3,6.502873373453938,45,37.8,S,1.2,80,3.7,1007.2,19.2,18.6,5.3,No,No,Light,Thunderstorm
IMD1331,Guwahati Weather Station,Assam,Guwahati,2024-07-30,Monsoon,33.1,26.2,29.1,46.7,63,8.1,SE,10.8,45,9.4,1011.1,28.0,32.2,21.7,No,Yes,Moderate,Rain
IMD1332,Durgapur Weather Station,West Bengal,Durgapur,2024-05-07,Summer,40.1,30.5,33.5,2.9194110375232216,40,19.0,E,11.0,24,3.0,1012.3,34.3,35.5,21.5,No,No,Light,Haze
IMD1333,Meerut Weather Station,Uttar Pradesh,Meerut,2022-07-28,Monsoon,29.0,21.4,26.9,44.0,69,32.5,W,2.0,73,5.2,1015.7,25.5,30.3,20.7,No,No,Moderate,Fog
IMD1334,Udaipur Weather Station,Rajasthan,Udaipur,2023-11-16,Post-Monsoon,26.1,16.5,23.5,1.1443227746811515,52,23.3,NW,12.7,40,8.3,1012.9,23.6,26.1,13.9,No,No,Light,Fog
IMD1335,Madurai Weather Station,Tamil Nadu,Madurai,2023-04-15,Summer,44.3,32.1,37.5,8.941471360002135,52,9.4,E,6.3,15,4.7,1008.0,39.6,40.1,27.9,No,Yes,Light,Fog
IMD1336,Jorhat Weather Station,Assam,Jorhat,2021-10-21,Post-Monsoon,27.3,19.2,21.6,1.0,39,9.1,E,1.4,39,5.5,1018.6,21.6,23.6,9.4,No,Yes,Light,Haze
IMD1337,Hubballi Weather Station,Karnataka,Hubballi,2023-05-12,Summer,37.5,31.9,34.6,3.729693249131085,40,30.7,SW,3.4,71,5.4,1013.6,35.1,36.6,22.6,No,No,Light,Haze
IMD1338,Amritsar Weather Station,Punjab,Amritsar,2024-02-13,Winter,19.6,14.0,16.5,4.507313945153159,50,24.7,W,1.9,87,4.6,1014.5,19.4,19.0,6.5,No,No,Light,Thunderstorm
IMD1339,Ludhiana Weather Station,Punjab,Ludhiana,2021-11-10,Post-Monsoon,27.3,19.1,22.9,9.739457065314319,56,19.6,W,10.7,1,1.9,1001.0,22.3,25.7,14.1,No,No,Light,Clear
IMD1340,Mysuru Weather Station,Karnataka,Mysuru,2021-12-02,Winter,19.8,9.1,15.3,3.419595047296192,50,37.4,N,11.0,5,3.6,1016.6,17.2,17.8,5.3,No,No,Light,Fog
IMD1341,Nashik Weather Station,Maharashtra,Nashik,2020-08-13,Monsoon,35.0,26.1,30.1,22.0,57,39.4,SW,7.7,89,3.7,1006.6,28.4,33.0,21.5,No,No,Moderate,Thunderstorm
IMD1342,Madurai Weather Station,Tamil Nadu,Madurai,2022-09-02,Monsoon,32.7,23.6,26.1,26.5,66,4.1,N,14.7,27,2.8,1002.1,25.1,29.4,19.3,No,Yes,Moderate,Cloudy
IMD1343,Nashik Weather Station,Maharashtra,Nashik,2024-05-02,Summer,41.2,31.1,34.9,2.478224177067249,52,17.3,S,14.2,65,7.6,1014.1,37.2,37.5,25.3,No,No,Light,Rain
IMD1344,Silchar Weather Station,Assam,Silchar,2020-05-23,Summer,35.6,27.2,32.9,12.697504980314084,44,10.0,SW,12.2,92,0.4,1008.5,34.9,35.1,21.7,No,Yes,Light,Clear
IMD1345,Chennai Weather Station,Tamil Nadu,Chennai,2024-08-04,Monsoon,31.1,23.0,28.8,20.0,63,25.3,NE,5.8,81,2.6,1013.7,30.5,31.9,21.4,No,No,Light,Rain
IMD1346,Nagpur Weather Station,Maharashtra,Nagpur,2024-07-06,Monsoon,32.8,26.4,29.3,44.2,63,6.9,W,12.3,46,0.4,1025.8,31.6,32.5,21.9,No,No,Moderate,Clear
IMD1347,Nashik Weather Station,Maharashtra,Nashik,2024-08-13,Monsoon,26.6,19.1,21.7,48.4,72,34.2,SW,14.1,17,0.1,1007.0,22.9,25.3,16.1,No,No,Moderate,Clear
IMD1348,Siliguri Weather Station,West Bengal,Siliguri,2024-01-22,Winter,19.3,11.9,14.9,6.3630322413272955,55,27.7,SE,10.1,47,7.5,999.6,13.4,17.6,5.9,No,Yes,Light,Haze
IMD1349,Ludhiana Weather Station,Punjab,Ludhiana,2022-03-14,Summer,36.6,31.5,34.6,10.013160796534502,49,7.2,E,4.6,6,7.6,1011.6,32.9,37.1,24.4,No,No,Light,Fog
IMD1350,Patiala Weather Station,Punjab,Patiala,2021-07-21,Monsoon,33.7,24.1,26.8,44.0,59,2.4,N,12.1,71,11.5,1014.4,29.5,29.8,18.6,No,No,Moderate,Haze
IMD1351,Jorhat Weather Station,Assam,Jorhat,2020-09-02,Monsoon,35.9,22.0,29.0,79.5,85,2.1,N,11.6,94,1.0,1010.8,29.3,33.2,26.0,No,No,Moderate,Clear
IMD1352,Silchar Weather Station,Assam,Silchar,2022-12-21,Winter,23.3,17.5,20.2,1.0,48,21.4,S,9.1,17,7.7,1016.3,22.8,22.6,9.8,No,No,Light,Fog
IMD1353,Lucknow Weather Station,Uttar Pradesh,Lucknow,2024-01-04,Winter,26.2,16.6,22.8,1.697492676093073,46,11.2,NE,10.3,88,8.4,1017.2,24.8,25.1,12.0,No,No,Light,Fog
IMD1354,Kanpur Weather Station,Uttar Pradesh,Kanpur,2024-09-21,Monsoon,28.5,20.5,24.5,37.7,71,25.7,E,9.6,79,3.6,1014.1,24.9,28.1,18.7,No,No,Moderate,Rain
IMD1355,Coimbatore Weather Station,Tamil Nadu,Coimbatore,2023-08-16,Monsoon,38.9,25.8,32.4,44.1,75,32.5,NW,1.1,14,10.0,1010.8,31.0,36.1,27.4,No,Yes,Moderate,Haze
IMD1356,Meerut Weather Station,Uttar Pradesh,Meerut,2022-09-16,Monsoon,34.8,22.0,28.1,74.2,74,33.5,SW,2.4,88,6.3,1016.3,26.9,31.8,22.9,No,No,Moderate,Thunderstorm
IMD1357,Meerut Weather Station,Uttar Pradesh,Meerut,2021-06-10,Monsoon,33.8,24.4,27.2,69.1,76,32.2,SW,6.0,72,1.4,1011.1,27.6,31.0,22.4,No,No,Moderate,Fog
IMD1358,Mysuru Weather Station,Karnataka,Mysuru,2024-10-18,Post-Monsoon,29.4,18.3,25.0,3.088061024026285,43,38.0,SW,11.3,3,5.7,1019.5,24.7,27.1,13.6,No,No,Light,Cloudy
IMD1359,Coimbatore Weather Station,Tamil Nadu,Coimbatore,2020-01-06,Winter,22.2,12.4,17.7,1.2778165730328261,42,22.2,SW,11.6,60,6.8,998.4,16.6,19.8,6.1,No,No,Light,Cloudy
IMD1360,Bengaluru Weather Station,Karnataka,Bengaluru,2021-07-20,Monsoon,35.1,28.0,32.6,34.1,69,4.7,S,2.0,38,1.0,1016.9,33.0,36.1,26.4,No,No,Moderate,Rain
IMD1361,Pune Weather Station,Maharashtra,Pune,2021-03-02,Summer,41.6,28.8,35.0,1.0,50,29.9,SW,9.5,21,5.6,1016.5,34.6,37.5,25.0,No,No,Light,Clear
IMD1362,Ludhiana Weather Station,Punjab,Ludhiana,2023-10-09,Post-Monsoon,26.9,18.8,21.4,2.0985875311928535,46,4.1,NW,14.6,86,5.7,1017.3,20.9,23.7,10.6,No,No,Light,Cloudy
IMD1363,Mysuru Weather Station,Karnataka,Mysuru,2020-02-17,Winter,25.4,14.5,18.9,5.327276622111234,45,16.0,SE,13.2,33,8.7,1017.7,21.1,21.1,7.9,No,No,Light,Haze
IMD1364,Pune Weather Station,Maharashtra,Pune,2022-05-20,Summer,40.8,34.7,37.1,1.0,51,7.2,E,8.9,25,7.1,1022.7,35.6,39.6,27.3,No,No,Light,Rain
IMD1365,Ludhiana Weather Station,Punjab,Ludhiana,2024-06-01,Monsoon,31.4,22.1,28.5,56.6,70,15.2,W,9.5,45,7.2,1009.0,29.6,32.0,22.5,No,No,Moderate,Cloudy
IMD1366,Nashik Weather Station,Maharashtra,Nashik,2021-03-28,Summer,34.1,22.9,29.4,1.0,50,22.2,N,6.5,46,1.7,1034.0,30.8,31.9,19.4,No,No,Light,Rain
IMD1367,Kanpur Weather Station,Uttar Pradesh,Kanpur,2021-07-31,Monsoon,27.2,19.8,24.0,134.4,100,32.2,E,3.3,79,2.9,1015.2,26.3,29.0,24.0,Yes,No,Heavy,Cloudy
IMD1368,Patiala Weather Station,Punjab,Patiala,2020-02-16,Winter,19.6,6.2,13.1,5.212519529660173,54,31.8,NE,13.7,28,8.7,1009.8,12.4,15.8,3.9,No,No,Light,Clear
IMD1369,Lucknow Weather Station,Uttar Pradesh,Lucknow,2023-01-04,Winter,22.8,13.5,16.3,1.0,50,17.3,SE,13.2,54,5.5,1012.3,14.9,18.8,6.3,No,No,Light,Haze
IMD1370,Hubballi Weather Station,Karnataka,Hubballi,2023-07-04,Monsoon,33.9,21.6,28.1,106.7,96,16.1,E,9.3,67,6.9,1004.5,28.5,32.9,27.3,Yes,No,Heavy,Cloudy
IMD1371,Madurai Weather Station,Tamil Nadu,Madurai,2024-01-10,Winter,22.7,14.1,17.1,4.367246636280093,50,34.1,SW,5.8,13,5.2,1005.2,15.4,19.6,7.1,No,Yes,Light,Thunderstorm
IMD1372,Pune Weather Station,Maharashtra,Pune,2020-01-18,Winter,20.6,8.1,14.6,1.0,52,26.7,NE,12.4,50,4.7,1015.6,16.2,17.2,5.0,No,No,Light,Cloudy
IMD1373,Chennai Weather Station,Tamil Nadu,Chennai,2020-11-02,Post-Monsoon,29.1,17.1,23.5,2.4679459724424953,50,31.8,NE,3.0,43,8.8,1015.8,22.0,26.0,13.5,No,No,Light,Rain
IMD1374,Jaipur Weather Station,Rajasthan,Jaipur,2020-06-10,Monsoon,33.3,24.6,28.4,115.8,98,15.2,W,2.4,98,8.7,1014.4,26.5,33.3,28.0,Yes,No,Heavy,Haze
IMD1375,Jodhpur Weather Station,Rajasthan,Jodhpur,2023-03-08,Summer,43.2,34.7,37.0,1.0,52,39.1,N,4.4,74,11.4,1008.3,38.6,39.6,27.4,No,No,Light,Rain
IMD1376,Madurai Weather Station,Tamil Nadu,Madurai,2021-02-23,Winter,19.9,8.9,14.7,3.8211298836151992,50,17.6,NW,8.4,89,5.9,1023.4,15.1,17.2,4.7,No,Yes,Light,Fog
IMD1377,Udaipur Weather Station,Rajasthan,Udaipur,2022-01-05,Winter,30.8,20.4,25.7,8.128119398160703,44,27.8,S,14.8,43,4.6,1012.3,27.4,27.9,14.5,No,No,Light,Fog
IMD1378,Nagpur Weather Station,Maharashtra,Nagpur,2021-10-14,Post-Monsoon,30.3,17.3,24.1,4.848714638607611,54,1.7,N,10.7,54,2.8,1001.6,24.7,26.8,14.9,No,No,Light,Haze
IMD1379,Amritsar Weather Station,Punjab,Amritsar,2021-02-26,Winter,21.4,12.4,15.9,12.466417858654918,43,34.4,E,3.9,34,3.8,1012.9,17.0,18.1,4.5,No,No,Light,Thunderstorm
IMD1380,Madurai Weather Station,Tamil Nadu,Madurai,2022-05-01,Summer,34.7,28.2,32.6,7.486435965519616,48,16.0,W,3.9,7,11.1,1010.7,32.4,35.0,22.2,No,Yes,Light,Thunderstorm
IMD1381,Hubballi Weather Station,Karnataka,Hubballi,2023-12-01,Winter,24.8,15.4,18.7,1.2605382258466065,44,18.3,SW,14.4,3,7.6,1015.0,20.0,20.9,7.5,No,No,Light,Thunderstorm
IMD1382,Jodhpur Weather Station,Rajasthan,Jodhpur,2021-03-09,Summer,34.6,23.3,30.3,1.0,46,14.1,S,4.4,25,2.8,1024.6,31.4,32.6,19.5,No,No,Light,Haze
IMD1383,Lucknow Weather Station,Uttar Pradesh,Lucknow,2021-03-09,Summer,46.2,35.7,39.2,3.6288720613426824,45,33.9,N,1.1,42,11.9,1017.0,42.1,41.5,28.2,No,No,Light,Fog
IMD1384,Kanpur Weather Station,Uttar Pradesh,Kanpur,2020-11-08,Post-Monsoon,28.8,16.6,22.3,14.085822908235958,54,32.0,NE,9.8,63,10.5,1016.7,24.7,25.0,13.1,No,No,Light,Haze
IMD1385,Kolkata Weather Station,West Bengal,Kolkata,2022-03-03,Summer,37.2,30.6,32.8,1.3871928892169338,50,14.3,E,10.7,30,5.3,1020.2,33.9,35.3,22.8,No,Yes,Light,Thunderstorm
IMD1386,Guwahati Weather Station,Assam,Guwahati,2022-10-25,Post-Monsoon,28.4,17.8,22.1,1.0,47,38.2,NW,13.6,65,1.8,1010.9,20.5,24.5,11.5,No,Yes,Light,Fog
IMD1387,Hubballi Weather Station,Karnataka,Hubballi,2024-02-14,Winter,21.5,9.4,16.2,1.0,47,30.3,N,4.4,8,4.0,1013.1,14.4,18.6,5.6,No,No,Light,Cloudy
IMD1388,Pune Weather Station,Maharashtra,Pune,2022-07-15,Monsoon,30.1,19.6,25.7,27.5,65,12.7,S,11.3,55,5.6,1005.6,26.7,28.9,18.7,No,No,Moderate,Fog
IMD1389,Pune Weather Station,Maharashtra,Pune,2024-11-29,Post-Monsoon,28.8,20.2,25.3,6.277975255559822,47,10.6,W,12.7,14,11.2,998.8,25.7,27.7,14.7,No,No,Light,Thunderstorm
IMD1390,Siliguri Weather Station,West Bengal,Siliguri,2024-02-16,Winter,18.4,10.7,15.8,1.0,39,22.7,N,10.7,50,4.5,1003.6,15.1,17.8,3.6,No,No,Light,Cloudy
IMD1391,Kanpur Weather Station,Uttar Pradesh,Kanpur,2024-08-23,Monsoon,36.0,25.3,32.3,24.6,54,28.1,S,4.9,80,2.7,1011.3,32.3,35.0,23.1,No,No,Moderate,Fog
IMD1392,Chennai Weather Station,Tamil Nadu,Chennai,2021-04-28,Summer,36.6,25.5,30.0,4.661660098098671,41,20.1,N,11.3,15,11.7,1017.4,28.2,32.0,18.2,No,Yes,Light,Cloudy
IMD1393,Jaipur Weather Station,Rajasthan,Jaipur,2021-03-07,Summer,41.0,31.4,38.0,1.0,39,37.1,W,4.3,8,9.6,1009.2,36.5,40.0,25.8,No,No,Light,Clear
IMD1394,Silchar Weather Station,Assam,Silchar,2023-10-17,Post-Monsoon,29.3,22.0,26.1,1.8476453803182236,40,35.0,E,5.6,96,3.8,1019.8,27.4,28.1,14.1,No,Yes,Light,Fog
IMD1395,Jodhpur Weather Station,Rajasthan,Jodhpur,2023-06-11,Monsoon,32.3,24.2,28.5,82.3,90,34.3,N,10.8,91,10.0,1018.9,30.3,33.0,26.5,Yes,No,Heavy,Haze
IMD1396,Bengaluru Weather Station,Karnataka,Bengaluru,2024-11-04,Post-Monsoon,26.6,16.2,21.3,5.34093630338123,43,25.2,SE,10.2,75,6.8,1009.4,20.0,23.4,9.9,No,No,Light,Clear
IMD1397,Hubballi Weather Station,Karnataka,Hubballi,2024-07-14,Monsoon,33.7,26.2,29.1,24.6,54,13.7,N,11.0,50,11.4,1017.5,30.3,31.8,19.9,No,No,Moderate,Thunderstorm
IMD1398,Madurai Weather Station,Tamil Nadu,Madurai,2022-03-14,Summer,41.4,32.0,38.3,8.25735658431729,43,26.4,SW,2.9,27,9.8,1020.2,36.5,40.4,26.9,No,No,Light,Clear
IMD1399,Jaipur Weather Station,Rajasthan,Jaipur,2024-02-23,Winter,16.6,8.2,14.3,2.5265562292701276,40,32.4,SE,12.6,68,2.5,1012.8,14.8,16.3,2.3,No,No,Light,Cloudy
IMD1400,Lucknow Weather Station,Uttar Pradesh,Lucknow,2020-01-02,Winter,21.8,10.6,14.8,3.9977056551030326,40,36.6,N,1.2,38,7.7,1004.5,15.9,16.8,2.8,No,No,Light,Haze
IMD1401,Chennai Weather Station,Tamil Nadu,Chennai,2023-05-13,Summer,39.0,31.8,33.8,1.0,47,12.4,W,8.2,26,7.9,1018.7,32.6,36.1,23.2,No,Yes,Light,Rain
IMD1402,Meerut Weather Station,Uttar Pradesh,Meerut,2022-08-14,Monsoon,33.7,23.6,29.4,35.6,61,28.6,S,11.8,7,9.3,1016.9,28.6,32.4,21.6,No,No,Moderate,Clear
IMD1403,Bengaluru Weather Station,Karnataka,Bengaluru,2024-02-09,Winter,23.8,11.8,17.1,2.0856595227530277,42,30.7,S,6.2,55,9.0,1020.8,19.4,19.2,5.5,No,No,Light,Haze
IMD1404,Nagpur Weather Station,Maharashtra,Nagpur,2023-09-12,Monsoon,30.3,22.1,26.4,35.2,63,38.4,S,9.1,34,9.9,1006.3,24.4,29.5,19.0,No,No,Moderate,Thunderstorm
IMD1405,Ludhiana Weather Station,Punjab,Ludhiana,2021-02-28,Winter,22.2,9.4,15.5,5.232314887251215,42,21.2,E,11.0,22,0.3,1015.4,13.9,17.6,3.9,No,No,Light,Cloudy
IMD1406,Coimbatore Weather Station,Tamil Nadu,Coimbatore,2021-04-24,Summer,34.5,25.1,31.4,5.242303773624061,44,1.3,NW,5.6,98,0.7,1004.9,33.3,33.6,20.2,No,Yes,Light,Cloudy
IMD1407,Jorhat Weather Station,Assam,Jorhat,2022-01-26,Winter,20.5,12.5,17.7,5.084863287397597,48,9.2,S,13.9,59,0.9,1010.4,19.7,20.1,7.3,No,No,Light,Haze
IMD1408,Guwahati Weather Station,Assam,Guwahati,2023-05-23,Summer,41.0,33.8,36.1,5.687516663132713,55,21.8,S,10.8,72,1.6,1013.1,34.6,38.9,27.1,No,No,Light,Fog
IMD1409,Guwahati Weather Station,Assam,Guwahati,2024-07-17,Monsoon,30.0,21.5,26.8,46.5,69,10.5,E,1.9,2,8.9,1004.4,29.1,30.2,20.6,No,No,Moderate,Rain
IMD1410,Pune Weather Station,Maharashtra,Pune,2023-10-13,Post-Monsoon,31.6,24.2,26.2,2.1322295687422095,46,18.0,S,7.7,42,9.2,1006.1,28.3,28.5,15.4,No,No,Light,Rain
IMD1411,Mysuru Weather Station,Karnataka,Mysuru,2021-06-18,Monsoon,35.6,25.6,31.5,35.0,54,29.8,E,4.0,81,10.7,1021.0,29.7,34.2,22.3,No,No,Moderate,Rain
IMD1412,Nagpur Weather Station,Maharashtra,Nagpur,2023-03-27,Summer,39.9,30.3,34.3,1.0,46,13.2,N,13.9,77,3.3,1020.0,32.6,36.6,23.5,No,No,Light,Haze
IMD1413,Jorhat Weather Station,Assam,Jorhat,2024-04-05,Summer,40.7,31.4,35.0,5.783592239694504,50,19.9,NE,13.3,100,5.5,1005.1,37.0,37.5,25.0,No,No,Light,Cloudy
IMD1414,Jaipur Weather Station,Rajasthan,Jaipur,2024-09-08,Monsoon,33.4,24.7,29.9,88.7,86,13.7,NE,8.1,60,9.5,1014.2,29.3,34.2,27.1,Yes,No,Heavy,Clear
IMD1415,Jodhpur Weather Station,Rajasthan,Jodhpur,2021-08-03,Monsoon,37.1,26.0,30.5,53.4,66,20.1,SE,9.4,38,7.4,998.6,29.3,33.8,23.7,No,No,Moderate,Cloudy
IMD1416,Lucknow Weather Station,Uttar Pradesh,Lucknow,2023-03-31,Summer,41.0,29.8,35.4,1.9773567882905712,50,21.0,SE,9.5,26,11.8,1009.3,35.0,37.9,25.4,No,No,Light,Fog
IMD1417,Coimbatore Weather Station,Tamil Nadu,Coimbatore,2024-07-09,Monsoon,34.5,25.5,29.6,42.7,68,35.3,NW,4.1,100,3.0,1019.1,27.7,33.0,23.2,No,Yes,Moderate,Rain
IMD1418,Nashik Weather Station,Maharashtra,Nashik,2024-11-28,Post-Monsoon,30.2,20.8,25.7,4.5291071709022175,46,24.2,E,3.8,26,5.4,1019.9,27.3,28.0,14.9,No,No,Light,Cloudy
IMD1419,Jodhpur Weather Station,Rajasthan,Jodhpur,2023-04-17,Summer,38.0,31.5,33.7,2.242625920933015,46,37.3,SE,6.8,15,7.1,1004.3,34.5,36.0,22.9,No,No,Light,Thunderstorm
IMD1420,Siliguri Weather Station,West Bengal,Siliguri,2021-08-27,Monsoon,28.6,23.0,26.4,2.5,40,11.1,SW,3.0,100,11.9,1004.5,26.9,28.4,14.4,No,No,Light,Clear
IMD1421,Jaipur Weather Station,Rajasthan,Jaipur,2020-10-09,Post-Monsoon,29.6,18.8,24.4,1.0,53,6.3,N,9.9,29,6.0,1010.3,24.3,27.0,15.0,No,No,Light,Haze
IMD1422,Guwahati Weather Station,Assam,Guwahati,2023-06-13,Monsoon,35.7,24.0,29.9,64.0,69,10.9,E,14.6,97,3.6,1000.3,32.3,33.4,23.7,No,No,Moderate,Cloudy
IMD1423,Durgapur Weather Station,West Bengal,Durgapur,2023-11-21,Post-Monsoon,35.1,23.4,28.7,19.470870547190902,56,7.3,E,13.6,24,9.0,1020.9,29.0,31.5,19.9,No,No,Light,Thunderstorm
IMD1424,Jodhpur Weather Station,Rajasthan,Jodhpur,2024-06-11,Monsoon,28.7,21.6,24.7,14.6,47,11.0,E,4.9,79,3.8,1001.6,26.8,27.1,14.1,No,No,Light,Thunderstorm
IMD1425,Amritsar Weather Station,Punjab,Amritsar,2021-06-29,Monsoon,33.9,26.0,31.0,29.4,62,27.8,NW,10.0,16,0.8,1013.6,30.8,34.1,23.4,No,No,Moderate,Thunderstorm
IMD1426,Jorhat Weather Station,Assam,Jorhat,2020-08-25,Monsoon,31.6,23.5,26.4,23.0,59,28.1,NE,2.2,5,1.5,1006.3,29.4,29.3,18.2,No,No,Moderate,Fog
IMD1427,Ludhiana Weather Station,Punjab,Ludhiana,2022-09-19,Monsoon,28.5,18.0,23.0,46.0,66,4.4,NE,9.1,7,0.2,1000.3,21.0,26.3,16.2,No,No,Moderate,Clear
IMD1428,Durgapur Weather Station,West Bengal,Durgapur,2021-10-26,Post-Monsoon,30.8,18.7,24.5,4.374542560289728,45,16.5,NE,12.6,73,4.8,1000.8,27.2,26.8,13.5,No,No,Light,Clear
IMD1429,Silchar Weather Station,Assam,Silchar,2020-06-12,Monsoon,35.4,28.8,31.8,46.7,67,9.6,NW,1.7,86,2.0,1020.5,31.4,35.1,25.2,No,No,Moderate,Haze
IMD1430,Pune Weather Station,Maharashtra,Pune,2021-10-04,Post-Monsoon,29.6,18.6,22.8,7.568491943805551,42,28.1,S,2.5,56,0.7,1007.7,21.8,24.9,11.2,No,No,Light,Clear
IMD1431,Ludhiana Weather Station,Punjab,Ludhiana,2023-05-22,Summer,39.1,28.9,33.0,1.0,53,19.8,NW,8.8,13,8.6,1011.9,34.5,35.6,23.6,No,No,Light,Fog
IMD1432,Siliguri Weather Station,West Bengal,Siliguri,2020-08-15,Monsoon,33.2,26.9,31.1,19.8,57,22.7,E,12.3,78,6.4,1023.2,29.5,34.0,22.5,No,No,Light,Clear
IMD1433,Bengaluru Weather Station,Karnataka,Bengaluru,2024-09-18,Monsoon,37.2,24.0,30.4,47.5,62,27.6,S,7.5,41,1.3,1016.3,28.6,33.5,22.8,No,No,Moderate,Rain
IMD1434,Durgapur Weather Station,West Bengal,Durgapur,2020-04-18,Summer,32.2,24.2,29.3,1.2161062114515304,49,26.6,E,8.9,8,2.1,1017.5,28.5,31.8,19.1,No,No,Light,Thunderstorm
IMD1435,Nashik Weather Station,Maharashtra,Nashik,2024-07-08,Monsoon,35.7,25.6,28.8,81.5,87,16.9,NW,2.1,94,2.2,1011.5,30.1,33.1,26.2,Yes,No,Heavy,Clear
IMD1436,Kanpur Weather Station,Uttar Pradesh,Kanpur,2023-03-04,Summer,41.3,35.2,37.4,6.8421398604211685,42,14.1,SW,14.6,88,5.4,1004.9,36.7,39.5,25.8,No,No,Light,Haze
IMD1437,Guwahati Weather Station,Assam,Guwahati,2024-02-14,Winter,20.6,13.9,17.3,1.0,51,33.4,N,2.4,29,1.0,1005.0,18.0,19.9,7.5,No,No,Light,Cloudy
IMD1438,Nashik Weather Station,Maharashtra,Nashik,2022-10-10,Post-Monsoon,28.3,18.3,22.3,1.0,50,19.8,NW,2.9,5,6.0,1022.5,24.9,24.8,12.3,No,No,Light,Clear
IMD1439,Kanpur Weather Station,Uttar Pradesh,Kanpur,2024-02-22,Winter,17.9,10.3,15.5,1.0,49,6.6,NE,9.6,74,8.9,1007.4,17.2,17.9,5.3,No,No,Light,Rain
IMD1440,Bengaluru Weather Station,Karnataka,Bengaluru,2021-06-18,Monsoon,28.1,18.3,21.8,50.3,67,35.2,S,5.6,13,2.1,1010.7,24.7,25.2,15.2,No,No,Moderate,Haze
IMD1441,Durgapur Weather Station,West Bengal,Durgapur,2023-05-26,Summer,38.3,30.6,35.4,1.0,50,20.0,W,1.7,44,4.9,1018.9,36.5,37.9,25.4,No,Yes,Light,Haze
IMD1442,Hubballi Weather Station,Karnataka,Hubballi,2020-11-26,Post-Monsoon,27.1,18.2,24.2,6.019551765612909,42,8.2,S,10.3,38,8.2,1008.8,25.4,26.3,12.6,No,No,Light,Clear
IMD1443,Udaipur Weather Station,Rajasthan,Udaipur,2022-08-17,Monsoon,32.5,21.3,25.6,23.5,51,1.2,SE,13.5,71,11.7,1008.3,27.8,28.2,15.8,No,No,Moderate,Clear
IMD1444,Hubballi Weather Station,Karnataka,Hubballi,2023-11-21,Post-Monsoon,26.1,16.3,20.7,1.0,46,15.7,SE,11.9,24,2.7,1014.5,20.9,23.0,9.9,No,No,Light,Thunderstorm
IMD1445,Jorhat Weather Station,Assam,Jorhat,2024-01-10,Winter,22.6,12.4,18.8,1.0,41,19.1,W,10.7,39,11.9,1007.0,19.8,20.9,7.0,No,Yes,Light,Haze
IMD1446,Jorhat Weather Station,Assam,Jorhat,2021-11-24,Post-Monsoon,32.6,20.8,26.5,8.203015284573874,41,12.1,E,3.1,51,11.1,1003.9,26.4,28.6,14.7,No,Yes,Light,Fog
IMD1447,Patiala Weather Station,Punjab,Patiala,2024-11-07,Post-Monsoon,29.7,18.0,23.6,1.0266538350622836,50,2.1,NE,3.1,74,4.7,1015.5,26.3,26.1,13.6,No,No,Light,Haze
IMD1448,Bengaluru Weather Station,Karnataka,Bengaluru,2020-03-03,Summer,41.3,34.4,36.7,14.664182447255605,46,3.5,E,9.7,66,1.1,1019.0,38.3,39.0,25.9,No,No,Light,Haze
IMD1449,Jorhat Weather Station,Assam,Jorhat,2021-12-16,Winter,24.2,12.9,19.6,21.548854221601836,48,7.2,NE,6.4,19,4.0,1007.0,21.0,22.0,9.2,No,No,Moderate,Clear
IMD1450,Amritsar Weather Station,Punjab,Amritsar,2021-06-08,Monsoon,35.8,25.0,30.3,22.7,62,8.9,NW,11.7,38,8.2,1014.8,30.9,33.4,22.7,No,No,Moderate,Fog
IMD1451,Jorhat Weather Station,Assam,Jorhat,2021-07-09,Monsoon,33.6,25.3,27.4,28.4,62,13.5,SE,1.4,10,8.6,1010.2,29.2,30.5,19.8,No,No,Moderate,Thunderstorm
IMD1452,Bengaluru Weather Station,Karnataka,Bengaluru,2020-06-02,Monsoon,31.1,20.7,25.9,64.8,73,27.7,NW,1.7,100,7.0,1013.8,27.7,29.5,20.5,No,No,Moderate,Fog
IMD1453,Bengaluru Weather Station,Karnataka,Bengaluru,2020-11-15,Post-Monsoon,27.6,17.2,20.9,3.775370789373912,48,3.4,SW,14.0,53,0.8,1018.6,20.4,23.3,10.5,No,No,Light,Haze
IMD1454,Bengaluru Weather Station,Karnataka,Bengaluru,2021-05-23,Summer,41.6,31.8,38.3,2.63305221940786,40,5.8,NE,5.0,93,5.6,1010.6,39.6,40.3,26.3,No,No,Light,Fog
IMD1455,Silchar Weather Station,Assam,Silchar,2023-11-11,Post-Monsoon,29.8,18.2,23.4,27.908155554037418,50,39.3,S,15.0,25,0.6,1018.9,24.2,25.9,13.4,No,Yes,Moderate,Rain
IMD1456,Coimbatore Weather Station,Tamil Nadu,Coimbatore,2020-10-07,Post-Monsoon,21.7,12.6,17.8,11.582260255224126,45,1.1,W,2.4,34,11.8,1018.9,16.4,20.1,6.8,No,Yes,Light,Fog
IMD1457,Jaipur Weather Station,Rajasthan,Jaipur,2022-06-02,Monsoon,32.6,21.9,28.8,61.7,82,21.7,N,8.7,8,1.9,1015.1,28.3,32.9,25.2,No,No,Moderate,Rain
IMD1458,Kolkata Weather Station,West Bengal,Kolkata,2024-04-03,Summer,36.7,29.6,32.2,3.8578723138422806,46,34.6,SE,9.1,10,11.8,1016.8,30.7,34.5,21.4,No,No,Light,Fog
IMD1459,Coimbatore Weather Station,Tamil Nadu,Coimbatore,2022-03-23,Summer,39.8,32.2,36.2,2.316457743652037,45,10.9,N,4.3,95,6.4,1019.0,37.5,38.5,25.2,No,No,Light,Rain
IMD1460,Kanpur Weather Station,Uttar Pradesh,Kanpur,2023-11-23,Post-Monsoon,23.1,15.8,21.1,4.658550267809249,48,31.4,S,9.6,52,1.2,1018.0,21.0,23.5,10.7,No,No,Light,Thunderstorm
IMD1461,Jorhat Weather Station,Assam,Jorhat,2022-12-15,Winter,25.3,15.6,19.8,1.0,52,36.5,S,10.6,38,8.8,1015.7,18.6,22.4,10.2,No,Yes,Light,Thunderstorm
IMD1462,Pune Weather Station,Maharashtra,Pune,2022-10-25,Post-Monsoon,29.1,18.6,22.3,3.3865681147515923,40,32.7,NE,8.2,40,10.4,1019.2,24.7,24.3,10.3,No,No,Light,Thunderstorm
IMD1463,Pune Weather Station,Maharashtra,Pune,2023-08-17,Monsoon,35.5,24.9,30.3,44.9,59,14.8,S,4.5,59,1.9,1010.5,30.6,33.2,22.1,No,No,Moderate,Haze
IMD1464,Lucknow Weather Station,Uttar Pradesh,Lucknow,2024-10-31,Post-Monsoon,33.6,25.1,27.1,4.235708774152994,41,9.2,SE,9.0,26,0.0,1016.3,26.9,29.2,15.3,No,No,Light,Thunderstorm
IMD1465,Jaipur Weather Station,Rajasthan,Jaipur,2023-06-27,Monsoon,32.1,19.8,25.3,37.0,71,24.3,S,10.6,75,8.9,1017.2,28.0,28.9,19.5,No,No,Moderate,Haze
IMD1466,Amritsar Weather Station,Punjab,Amritsar,2023-03-20,Summer,37.1,27.3,33.0,9.534441319282553,49,21.2,N,6.8,33,9.0,1012.2,32.5,35.5,22.8,No,No,Light,Cloudy
IMD1467,Bengaluru Weather Station,Karnataka,Bengaluru,2020-09-11,Monsoon,33.2,22.5,26.9,80.5,91,3.0,N,13.4,34,7.7,1014.6,25.6,31.4,25.1,Yes,No,Heavy,Rain
IMD1468,Jaipur Weather Station,Rajasthan,Jaipur,2022-08-08,Monsoon,25.7,19.2,21.5,58.6,80,27.5,NW,4.7,44,11.2,1008.4,22.3,25.5,17.5,No,No,Moderate,Haze
IMD1469,Jorhat Weather Station,Assam,Jorhat,2022-07-02,Monsoon,29.8,23.8,26.4,29.4,64,31.2,SW,2.2,35,1.8,1025.0,24.7,29.6,19.2,No,Yes,Moderate,Rain
IMD1470,Nagpur Weather Station,Maharashtra,Nagpur,2024-04-25,Summer,39.9,30.9,35.3,1.3719059599809758,38,9.4,SW,8.9,69,8.4,1018.1,36.2,37.2,22.9,No,No,Light,Fog
IMD1471,Udaipur Weather Station,Rajasthan,Udaipur,2024-12-14,Winter,20.1,10.5,17.3,1.6043137334557767,50,38.9,N,5.6,86,7.2,1012.0,18.7,19.8,7.3,No,No,Light,Rain
IMD1472,Mysuru Weather Station,Karnataka,Mysuru,2022-03-31,Summer,36.4,27.5,32.8,3.8920370070212953,52,18.0,N,4.8,37,6.0,1012.6,34.5,35.4,23.2,No,No,Light,Thunderstorm
IMD1473,Patiala Weather Station,Punjab,Patiala,2020-01-16,Winter,22.1,14.7,17.0,2.488208073446042,41,10.9,SE,13.2,88,9.3,1018.0,15.5,19.1,5.2,No,No,Light,Rain
IMD1474,Nashik Weather Station,Maharashtra,Nashik,2023-06-01,Monsoon,31.4,19.2,25.8,53.9,66,1.5,W,1.2,50,6.9,1019.0,25.0,29.1,19.0,No,No,Moderate,Thunderstorm
IMD1475,Pune Weather Station,Maharashtra,Pune,2024-02-13,Winter,22.7,13.6,18.7,1.3784069132271584,52,26.2,NW,14.8,22,6.8,1023.4,17.0,21.3,9.1,No,No,Light,Rain
IMD1476,Siliguri Weather Station,West Bengal,Siliguri,2023-08-18,Monsoon,30.2,20.7,26.9,77.5,90,34.4,NE,5.8,12,3.3,1018.1,27.7,31.4,24.9,No,Yes,Moderate,Haze
IMD1477,Meerut Weather Station,Uttar Pradesh,Meerut,2023-03-20,Summer,40.3,30.3,37.0,18.129050319795983,60,2.5,SE,5.0,25,6.4,1022.9,40.0,40.0,29.0,No,No,Light,Haze
IMD1478,Nagpur Weather Station,Maharashtra,Nagpur,2024-10-04,Post-Monsoon,29.9,21.2,27.4,10.43260153642081,48,21.6,W,9.6,26,10.6,1022.8,30.3,29.8,17.0,No,No,Light,Thunderstorm
IMD1479,Lucknow Weather Station,Uttar Pradesh,Lucknow,2020-06-07,Monsoon,39.5,29.1,32.9,23.9,63,14.4,NW,12.9,44,8.8,1011.5,35.1,36.0,25.5,No,No,Moderate,Thunderstorm
IMD1480,Patiala Weather Station,Punjab,Patiala,2024-03-21,Summer,34.8,25.2,29.2,5.668188658860914,55,35.3,E,2.9,41,7.3,1021.5,29.8,31.9,20.2,No,No,Light,Cloudy
IMD1481,Madurai Weather Station,Tamil Nadu,Madurai,2023-10-23,Post-Monsoon,27.7,22.8,25.4,1.2261574287103163,38,4.7,E,13.3,67,9.8,1011.4,27.8,27.3,13.0,No,No,Light,Clear
IMD1482,Siliguri Weather Station,West Bengal,Siliguri,2021-03-20,Summer,34.2,28.6,30.7,4.372285914981156,46,4.6,S,6.1,14,8.9,1023.6,28.9,33.0,19.9,No,Yes,Light,Rain
IMD1483,Nashik Weather Station,Maharashtra,Nashik,2021-04-02,Summer,43.9,34.2,38.4,1.0,44,33.3,SW,8.7,92,11.5,1001.9,39.3,40.6,27.2,No,No,Light,Fog
IMD1484,Jaipur Weather Station,Rajasthan,Jaipur,2022-02-16,Winter,22.5,14.5,17.9,4.9608607386151915,41,15.5,S,7.1,32,7.4,1026.6,20.6,19.9,6.1,No,No,Light,Cloudy
IMD1485,Madurai Weather Station,Tamil Nadu,Madurai,2020-03-16,Summer,39.9,31.6,37.6,3.6210757318925864,38,27.5,E,1.2,61,2.0,1008.3,36.5,39.5,25.2,No,Yes,Light,Rain
IMD1486,Bengaluru Weather Station,Karnataka,Bengaluru,2024-11-25,Post-Monsoon,27.7,17.4,23.3,2.131528793566969,40,39.0,SW,4.1,14,11.7,1016.2,24.9,25.3,11.3,No,No,Light,Cloudy
IMD1487,Kolkata Weather Station,West Bengal,Kolkata,2022-05-25,Summer,32.5,25.9,28.8,1.0099689066760043,50,39.9,SW,14.5,66,8.5,1007.1,31.7,31.3,18.8,No,No,Light,Rain
IMD1488,Chennai Weather Station,Tamil Nadu,Chennai,2021-02-15,Winter,21.0,9.2,14.7,1.0,53,16.1,NE,8.9,82,7.1,1020.4,13.5,17.3,5.3,No,Yes,Light,Cloudy
IMD1489,Chennai Weather Station,Tamil Nadu,Chennai,2021-11-08,Post-Monsoon,28.8,16.2,22.9,7.642290514158322,52,8.3,SW,1.4,24,6.3,1009.8,23.2,25.5,13.3,No,Yes,Light,Thunderstorm
IMD1490,Patiala Weather Station,Punjab,Patiala,2022-03-26,Summer,35.1,27.1,31.8,3.799515038875218,47,14.7,NE,9.4,8,3.1,1005.2,31.1,34.1,21.2,No,No,Light,Cloudy
IMD1491,Ludhiana Weather Station,Punjab,Ludhiana,2023-02-22,Winter,22.2,16.5,20.1,1.0,40,39.0,SW,10.7,6,8.7,1022.1,19.4,22.1,8.1,No,No,Light,Fog
IMD1492,Durgapur Weather Station,West Bengal,Durgapur,2024-01-26,Winter,19.2,11.5,16.2,1.0,45,16.0,W,10.1,90,10.4,1003.3,16.6,18.4,5.2,No,No,Light,Rain
IMD1493,Bengaluru Weather Station,Karnataka,Bengaluru,2024-07-29,Monsoon,30.1,17.7,24.4,4.4,46,12.2,E,10.1,42,0.9,1017.6,25.2,26.7,13.6,No,No,Light,Thunderstorm
IMD1494,Nashik Weather Station,Maharashtra,Nashik,2021-08-22,Monsoon,34.3,27.2,30.7,58.8,69,19.9,N,1.6,94,7.0,1017.2,33.6,34.1,24.5,No,No,Moderate,Rain
IMD1495,Jaipur Weather Station,Rajasthan,Jaipur,2020-09-12,Monsoon,34.6,25.5,31.2,57.1,70,15.5,W,9.8,78,6.3,1006.3,34.1,34.7,25.2,No,No,Moderate,Haze
IMD1496,Jorhat Weather Station,Assam,Jorhat,2023-06-23,Monsoon,33.1,21.8,26.5,47.3,64,19.6,NW,13.0,91,10.5,1008.9,27.0,29.7,19.3,No,Yes,Moderate,Thunderstorm
IMD1497,Udaipur Weather Station,Rajasthan,Udaipur,2021-12-01,Winter,20.8,13.9,17.7,8.617336076760534,55,12.3,E,8.7,65,2.9,1019.6,17.2,20.4,8.7,No,No,Light,Haze
IMD1498,Jaipur Weather Station,Rajasthan,Jaipur,2020-10-07,Post-Monsoon,29.2,20.3,26.1,4.3831171680716965,44,15.6,NW,8.4,10,12.0,1012.7,28.6,28.3,14.9,No,No,Light,Thunderstorm
IMD1499,Guwahati Weather Station,Assam,Guwahati,2020-12-09,Winter,14.9,7.5,11.6,1.0,38,16.2,NW,8.1,43,7.8,1008.6,9.7,13.5,-0.8,No,Yes,Light,Cloudy
IMD1500,Ludhiana Weather Station,Punjab,Ludhiana,2020-08-26,Monsoon,29.4,22.6,25.2,76.0,79,26.5,NW,5.8,45,6.2,1023.8,27.7,29.1,21.0,No,No,Moderate,Thunderstorm
IMD1501,Coimbatore Weather Station,Tamil Nadu,Coimbatore,2023-08-11,Monsoon,40.7,29.3,34.0,49.6,75,31.2,E,9.2,84,2.3,1012.9,34.8,37.8,29.0,No,Yes,Moderate,Haze
IMD1502,Kolkata Weather Station,West Bengal,Kolkata,2024-09-02,Monsoon,31.1,18.3,24.5,53.5,75,3.7,E,2.3,93,10.0,1017.0,23.5,28.2,19.5,No,No,Moderate,Clear
IMD1503,Jodhpur Weather Station,Rajasthan,Jodhpur,2024-12-06,Winter,20.3,10.3,13.3,3.32256481777183,39,21.4,S,1.2,73,0.5,1011.0,15.8,15.2,1.1,No,No,Light,Clear
IMD1504,Patiala Weather Station,Punjab,Patiala,2022-12-13,Winter,20.5,12.9,15.6,4.007576025332118,43,22.8,NE,7.5,56,3.6,1012.9,16.9,17.8,4.2,No,No,Light,Rain
IMD1505,Durgapur Weather Station,West Bengal,Durgapur,2021-01-21,Winter,21.3,10.0,16.7,2.5027041346428875,50,4.1,SE,12.3,41,10.4,1016.3,19.1,19.2,6.7,No,Yes,Light,Haze
IMD1506,Pune Weather Station,Maharashtra,Pune,2022-06-20,Monsoon,35.4,22.3,28.5,56.2,75,20.5,N,3.4,81,8.3,1009.2,30.3,32.2,23.5,No,No,Moderate,Cloudy
IMD1507,Patiala Weather Station,Punjab,Patiala,2023-05-08,Summer,40.2,31.7,35.5,2.6797730562697244,41,25.9,SE,4.9,32,1.3,1025.8,34.5,37.5,23.7,No,No,Light,Haze
IMD1508,Guwahati Weather Station,Assam,Guwahati,2024-09-02,Monsoon,37.8,27.2,32.5,39.2,71,23.6,SW,11.1,69,0.5,1011.1,34.2,36.0,26.7,No,Yes,Moderate,Rain
IMD1509,Madurai Weather Station,Tamil Nadu,Madurai,2021-01-27,Winter,24.2,17.4,21.9,5.134101037353691,52,38.9,NE,3.0,3,9.6,1010.8,23.3,24.5,12.3,No,Yes,Light,Clear
IMD1510,Jaipur Weather Station,Rajasthan,Jaipur,2023-12-25,Winter,19.6,10.1,16.8,4.272851220609158,41,25.4,NE,14.7,5,0.5,1008.7,17.1,18.9,5.0,No,No,Light,Fog
IMD1511,Meerut Weather Station,Uttar Pradesh,Meerut,2023-09-26,Monsoon,33.7,24.5,30.4,17.2,55,17.7,SW,12.3,43,9.1,1013.3,31.7,33.1,21.4,No,No,Light,Clear
IMD1512,Kanpur Weather Station,Uttar Pradesh,Kanpur,2022-01-19,Winter,21.9,13.0,17.0,1.507303320102484,52,31.4,SE,7.7,77,4.5,1006.9,18.2,19.6,7.4,No,No,Light,Clear
IMD1513,Hubballi Weather Station,Karnataka,Hubballi,2024-09-25,Monsoon,30.4,22.3,25.5,45.9,74,23.0,SW,6.0,98,2.7,1018.0,25.4,29.2,20.3,No,No,Moderate,Clear
IMD1514,Nagpur Weather Station,Maharashtra,Nagpur,2020-03-20,Summer,38.0,26.3,32.2,6.65310665650289,40,33.1,NE,12.3,78,3.0,1003.5,32.8,34.2,20.2,No,No,Light,Clear
IMD1515,Amritsar Weather Station,Punjab,Amritsar,2024-06-07,Monsoon,37.4,28.8,31.2,28.2,56,6.7,E,9.1,49,11.8,1008.0,34.1,34.0,22.4,No,No,Moderate,Rain
IMD1516,Durgapur Weather Station,West Bengal,Durgapur,2024-03-15,Summer,37.9,31.1,35.0,6.912556284879373,48,7.7,SW,9.2,65,7.9,1014.0,36.3,37.4,24.6,No,No,Light,Fog
IMD1517,Bengaluru Weather Station,Karnataka,Bengaluru,2024-04-09,Summer,39.5,29.2,34.3,1.0,37,17.5,SE,14.9,4,11.0,1022.0,33.3,36.1,21.7,No,No,Light,Thunderstorm
IMD1518,Jorhat Weather Station,Assam,Jorhat,2022-08-16,Monsoon,34.6,26.9,31.9,28.4,57,28.5,SE,1.9,26,6.9,1011.0,32.3,34.8,23.3,No,No,Moderate,Fog
IMD1519,Jodhpur Weather Station,Rajasthan,Jodhpur,2023-09-16,Monsoon,31.3,23.4,26.9,59.7,76,4.7,NW,9.1,11,11.5,1012.2,29.7,30.7,22.1,No,No,Moderate,Fog
IMD1520,Jodhpur Weather Station,Rajasthan,Jodhpur,2020-09-11,Monsoon,29.1,20.6,26.8,28.9,51,30.5,SE,9.7,65,10.1,1019.2,29.1,29.4,17.0,No,No,Moderate,Clear
IMD1521,Madurai Weather Station,Tamil Nadu,Madurai,2024-05-28,Summer,38.7,31.8,35.1,1.0,38,10.0,W,11.8,50,1.5,1018.8,34.7,37.0,22.7,No,Yes,Light,Cloudy
IMD1522,Siliguri Weather Station,West Bengal,Siliguri,2020-01-28,Winter,17.2,11.5,14.2,6.439028888465697,55,10.0,N,13.4,9,11.4,1013.4,13.0,16.9,5.2,No,Yes,Light,Cloudy
IMD1523,Jodhpur Weather Station,Rajasthan,Jodhpur,2024-04-13,Summer,34.2,25.4,29.7,1.4491014768855839,37,18.3,S,9.1,82,8.3,997.7,32.6,31.6,17.1,No,No,Light,Clear
IMD1524,Meerut Weather Station,Uttar Pradesh,Meerut,2022-09-20,Monsoon,29.6,21.6,26.2,29.6,55,30.1,W,14.7,9,6.4,1018.5,24.4,28.9,17.2,No,No,Moderate,Thunderstorm
IMD1525,Durgapur Weather Station,West Bengal,Durgapur,2023-06-28,Monsoon,34.1,26.0,28.3,11.5,50,31.7,S,6.8,41,10.7,1005.6,27.9,30.8,18.3,No,Yes,Light,Clear
IMD1526,Guwahati Weather Station,Assam,Guwahati,2024-10-08,Post-Monsoon,26.9,15.2,22.0,4.914873955652204,53,17.4,S,7.6,57,3.9,1014.4,22.4,24.6,12.6,No,No,Light,Clear
IMD1527,Hubballi Weather Station,Karnataka,Hubballi,2024-04-30,Summer,39.5,28.2,34.0,2.6979749375658546,47,10.2,SW,10.6,30,7.8,1016.5,32.2,36.4,23.4,No,No,Light,Rain
IMD1528,Jorhat Weather Station,Assam,Jorhat,2022-07-14,Monsoon,31.8,18.9,25.4,57.9,77,28.3,NW,13.3,25,7.9,1009.6,24.7,29.2,20.8,No,Yes,Moderate,Rain
IMD1529,Madurai Weather Station,Tamil Nadu,Madurai,2020-01-14,Winter,23.6,12.1,16.9,2.47146719482677,39,24.8,SE,10.3,91,7.6,1016.5,17.3,18.8,4.7,No,No,Light,Cloudy
IMD1530,Amritsar Weather Station,Punjab,Amritsar,2024-01-04,Winter,20.2,13.9,16.8,2.294182964428167,52,38.6,W,7.8,71,1.4,1018.7,18.1,19.4,7.2,No,No,Light,Fog
IMD1531,Kolkata Weather Station,West Bengal,Kolkata,2024-04-01,Summer,38.3,30.1,35.7,1.2700694967426838,43,27.6,SE,8.5,35,2.0,1007.4,37.6,37.9,24.3,No,No,Light,Thunderstorm
IMD1532,Coimbatore Weather Station,Tamil Nadu,Coimbatore,2022-01-07,Winter,29.4,18.3,22.5,1.1749047422415266,53,21.8,W,9.0,80,0.5,1013.1,22.7,25.1,13.1,No,Yes,Light,Haze
IMD1533,Jodhpur Weather Station,Rajasthan,Jodhpur,2023-03-23,Summer,40.6,33.0,36.9,2.7433488636459744,45,29.0,N,12.3,2,7.4,1015.4,35.4,39.1,25.9,No,No,Light,Thunderstorm
IMD1534,Hubballi Weather Station,Karnataka,Hubballi,2024-09-22,Monsoon,31.4,24.2,28.5,36.8,56,34.9,NE,1.2,43,7.6,1019.3,26.7,31.3,19.7,No,No,Moderate,Fog
IMD1535,Coimbatore Weather Station,Tamil Nadu,Coimbatore,2021-07-28,Monsoon,34.2,21.7,27.8,12.9,47,30.8,W,3.4,5,11.2,1017.9,30.7,30.2,17.2,No,Yes,Light,Thunderstorm
IMD1536,Chennai Weather Station,Tamil Nadu,Chennai,2024-03-20,Summer,44.3,33.3,38.1,6.417507066363351,46,28.1,N,2.0,33,6.1,1009.3,36.2,40.4,27.3,No,No,Light,Rain
IMD1537,Guwahati Weather Station,Assam,Guwahati,2020-08-24,Monsoon,35.5,27.7,32.2,19.4,56,22.9,SE,6.0,52,1.8,1003.6,34.1,35.0,23.4,No,No,Light,Clear
IMD1538,Siliguri Weather Station,West Bengal,Siliguri,2021-01-10,Winter,27.6,19.9,22.4,1.0,46,6.7,W,1.5,82,3.7,1008.3,20.5,24.7,11.6,No,Yes,Light,Thunderstorm
IMD1539,Jorhat Weather Station,Assam,Jorhat,2022-06-18,Monsoon,25.7,20.4,22.5,24.1,58,12.6,NE,11.3,34,2.4,1007.4,21.2,25.4,14.1,No,No,Moderate,Rain
IMD1540,Jaipur Weather Station,Rajasthan,Jaipur,2022-10-08,Post-Monsoon,30.1,20.4,26.9,8.254824753283861,46,32.3,S,13.0,41,6.5,1021.2,28.4,29.2,16.1,No,No,Light,Clear
IMD1541,Coimbatore Weather Station,Tamil Nadu,Coimbatore,2023-01-20,Winter,25.5,14.7,19.0,29.43240362799123,64,35.3,NE,6.7,63,0.1,1002.3,20.1,22.2,11.8,No,No,Moderate,Haze
IMD1542,Madurai Weather Station,Tamil Nadu,Madurai,2023-04-22,Summer,43.3,33.3,37.7,1.4843964303067816,49,39.2,W,2.1,82,7.1,1001.5,36.7,40.2,27.5,No,Yes,Light,Fog
IMD1543,Amritsar Weather Station,Punjab,Amritsar,2021-09-01,Monsoon,33.2,26.0,28.0,93.6,96,36.8,NW,13.2,43,7.8,1011.6,30.8,32.8,27.2,Yes,No,Heavy,Haze
IMD1544,Mysuru Weather Station,Karnataka,Mysuru,2023-05-19,Summer,43.6,34.7,37.9,2.857625909767024,47,24.2,S,12.0,100,2.5,1011.0,39.6,40.2,27.3,No,No,Light,Rain
IMD1545,Nashik Weather Station,Maharashtra,Nashik,2020-06-14,Monsoon,37.1,24.3,30.7,31.2,60,32.6,SE,5.8,16,11.6,986.9,31.7,33.7,22.7,No,No,Moderate,Rain
IMD1546,Coimbatore Weather Station,Tamil Nadu,Coimbatore,2022-03-29,Summer,42.4,34.1,37.4,4.57645653663818,49,38.4,NW,6.1,48,0.3,1027.7,37.6,39.9,27.2,No,Yes,Light,Rain
IMD1547,Coimbatore Weather Station,Tamil Nadu,Coimbatore,2024-07-27,Monsoon,27.2,18.0,23.5,22.8,57,4.9,NE,3.7,53,0.1,1008.2,23.4,26.4,14.9,No,Yes,Moderate,Thunderstorm
IMD1548,Hubballi Weather Station,Karnataka,Hubballi,2020-12-02,Winter,19.7,10.0,15.7,1.0,42,20.7,SW,6.5,9,2.8,1009.4,17.4,17.8,4.1,No,No,Light,Thunderstorm
IMD1549,Hubballi Weather Station,Karnataka,Hubballi,2022-08-14,Monsoon,27.7,16.9,23.1,25.9,50,19.6,W,1.5,23,8.4,1019.2,22.4,25.6,13.1,No,No,Moderate,Haze
IMD1550,Bengaluru Weather Station,Karnataka,Bengaluru,2020-05-15,Summer,31.5,23.6,28.6,1.0,38,19.5,SW,2.2,90,3.3,1006.5,27.4,30.5,16.2,No,No,Light,Thunderstorm
IMD1551,Madurai Weather Station,Tamil Nadu,Madurai,2022-10-27,Post-Monsoon,28.4,19.7,24.0,1.4853400418746407,45,21.7,NW,10.4,51,6.9,1010.6,25.3,26.2,13.0,No,Yes,Light,Thunderstorm
IMD1552,Silchar Weather Station,Assam,Silchar,2023-03-10,Summer,39.2,31.1,36.9,1.583251628308601,40,4.6,N,11.4,100,4.8,1015.1,36.0,38.9,24.9,No,No,Light,Fog
IMD1553,Lucknow Weather Station,Uttar Pradesh,Lucknow,2021-05-15,Summer,34.9,22.4,28.6,2.4079439157140503,44,33.1,NE,3.0,15,1.2,1003.9,27.7,30.8,17.4,No,No,Light,Haze
IMD1554,Silchar Weather Station,Assam,Silchar,2021-01-03,Winter,16.4,7.2,12.3,1.2406089793740633,43,27.0,N,7.2,48,10.4,1008.2,15.2,14.5,0.9,No,No,Light,Rain
IMD1555,Nashik Weather Station,Maharashtra,Nashik,2021-10-18,Post-Monsoon,24.5,15.9,22.3,1.0,47,29.6,NE,5.2,37,1.4,1022.3,20.4,24.7,11.7,No,No,Light,Thunderstorm
IMD1556,Jaipur Weather Station,Rajasthan,Jaipur,2021-03-04,Summer,39.0,27.1,32.6,6.995626881221381,43,27.3,W,7.4,76,8.8,1004.2,34.8,34.8,21.2,No,No,Light,Rain
IMD1557,Hubballi Weather Station,Karnataka,Hubballi,2024-01-12,Winter,21.7,15.3,18.3,14.024878199608194,53,26.2,SE,3.9,15,1.9,1013.5,20.3,20.9,8.9,No,No,Light,Cloudy
IMD1558,Durgapur Weather Station,West Bengal,Durgapur,2020-11-12,Post-Monsoon,23.8,14.5,19.1,1.0,52,35.5,S,9.7,5,4.7,1006.3,20.1,21.7,9.5,No,Yes,Light,Rain
IMD1559,Coimbatore Weather Station,Tamil Nadu,Coimbatore,2020-06-29,Monsoon,32.1,22.7,26.9,7.6,48,39.8,N,1.9,62,8.9,1016.0,25.1,29.3,16.5,No,No,Light,Haze
IMD1560,Patiala Weather Station,Punjab,Patiala,2020-07-11,Monsoon,34.3,22.2,28.6,59.3,80,10.8,S,1.9,84,2.4,1013.4,28.8,32.6,24.6,No,No,Moderate,Thunderstorm
IMD1561,Ludhiana Weather Station,Punjab,Ludhiana,2022-03-18,Summer,42.1,34.8,38.6,1.0,47,38.3,S,3.8,61,6.1,1006.4,39.9,41.0,28.0,No,No,Light,Thunderstorm
IMD1562,Lucknow Weather Station,Uttar Pradesh,Lucknow,2022-02-26,Winter,19.5,10.9,15.2,1.0,41,25.7,NE,4.0,44,3.4,1016.6,13.8,17.2,3.4,No,No,Light,Haze
IMD1563,Siliguri Weather Station,West Bengal,Siliguri,2022-01-10,Winter,19.4,8.0,13.7,5.599700486517906,52,32.1,NE,9.5,58,5.6,1006.9,15.1,16.3,4.1,No,Yes,Light,Haze
IMD1564,Kanpur Weather Station,Uttar Pradesh,Kanpur,2023-07-15,Monsoon,33.4,23.3,27.9,37.9,59,33.9,N,10.3,1,1.6,1013.2,26.1,30.8,19.7,No,No,Moderate,Thunderstorm
IMD1565,Siliguri Weather Station,West Bengal,Siliguri,2021-03-21,Summer,31.3,24.7,28.1,1.0,48,21.7,NE,8.9,14,0.9,1008.8,29.3,30.5,17.7,No,No,Light,Clear
IMD1566,Jorhat Weather Station,Assam,Jorhat,2024-06-23,Monsoon,32.9,24.2,28.1,18.9,59,9.0,NE,12.0,11,1.5,1005.2,26.2,31.1,19.9,No,Yes,Light,Rain
IMD1567,Lucknow Weather Station,Uttar Pradesh,Lucknow,2024-04-27,Summer,40.7,35.5,37.8,19.638186747541887,57,14.3,NE,10.4,99,4.2,1006.7,37.3,40.6,29.2,No,No,Light,Cloudy
IMD1568,Hubballi Weather Station,Karnataka,Hubballi,2020-04-02,Summer,36.3,24.9,30.2,6.711866548813834,40,14.9,N,5.7,83,4.3,1015.7,31.4,32.2,18.2,No,No,Light,Clear
IMD1569,Udaipur Weather Station,Rajasthan,Udaipur,2020-12-16,Winter,25.7,17.1,20.4,6.9885331661180565,49,33.5,NW,12.9,61,10.1,1016.4,22.5,22.8,10.2,No,No,Light,Clear
IMD1570,Udaipur Weather Station,Rajasthan,Udaipur,2021-09-10,Monsoon,34.1,22.2,29.1,10.5,49,26.1,W,9.4,39,1.3,1010.0,29.3,31.6,18.9,No,No,Light,Haze
IMD1571,Amritsar Weather Station,Punjab,Amritsar,2024-12-05,Winter,21.8,13.9,16.2,7.747218165755118,56,33.1,E,13.2,78,6.9,1010.7,16.7,19.0,7.4,No,No,Light,Rain
IMD1572,Chennai Weather Station,Tamil Nadu,Chennai,2021-06-27,Monsoon,32.0,22.2,28.0,79.9,91,9.3,NE,10.6,68,0.6,1015.0,30.7,32.5,26.2,No,No,Moderate,Clear
IMD1573,Udaipur Weather Station,Rajasthan,Udaipur,2024-12-25,Winter,21.6,15.9,19.1,1.0,46,36.2,SW,2.5,28,8.4,1013.3,19.1,21.4,8.3,No,No,Light,Fog
IMD1574,Kanpur Weather Station,Uttar Pradesh,Kanpur,2020-12-03,Winter,28.5,19.7,22.4,2.300399028198969,38,35.7,SE,11.1,86,6.9,1024.8,21.3,24.3,10.0,No,No,Light,Thunderstorm
IMD1575,Silchar Weather Station,Assam,Silchar,2023-06-19,Monsoon,34.1,25.3,27.4,27.9,66,1.6,NE,7.1,79,8.5,1002.0,28.7,30.7,20.6,No,Yes,Moderate,Fog
IMD1576,Madurai Weather Station,Tamil Nadu,Madurai,2022-07-07,Monsoon,36.1,27.7,31.4,58.2,79,26.1,S,9.3,28,0.2,1013.4,34.3,35.4,27.2,No,No,Moderate,Clear
IMD1577,Lucknow Weather Station,Uttar Pradesh,Lucknow,2020-03-14,Summer,35.4,25.0,28.9,1.0,45,4.2,S,11.1,2,1.9,1016.2,27.4,31.1,17.9,No,No,Light,Clear
IMD1578,Silchar Weather Station,Assam,Silchar,2024-03-05,Summer,35.0,25.2,31.7,6.414494920064872,51,27.6,E,2.6,2,9.6,1012.0,30.8,34.2,21.9,No,Yes,Light,Rain
IMD1579,Guwahati Weather Station,Assam,Guwahati,2023-06-30,Monsoon,30.5,18.0,24.6,29.0,53,13.1,NE,13.4,52,3.0,1019.3,25.7,27.2,15.2,No,Yes,Moderate,Cloudy
IMD1580,Kolkata Weather Station,West Bengal,Kolkata,2024-02-12,Winter,25.3,14.8,21.5,1.0,49,11.7,NE,6.8,73,4.3,1007.5,22.7,23.9,11.3,No,Yes,Light,Haze
IMD1581,Ludhiana Weather Station,Punjab,Ludhiana,2023-09-04,Monsoon,37.1,23.7,30.5,30.1,54,16.0,W,11.1,30,10.7,1019.2,32.3,33.2,21.3,No,No,Moderate,Rain
IMD1582,Nagpur Weather Station,Maharashtra,Nagpur,2023-12-15,Winter,13.6,5.9,11.6,1.0,43,26.2,W,8.9,63,3.0,1018.9,11.0,13.8,0.2,No,No,Light,Fog
IMD1583,Kolkata Weather Station,West Bengal,Kolkata,2020-02-02,Winter,22.1,16.2,20.1,4.026872304030748,39,18.5,SE,1.6,45,8.5,1019.0,18.6,22.1,7.9,No,Yes,Light,Clear
IMD1584,Siliguri Weather Station,West Bengal,Siliguri,2020-10-17,Post-Monsoon,31.2,18.1,24.5,1.1406319394323339,53,37.1,SE,14.6,65,3.6,1018.3,27.4,27.1,15.1,No,No,Light,Rain
IMD1585,Patiala Weather Station,Punjab,Patiala,2020-05-05,Summer,41.4,33.0,36.2,2.673776900376448,40,19.5,E,14.9,94,9.3,1006.5,35.1,38.2,24.2,No,No,Light,Rain
IMD1586,Kolkata Weather Station,West Bengal,Kolkata,2024-06-25,Monsoon,30.9,26.4,28.6,31.6,61,2.1,SE,10.8,84,6.8,1010.6,30.0,31.7,20.8,No,Yes,Moderate,Haze
IMD1587,Jaipur Weather Station,Rajasthan,Jaipur,2022-08-05,Monsoon,40.7,34.3,38.4,29.2,66,25.2,SW,5.6,53,8.1,1015.1,38.1,41.7,31.6,No,No,Moderate,Haze
IMD1588,Jorhat Weather Station,Assam,Jorhat,2024-04-16,Summer,41.9,34.7,38.1,1.0,41,39.8,NE,10.8,11,8.2,1009.0,39.3,40.1,26.3,No,No,Light,Haze
IMD1589,Amritsar Weather Station,Punjab,Amritsar,2022-12-29,Winter,21.8,15.3,17.9,1.0,52,24.5,NE,10.8,48,5.5,1006.7,19.5,20.5,8.3,No,No,Light,Rain
IMD1590,Udaipur Weather Station,Rajasthan,Udaipur,2020-05-27,Summer,42.4,32.2,35.6,13.828801256195202,54,35.2,N,10.0,11,5.8,1021.6,35.5,38.3,26.4,No,No,Light,Clear
IMD1591,Silchar Weather Station,Assam,Silchar,2021-01-05,Winter,18.6,10.3,15.0,2.4831275118982994,47,4.4,NW,5.7,86,11.5,1024.1,15.0,17.4,4.4,No,No,Light,Cloudy
IMD1592,Chennai Weather Station,Tamil Nadu,Chennai,2024-08-30,Monsoon,32.2,20.3,25.2,66.7,72,12.3,N,13.3,82,2.7,1014.1,23.3,28.8,19.6,No,No,Moderate,Rain
IMD1593,Siliguri Weather Station,West Bengal,Siliguri,2020-01-19,Winter,29.3,21.3,25.4,4.197580586302989,40,27.4,S,10.7,64,0.2,1013.1,25.9,27.4,13.4,No,Yes,Light,Thunderstorm
IMD1594,Amritsar Weather Station,Punjab,Amritsar,2022-10-28,Post-Monsoon,22.4,13.0,19.6,1.0,44,21.0,SW,10.9,43,11.9,1021.7,22.3,21.8,8.4,No,No,Light,Haze
IMD1595,Jorhat Weather Station,Assam,Jorhat,2023-01-27,Winter,26.4,18.6,23.4,1.2781310325875133,45,37.0,NE,7.4,56,6.8,1010.3,26.2,25.6,12.4,No,Yes,Light,Rain
IMD1596,Udaipur Weather Station,Rajasthan,Udaipur,2022-08-15,Monsoon,33.9,23.9,29.2,22.2,51,8.2,NE,9.7,54,4.4,1010.9,31.5,31.8,19.4,No,No,Moderate,Thunderstorm
IMD1597,Mysuru Weather Station,Karnataka,Mysuru,2022-11-03,Post-Monsoon,27.2,20.9,23.5,1.0,46,22.4,W,8.7,70,10.8,1008.4,23.6,25.8,12.7,No,No,Light,Cloudy
IMD1598,Durgapur Weather Station,West Bengal,Durgapur,2020-09-08,Monsoon,33.5,27.0,29.6,50.0,70,10.9,SE,11.5,38,4.6,1007.6,30.6,33.1,23.6,No,No,Moderate,Cloudy
IMD1599,Coimbatore Weather Station,Tamil Nadu,Coimbatore,2023-10-04,Post-Monsoon,28.4,16.3,22.3,1.8761110394526335,50,20.6,W,7.6,56,7.5,1001.9,23.8,24.8,12.3,No,Yes,Light,Cloudy
IMD1600,Amritsar Weather Station,Punjab,Amritsar,2022-12-03,Winter,23.8,16.4,20.6,1.2660409823041159,52,25.6,NE,11.1,8,2.1,1005.0,20.5,23.2,11.0,No,No,Light,Fog
IMD1601,Guwahati Weather Station,Assam,Guwahati,2021-01-23,Winter,19.1,10.1,14.7,7.534526658202142,41,20.9,NE,14.7,34,1.3,1012.3,12.7,16.8,2.9,No,Yes,Light,Thunderstorm
IMD1602,Mysuru Weather Station,Karnataka,Mysuru,2020-04-29,Summer,39.1,28.7,35.2,3.8085574903773614,42,31.4,NW,3.4,61,5.2,1025.4,36.1,37.3,23.6,No,No,Light,Fog
IMD1603,Jorhat Weather Station,Assam,Jorhat,2020-04-03,Summer,39.6,33.5,35.7,1.0,50,39.0,NE,1.2,76,5.7,1008.9,35.2,38.2,25.7,No,Yes,Light,Haze
IMD1604,Silchar Weather Station,Assam,Silchar,2023-04-04,Summer,40.1,31.9,34.8,11.278442610014183,58,22.6,NW,3.7,14,7.6,1018.4,35.5,37.7,26.4,No,Yes,Light,Cloudy
IMD1605,Pune Weather Station,Maharashtra,Pune,2022-03-21,Summer,40.0,30.1,35.0,4.067837187530165,39,28.6,SW,12.5,68,11.7,1010.9,37.6,37.0,22.8,No,No,Light,Fog
IMD1606,Nashik Weather Station,Maharashtra,Nashik,2020-03-25,Summer,35.1,25.2,31.5,5.5113481980287915,50,1.3,S,13.4,23,11.6,1013.3,32.8,34.0,21.5,No,No,Light,Rain
IMD1607,Kolkata Weather Station,West Bengal,Kolkata,2021-07-17,Monsoon,31.9,18.9,24.9,55.3,76,26.0,SW,3.8,72,0.5,1001.1,23.8,28.7,20.1,No,No,Moderate,Rain
IMD1608,Kolkata Weather Station,West Bengal,Kolkata,2021-11-20,Post-Monsoon,30.7,20.5,25.2,4.918025946252819,53,24.8,S,8.5,44,9.9,1016.1,24.5,27.8,15.8,No,Yes,Light,Rain
IMD1609,Mysuru Weather Station,Karnataka,Mysuru,2022-06-29,Monsoon,31.0,20.1,26.8,37.3,58,4.3,W,1.1,86,10.1,994.5,27.8,29.7,18.4,No,No,Moderate,Fog
IMD1610,Jaipur Weather Station,Rajasthan,Jaipur,2022-08-29,Monsoon,31.8,23.8,27.7,70.3,75,14.0,W,6.8,24,0.2,1007.1,25.8,31.4,22.7,No,No,Moderate,Haze
IMD1611,Guwahati Weather Station,Assam,Guwahati,2021-12-09,Winter,21.4,15.1,18.5,4.008379654946606,53,28.9,SW,2.5,65,10.4,1012.1,19.7,21.1,9.1,No,Yes,Light,Haze
IMD1612,Nashik Weather Station,Maharashtra,Nashik,2020-08-01,Monsoon,29.1,19.1,26.1,46.2,67,23.7,S,5.5,16,4.6,1005.9,29.0,29.5,19.5,No,No,Moderate,Haze
IMD1613,Udaipur Weather Station,Rajasthan,Udaipur,2020-04-29,Summer,40.6,31.6,35.3,18.149239250744973,57,13.4,S,7.8,16,10.9,1021.6,36.9,38.1,26.7,No,No,Light,Fog
IMD1614,Jodhpur Weather Station,Rajasthan,Jodhpur,2022-09-27,Monsoon,31.8,25.0,27.4,81.5,82,2.6,W,11.1,37,3.2,1008.7,25.7,31.5,23.8,Yes,No,Heavy,Haze
IMD1615,Kolkata Weather Station,West Bengal,Kolkata,2023-09-18,Monsoon,36.4,24.1,30.1,25.9,64,2.2,S,2.7,97,3.8,1010.0,32.9,33.3,22.9,No,No,Moderate,Thunderstorm
IMD1616,Lucknow Weather Station,Uttar Pradesh,Lucknow,2023-03-30,Summer,40.3,29.7,35.4,3.7692253026607743,47,5.3,NW,12.5,78,7.4,1009.3,35.1,37.8,24.8,No,No,Light,Cloudy
IMD1617,Nashik Weather Station,Maharashtra,Nashik,2024-11-27,Post-Monsoon,37.2,24.9,30.3,2.6565157743633714,46,33.7,N,10.9,75,2.4,1016.6,28.6,32.6,19.5,No,No,Light,Rain
IMD1618,Coimbatore Weather Station,Tamil Nadu,Coimbatore,2021-03-12,Summer,31.1,23.3,26.5,1.0,53,21.4,SE,7.4,8,9.1,1017.9,27.0,29.1,17.1,No,Yes,Light,Rain
IMD1619,Meerut Weather Station,Uttar Pradesh,Meerut,2020-07-16,Monsoon,29.0,22.0,26.2,43.4,74,5.0,SE,8.8,94,11.5,1010.8,27.4,29.9,21.0,No,No,Moderate,Thunderstorm
IMD1620,Durgapur Weather Station,West Bengal,Durgapur,2024-03-20,Summer,41.9,32.2,37.6,3.2350283769556905,43,29.3,E,12.5,55,4.0,1014.8,37.7,39.8,26.2,No,Yes,Light,Fog
IMD1621,Chennai Weather Station,Tamil Nadu,Chennai,2023-04-19,Summer,39.4,29.9,36.5,1.2718184799452694,41,7.8,N,6.3,46,11.3,1005.2,35.0,38.5,24.7,No,No,Light,Thunderstorm
IMD1622,Chennai Weather Station,Tamil Nadu,Chennai,2024-09-25,Monsoon,33.0,21.9,27.6,68.0,83,19.0,E,6.8,92,11.3,1019.6,30.2,31.8,24.2,No,Yes,Moderate,Thunderstorm
IMD1623,Nashik Weather Station,Maharashtra,Nashik,2023-04-28,Summer,36.3,27.3,32.2,1.1538108254596555,45,19.8,W,13.2,0,2.9,1000.3,31.4,34.5,21.2,No,No,Light,Fog
IMD1624,Patiala Weather Station,Punjab,Patiala,2020-01-16,Winter,25.9,20.0,22.4,2.0954913647546176,39,37.3,NE,14.0,11,6.9,1021.4,20.7,24.3,10.2,No,No,Light,Clear
IMD1625,Nagpur Weather Station,Maharashtra,Nagpur,2024-06-06,Monsoon,30.4,23.6,27.9,61.1,77,7.4,NW,13.6,77,7.5,1013.2,30.0,31.8,23.3,No,No,Moderate,Clear
IMD1626,Patiala Weather Station,Punjab,Patiala,2020-01-11,Winter,24.9,14.8,18.3,5.670330693860764,43,37.9,SW,5.0,11,9.1,1017.0,18.7,20.4,6.9,No,No,Light,Fog
IMD1627,Patiala Weather Station,Punjab,Patiala,2023-12-25,Winter,18.6,10.4,14.9,1.0895416904142479,50,25.2,SW,12.0,29,3.0,1005.3,14.1,17.4,4.9,No,No,Light,Rain
IMD1628,Lucknow Weather Station,Uttar Pradesh,Lucknow,2022-01-26,Winter,21.0,11.3,15.8,2.7436908667387847,39,34.7,NW,12.2,52,6.6,1018.1,15.6,17.8,3.6,No,No,Light,Clear
IMD1629,Udaipur Weather Station,Rajasthan,Udaipur,2023-09-22,Monsoon,33.3,22.6,27.6,10.7,46,29.2,NW,4.8,89,3.3,1020.1,27.4,29.9,16.8,No,No,Light,Rain
IMD1630,Mysuru Weather Station,Karnataka,Mysuru,2022-02-07,Winter,25.2,17.6,21.0,1.0,39,18.0,NE,9.1,14,5.7,1008.8,20.0,22.9,8.8,No,No,Light,Thunderstorm
IMD1631,Guwahati Weather Station,Assam,Guwahati,2021-08-05,Monsoon,29.9,21.1,27.5,37.0,67,19.6,S,2.6,83,6.2,1008.9,29.1,30.9,20.9,No,Yes,Moderate,Fog
IMD1632,Chennai Weather Station,Tamil Nadu,Chennai,2021-09-11,Monsoon,28.8,19.7,25.3,47.2,75,14.8,W,7.0,29,2.8,1017.7,23.4,29.1,20.3,No,Yes,Moderate,Rain
IMD1633,Siliguri Weather Station,West Bengal,Siliguri,2024-03-26,Summer,37.8,31.6,35.3,1.619996421992429,51,7.8,NW,1.9,50,1.2,1008.4,36.0,37.8,25.5,No,Yes,Light,Thunderstorm
IMD1634,Bengaluru Weather Station,Karnataka,Bengaluru,2021-02-12,Winter,24.7,17.3,19.5,3.83543816987591,52,5.4,N,6.6,50,0.0,1022.6,19.4,22.1,9.9,No,No,Light,Clear
IMD1635,Jorhat Weather Station,Assam,Jorhat,2020-04-01,Summer,34.8,27.4,32.4,3.618656512353274,45,4.3,NW,13.2,13,7.0,1010.5,31.7,34.6,21.4,No,Yes,Light,Rain
IMD1636,Pune Weather Station,Maharashtra,Pune,2021-12-09,Winter,24.3,13.8,19.5,3.676772511519795,51,10.1,NW,5.0,86,5.0,1023.0,20.0,22.1,9.7,No,No,Light,Cloudy
IMD1637,Kanpur Weather Station,Uttar Pradesh,Kanpur,2023-10-18,Post-Monsoon,27.0,19.0,23.5,1.0128012860364077,48,9.6,SW,2.9,9,1.0,1012.5,23.3,25.9,13.1,No,No,Light,Rain
IMD1638,Jodhpur Weather Station,Rajasthan,Jodhpur,2022-10-07,Post-Monsoon,23.4,14.9,21.0,1.2604198293270974,48,3.0,NW,13.9,90,7.6,1014.2,22.1,23.4,10.6,No,No,Light,Clear
IMD1639,Kolkata Weather Station,West Bengal,Kolkata,2023-07-06,Monsoon,34.5,28.3,31.6,124.0,100,33.0,NW,2.8,82,2.0,1007.4,31.9,36.6,31.6,Yes,Yes,Heavy,Fog
IMD1640,Jodhpur Weather Station,Rajasthan,Jodhpur,2020-09-22,Monsoon,36.7,25.6,30.0,35.0,68,31.2,SE,9.4,28,11.1,1013.3,28.9,33.4,23.6,No,No,Moderate,Rain
IMD1641,Kolkata Weather Station,West Bengal,Kolkata,2021-01-21,Winter,25.0,12.4,18.2,1.0,38,30.6,NW,7.3,25,0.0,1008.8,21.2,20.1,5.8,No,Yes,Light,Haze
IMD1642,Bengaluru Weather Station,Karnataka,Bengaluru,2020-07-21,Monsoon,30.2,21.9,26.2,59.7,81,2.2,E,14.0,64,1.6,1012.5,26.1,30.2,22.4,No,No,Moderate,Haze
IMD1643,Jaipur Weather Station,Rajasthan,Jaipur,2024-10-18,Post-Monsoon,27.3,19.3,22.7,4.338481051332132,47,15.7,E,13.8,7,0.2,1004.2,23.3,25.1,12.1,No,No,Light,Fog
IMD1644,Amritsar Weather Station,Punjab,Amritsar,2024-11-23,Post-Monsoon,25.6,20.7,22.9,2.7902692470320227,52,17.9,SE,9.7,82,9.8,1008.5,24.0,25.5,13.3,No,No,Light,Rain
IMD1645,Guwahati Weather Station,Assam,Guwahati,2022-10-03,Post-Monsoon,23.5,12.7,19.6,1.839377219410178,41,29.6,SW,9.3,88,9.3,1019.7,21.9,21.7,7.8,No,No,Light,Haze
IMD1646,Kanpur Weather Station,Uttar Pradesh,Kanpur,2023-08-31,Monsoon,33.4,24.7,30.6,13.1,58,37.2,SW,11.7,1,5.6,1008.9,30.6,33.5,22.2,No,No,Light,Haze
IMD1647,Silchar Weather Station,Assam,Silchar,2021-09-19,Monsoon,30.9,25.2,28.4,76.6,87,6.3,S,9.0,52,7.1,1007.7,28.1,32.8,25.8,No,No,Moderate,Haze
IMD1648,Bengaluru Weather Station,Karnataka,Bengaluru,2023-09-09,Monsoon,38.1,24.7,31.6,35.3,61,39.2,NE,8.8,73,5.1,1014.5,34.0,34.6,23.8,No,No,Moderate,Clear
IMD1649,Patiala Weather Station,Punjab,Patiala,2024-04-19,Summer,44.0,34.7,38.6,1.0,43,19.2,E,5.3,31,1.6,1008.9,39.4,40.8,27.2,No,No,Light,Fog
IMD1650,Siliguri Weather Station,West Bengal,Siliguri,2023-09-14,Monsoon,34.4,29.0,31.6,103.9,100,1.7,NW,4.9,46,4.5,1017.4,33.1,36.6,31.6,Yes,No,Heavy,Rain
IMD1651,Kolkata Weather Station,West Bengal,Kolkata,2024-06-14,Monsoon,36.1,23.1,29.7,63.6,78,2.6,SE,4.3,73,8.1,1016.2,31.2,33.6,25.3,No,Yes,Moderate,Thunderstorm
IMD1652,Nashik Weather Station,Maharashtra,Nashik,2020-02-22,Winter,25.5,16.1,19.3,1.0,49,27.6,SW,2.9,79,9.2,1008.2,21.3,21.8,9.1,No,No,Light,Haze
IMD1653,Guwahati Weather Station,Assam,Guwahati,2021-02-28,Winter,18.3,10.5,14.4,4.044726098503345,42,6.5,SE,11.1,26,5.7,1014.5,12.6,16.5,2.8,No,Yes,Light,Thunderstorm
IMD1654,Meerut Weather Station,Uttar Pradesh,Meerut,2023-07-02,Monsoon,30.9,19.8,25.4,30.8,54,38.7,W,11.5,100,6.9,1017.2,26.1,28.1,16.2,No,No,Moderate,Clear
IMD1655,Kanpur Weather Station,Uttar Pradesh,Kanpur,2021-12-19,Winter,27.8,16.4,20.9,1.0932689260364103,47,3.6,SE,3.8,16,3.5,999.0,23.2,23.2,10.3,No,No,Light,Thunderstorm
IMD1656,Nagpur Weather Station,Maharashtra,Nagpur,2021-12-14,Winter,24.1,13.2,19.6,7.142097781357526,44,1.4,E,14.6,59,4.4,1011.5,21.9,21.8,8.4,No,No,Light,Haze
IMD1657,Kanpur Weather Station,Uttar Pradesh,Kanpur,2021-08-21,Monsoon,37.9,27.6,32.8,23.6,56,10.0,E,12.8,70,0.9,1011.6,33.8,35.6,24.0,No,No,Moderate,Rain
IMD1658,Nagpur Weather Station,Maharashtra,Nagpur,2021-02-10,Winter,20.4,9.9,16.9,6.190619603059877,42,1.1,NW,14.3,87,8.2,1013.2,15.6,19.0,5.3,No,No,Light,Clear
IMD1659,Madurai Weather Station,Tamil Nadu,Madurai,2020-01-21,Winter,27.0,18.0,24.9,6.704520404424252,41,22.9,SW,11.5,62,4.6,1003.4,26.6,26.9,13.1,No,Yes,Light,Cloudy
IMD1660,Bengaluru Weather Station,Karnataka,Bengaluru,2023-07-01,Monsoon,30.9,22.9,26.8,20.4,56,32.2,E,12.9,28,0.4,1003.2,28.9,29.6,18.0,No,No,Moderate,Cloudy
IMD1661,Nagpur Weather Station,Maharashtra,Nagpur,2022-09-05,Monsoon,31.4,25.3,28.2,96.9,96,16.1,S,2.1,65,11.4,1001.0,31.0,33.0,27.4,Yes,No,Heavy,Rain
IMD1662,Udaipur Weather Station,Rajasthan,Udaipur,2024-06-30,Monsoon,39.8,31.2,34.4,53.5,64,1.1,SW,3.3,31,8.5,1004.9,36.0,37.6,27.2,No,No,Moderate,Rain
IMD1663,Hubballi Weather Station,Karnataka,Hubballi,2024-12-20,Winter,25.1,17.0,19.4,2.0698306878368813,48,28.1,SW,6.0,46,0.0,1026.7,18.1,21.8,9.0,No,No,Light,Clear
IMD1664,Kolkata Weather Station,West Bengal,Kolkata,2022-05-29,Summer,40.6,29.1,33.9,5.762833267820212,47,34.9,E,2.7,68,1.1,1015.8,32.0,36.2,23.3,No,No,Light,Haze
IMD1665,Udaipur Weather Station,Rajasthan,Udaipur,2023-04-24,Summer,41.7,32.6,39.1,3.0096533373884444,47,14.6,N,9.8,68,11.1,1011.3,37.5,41.5,28.5,No,No,Light,Rain
IMD1666,Jodhpur Weather Station,Rajasthan,Jodhpur,2024-03-02,Summer,40.3,30.6,33.5,10.186569632138141,45,30.9,NW,3.3,60,7.2,1004.8,36.2,35.8,22.5,No,No,Light,Cloudy
IMD1667,Coimbatore Weather Station,Tamil Nadu,Coimbatore,2022-11-09,Post-Monsoon,26.9,22.4,24.8,1.0,46,24.4,SE,8.0,21,4.7,1013.3,24.4,27.1,14.0,No,No,Light,Thunderstorm
IMD1668,Lucknow Weather Station,Uttar Pradesh,Lucknow,2022-05-12,Summer,36.4,28.3,33.2,1.0040484872696391,39,8.2,SE,4.7,4,8.5,1008.3,33.5,35.2,21.0,No,No,Light,Fog
IMD1669,Jorhat Weather Station,Assam,Jorhat,2024-03-10,Summer,38.8,29.2,32.9,3.661722953237814,47,3.2,NE,5.9,8,9.9,999.3,32.2,35.2,22.3,No,Yes,Light,Cloudy
IMD1670,Guwahati Weather Station,Assam,Guwahati,2020-01-04,Winter,24.7,13.7,18.3,4.293234517082189,39,40.0,N,10.5,7,8.6,994.2,16.5,20.2,6.1,No,No,Light,Fog
IMD1671,Hubballi Weather Station,Karnataka,Hubballi,2022-09-04,Monsoon,30.3,22.4,26.1,68.3,78,26.9,SE,13.3,15,2.1,1007.1,26.4,30.0,21.7,No,No,Moderate,Cloudy
IMD1672,Siliguri Weather Station,West Bengal,Siliguri,2021-01-15,Winter,28.5,16.7,23.0,4.673597833272639,41,16.2,N,11.6,56,0.8,1020.3,23.5,25.1,11.2,No,Yes,Light,Cloudy
IMD1673,Chennai Weather Station,Tamil Nadu,Chennai,2022-02-03,Winter,15.9,7.0,13.7,1.1835019239708136,40,17.5,SE,4.0,85,6.3,1009.3,14.4,15.7,1.7,No,No,Light,Fog
IMD1674,Amritsar Weather Station,Punjab,Amritsar,2024-12-21,Winter,28.7,18.3,22.6,2.478934623798736,40,6.1,N,2.9,64,3.6,1021.2,24.2,24.6,10.6,No,No,Light,Haze
IMD1675,Lucknow Weather Station,Uttar Pradesh,Lucknow,2020-07-25,Monsoon,35.5,25.0,29.4,13.3,50,38.9,SW,2.8,85,1.0,1011.2,27.9,31.9,19.4,No,No,Light,Cloudy
IMD1676,Madurai Weather Station,Tamil Nadu,Madurai,2022-03-27,Summer,33.9,23.5,30.0,1.0,48,20.2,SW,1.0,22,6.0,1017.5,28.8,32.4,19.6,No,Yes,Light,Thunderstorm
IMD1677,Kolkata Weather Station,West Bengal,Kolkata,2022-12-12,Winter,22.6,12.1,19.0,2.209970370437333,50,37.5,E,13.3,64,3.4,1017.7,17.9,21.5,9.0,No,Yes,Light,Haze
IMD1678,Coimbatore Weather Station,Tamil Nadu,Coimbatore,2023-11-13,Post-Monsoon,33.2,21.1,26.5,3.5656439859117404,48,37.1,SE,5.8,76,11.6,1013.4,28.9,28.9,16.1,No,No,Light,Rain
IMD1679,Durgapur Weather Station,West Bengal,Durgapur,2021-12-14,Winter,26.4,17.4,19.8,13.585517144957942,48,11.4,NE,12.7,82,9.4,1015.4,22.3,22.2,9.4,No,Yes,Light,Haze
IMD1680,Meerut Weather Station,Uttar Pradesh,Meerut,2022-02-11,Winter,24.7,17.5,19.6,12.067919671557616,59,2.0,NE,9.6,15,4.2,1001.2,21.4,22.6,11.4,No,No,Light,Thunderstorm
IMD1681,Siliguri Weather Station,West Bengal,Siliguri,2023-07-17,Monsoon,35.7,26.9,31.1,48.1,74,14.5,W,7.7,70,9.8,1007.6,32.0,34.8,25.9,No,Yes,Moderate,Cloudy
IMD1682,Mysuru Weather Station,Karnataka,Mysuru,2021-12-31,Winter,25.2,12.7,19.6,9.741178373603836,49,39.8,NE,13.2,59,3.3,1011.1,18.5,22.1,9.4,No,No,Light,Clear
IMD1683,Nagpur Weather Station,Maharashtra,Nagpur,2021-09-22,Monsoon,32.4,24.1,29.6,36.5,69,4.6,N,7.8,60,1.7,1015.6,30.7,33.1,23.4,No,No,Moderate,Haze
IMD1684,Jorhat Weather Station,Assam,Jorhat,2023-10-07,Post-Monsoon,24.5,18.0,20.3,1.0,49,16.2,N,2.4,53,1.3,1014.4,20.6,22.8,10.1,No,No,Light,Rain
IMD1685,Lucknow Weather Station,Uttar Pradesh,Lucknow,2023-06-04,Monsoon,31.8,21.1,26.9,27.8,51,24.4,NW,3.8,32,2.8,1016.8,25.5,29.4,17.1,No,No,Moderate,Thunderstorm
IMD1686,Jaipur Weather Station,Rajasthan,Jaipur,2021-09-11,Monsoon,33.4,25.7,31.3,36.1,58,25.4,S,14.3,48,6.7,1001.3,32.7,34.2,22.9,No,No,Moderate,Rain
IMD1687,Madurai Weather Station,Tamil Nadu,Madurai,2021-06-01,Monsoon,32.2,24.1,29.1,16.0,50,32.8,N,11.4,33,5.6,1008.3,27.3,31.6,19.1,No,No,Light,Haze
IMD1688,Kolkata Weather Station,West Bengal,Kolkata,2022-01-05,Winter,25.8,17.9,21.4,3.8690556134238454,44,19.2,SW,14.2,27,2.1,1015.7,20.8,23.6,10.2,No,No,Light,Rain
IMD1689,Jaipur Weather Station,Rajasthan,Jaipur,2022-09-28,Monsoon,29.6,21.0,27.0,119.3,100,9.8,SW,2.4,24,5.6,1017.3,29.2,32.0,27.0,Yes,No,Heavy,Clear
IMD1690,Siliguri Weather Station,West Bengal,Siliguri,2023-08-31,Monsoon,29.8,22.5,26.2,27.5,62,39.6,S,13.3,50,0.1,1010.5,24.3,29.3,18.6,No,Yes,Moderate,Rain
IMD1691,Jaipur Weather Station,Rajasthan,Jaipur,2020-09-26,Monsoon,33.1,24.3,29.6,18.3,47,18.9,N,5.6,61,3.6,1006.7,31.8,32.0,19.0,No,No,Light,Thunderstorm
IMD1692,Amritsar Weather Station,Punjab,Amritsar,2024-02-07,Winter,23.0,15.3,19.1,3.91168685354716,45,7.2,SE,3.9,47,4.1,1012.1,18.8,21.4,8.1,No,No,Light,Fog
IMD1693,Patiala Weather Station,Punjab,Patiala,2024-05-19,Summer,35.7,27.8,29.8,8.24485542748303,45,6.5,W,2.1,63,11.0,1022.8,28.3,32.0,18.8,No,No,Light,Fog
IMD1694,Lucknow Weather Station,Uttar Pradesh,Lucknow,2024-03-07,Summer,39.2,30.0,33.6,1.0,51,10.8,SE,13.2,70,10.6,1005.4,33.6,36.1,23.8,No,No,Light,Cloudy
IMD1695,Udaipur Weather Station,Rajasthan,Udaipur,2021-06-07,Monsoon,33.1,25.3,29.3,61.8,70,4.8,W,6.1,2,9.1,1018.7,30.3,32.8,23.3,No,No,Moderate,Thunderstorm
IMD1696,Kolkata Weather Station,West Bengal,Kolkata,2022-07-09,Monsoon,28.6,18.4,24.2,37.3,61,8.7,SW,6.8,20,6.8,1012.9,26.6,27.2,16.4,No,Yes,Moderate,Cloudy
IMD1697,Silchar Weather Station,Assam,Silchar,2022-06-20,Monsoon,32.9,24.9,30.5,22.9,50,10.8,NW,14.3,74,5.6,1000.2,32.1,33.0,20.5,No,Yes,Moderate,Clear
IMD1698,Chennai Weather Station,Tamil Nadu,Chennai,2020-10-05,Post-Monsoon,26.6,16.5,23.3,11.303628840481915,55,23.1,SE,2.4,87,3.6,991.6,23.9,26.1,14.3,No,Yes,Light,Cloudy
IMD1699,Nashik Weather Station,Maharashtra,Nashik,2023-10-04,Post-Monsoon,33.3,24.0,27.2,1.0,51,13.2,SW,13.8,6,5.2,1010.5,25.2,29.8,17.4,No,No,Light,Fog
IMD1700,Jorhat Weather Station,Assam,Jorhat,2024-01-22,Winter,30.8,20.7,24.8,3.6028487227041692,44,38.7,N,4.0,18,11.4,1019.9,24.1,27.0,13.6,No,Yes,Light,Clear
IMD1701,Amritsar Weather Station,Punjab,Amritsar,2020-12-26,Winter,26.6,17.7,22.7,1.0,47,9.4,W,10.0,20,8.4,1012.1,22.8,25.1,12.1,No,No,Light,Rain
IMD1702,Patiala Weather Station,Punjab,Patiala,2022-10-16,Post-Monsoon,24.4,12.9,19.3,5.36584119830452,52,16.3,NW,14.1,93,11.0,1014.8,21.0,21.9,9.7,No,No,Light,Rain
IMD1703,Hubballi Weather Station,Karnataka,Hubballi,2020-09-14,Monsoon,32.9,22.3,27.1,66.8,78,2.4,E,14.2,77,2.4,1012.0,27.8,31.0,22.7,No,No,Moderate,Fog
IMD1704,Coimbatore Weather Station,Tamil Nadu,Coimbatore,2024-10-09,Post-Monsoon,23.6,17.4,19.7,4.331573176149925,40,38.1,N,14.5,47,8.0,1005.5,21.7,21.7,7.7,No,Yes,Light,Haze
IMD1705,Siliguri Weather Station,West Bengal,Siliguri,2021-05-06,Summer,39.9,31.3,34.5,5.196669808670544,53,20.4,E,14.9,14,0.6,995.9,34.0,37.1,25.1,No,No,Light,Haze
IMD1706,Chennai Weather Station,Tamil Nadu,Chennai,2021-03-03,Summer,34.1,23.1,29.4,1.0,38,6.5,N,9.7,46,5.0,1015.1,30.6,31.3,17.0,No,Yes,Light,Clear
IMD1707,Jodhpur Weather Station,Rajasthan,Jodhpur,2022-08-04,Monsoon,29.9,24.2,26.6,14.6,57,15.0,W,2.5,65,1.2,1014.9,28.4,29.5,18.0,No,No,Light,Clear
IMD1708,Kanpur Weather Station,Uttar Pradesh,Kanpur,2023-11-09,Post-Monsoon,24.5,17.9,21.4,2.536169152911194,46,8.5,SW,7.1,74,2.9,1008.0,22.8,23.7,10.6,No,No,Light,Thunderstorm
IMD1709,Chennai Weather Station,Tamil Nadu,Chennai,2020-12-02,Winter,19.3,8.1,12.9,2.4335525241486424,54,22.4,E,4.2,22,11.2,1019.1,15.4,15.6,3.7,No,Yes,Light,Thunderstorm
IMD1710,Kolkata Weather Station,West Bengal,Kolkata,2020-04-21,Summer,35.3,25.9,31.5,4.188457608762308,50,21.6,N,11.1,60,1.6,1011.0,30.2,34.0,21.5,No,No,Light,Fog
IMD1711,Jaipur Weather Station,Rajasthan,Jaipur,2022-10-05,Post-Monsoon,27.4,19.9,24.3,1.0,46,2.6,NE,7.2,25,1.1,1020.8,24.6,26.6,13.5,No,No,Light,Fog
IMD1712,Bengaluru Weather Station,Karnataka,Bengaluru,2021-04-22,Summer,36.0,30.9,33.0,9.521357669427246,49,15.8,W,13.4,8,2.5,1011.9,33.4,35.5,22.8,No,No,Light,Clear
IMD1713,Ludhiana Weather Station,Punjab,Ludhiana,2020-02-26,Winter,22.9,12.3,19.1,3.509302165053239,46,31.8,S,5.3,69,9.3,1010.4,18.4,21.4,8.3,No,No,Light,Fog
IMD1714,Siliguri Weather Station,West Bengal,Siliguri,2023-09-25,Monsoon,31.2,23.9,28.3,97.3,99,15.5,SW,9.0,47,4.0,1002.0,31.0,33.2,28.1,Yes,Yes,Heavy,Thunderstorm
IMD1715,Kolkata Weather Station,West Bengal,Kolkata,2022-02-07,Winter,24.2,16.5,19.4,6.178463890211946,47,35.5,E,3.3,19,2.6,1020.7,20.0,21.8,8.8,No,No,Light,Clear
IMD1716,Lucknow Weather Station,Uttar Pradesh,Lucknow,2021-03-13,Summer,43.0,35.6,37.6,1.0,51,20.3,NE,6.2,11,1.7,1011.6,37.4,40.1,27.8,No,No,Light,Rain
IMD1717,Kanpur Weather Station,Uttar Pradesh,Kanpur,2021-02-27,Winter,16.4,9.3,13.6,2.334051215184648,52,4.1,NW,7.9,76,2.3,1022.1,14.2,16.2,4.0,No,No,Light,Haze
IMD1718,Ludhiana Weather Station,Punjab,Ludhiana,2022-12-16,Winter,25.2,16.1,21.2,3.9090873141336315,38,30.5,SE,3.4,43,7.6,1016.1,23.5,23.1,8.8,No,No,Light,Thunderstorm
IMD1719,Lucknow Weather Station,Uttar Pradesh,Lucknow,2022-03-17,Summer,31.7,26.8,28.9,4.8708560203249025,49,38.1,N,7.4,71,2.8,1001.7,30.6,31.3,18.7,No,No,Light,Cloudy
IMD1720,Bengaluru Weather Station,Karnataka,Bengaluru,2023-07-11,Monsoon,30.6,23.6,25.6,50.6,71,19.6,E,6.6,47,2.1,1010.5,26.9,29.2,19.8,No,No,Moderate,Cloudy
IMD1721,Patiala Weather Station,Punjab,Patiala,2022-09-13,Monsoon,31.7,24.2,29.3,91.5,83,7.5,N,10.7,26,4.4,1015.9,28.6,33.5,25.9,Yes,No,Heavy,Thunderstorm
IMD1722,Pune Weather Station,Maharashtra,Pune,2024-05-07,Summer,36.5,27.0,33.1,2.7821635763161017,39,20.0,SW,10.3,29,10.0,1012.6,33.7,35.1,20.9,No,No,Light,Rain
IMD1723,Chennai Weather Station,Tamil Nadu,Chennai,2020-12-16,Winter,25.8,20.1,22.2,1.0,53,7.7,N,5.9,100,1.5,1011.4,23.6,24.8,12.8,No,Yes,Light,Haze
IMD1724,Nashik Weather Station,Maharashtra,Nashik,2024-12-15,Winter,20.4,10.4,15.0,2.247714873198132,38,35.4,SW,8.0,33,4.7,1015.8,16.8,16.9,2.6,No,No,Light,Fog
IMD1725,Madurai Weather Station,Tamil Nadu,Madurai,2022-11-21,Post-Monsoon,31.6,18.0,24.7,2.1178369868579283,50,1.5,NW,7.4,74,6.1,1010.3,23.0,27.2,14.7,No,No,Light,Rain
IMD1726,Kanpur Weather Station,Uttar Pradesh,Kanpur,2020-07-14,Monsoon,31.6,22.0,26.9,120.9,100,26.3,NE,3.3,48,2.7,1014.2,28.5,31.9,26.9,Yes,No,Heavy,Rain
IMD1727,Coimbatore Weather Station,Tamil Nadu,Coimbatore,2021-05-08,Summer,36.8,30.7,32.8,8.286094180974723,54,10.2,SE,6.0,38,5.4,1013.9,32.4,35.5,23.6,No,Yes,Light,Rain
IMD1728,Guwahati Weather Station,Assam,Guwahati,2024-01-26,Winter,25.2,15.0,18.3,4.735327571917985,51,18.5,W,14.5,22,5.6,1015.7,16.5,20.9,8.5,No,Yes,Light,Haze
IMD1729,Jaipur Weather Station,Rajasthan,Jaipur,2021-04-11,Summer,42.5,33.4,36.5,7.136788485307099,49,16.5,S,9.8,38,3.2,997.3,36.8,39.0,26.3,No,No,Light,Clear
IMD1730,Durgapur Weather Station,West Bengal,Durgapur,2023-06-21,Monsoon,33.4,24.5,28.0,16.7,60,19.7,SW,5.4,44,0.1,1010.0,30.8,31.0,20.0,No,No,Light,Thunderstorm
IMD1731,Nagpur Weather Station,Maharashtra,Nagpur,2022-05-23,Summer,39.7,31.3,35.4,3.7225525803482062,52,37.3,W,12.4,97,10.3,1016.4,34.3,38.0,25.8,No,No,Light,Thunderstorm
IMD1732,Jaipur Weather Station,Rajasthan,Jaipur,2021-04-17,Summer,39.1,29.3,33.5,1.0,43,16.2,W,7.3,63,7.1,1001.1,33.6,35.6,22.1,No,No,Light,Fog
IMD1733,Silchar Weather Station,Assam,Silchar,2020-11-18,Post-Monsoon,28.7,18.6,24.0,6.4623684051503885,51,29.4,N,6.2,23,1.1,1011.7,24.2,26.6,14.2,No,No,Light,Cloudy
IMD1734,Meerut Weather Station,Uttar Pradesh,Meerut,2023-06-06,Monsoon,35.8,24.1,30.4,37.9,69,38.1,N,9.8,100,4.2,1025.9,33.2,33.9,24.2,No,No,Moderate,Rain
IMD1735,Ludhiana Weather Station,Punjab,Ludhiana,2024-12-01,Winter,19.5,14.2,16.6,4.846696523398,44,14.1,E,3.6,31,2.4,1013.0,19.4,18.8,5.4,No,No,Light,Thunderstorm
IMD1736,Pune Weather Station,Maharashtra,Pune,2022-05-10,Summer,40.9,28.1,34.7,3.2896913026931864,54,9.4,N,10.2,58,4.3,1015.2,32.7,37.4,25.5,No,No,Light,Thunderstorm
IMD1737,Madurai Weather Station,Tamil Nadu,Madurai,2023-11-28,Post-Monsoon,28.1,22.3,26.0,3.5728363918932313,43,28.9,NW,14.2,47,5.1,1017.5,24.2,28.1,14.6,No,No,Light,Fog
IMD1738,Mysuru Weather Station,Karnataka,Mysuru,2024-05-12,Summer,35.9,26.0,29.2,1.0305701251730037,53,31.1,W,6.9,54,2.9,1010.2,30.4,31.8,19.8,No,No,Light,Fog
IMD1739,Siliguri Weather Station,West Bengal,Siliguri,2022-02-28,Winter,14.0,8.2,10.9,2.80516789984586,45,37.2,W,12.0,23,0.7,1012.9,13.3,13.2,-0.1,No,No,Light,Cloudy
IMD1740,Jorhat Weather Station,Assam,Jorhat,2020-04-24,Summer,38.2,30.8,36.1,3.8913004514074845,49,2.4,S,14.8,22,6.9,1001.7,38.2,38.6,25.9,No,Yes,Light,Cloudy
IMD1741,Kolkata Weather Station,West Bengal,Kolkata,2022-01-30,Winter,22.8,16.6,19.0,2.3567035650795054,53,17.9,SE,11.6,97,3.0,1002.2,21.4,21.6,9.6,No,No,Light,Rain
IMD1742,Ludhiana Weather Station,Punjab,Ludhiana,2023-07-21,Monsoon,33.2,22.2,28.3,37.7,62,36.6,SE,7.6,64,7.6,1014.0,29.5,31.4,20.7,No,No,Moderate,Fog
IMD1743,Silchar Weather Station,Assam,Silchar,2021-12-09,Winter,24.9,13.8,18.9,1.0,37,7.9,E,14.3,69,11.3,1013.7,17.5,20.8,6.3,No,Yes,Light,Cloudy
IMD1744,Silchar Weather Station,Assam,Silchar,2022-10-21,Post-Monsoon,28.2,16.8,23.5,5.874269549271297,50,2.7,S,11.9,68,3.4,1009.6,21.8,26.0,13.5,No,Yes,Light,Haze
IMD1745,Pune Weather Station,Maharashtra,Pune,2024-02-29,Winter,21.3,11.0,16.7,3.8561237368819206,44,15.8,SE,2.1,28,3.8,1005.8,16.8,18.9,5.5,No,No,Light,Fog
IMD1746,Jaipur Weather Station,Rajasthan,Jaipur,2024-01-31,Winter,20.6,12.7,16.0,16.396231193433977,53,2.4,N,12.1,16,7.6,1021.2,16.1,18.6,6.6,No,No,Light,Clear
IMD1747,Kolkata Weather Station,West Bengal,Kolkata,2021-06-24,Monsoon,23.1,17.6,19.6,26.9,66,7.1,SW,12.4,78,0.9,1013.5,19.9,22.9,12.8,No,Yes,Moderate,Clear
IMD1748,Nashik Weather Station,Maharashtra,Nashik,2021-04-08,Summer,40.6,33.5,37.0,2.7648757807238633,38,8.0,E,11.9,25,1.0,1011.9,38.1,38.9,24.6,No,No,Light,Thunderstorm
IMD1749,Chennai Weather Station,Tamil Nadu,Chennai,2024-10-16,Post-Monsoon,25.9,18.8,22.7,1.0,49,20.1,NE,5.6,98,5.2,1015.1,24.1,25.1,12.5,No,Yes,Light,Thunderstorm
IMD1750,Ludhiana Weather Station,Punjab,Ludhiana,2020-08-10,Monsoon,34.5,22.7,29.1,40.1,72,37.4,W,4.5,5,6.6,1003.7,28.8,32.7,23.5,No,No,Moderate,Haze
IMD1751,Patiala Weather Station,Punjab,Patiala,2020-04-04,Summer,39.2,29.0,35.3,1.0,43,15.6,SE,1.7,47,6.0,998.5,33.7,37.4,23.9,No,No,Light,Thunderstorm
IMD1752,Jodhpur Weather Station,Rajasthan,Jodhpur,2020-02-18,Winter,22.1,11.8,17.9,1.6426496123278251,45,31.6,SW,12.7,58,5.5,1011.2,18.1,20.1,6.9,No,No,Light,Rain
IMD1753,Bengaluru Weather Station,Karnataka,Bengaluru,2023-12-18,Winter,21.5,11.4,15.4,2.133906030450003,50,5.3,N,13.1,80,1.7,1012.5,17.6,17.9,5.4,No,No,Light,Thunderstorm
IMD1754,Silchar Weather Station,Assam,Silchar,2023-05-27,Summer,35.3,29.1,31.8,2.2627448920578197,42,18.7,S,11.4,89,8.7,1020.2,34.3,33.9,20.2,No,Yes,Light,Thunderstorm
IMD1755,Amritsar Weather Station,Punjab,Amritsar,2023-04-27,Summer,35.0,23.7,30.3,13.585473326621452,59,15.2,N,14.7,38,2.7,1011.1,30.7,33.2,22.1,No,No,Light,Fog
IMD1756,Amritsar Weather Station,Punjab,Amritsar,2021-08-11,Monsoon,34.1,28.5,30.6,45.1,65,7.3,SE,3.2,56,1.5,1007.8,32.3,33.9,23.6,No,No,Moderate,Clear
IMD1757,Madurai Weather Station,Tamil Nadu,Madurai,2021-05-18,Summer,29.9,23.4,26.4,5.1442759044110655,48,19.8,SW,10.2,70,1.9,1020.4,27.3,28.8,16.0,No,Yes,Light,Cloudy
IMD1758,Nashik Weather Station,Maharashtra,Nashik,2022-10-02,Post-Monsoon,25.6,16.5,20.9,1.6037523385672965,47,9.7,NE,5.6,50,11.5,1008.2,23.0,23.2,10.3,No,No,Light,Clear
IMD1759,Meerut Weather Station,Uttar Pradesh,Meerut,2023-07-10,Monsoon,33.4,22.5,28.4,54.0,80,7.8,SW,7.3,23,8.5,1014.9,29.1,32.4,24.4,No,No,Moderate,Fog
IMD1760,Guwahati Weather Station,Assam,Guwahati,2023-12-27,Winter,23.9,15.6,20.5,1.0,39,34.4,SW,10.0,31,1.5,1017.9,22.2,22.4,8.3,No,Yes,Light,Cloudy
IMD1761,Patiala Weather Station,Punjab,Patiala,2021-06-21,Monsoon,30.8,22.4,26.9,21.6,48,14.8,SW,11.9,0,2.3,1020.0,29.1,29.3,16.5,No,No,Moderate,Clear
IMD1762,Jorhat Weather Station,Assam,Jorhat,2020-04-16,Summer,38.4,31.0,35.0,10.846205999363294,51,7.6,N,14.1,48,10.5,1000.6,35.9,37.5,25.2,No,No,Light,Cloudy
IMD1763,Nashik Weather Station,Maharashtra,Nashik,2020-04-04,Summer,42.4,36.5,39.3,5.987920396372637,39,28.1,SW,12.5,72,11.2,998.0,41.9,41.2,27.1,No,No,Light,Fog
IMD1764,Ludhiana Weather Station,Punjab,Ludhiana,2023-12-09,Winter,23.7,11.6,17.3,10.10563606488282,51,24.1,NW,7.6,71,8.8,1002.2,18.7,19.9,7.5,No,No,Light,Cloudy
IMD1765,Guwahati Weather Station,Assam,Guwahati,2024-01-07,Winter,25.5,17.0,22.0,13.106439647604093,53,3.4,N,3.9,7,3.7,1019.0,21.3,24.6,12.6,No,Yes,Light,Cloudy
IMD1766,Ludhiana Weather Station,Punjab,Ludhiana,2020-11-07,Post-Monsoon,32.3,20.2,27.0,19.532579608676723,60,2.7,SW,8.3,13,10.5,1013.7,26.3,30.0,19.0,No,No,Light,Clear
IMD1767,Coimbatore Weather Station,Tamil Nadu,Coimbatore,2023-03-12,Summer,41.8,34.7,37.6,1.0,42,5.2,NE,8.3,38,4.2,1019.9,38.1,39.7,26.0,No,Yes,Light,Cloudy
IMD1768,Amritsar Weather Station,Punjab,Amritsar,2024-06-20,Monsoon,38.0,30.1,33.1,33.9,65,2.5,SE,14.7,22,1.7,1010.9,35.1,36.4,26.1,No,No,Moderate,Clear
IMD1769,Jaipur Weather Station,Rajasthan,Jaipur,2022-02-02,Winter,21.3,12.9,18.2,2.6796778408802964,40,15.2,NW,1.2,96,11.3,1016.9,20.8,20.2,6.2,No,No,Light,Thunderstorm
IMD1770,Meerut Weather Station,Uttar Pradesh,Meerut,2021-06-14,Monsoon,36.2,23.3,29.3,32.4,68,20.1,NE,5.3,21,2.2,1011.9,29.8,32.7,22.9,No,No,Moderate,Haze
IMD1771,Kanpur Weather Station,Uttar Pradesh,Kanpur,2024-05-07,Summer,36.8,30.5,33.0,1.0,41,4.5,SW,4.3,60,0.9,1001.3,35.8,35.0,21.2,No,No,Light,Clear
IMD1772,Durgapur Weather Station,West Bengal,Durgapur,2022-08-14,Monsoon,31.6,22.6,26.6,52.6,68,17.5,NW,1.8,34,8.4,1011.7,24.7,30.0,20.2,No,No,Moderate,Clear
IMD1773,Coimbatore Weather Station,Tamil Nadu,Coimbatore,2024-08-25,Monsoon,29.9,21.2,26.7,38.1,61,19.1,NE,7.8,37,6.9,1009.7,29.6,29.8,18.9,No,No,Moderate,Fog
IMD1774,Jorhat Weather Station,Assam,Jorhat,2022-01-27,Winter,23.7,12.0,18.3,2.895177202210883,43,9.6,S,9.0,27,2.5,1018.0,17.6,20.4,6.9,No,No,Light,Cloudy
IMD1775,Bengaluru Weather Station,Karnataka,Bengaluru,2020-10-15,Post-Monsoon,28.2,19.6,23.6,2.0008379897866138,46,11.4,N,3.5,41,1.5,1008.6,24.9,25.9,12.8,No,No,Light,Rain
IMD1776,Kolkata Weather Station,West Bengal,Kolkata,2020-03-25,Summer,42.9,34.0,36.2,2.015106164156804,40,31.3,W,5.5,31,11.8,1009.7,38.4,38.2,24.2,No,No,Light,Haze
IMD1777,Bengaluru Weather Station,Karnataka,Bengaluru,2022-11-28,Post-Monsoon,31.1,23.0,25.9,6.6964410732090265,45,36.7,NW,5.9,22,1.7,1007.4,25.3,28.1,14.9,No,No,Light,Fog
IMD1778,Mysuru Weather Station,Karnataka,Mysuru,2021-11-25,Post-Monsoon,33.1,24.1,27.1,4.892143368092976,54,34.3,N,12.9,15,9.0,1008.5,29.2,29.8,17.9,No,No,Light,Haze
IMD1779,Mysuru Weather Station,Karnataka,Mysuru,2022-01-10,Winter,19.2,13.8,17.2,7.644306268299305,43,24.3,E,4.7,12,7.7,1006.2,17.5,19.3,5.8,No,No,Light,Cloudy
IMD1780,Kolkata Weather Station,West Bengal,Kolkata,2023-05-21,Summer,41.5,32.8,36.9,2.3584490712986614,50,36.0,NW,7.3,57,10.1,1009.7,36.2,39.4,26.9,No,Yes,Light,Thunderstorm
IMD1781,Jodhpur Weather Station,Rajasthan,Jodhpur,2024-10-23,Post-Monsoon,21.3,12.9,18.0,3.8011533545712135,39,6.5,NW,11.4,3,11.5,1020.2,16.3,19.9,5.8,No,No,Light,Thunderstorm
IMD1782,Patiala Weather Station,Punjab,Patiala,2021-09-26,Monsoon,34.3,27.6,31.7,42.1,58,31.9,NW,2.3,4,4.6,1006.5,33.4,34.6,23.3,No,No,Moderate,Rain
IMD1783,Durgapur Weather Station,West Bengal,Durgapur,2023-02-09,Winter,19.4,12.9,16.6,1.5872094197457094,53,13.4,SW,4.3,20,6.6,1005.5,16.5,19.2,7.2,No,Yes,Light,Fog
IMD1784,Meerut Weather Station,Uttar Pradesh,Meerut,2024-07-03,Monsoon,32.9,27.3,30.0,52.4,64,20.0,S,9.3,62,1.1,1010.7,28.7,33.2,22.8,No,No,Moderate,Rain
IMD1785,Guwahati Weather Station,Assam,Guwahati,2021-01-07,Winter,27.1,14.4,20.8,2.315327379905043,38,21.6,NW,6.6,26,6.3,1011.8,19.3,22.7,8.4,No,No,Light,Thunderstorm
IMD1786,Jodhpur Weather Station,Rajasthan,Jodhpur,2022-09-17,Monsoon,31.1,18.6,25.3,54.2,77,16.7,E,12.3,89,1.9,999.6,24.2,29.2,20.7,No,No,Moderate,Cloudy
IMD1787,Coimbatore Weather Station,Tamil Nadu,Coimbatore,2022-06-10,Monsoon,31.1,20.6,25.8,72.1,74,7.7,S,6.5,72,8.3,1015.3,24.9,29.5,20.6,No,Yes,Moderate,Fog
IMD1788,Guwahati Weather Station,Assam,Guwahati,2021-02-27,Winter,19.6,13.1,15.6,2.063930561043462,47,3.2,E,2.3,58,9.1,1018.6,14.8,17.9,5.0,No,No,Light,Cloudy
IMD1789,Mysuru Weather Station,Karnataka,Mysuru,2024-01-20,Winter,22.9,12.8,18.6,3.9516873051371335,54,31.2,SW,5.8,35,0.7,1005.3,17.7,21.3,9.4,No,No,Light,Clear
IMD1790,Bengaluru Weather Station,Karnataka,Bengaluru,2024-04-08,Summer,40.8,27.6,34.3,5.595935859620914,39,10.8,NW,2.2,19,1.1,1007.4,36.6,36.2,22.1,No,No,Light,Fog
IMD1791,Patiala Weather Station,Punjab,Patiala,2021-01-19,Winter,14.6,5.2,8.4,4.023604183732422,49,27.1,W,7.9,95,0.1,1014.4,8.7,10.9,-1.8,No,No,Light,Haze
IMD1792,Jodhpur Weather Station,Rajasthan,Jodhpur,2021-08-26,Monsoon,39.0,28.8,32.3,12.5,57,22.7,SE,14.4,4,11.3,1015.1,34.8,35.1,23.7,No,No,Light,Clear
IMD1793,Jorhat Weather Station,Assam,Jorhat,2022-07-26,Monsoon,36.9,25.2,30.0,31.3,56,28.6,E,2.8,25,5.0,1017.0,28.6,32.8,21.2,No,No,Moderate,Rain
IMD1794,Ludhiana Weather Station,Punjab,Ludhiana,2022-03-16,Summer,38.2,29.7,34.4,2.676056416676888,38,9.3,N,9.8,71,3.3,999.0,34.2,36.3,22.0,No,No,Light,Fog
IMD1795,Jaipur Weather Station,Rajasthan,Jaipur,2023-03-04,Summer,39.4,30.7,34.3,2.812010326677431,54,32.8,W,10.8,45,5.8,1007.9,36.8,37.0,25.1,No,No,Light,Cloudy
IMD1796,Meerut Weather Station,Uttar Pradesh,Meerut,2021-01-19,Winter,22.0,10.8,16.5,1.874868427434308,51,35.9,SW,14.5,40,5.8,1012.1,18.9,19.1,6.7,No,No,Light,Cloudy
IMD1797,Coimbatore Weather Station,Tamil Nadu,Coimbatore,2021-06-07,Monsoon,36.7,25.9,32.8,28.6,58,5.8,SE,13.1,47,9.7,1002.4,32.0,35.7,24.4,No,Yes,Moderate,Fog
IMD1798,Madurai Weather Station,Tamil Nadu,Madurai,2020-09-09,Monsoon,25.3,17.4,22.9,26.4,54,2.9,S,12.2,83,7.3,1023.7,25.1,25.6,13.7,No,No,Moderate,Thunderstorm
IMD1799,Kanpur Weather Station,Uttar Pradesh,Kanpur,2021-10-04,Post-Monsoon,32.5,24.9,27.2,1.0,51,6.4,S,11.2,21,8.6,1020.6,29.4,29.8,17.4,No,No,Light,Haze
IMD1800,Guwahati Weather Station,Assam,Guwahati,2020-05-03,Summer,37.1,26.3,33.1,7.780106432541941,54,5.5,NE,7.3,40,1.7,1009.2,34.0,35.8,23.9,No,Yes,Light,Cloudy
IMD1801,Chennai Weather Station,Tamil Nadu,Chennai,2021-12-08,Winter,26.1,20.4,23.8,13.992643637418613,53,15.5,N,11.6,25,6.4,1006.1,23.3,26.4,14.4,No,No,Light,Haze
IMD1802,Udaipur Weather Station,Rajasthan,Udaipur,2020-02-03,Winter,26.7,15.8,22.1,1.9517521780973424,46,36.1,NW,14.5,18,11.4,1010.1,22.7,24.4,11.3,No,No,Light,Clear
IMD1803,Coimbatore Weather Station,Tamil Nadu,Coimbatore,2022-02-20,Winter,20.3,9.2,15.4,8.750845967596419,54,25.0,NW,3.4,0,10.7,1018.3,14.0,18.1,6.2,No,No,Light,Thunderstorm
IMD1804,Silchar Weather Station,Assam,Silchar,2022-03-27,Summer,38.9,27.5,33.8,17.89617804656539,45,37.8,SW,3.1,80,9.1,1007.5,35.9,36.0,22.8,No,No,Light,Cloudy
IMD1805,Ludhiana Weather Station,Punjab,Ludhiana,2020-04-15,Summer,33.8,25.7,31.4,4.5298920556442095,45,33.9,SE,11.9,59,5.8,1009.2,30.9,33.6,20.4,No,No,Light,Rain
IMD1806,Udaipur Weather Station,Rajasthan,Udaipur,2023-04-07,Summer,41.9,30.6,35.6,14.066125250001727,44,35.7,SW,7.0,65,7.0,1028.4,36.8,37.8,24.4,No,No,Light,Fog
IMD1807,Mysuru Weather Station,Karnataka,Mysuru,2024-02-20,Winter,22.6,13.0,16.3,2.4893945225165504,47,29.2,NE,3.2,93,5.9,998.9,16.2,18.7,5.7,No,No,Light,Thunderstorm
IMD1808,Jorhat Weather Station,Assam,Jorhat,2023-08-19,Monsoon,29.0,22.3,25.0,61.1,73,17.9,SW,2.3,79,8.8,1011.2,23.8,28.6,19.6,No,Yes,Moderate,Thunderstorm
IMD1809,Coimbatore Weather Station,Tamil Nadu,Coimbatore,2022-05-30,Summer,42.0,33.0,35.6,8.4760982614664,56,18.4,E,7.2,74,9.9,1018.2,38.4,38.4,26.8,No,No,Light,Haze
IMD1810,Nashik Weather Station,Maharashtra,Nashik,2021-03-01,Summer,31.3,20.3,27.2,5.508360525361832,55,29.3,W,6.7,92,7.2,1015.2,25.7,29.9,18.2,No,No,Light,Fog
IMD1811,Silchar Weather Station,Assam,Silchar,2021-02-18,Winter,24.0,15.6,18.9,2.47786107967691,47,30.8,E,5.4,74,2.4,1022.1,20.5,21.2,8.3,No,Yes,Light,Cloudy
IMD1812,Lucknow Weather Station,Uttar Pradesh,Lucknow,2022-04-04,Summer,44.5,33.2,39.8,2.817384230300121,42,37.7,N,4.3,13,11.6,1004.5,41.7,41.9,28.2,No,No,Light,Cloudy
IMD1813,Lucknow Weather Station,Uttar Pradesh,Lucknow,2024-05-30,Summer,42.8,31.4,36.6,1.0,52,37.7,W,12.5,19,9.6,993.3,39.2,39.2,27.0,No,No,Light,Rain
IMD1814,Silchar Weather Station,Assam,Silchar,2021-07-09,Monsoon,34.2,25.5,30.1,129.6,100,6.1,E,4.2,98,8.8,1016.0,28.5,35.1,30.1,Yes,No,Heavy,Clear
IMD1815,Nashik Weather Station,Maharashtra,Nashik,2023-08-26,Monsoon,33.9,25.3,31.3,17.3,47,32.5,E,13.7,46,9.0,1015.5,30.1,33.6,20.7,No,No,Light,Cloudy
IMD1816,Lucknow Weather Station,Uttar Pradesh,Lucknow,2024-11-10,Post-Monsoon,28.1,21.7,25.9,9.264741062151641,46,19.7,S,10.6,82,5.7,1022.8,26.0,28.2,15.1,No,No,Light,Rain
IMD1817,Kolkata Weather Station,West Bengal,Kolkata,2024-12-30,Winter,27.3,13.5,20.4,1.0,44,35.3,S,8.3,66,8.4,1012.6,18.5,22.6,9.2,No,Yes,Light,Haze
IMD1818,Coimbatore Weather Station,Tamil Nadu,Coimbatore,2020-09-12,Monsoon,28.6,17.8,22.4,62.5,68,6.3,E,1.6,56,11.1,1021.9,25.4,25.8,16.0,No,No,Moderate,Fog
IMD1819,Jodhpur Weather Station,Rajasthan,Jodhpur,2022-01-22,Winter,23.5,12.8,19.1,1.0576065431264443,39,32.6,SE,1.6,18,9.2,1012.1,20.6,21.1,6.9,No,No,Light,Fog
IMD1820,Hubballi Weather Station,Karnataka,Hubballi,2024-04-10,Summer,44.2,32.7,38.1,1.2376377710046376,45,7.9,S,1.8,3,9.9,1010.6,40.7,40.4,27.1,No,No,Light,Fog
IMD1821,Kolkata Weather Station,West Bengal,Kolkata,2024-04-30,Summer,44.9,32.6,39.0,2.390569289416058,46,12.4,SE,4.2,89,8.3,1006.3,39.1,41.3,28.2,No,No,Light,Thunderstorm
IMD1822,Jodhpur Weather Station,Rajasthan,Jodhpur,2022-05-24,Summer,40.5,31.8,37.5,9.595389055791525,53,9.7,SE,1.1,48,11.3,1012.8,38.2,40.1,28.1,No,No,Light,Fog
IMD1823,Lucknow Weather Station,Uttar Pradesh,Lucknow,2021-12-31,Winter,25.0,14.8,19.2,6.472128275627759,46,39.2,E,1.8,75,7.0,1012.0,20.4,21.5,8.4,No,No,Light,Cloudy
IMD1824,Patiala Weather Station,Punjab,Patiala,2023-08-30,Monsoon,34.7,23.7,28.3,16.3,60,15.2,NE,9.4,61,4.3,1029.2,29.0,31.3,20.3,No,No,Light,Fog
IMD1825,Jodhpur Weather Station,Rajasthan,Jodhpur,2020-01-28,Winter,23.8,16.4,19.9,1.0,40,17.0,E,7.2,47,8.2,1000.8,20.4,21.9,7.9,No,No,Light,Haze
IMD1826,Chennai Weather Station,Tamil Nadu,Chennai,2020-09-19,Monsoon,28.9,22.7,25.2,34.3,63,27.0,E,6.8,2,11.2,1016.2,24.6,28.3,17.8,No,No,Moderate,Rain
IMD1827,Amritsar Weather Station,Punjab,Amritsar,2023-12-25,Winter,24.3,16.3,19.4,3.059825556099789,48,35.5,S,12.4,71,6.5,1001.6,20.9,21.8,9.0,No,No,Light,Fog
IMD1828,Chennai Weather Station,Tamil Nadu,Chennai,2023-05-30,Summer,35.2,26.1,33.1,17.022698340038037,47,9.8,W,4.8,25,7.1,1007.5,33.1,35.5,22.5,No,Yes,Light,Haze
IMD1829,Mysuru Weather Station,Karnataka,Mysuru,2022-11-14,Post-Monsoon,31.2,24.4,27.6,5.08446968301841,49,10.9,NE,13.4,46,5.1,1014.4,28.1,30.1,17.4,No,No,Light,Rain
IMD1830,Patiala Weather Station,Punjab,Patiala,2024-01-13,Winter,22.2,10.3,17.2,1.0,52,15.3,W,6.0,29,1.7,1017.1,19.8,19.8,7.6,No,No,Light,Thunderstorm
IMD1831,Madurai Weather Station,Tamil Nadu,Madurai,2024-04-28,Summer,42.4,35.4,39.4,1.0,43,10.2,SE,10.7,21,11.8,1013.3,40.8,41.5,28.0,No,Yes,Light,Haze
IMD1832,Ludhiana Weather Station,Punjab,Ludhiana,2021-07-04,Monsoon,35.4,24.0,28.8,74.6,81,21.4,S,7.6,79,10.3,1029.9,29.8,32.9,25.0,No,No,Moderate,Thunderstorm
IMD1833,Durgapur Weather Station,West Bengal,Durgapur,2020-07-30,Monsoon,31.7,25.5,27.9,80.0,84,23.2,N,1.5,82,8.0,1005.3,28.6,32.1,24.7,No,Yes,Moderate,Cloudy
IMD1834,Nagpur Weather Station,Maharashtra,Nagpur,2022-05-02,Summer,40.0,32.0,34.3,1.0,49,33.1,NW,2.2,48,0.2,1012.6,34.8,36.8,24.1,No,No,Light,Thunderstorm
IMD1835,Udaipur Weather Station,Rajasthan,Udaipur,2022-10-09,Post-Monsoon,30.3,24.6,28.0,1.0,42,13.1,SW,10.9,18,2.7,1018.1,29.7,30.1,16.4,No,No,Light,Rain
IMD1836,Udaipur Weather Station,Rajasthan,Udaipur,2020-12-16,Winter,28.3,17.8,21.5,6.4088742269194166,48,30.3,SW,4.5,14,4.6,1016.2,22.3,23.9,11.1,No,No,Light,Fog
IMD1837,Bengaluru Weather Station,Karnataka,Bengaluru,2020-01-26,Winter,16.5,10.3,13.8,1.206902920160449,45,15.8,NW,2.6,26,3.7,1020.3,12.6,16.1,2.8,No,No,Light,Clear
IMD1838,Udaipur Weather Station,Rajasthan,Udaipur,2023-05-14,Summer,44.0,35.1,37.6,3.254494082124223,39,38.4,W,10.6,97,3.0,1013.8,37.0,39.6,25.4,No,No,Light,Rain
IMD1839,Silchar Weather Station,Assam,Silchar,2021-09-05,Monsoon,31.3,24.4,26.5,53.5,74,34.0,E,11.4,86,3.2,1006.6,25.8,30.2,21.3,No,No,Moderate,Thunderstorm
IMD1840,Guwahati Weather Station,Assam,Guwahati,2020-09-13,Monsoon,29.0,17.1,22.7,73.0,83,34.5,SE,11.4,59,9.4,1016.1,22.4,26.9,19.3,No,Yes,Moderate,Cloudy
IMD1841,Nagpur Weather Station,Maharashtra,Nagpur,2024-02-09,Winter,21.1,14.6,18.1,1.553822586623558,39,4.8,NE,11.8,28,11.8,1021.5,16.3,20.1,5.9,No,No,Light,Cloudy
IMD1842,Amritsar Weather Station,Punjab,Amritsar,2022-01-05,Winter,23.6,13.3,19.3,2.719921168215447,40,1.1,NE,12.0,10,6.0,1012.5,21.1,21.3,7.3,No,No,Light,Rain
IMD1843,Nagpur Weather Station,Maharashtra,Nagpur,2020-08-09,Monsoon,35.2,25.3,32.2,34.0,59,29.1,NE,6.7,41,1.9,1019.3,31.5,35.2,24.0,No,No,Moderate,Haze
IMD1844,Amritsar Weather Station,Punjab,Amritsar,2023-08-07,Monsoon,37.9,29.3,32.4,28.6,58,6.2,SE,7.0,86,1.2,1008.4,33.6,35.3,24.0,No,No,Moderate,Thunderstorm
IMD1845,Ludhiana Weather Station,Punjab,Ludhiana,2022-03-19,Summer,39.8,31.3,36.2,1.8237726575839346,47,39.2,E,4.2,7,9.4,1010.6,38.6,38.6,25.6,No,No,Light,Clear
IMD1846,Chennai Weather Station,Tamil Nadu,Chennai,2020-11-02,Post-Monsoon,32.4,20.3,26.1,2.6017969110501546,51,6.9,NE,5.9,64,1.9,997.7,24.1,28.7,16.3,No,No,Light,Cloudy
IMD1847,Coimbatore Weather Station,Tamil Nadu,Coimbatore,2023-08-16,Monsoon,29.2,23.4,25.5,36.6,59,30.0,W,10.2,27,4.3,1006.5,28.3,28.4,17.3,No,Yes,Moderate,Rain
IMD1848,Ludhiana Weather Station,Punjab,Ludhiana,2020-06-24,Monsoon,32.9,22.9,29.8,28.8,55,39.8,N,1.9,21,2.5,1009.5,32.1,32.5,20.8,No,No,Moderate,Rain
IMD1849,Kanpur Weather Station,Uttar Pradesh,Kanpur,2020-07-02,Monsoon,30.4,25.3,27.3,24.9,65,25.4,E,6.0,4,8.9,1030.2,29.4,30.6,20.3,No,No,Moderate,Clear
IMD1850,Ludhiana Weather Station,Punjab,Ludhiana,2022-12-11,Winter,20.0,14.2,16.6,2.0121724542699897,43,14.3,SW,3.6,59,12.0,1023.4,15.1,18.8,5.2,No,No,Light,Haze
IMD1851,Chennai Weather Station,Tamil Nadu,Chennai,2021-03-23,Summer,37.8,27.6,31.2,1.0,43,20.8,NE,4.7,20,0.2,1002.5,30.7,33.4,19.8,No,No,Light,Haze
IMD1852,Kanpur Weather Station,Uttar Pradesh,Kanpur,2023-04-12,Summer,46.4,36.0,40.8,1.3114752771148361,50,35.7,W,9.9,18,11.9,1003.9,40.9,43.3,30.8,No,No,Light,Clear
IMD1853,Meerut Weather Station,Uttar Pradesh,Meerut,2023-02-24,Winter,19.1,8.3,13.4,4.310529859124481,55,17.0,SE,6.0,39,10.9,994.1,15.4,16.1,4.4,No,No,Light,Thunderstorm
IMD1854,Kanpur Weather Station,Uttar Pradesh,Kanpur,2022-02-14,Winter,22.2,17.2,19.9,2.9867081667988926,49,20.2,SW,8.4,74,11.7,1012.8,18.2,22.3,9.7,No,No,Light,Thunderstorm
IMD1855,Patiala Weather Station,Punjab,Patiala,2022-01-27,Winter,26.5,15.2,20.0,1.6930955637189367,51,37.2,S,10.1,35,0.7,1028.5,18.1,22.6,10.2,No,No,Light,Rain
IMD1856,Madurai Weather Station,Tamil Nadu,Madurai,2024-03-14,Summer,39.7,28.8,34.9,1.0,53,15.1,W,3.9,31,1.9,1001.7,33.0,37.5,25.5,No,Yes,Light,Haze
IMD1857,Coimbatore Weather Station,Tamil Nadu,Coimbatore,2023-04-03,Summer,36.3,27.3,33.4,4.64069490870249,39,29.8,W,4.5,23,0.9,1011.4,32.4,35.4,21.2,No,No,Light,Thunderstorm
IMD1858,Patiala Weather Station,Punjab,Patiala,2022-01-20,Winter,24.1,18.7,20.9,3.9728576333169747,44,24.5,NE,4.7,65,5.6,1012.2,19.7,23.1,9.7,No,No,Light,Clear
IMD1859,Mysuru Weather Station,Karnataka,Mysuru,2024-11-06,Post-Monsoon,29.3,20.6,26.0,9.077381887574044,53,30.5,NW,2.6,6,4.6,1014.5,25.9,28.6,16.6,No,No,Light,Haze
IMD1860,Durgapur Weather Station,West Bengal,Durgapur,2020-07-28,Monsoon,38.5,27.5,31.5,10.0,46,30.6,NE,12.8,70,11.0,1016.7,31.1,33.8,20.7,No,No,Light,Clear
IMD1861,Hubballi Weather Station,Karnataka,Hubballi,2024-05-13,Summer,36.3,27.5,34.3,19.94093192678664,52,5.7,W,7.8,24,7.4,1006.8,34.3,36.9,24.7,No,No,Light,Cloudy
IMD1862,Lucknow Weather Station,Uttar Pradesh,Lucknow,2022-01-07,Winter,24.8,12.6,17.9,12.869622056273682,46,8.4,S,8.8,72,8.9,1017.7,19.8,20.2,7.1,No,No,Light,Haze
IMD1863,Amritsar Weather Station,Punjab,Amritsar,2021-03-16,Summer,41.2,31.3,35.4,3.845772891171673,41,31.7,W,8.9,63,0.2,1000.1,36.1,37.4,23.6,No,No,Light,Haze
IMD1864,Udaipur Weather Station,Rajasthan,Udaipur,2020-06-01,Monsoon,33.9,28.5,30.8,74.3,89,16.8,NW,5.0,78,6.8,1015.0,30.7,35.2,28.6,No,No,Moderate,Cloudy
IMD1865,Kanpur Weather Station,Uttar Pradesh,Kanpur,2023-02-22,Winter,27.9,20.5,24.4,6.086127099702377,46,7.7,E,11.1,15,4.5,1007.9,27.1,26.7,13.6,No,No,Light,Cloudy
IMD1866,Kolkata Weather Station,West Bengal,Kolkata,2024-06-08,Monsoon,31.0,18.2,24.9,50.9,73,31.3,NW,8.6,42,3.4,1025.7,24.0,28.5,19.5,No,No,Moderate,Cloudy
IMD1867,Ludhiana Weather Station,Punjab,Ludhiana,2024-08-09,Monsoon,28.1,21.4,25.4,24.5,65,15.4,SW,11.1,28,3.8,1013.9,27.2,28.6,18.4,No,No,Moderate,Fog
IMD1868,Nashik Weather Station,Maharashtra,Nashik,2022-11-01,Post-Monsoon,29.1,16.6,23.6,6.107289100527731,50,25.5,E,11.2,11,3.4,1012.0,24.4,26.1,13.6,No,No,Light,Rain
IMD1869,Silchar Weather Station,Assam,Silchar,2022-01-23,Winter,27.2,19.9,23.0,2.620280833718316,48,22.4,SW,8.6,79,11.2,1015.6,23.3,25.4,12.6,No,Yes,Light,Haze
IMD1870,Kanpur Weather Station,Uttar Pradesh,Kanpur,2022-09-03,Monsoon,28.2,18.5,23.1,39.7,70,15.1,N,6.6,87,2.9,1015.3,23.0,26.6,17.1,No,No,Moderate,Fog
IMD1871,Mysuru Weather Station,Karnataka,Mysuru,2024-08-15,Monsoon,36.2,26.3,30.7,66.6,74,21.4,E,9.2,88,2.2,1005.4,29.6,34.4,25.5,No,No,Moderate,Fog
IMD1872,Hubballi Weather Station,Karnataka,Hubballi,2023-11-23,Post-Monsoon,29.5,22.9,26.6,5.381188178969105,44,5.9,S,7.1,72,7.5,1005.8,26.3,28.8,15.4,No,No,Light,Haze
IMD1873,Jodhpur Weather Station,Rajasthan,Jodhpur,2023-04-07,Summer,41.5,30.2,35.0,3.1653118485236664,47,29.0,N,2.4,84,0.9,1014.1,35.8,37.4,24.4,No,No,Light,Haze
IMD1874,Jorhat Weather Station,Assam,Jorhat,2023-12-19,Winter,26.5,13.7,19.9,1.4205470963284206,38,2.8,S,1.4,4,5.6,1001.7,22.4,21.8,7.5,No,No,Light,Thunderstorm
IMD1875,Siliguri Weather Station,West Bengal,Siliguri,2020-06-11,Monsoon,31.3,22.2,27.1,46.2,74,7.1,N,12.2,83,1.1,1011.6,29.0,30.8,21.9,No,Yes,Moderate,Rain
IMD1876,Lucknow Weather Station,Uttar Pradesh,Lucknow,2024-11-25,Post-Monsoon,26.7,18.9,22.4,1.0,43,2.3,SW,10.3,32,6.6,1011.6,22.8,24.5,11.0,No,No,Light,Thunderstorm
IMD1877,Udaipur Weather Station,Rajasthan,Udaipur,2021-04-18,Summer,36.9,31.4,34.6,6.240110235740746,53,15.7,SW,13.1,3,7.4,1003.6,36.6,37.2,25.2,No,No,Light,Cloudy
IMD1878,Mysuru Weather Station,Karnataka,Mysuru,2023-03-28,Summer,42.6,33.6,37.9,1.4158552676874394,46,8.2,SW,3.0,60,8.7,1006.3,39.3,40.2,27.1,No,No,Light,Fog
IMD1879,Silchar Weather Station,Assam,Silchar,2023-11-21,Post-Monsoon,31.9,21.8,26.5,1.4833453443087499,51,31.2,SW,11.1,8,5.1,1006.9,26.5,29.1,16.7,No,Yes,Light,Cloudy
IMD1880,Jodhpur Weather Station,Rajasthan,Jodhpur,2023-11-28,Post-Monsoon,30.7,24.1,27.7,1.9932243122365576,46,31.6,N,5.5,46,0.6,1007.6,29.2,30.0,16.9,No,No,Light,Clear
IMD1881,Durgapur Weather Station,West Bengal,Durgapur,2020-04-22,Summer,41.1,31.8,35.2,4.72197545259391,53,30.6,S,13.0,46,1.1,1018.3,37.7,37.9,25.8,No,No,Light,Rain
IMD1882,Jodhpur Weather Station,Rajasthan,Jodhpur,2023-12-21,Winter,20.6,9.6,16.6,3.8530300180695525,51,2.0,E,3.8,91,9.6,1006.4,15.6,19.2,6.8,No,No,Light,Clear
IMD1883,Amritsar Weather Station,Punjab,Amritsar,2020-05-16,Summer,41.7,32.5,36.1,1.0,50,19.0,E,12.4,11,9.6,1018.0,34.8,38.6,26.1,No,No,Light,Haze
IMD1884,Nashik Weather Station,Maharashtra,Nashik,2021-09-17,Monsoon,36.8,28.7,31.5,56.1,81,12.4,E,5.1,1,2.1,1003.0,32.3,35.5,27.7,No,No,Moderate,Rain
IMD1885,Kolkata Weather Station,West Bengal,Kolkata,2023-05-06,Summer,36.0,30.3,32.4,5.817216578373162,48,7.6,E,7.7,62,9.8,1005.8,35.1,34.8,22.0,No,No,Light,Haze
IMD1886,Amritsar Weather Station,Punjab,Amritsar,2020-07-18,Monsoon,25.5,16.3,21.3,29.4,67,11.2,N,13.0,85,6.1,997.7,22.4,24.7,14.7,No,No,Moderate,Fog
IMD1887,Ludhiana Weather Station,Punjab,Ludhiana,2022-02-05,Winter,21.0,14.9,18.3,4.579420933108021,53,26.2,W,1.9,8,2.4,1012.5,18.5,20.9,8.9,No,No,Light,Fog
IMD1888,Madurai Weather Station,Tamil Nadu,Madurai,2024-04-04,Summer,36.9,27.2,33.0,1.787974680020047,48,33.3,NE,14.6,19,7.7,1023.5,33.8,35.4,22.6,No,Yes,Light,Cloudy
IMD1889,Durgapur Weather Station,West Bengal,Durgapur,2024-11-21,Post-Monsoon,29.4,19.6,23.6,1.0,51,14.8,NW,13.8,30,2.0,1012.4,22.5,26.2,13.8,No,Yes,Light,Cloudy
IMD1890,Madurai Weather Station,Tamil Nadu,Madurai,2023-11-01,Post-Monsoon,22.8,14.4,19.5,3.841767648849924,46,6.6,NE,4.6,10,6.8,1008.5,22.2,21.8,8.7,No,No,Light,Thunderstorm
IMD1891,Jaipur Weather Station,Rajasthan,Jaipur,2023-10-19,Post-Monsoon,26.6,17.9,22.4,3.9105773656403753,51,24.1,W,10.0,16,10.5,1009.3,21.4,24.9,12.6,No,No,Light,Clear
IMD1892,Meerut Weather Station,Uttar Pradesh,Meerut,2023-12-21,Winter,26.0,19.6,23.2,2.361712991475036,45,37.0,NW,14.2,96,2.1,1001.7,22.6,25.4,12.2,No,No,Light,Rain
IMD1893,Jodhpur Weather Station,Rajasthan,Jodhpur,2021-06-18,Monsoon,29.2,21.5,26.2,15.9,50,17.5,NE,1.8,90,4.1,1006.6,28.6,28.7,16.2,No,No,Light,Thunderstorm
IMD1894,Lucknow Weather Station,Uttar Pradesh,Lucknow,2021-08-10,Monsoon,34.1,23.8,29.7,9.3,56,36.0,W,4.1,24,1.7,1024.5,28.9,32.5,20.9,No,No,Light,Clear
IMD1895,Kolkata Weather Station,West Bengal,Kolkata,2024-01-30,Winter,28.9,20.0,23.0,10.066368244823456,55,16.1,SW,5.8,70,7.4,1012.6,22.1,25.8,14.0,No,Yes,Light,Haze
IMD1896,Udaipur Weather Station,Rajasthan,Udaipur,2024-01-23,Winter,25.8,15.3,19.9,1.0,51,32.8,SW,5.1,52,9.9,1005.0,22.5,22.4,10.1,No,No,Light,Rain
IMD1897,Siliguri Weather Station,West Bengal,Siliguri,2024-04-27,Summer,35.3,26.5,29.2,5.843653464525533,39,11.4,NE,3.6,49,7.8,1005.9,29.0,31.1,17.0,No,No,Light,Fog
IMD1898,Lucknow Weather Station,Uttar Pradesh,Lucknow,2023-11-03,Post-Monsoon,31.3,19.0,24.5,2.833305716243482,54,36.1,SW,11.7,17,10.8,1015.6,27.1,27.2,15.3,No,No,Light,Fog
IMD1899,Bengaluru Weather Station,Karnataka,Bengaluru,2020-07-26,Monsoon,31.7,22.3,28.3,81.7,87,38.9,NE,7.6,18,3.8,1021.5,31.3,32.6,25.7,Yes,No,Heavy,Rain
IMD1900,Udaipur Weather Station,Rajasthan,Udaipur,2022-04-17,Summer,40.5,31.7,36.4,1.0,48,36.2,NE,13.7,10,7.9,1007.0,36.1,38.8,26.0,No,No,Light,Cloudy
IMD1901,Nashik Weather Station,Maharashtra,Nashik,2022-09-08,Monsoon,32.8,24.0,26.4,91.1,85,12.5,W,9.9,29,1.5,1010.0,27.9,30.6,23.4,Yes,No,Heavy,Haze
IMD1902,Durgapur Weather Station,West Bengal,Durgapur,2020-02-12,Winter,23.4,16.5,19.8,5.939235727302705,43,21.0,E,12.3,19,1.0,1007.5,19.8,21.9,8.4,No,Yes,Light,Clear
IMD1903,Jodhpur Weather Station,Rajasthan,Jodhpur,2024-12-05,Winter,24.5,15.2,22.0,1.5776116103940792,42,9.1,S,14.3,87,12.0,1011.9,20.6,24.1,10.4,No,No,Light,Haze
IMD1904,Chennai Weather Station,Tamil Nadu,Chennai,2023-05-03,Summer,37.8,27.2,33.6,1.0,41,35.2,SW,6.7,42,0.2,1009.3,35.1,35.6,21.8,No,No,Light,Cloudy
IMD1905,Jorhat Weather Station,Assam,Jorhat,2021-08-01,Monsoon,28.9,19.1,25.8,69.3,76,26.0,SE,5.0,57,0.8,1018.0,27.5,29.6,21.0,No,No,Moderate,Cloudy
IMD1906,Nagpur Weather Station,Maharashtra,Nagpur,2022-09-08,Monsoon,32.0,23.1,28.1,66.3,77,32.4,NE,12.1,58,4.5,1016.5,31.1,32.0,23.5,No,No,Moderate,Haze
IMD1907,Amritsar Weather Station,Punjab,Amritsar,2023-02-15,Winter,14.4,7.2,12.0,3.1430039455201033,41,8.0,W,8.0,21,0.4,1013.8,11.2,14.1,0.2,No,No,Light,Cloudy
IMD1908,Kanpur Weather Station,Uttar Pradesh,Kanpur,2020-12-29,Winter,25.5,14.7,20.3,1.0,41,36.4,NW,14.4,73,3.8,1028.7,22.1,22.4,8.5,No,No,Light,Clear
IMD1909,Coimbatore Weather Station,Tamil Nadu,Coimbatore,2024-09-28,Monsoon,32.4,21.9,28.3,50.9,76,15.3,N,2.0,66,1.9,1013.4,29.2,32.1,23.5,No,Yes,Moderate,Thunderstorm
IMD1910,Jorhat Weather Station,Assam,Jorhat,2024-06-22,Monsoon,33.2,26.0,30.3,6.9,49,29.7,E,13.8,90,9.4,997.7,33.2,32.8,20.1,No,No,Light,Fog
IMD1911,Amritsar Weather Station,Punjab,Amritsar,2020-01-19,Winter,24.5,13.0,19.9,10.597094952453713,43,9.5,NE,11.5,93,1.3,1019.0,17.9,22.0,8.5,No,No,Light,Cloudy
IMD1912,Madurai Weather Station,Tamil Nadu,Madurai,2020-01-04,Winter,19.8,11.7,13.7,1.9478341193553728,43,23.3,E,3.3,61,9.8,1011.6,11.9,15.8,2.3,No,Yes,Light,Haze
IMD1913,Mysuru Weather Station,Karnataka,Mysuru,2024-12-13,Winter,17.3,7.5,12.3,1.6397944988270943,42,15.6,S,14.6,11,7.9,1003.1,11.1,14.4,0.7,No,No,Light,Clear
IMD1914,Pune Weather Station,Maharashtra,Pune,2024-01-27,Winter,26.8,18.9,21.6,1.5914421558503165,47,23.3,SW,10.5,41,7.9,1009.8,24.1,24.0,11.0,No,No,Light,Fog
IMD1915,Chennai Weather Station,Tamil Nadu,Chennai,2022-06-11,Monsoon,35.5,25.5,29.8,55.3,71,11.7,S,7.1,43,8.2,1029.6,31.8,33.4,24.0,No,Yes,Moderate,Thunderstorm
IMD1916,Nashik Weather Station,Maharashtra,Nashik,2022-10-12,Post-Monsoon,27.3,16.6,22.8,1.5357104074538972,41,14.9,NW,12.0,89,5.7,1005.2,22.2,24.9,11.0,No,No,Light,Rain
IMD1917,Ludhiana Weather Station,Punjab,Ludhiana,2023-02-07,Winter,25.2,17.5,21.4,3.050757385489336,48,4.2,SW,4.7,77,11.1,1008.5,24.4,23.8,11.0,No,No,Light,Clear
IMD1918,Jorhat Weather Station,Assam,Jorhat,2020-04-05,Summer,36.6,28.1,33.8,1.4024031683063016,40,21.5,N,5.8,70,7.1,1019.9,32.5,35.8,21.8,No,No,Light,Thunderstorm
IMD1919,Nashik Weather Station,Maharashtra,Nashik,2024-09-18,Monsoon,32.1,25.1,28.2,33.0,58,39.5,E,11.0,44,6.4,1006.4,30.6,31.1,19.8,No,No,Moderate,Thunderstorm
IMD1920,Jaipur Weather Station,Rajasthan,Jaipur,2020-11-06,Post-Monsoon,29.7,20.8,24.9,2.919030999624588,54,28.2,W,5.5,12,1.0,1014.7,25.8,27.6,15.7,No,No,Light,Haze
IMD1921,Nashik Weather Station,Maharashtra,Nashik,2021-06-17,Monsoon,31.9,22.4,25.3,63.4,75,26.8,W,5.5,55,8.8,1016.5,26.9,29.1,20.3,No,No,Moderate,Rain
IMD1922,Bengaluru Weather Station,Karnataka,Bengaluru,2023-05-27,Summer,38.9,25.3,32.2,8.335248411761595,52,13.9,SW,9.8,75,3.1,1017.2,32.4,34.8,22.6,No,No,Light,Cloudy
IMD1923,Lucknow Weather Station,Uttar Pradesh,Lucknow,2020-08-09,Monsoon,27.2,22.3,24.6,38.9,72,17.6,SW,9.6,36,10.0,1010.2,24.2,28.2,19.0,No,No,Moderate,Clear
IMD1924,Kanpur Weather Station,Uttar Pradesh,Kanpur,2022-01-19,Winter,26.3,19.6,22.0,5.0011684721611696,39,32.6,NE,8.8,29,6.2,1002.1,23.3,23.9,9.8,No,No,Light,Cloudy
IMD1925,Nagpur Weather Station,Maharashtra,Nagpur,2020-08-01,Monsoon,29.9,23.8,26.4,30.5,55,26.3,NW,4.9,39,8.4,1006.4,28.2,29.1,17.4,No,No,Moderate,Cloudy
IMD1926,Jaipur Weather Station,Rajasthan,Jaipur,2024-10-20,Post-Monsoon,33.5,28.7,31.2,1.0,51,3.5,NE,4.5,12,6.1,1008.0,29.2,33.8,21.4,No,No,Light,Thunderstorm
IMD1927,Silchar Weather Station,Assam,Silchar,2022-09-03,Monsoon,31.5,26.3,29.4,23.1,50,18.7,NW,10.3,78,11.8,1020.4,28.1,31.9,19.4,No,Yes,Moderate,Clear
IMD1928,Siliguri Weather Station,West Bengal,Siliguri,2020-01-15,Winter,21.4,12.0,16.0,2.95717887116103,48,11.0,NW,7.0,83,10.4,1002.6,18.7,18.4,5.6,No,Yes,Light,Clear
IMD1929,Amritsar Weather Station,Punjab,Amritsar,2022-10-02,Post-Monsoon,23.7,14.2,19.3,4.627096891006407,55,29.6,N,3.2,46,0.5,1013.1,21.6,22.1,10.3,No,No,Light,Thunderstorm
IMD1930,Durgapur Weather Station,West Bengal,Durgapur,2022-05-15,Summer,37.1,28.9,34.6,1.6902984867648838,49,14.4,NE,12.4,79,9.5,1007.5,32.8,37.1,24.4,No,No,Light,Clear
IMD1931,Bengaluru Weather Station,Karnataka,Bengaluru,2022-10-26,Post-Monsoon,30.4,19.5,25.5,1.0,53,33.6,E,5.8,59,3.2,1008.2,23.9,28.1,16.1,No,No,Light,Clear
IMD1932,Jodhpur Weather Station,Rajasthan,Jodhpur,2024-03-04,Summer,40.2,28.1,34.7,2.0681992487384857,38,20.2,W,9.1,79,7.1,1009.0,35.8,36.6,22.3,No,No,Light,Cloudy
IMD1933,Ludhiana Weather Station,Punjab,Ludhiana,2024-12-28,Winter,27.6,14.8,21.5,1.0,48,37.6,SE,12.8,22,8.1,1015.6,19.6,23.9,11.1,No,No,Light,Rain
IMD1934,Mysuru Weather Station,Karnataka,Mysuru,2021-06-29,Monsoon,33.8,27.4,31.2,23.2,63,22.7,NW,3.8,88,8.7,1011.1,29.3,34.4,23.8,No,No,Moderate,Haze
IMD1935,Udaipur Weather Station,Rajasthan,Udaipur,2020-07-03,Monsoon,30.2,22.5,25.0,59.0,72,29.1,NW,9.3,99,2.3,1015.6,27.6,28.6,19.4,No,No,Moderate,Cloudy
IMD1936,Jaipur Weather Station,Rajasthan,Jaipur,2024-12-23,Winter,24.8,19.0,21.2,1.0168452441178146,38,37.3,S,7.6,72,0.5,1025.0,21.7,23.1,8.8,No,No,Light,Fog
IMD1937,Mysuru Weather Station,Karnataka,Mysuru,2021-11-30,Post-Monsoon,35.7,23.8,29.1,1.0,44,33.5,E,9.5,34,5.1,1009.9,29.1,31.3,17.9,No,No,Light,Fog
IMD1938,Jaipur Weather Station,Rajasthan,Jaipur,2021-07-24,Monsoon,32.9,22.8,28.4,27.6,62,7.3,NE,1.5,56,0.2,1012.5,27.6,31.5,20.8,No,No,Moderate,Rain
IMD1939,Ludhiana Weather Station,Punjab,Ludhiana,2020-06-04,Monsoon,33.7,25.8,28.8,49.9,64,1.9,SW,1.8,41,1.5,1015.8,31.0,32.0,21.6,No,No,Moderate,Clear
IMD1940,Bengaluru Weather Station,Karnataka,Bengaluru,2022-08-03,Monsoon,30.9,23.6,25.8,64.8,72,17.0,NE,3.4,61,10.7,1020.6,27.6,29.4,20.2,No,No,Moderate,Thunderstorm
IMD1941,Mysuru Weather Station,Karnataka,Mysuru,2022-05-04,Summer,39.5,26.7,33.1,1.6494995737949012,52,37.7,SE,8.1,89,3.5,1011.8,33.9,35.7,23.5,No,No,Light,Fog
IMD1942,Jaipur Weather Station,Rajasthan,Jaipur,2022-02-04,Winter,16.2,10.1,12.9,3.3151869828638016,38,4.1,SE,5.6,34,1.4,1011.4,13.2,14.8,0.5,No,No,Light,Rain
IMD1943,Coimbatore Weather Station,Tamil Nadu,Coimbatore,2020-10-22,Post-Monsoon,29.9,22.8,26.5,3.4636349218887963,52,18.7,N,5.0,66,5.8,1002.9,27.6,29.1,16.9,No,No,Light,Haze
IMD1944,Mysuru Weather Station,Karnataka,Mysuru,2023-03-20,Summer,40.0,31.0,33.1,5.6974160536865766,53,33.3,N,10.9,40,11.0,1014.4,34.9,35.8,23.7,No,No,Light,Haze
IMD1945,Durgapur Weather Station,West Bengal,Durgapur,2020-09-13,Monsoon,25.8,19.5,22.6,20.5,59,29.8,E,13.1,56,7.7,1015.0,21.8,25.6,14.4,No,Yes,Moderate,Haze
IMD1946,Ludhiana Weather Station,Punjab,Ludhiana,2022-04-11,Summer,40.2,30.3,34.9,5.807180224252237,52,23.4,E,3.6,59,11.6,1006.0,34.9,37.5,25.3,No,No,Light,Haze
IMD1947,Nagpur Weather Station,Maharashtra,Nagpur,2020-08-06,Monsoon,38.8,28.8,32.0,39.5,64,39.3,E,9.5,2,2.6,1000.5,32.1,35.2,24.8,No,No,Moderate,Rain
IMD1948,Durgapur Weather Station,West Bengal,Durgapur,2024-03-16,Summer,41.2,35.2,37.8,9.298096505384738,42,14.1,N,8.1,20,10.4,1023.2,37.4,39.9,26.2,No,No,Light,Clear
IMD1949,Jodhpur Weather Station,Rajasthan,Jodhpur,2021-01-18,Winter,23.8,15.7,18.5,1.5038602771197553,46,27.5,NW,1.9,31,10.0,1010.0,20.3,20.8,7.7,No,No,Light,Haze
IMD1950,Chennai Weather Station,Tamil Nadu,Chennai,2023-09-19,Monsoon,31.4,26.2,29.3,19.7,60,37.6,SE,4.2,94,4.6,1011.5,30.5,32.3,21.3,No,No,Light,Clear
IMD1951,Hubballi Weather Station,Karnataka,Hubballi,2023-08-23,Monsoon,29.2,15.8,22.3,25.6,56,16.0,NE,5.2,26,8.3,1008.8,23.5,25.1,13.5,No,No,Moderate,Clear
IMD1952,Amritsar Weather Station,Punjab,Amritsar,2020-10-24,Post-Monsoon,28.3,22.2,25.8,4.492140306084398,48,18.7,S,3.7,39,5.4,1012.5,25.2,28.2,15.4,No,No,Light,Fog
IMD1953,Meerut Weather Station,Uttar Pradesh,Meerut,2020-02-08,Winter,18.8,10.7,13.5,4.822285380887763,55,35.9,NW,13.9,28,0.5,1021.0,14.1,16.2,4.5,No,No,Light,Clear
IMD1954,Amritsar Weather Station,Punjab,Amritsar,2021-03-23,Summer,34.0,28.4,30.5,2.0713834791459487,50,22.3,E,8.1,8,10.6,1016.5,32.3,33.0,20.5,No,No,Light,Clear
IMD1955,Kanpur Weather Station,Uttar Pradesh,Kanpur,2020-10-06,Post-Monsoon,26.2,20.9,23.9,5.86293836510614,50,11.4,SW,9.0,86,0.5,1018.8,24.3,26.4,13.9,No,No,Light,Rain
IMD1956,Ludhiana Weather Station,Punjab,Ludhiana,2020-02-18,Winter,21.1,11.5,17.5,3.013324277015948,52,15.8,E,11.5,2,2.7,1005.3,19.7,20.1,7.9,No,No,Light,Rain
IMD1957,Bengaluru Weather Station,Karnataka,Bengaluru,2021-05-16,Summer,38.2,30.2,34.4,8.956648930455396,51,10.1,SE,3.6,93,7.1,1008.9,32.5,36.9,24.6,No,No,Light,Thunderstorm
IMD1958,Durgapur Weather Station,West Bengal,Durgapur,2021-06-24,Monsoon,26.5,17.0,20.7,47.2,71,12.6,W,9.0,61,11.0,1009.3,20.9,24.2,14.9,No,No,Moderate,Thunderstorm
IMD1959,Kanpur Weather Station,Uttar Pradesh,Kanpur,2023-10-11,Post-Monsoon,29.3,21.7,25.1,3.0828794193557494,40,2.8,NW,7.5,12,10.2,1009.2,23.2,27.1,13.1,No,No,Light,Fog
IMD1960,Amritsar Weather Station,Punjab,Amritsar,2021-01-20,Winter,20.0,12.6,15.1,1.0,38,29.1,S,11.7,52,3.0,1011.5,16.0,17.0,2.7,No,No,Light,Cloudy
IMD1961,Ludhiana Weather Station,Punjab,Ludhiana,2023-12-12,Winter,26.6,13.4,19.9,1.0,50,17.4,NE,2.8,79,8.5,1011.0,20.3,22.4,9.9,No,No,Light,Clear
IMD1962,Hubballi Weather Station,Karnataka,Hubballi,2024-02-21,Winter,23.9,16.4,18.8,3.212457821296424,48,7.8,S,9.8,20,4.7,1024.4,17.0,21.2,8.4,No,No,Light,Cloudy
IMD1963,Pune Weather Station,Maharashtra,Pune,2022-12-11,Winter,22.2,12.5,18.4,1.0,52,12.2,W,9.0,19,6.5,1005.2,18.6,21.0,8.8,No,No,Light,Cloudy
IMD1964,Jorhat Weather Station,Assam,Jorhat,2020-09-27,Monsoon,25.2,19.8,22.8,38.5,70,10.1,NE,9.2,76,8.4,1020.3,22.1,26.3,16.8,No,No,Moderate,Fog
IMD1965,Madurai Weather Station,Tamil Nadu,Madurai,2024-04-05,Summer,34.6,29.1,31.1,5.9356015158636914,41,30.9,NW,14.4,85,10.6,1011.1,29.2,33.1,19.3,No,Yes,Light,Thunderstorm
IMD1966,Guwahati Weather Station,Assam,Guwahati,2021-01-03,Winter,21.7,12.5,16.4,1.0,46,3.0,W,9.0,32,8.7,1008.1,16.2,18.7,5.6,No,No,Light,Thunderstorm
IMD1967,Meerut Weather Station,Uttar Pradesh,Meerut,2021-04-10,Summer,32.9,24.2,29.4,1.0,43,26.4,NE,8.4,63,10.9,1003.5,32.3,31.5,18.0,No,No,Light,Rain
IMD1968,Madurai Weather Station,Tamil Nadu,Madurai,2023-10-19,Post-Monsoon,30.8,21.8,25.3,1.0,51,25.7,NE,6.6,81,7.9,998.2,25.9,27.9,15.5,No,Yes,Light,Fog
IMD1969,Nashik Weather Station,Maharashtra,Nashik,2020-01-12,Winter,22.0,11.0,16.0,14.75195489307925,49,20.4,NE,1.1,75,11.9,1007.5,16.3,18.4,5.8,No,No,Light,Haze
IMD1970,Jorhat Weather Station,Assam,Jorhat,2021-10-04,Post-Monsoon,29.3,20.1,26.5,3.581459002342422,42,22.9,E,9.7,78,6.2,1002.6,26.7,28.6,14.9,No,No,Light,Rain
IMD1971,Mysuru Weather Station,Karnataka,Mysuru,2020-02-20,Winter,25.1,12.6,18.4,5.7865996772441886,49,10.6,NE,6.4,14,3.1,1007.0,18.1,20.8,8.2,No,No,Light,Haze
IMD1972,Coimbatore Weather Station,Tamil Nadu,Coimbatore,2024-07-13,Monsoon,35.5,25.0,29.2,63.2,68,21.1,S,11.7,34,11.9,1021.9,30.3,32.6,22.8,No,No,Moderate,Haze
IMD1973,Amritsar Weather Station,Punjab,Amritsar,2024-10-31,Post-Monsoon,27.5,19.9,24.2,1.0,49,38.9,NW,4.9,77,9.9,1007.5,23.8,26.6,14.0,No,No,Light,Clear
IMD1974,Bengaluru Weather Station,Karnataka,Bengaluru,2020-10-19,Post-Monsoon,25.6,17.2,20.5,4.645298823098399,55,29.0,N,7.9,15,3.4,1014.7,21.5,23.2,11.5,No,No,Light,Cloudy
IMD1975,Jaipur Weather Station,Rajasthan,Jaipur,2023-08-08,Monsoon,38.6,25.3,32.1,24.6,60,9.5,NE,1.5,19,9.4,1013.1,34.0,35.1,24.1,No,No,Moderate,Thunderstorm
IMD1976,Lucknow Weather Station,Uttar Pradesh,Lucknow,2023-11-05,Post-Monsoon,26.2,19.3,24.1,2.6843646955009115,44,28.0,SE,12.9,13,2.6,1005.3,22.6,26.3,12.9,No,No,Light,Thunderstorm
IMD1977,Udaipur Weather Station,Rajasthan,Udaipur,2020-11-25,Post-Monsoon,23.4,17.5,20.6,1.0,42,22.2,S,10.3,81,1.8,1015.4,21.0,22.7,9.0,No,No,Light,Rain
IMD1978,Coimbatore Weather Station,Tamil Nadu,Coimbatore,2020-09-03,Monsoon,38.7,32.5,36.2,106.8,93,13.4,S,12.6,45,2.1,1015.6,34.3,40.9,34.8,Yes,Yes,Heavy,Thunderstorm
IMD1979,Guwahati Weather Station,Assam,Guwahati,2022-06-03,Monsoon,30.3,24.7,27.1,31.3,68,6.2,E,14.1,66,10.8,1014.7,25.6,30.5,20.7,No,No,Moderate,Fog
IMD1980,Guwahati Weather Station,Assam,Guwahati,2021-01-23,Winter,21.9,14.3,16.9,4.198782415024049,48,23.4,S,9.7,22,6.7,1017.9,18.5,19.3,6.5,No,Yes,Light,Clear
IMD1981,Jodhpur Weather Station,Rajasthan,Jodhpur,2020-12-01,Winter,17.6,8.5,15.0,2.3623393242479778,50,20.2,SW,2.4,18,7.2,1027.0,13.8,17.5,5.0,No,No,Light,Fog
IMD1982,Jaipur Weather Station,Rajasthan,Jaipur,2022-05-11,Summer,45.2,35.0,40.4,1.074654217535425,45,19.6,SE,1.9,66,0.7,1009.8,39.7,42.6,29.4,No,No,Light,Rain
IMD1983,Coimbatore Weather Station,Tamil Nadu,Coimbatore,2023-04-04,Summer,35.8,26.8,33.1,13.325214801327716,49,24.2,NW,6.0,75,5.3,1003.5,31.6,35.6,22.9,No,Yes,Light,Thunderstorm
IMD1984,Udaipur Weather Station,Rajasthan,Udaipur,2024-09-14,Monsoon,32.0,25.6,29.9,22.5,58,1.6,NW,1.3,11,6.4,1007.8,29.0,32.8,21.5,No,No,Moderate,Clear
IMD1985,Nagpur Weather Station,Maharashtra,Nagpur,2023-01-21,Winter,23.3,13.1,16.6,1.0,51,19.9,S,3.5,10,6.6,1006.3,17.3,19.2,6.8,No,No,Light,Haze
IMD1986,Kolkata Weather Station,West Bengal,Kolkata,2023-11-09,Post-Monsoon,35.4,24.8,29.0,1.0,42,29.0,SW,2.0,5,9.9,994.7,28.5,31.1,17.4,No,No,Light,Fog
IMD1987,Chennai Weather Station,Tamil Nadu,Chennai,2021-09-25,Monsoon,34.7,26.6,28.9,101.8,97,28.4,NW,8.5,65,7.0,1004.9,28.9,33.8,28.3,Yes,No,Heavy,Rain
IMD1988,Lucknow Weather Station,Uttar Pradesh,Lucknow,2022-06-09,Monsoon,29.1,24.0,26.2,27.6,54,7.3,SE,5.2,5,7.4,1020.1,28.8,28.9,17.0,No,No,Moderate,Fog
IMD1989,Udaipur Weather Station,Rajasthan,Udaipur,2022-04-25,Summer,41.9,30.1,35.7,2.3804390751255724,44,4.2,SE,4.2,25,4.9,1014.6,37.7,37.9,24.5,No,No,Light,Thunderstorm
IMD1990,Jorhat Weather Station,Assam,Jorhat,2022-12-14,Winter,23.0,11.2,18.1,6.311810650385348,49,38.1,SW,11.6,21,7.5,1015.3,18.0,20.6,7.9,No,No,Light,Clear
IMD1991,Silchar Weather Station,Assam,Silchar,2021-01-23,Winter,19.3,9.9,13.5,5.776245038676663,40,29.0,E,8.0,75,6.8,1022.5,13.0,15.5,1.5,No,Yes,Light,Cloudy
IMD1992,Amritsar Weather Station,Punjab,Amritsar,2020-07-05,Monsoon,36.5,30.1,33.8,76.4,89,33.7,SE,9.5,94,7.8,1024.9,34.7,38.2,31.6,No,No,Moderate,Cloudy
IMD1993,Jorhat Weather Station,Assam,Jorhat,2020-10-15,Post-Monsoon,37.2,24.0,30.4,5.350283425228183,44,14.1,W,7.7,61,3.1,1018.3,30.9,32.6,19.2,No,No,Light,Fog
IMD1994,Pune Weather Station,Maharashtra,Pune,2023-11-13,Post-Monsoon,30.5,24.0,28.4,1.0,53,8.5,NE,4.7,68,8.0,1012.6,28.2,31.0,19.0,No,No,Light,Fog
IMD1995,Guwahati Weather Station,Assam,Guwahati,2022-02-26,Winter,25.2,14.2,19.1,1.0,47,35.2,SW,12.7,67,6.2,1009.4,21.8,21.5,8.5,No,Yes,Light,Haze
IMD1996,Mysuru Weather Station,Karnataka,Mysuru,2021-05-09,Summer,37.1,29.5,35.0,1.263849773091168,37,29.1,SE,3.1,26,6.5,1003.9,33.9,36.9,22.4,No,No,Light,Rain
IMD1997,Durgapur Weather Station,West Bengal,Durgapur,2023-09-05,Monsoon,35.1,22.2,28.6,46.6,70,39.9,SW,12.5,6,6.2,1007.9,29.0,32.1,22.6,No,No,Moderate,Haze
IMD1998,Jaipur Weather Station,Rajasthan,Jaipur,2020-04-20,Summer,34.0,24.6,30.2,10.971687137305548,43,15.2,N,9.1,53,5.8,1006.9,28.8,32.4,18.8,No,No,Light,Cloudy
IMD1999,Kanpur Weather Station,Uttar Pradesh,Kanpur,2023-03-09,Summer,37.1,26.2,31.9,2.1075659033092027,49,37.6,SE,5.0,77,10.9,1012.9,29.9,34.4,21.7,No,No,Light,Haze
IMD2000,Jaipur Weather Station,Rajasthan,Jaipur,2024-04-03,Summer,34.9,26.9,31.0,5.283040588367209,42,32.2,E,6.3,85,1.9,1009.5,32.8,33.1,19.4,No,No,Light,Rain
IMD2001,Chennai Weather Station,Tamil Nadu,Chennai,2024-08-03,Monsoon,33.9,23.6,29.1,32.1,65,13.3,W,3.7,2,2.0,1013.8,27.5,32.4,22.1,No,No,Moderate,Cloudy
IMD2002,Hubballi Weather Station,Karnataka,Hubballi,2024-07-27,Monsoon,31.8,19.6,26.0,45.8,67,22.5,SE,14.7,65,10.1,1028.3,25.8,29.4,19.4,No,No,Moderate,Clear
IMD2003,Chennai Weather Station,Tamil Nadu,Chennai,2022-05-30,Summer,38.0,29.3,34.7,4.147896315329746,51,22.5,N,6.0,78,5.4,1014.5,34.7,37.2,24.9,No,Yes,Light,Haze
IMD2004,Jorhat Weather Station,Assam,Jorhat,2023-06-15,Monsoon,29.1,20.4,23.4,30.4,65,12.4,W,14.7,76,4.7,1015.1,22.9,26.6,16.4,No,Yes,Moderate,Fog
IMD2005,Lucknow Weather Station,Uttar Pradesh,Lucknow,2022-11-19,Post-Monsoon,26.3,17.7,23.0,1.0,39,14.5,NW,3.7,30,7.3,1026.8,25.9,24.9,10.8,No,No,Light,Rain
IMD2006,Kanpur Weather Station,Uttar Pradesh,Kanpur,2022-09-01,Monsoon,36.4,26.8,29.5,74.0,78,37.1,E,5.5,29,9.3,1014.1,29.1,33.4,25.1,No,No,Moderate,Thunderstorm
IMD2007,Amritsar Weather Station,Punjab,Amritsar,2024-06-17,Monsoon,30.7,25.4,28.2,40.1,63,33.6,E,9.5,67,1.8,1008.6,28.5,31.3,20.8,No,No,Moderate,Fog
IMD2008,Mysuru Weather Station,Karnataka,Mysuru,2022-08-23,Monsoon,29.4,20.9,26.7,32.1,65,9.4,NW,6.9,82,8.4,1018.4,27.6,29.9,19.7,No,No,Moderate,Thunderstorm
IMD2009,Meerut Weather Station,Uttar Pradesh,Meerut,2024-04-02,Summer,37.0,28.4,32.3,7.611839028517932,50,26.4,NE,8.0,75,4.1,1012.5,32.2,34.8,22.3,No,No,Light,Thunderstorm
IMD2010,Udaipur Weather Station,Rajasthan,Udaipur,2022-02-26,Winter,23.8,14.8,21.1,1.3376851589792451,38,27.5,E,2.4,87,2.3,1013.6,22.0,23.0,8.7,No,No,Light,Rain
IMD2011,Udaipur Weather Station,Rajasthan,Udaipur,2022-02-22,Winter,20.6,11.8,17.0,1.3258159442347288,47,28.1,E,1.2,20,3.9,1014.8,15.1,19.4,6.4,No,No,Light,Thunderstorm
IMD2012,Nashik Weather Station,Maharashtra,Nashik,2024-03-27,Summer,39.6,31.7,34.3,4.5036307303798395,53,6.1,SW,3.2,52,4.3,1005.3,33.4,36.9,24.9,No,No,Light,Cloudy
IMD2013,Patiala Weather Station,Punjab,Patiala,2024-07-17,Monsoon,31.5,25.4,29.0,59.5,80,2.7,N,9.0,80,10.8,1009.7,27.6,33.0,25.0,No,No,Moderate,Thunderstorm
IMD2014,Kanpur Weather Station,Uttar Pradesh,Kanpur,2020-04-07,Summer,34.7,26.6,32.3,5.304993577932064,48,3.6,SE,7.5,20,4.3,1018.3,35.3,34.7,21.9,No,No,Light,Rain
IMD2015,Chennai Weather Station,Tamil Nadu,Chennai,2021-10-27,Post-Monsoon,31.6,21.4,26.0,3.151241056317315,40,13.6,E,10.4,91,1.9,1000.2,26.8,28.0,14.0,No,Yes,Light,Clear
IMD2016,Durgapur Weather Station,West Bengal,Durgapur,2023-10-20,Post-Monsoon,32.8,21.1,27.2,1.9388472835228192,39,29.2,E,2.8,81,3.0,1026.0,30.1,29.1,15.0,No,Yes,Light,Thunderstorm
IMD2017,Siliguri Weather Station,West Bengal,Siliguri,2021-12-14,Winter,20.6,11.0,16.2,2.6346380578876487,51,9.4,NE,2.3,4,4.7,999.0,15.7,18.8,6.4,No,No,Light,Clear
IMD2018,Nashik Weather Station,Maharashtra,Nashik,2022-01-02,Winter,23.0,14.7,17.4,1.0,40,35.7,SW,5.9,42,2.1,1016.9,18.6,19.4,5.4,No,No,Light,Haze
IMD2019,Ludhiana Weather Station,Punjab,Ludhiana,2023-08-02,Monsoon,31.2,22.0,28.6,56.3,80,39.9,E,4.0,72,7.7,1009.4,27.1,32.6,24.6,No,No,Moderate,Cloudy
IMD2020,Udaipur Weather Station,Rajasthan,Udaipur,2024-07-21,Monsoon,33.5,24.8,31.3,32.4,57,20.6,S,2.3,11,7.8,1001.9,29.5,34.1,22.7,No,No,Moderate,Rain
IMD2021,Hubballi Weather Station,Karnataka,Hubballi,2024-03-21,Summer,37.2,30.6,34.3,2.6881049656509424,43,6.4,NW,9.6,88,11.0,1012.1,36.1,36.4,22.9,No,No,Light,Rain
IMD2022,Nashik Weather Station,Maharashtra,Nashik,2020-10-10,Post-Monsoon,29.9,23.6,26.5,19.83625660969932,53,10.9,SW,6.2,9,11.4,1016.8,26.2,29.1,17.1,No,No,Light,Clear
IMD2023,Coimbatore Weather Station,Tamil Nadu,Coimbatore,2022-11-29,Post-Monsoon,23.1,13.6,19.5,13.629281015463816,58,32.3,W,5.3,51,6.8,1017.6,18.8,22.4,11.1,No,Yes,Light,Cloudy
IMD2024,Udaipur Weather Station,Rajasthan,Udaipur,2022-10-26,Post-Monsoon,30.0,23.8,27.2,5.432642308767115,40,27.3,E,3.2,41,11.5,1003.4,29.7,29.2,15.2,No,No,Light,Thunderstorm
IMD2025,Nagpur Weather Station,Maharashtra,Nagpur,2020-07-02,Monsoon,30.8,20.7,25.0,48.0,63,11.7,NE,13.0,3,4.0,1004.6,27.4,28.1,17.6,No,No,Moderate,Fog
IMD2026,Durgapur Weather Station,West Bengal,Durgapur,2020-01-11,Winter,20.9,11.0,17.9,2.909151359138178,47,19.8,W,2.8,4,2.0,1013.2,18.2,20.2,7.3,No,No,Light,Fog
IMD2027,Meerut Weather Station,Uttar Pradesh,Meerut,2020-02-06,Winter,22.0,16.2,19.6,5.965346509388834,39,12.2,E,12.7,100,4.3,1016.6,18.7,21.6,7.4,No,No,Light,Haze
IMD2028,Lucknow Weather Station,Uttar Pradesh,Lucknow,2023-06-09,Monsoon,40.4,32.3,34.3,84.4,82,13.6,W,11.4,1,1.3,1008.0,33.6,38.4,30.7,Yes,No,Heavy,Haze
IMD2029,Nashik Weather Station,Maharashtra,Nashik,2020-10-07,Post-Monsoon,28.8,23.4,25.4,7.743717606337534,47,38.7,NE,10.3,93,3.5,1011.9,24.2,27.8,14.8,No,No,Light,Clear
IMD2030,Jorhat Weather Station,Assam,Jorhat,2024-08-19,Monsoon,31.5,24.2,28.1,30.0,67,32.2,W,7.1,71,9.9,1009.1,29.6,31.5,21.5,No,Yes,Moderate,Fog
IMD2031,Madurai Weather Station,Tamil Nadu,Madurai,2024-05-31,Summer,32.8,27.6,30.3,1.0,41,28.4,NW,1.9,52,11.3,1009.5,29.7,32.4,18.5,No,Yes,Light,Clear
IMD2032,Kanpur Weather Station,Uttar Pradesh,Kanpur,2021-02-20,Winter,26.9,18.4,20.7,4.836534476375722,49,14.6,W,7.9,69,9.6,1017.5,18.7,23.1,10.5,No,No,Light,Rain
IMD2033,Chennai Weather Station,Tamil Nadu,Chennai,2021-06-20,Monsoon,32.7,25.5,28.7,115.8,100,2.7,NE,7.7,90,11.0,1014.1,27.4,33.7,28.7,Yes,No,Heavy,Fog
IMD2034,Udaipur Weather Station,Rajasthan,Udaipur,2021-07-06,Monsoon,33.0,25.4,29.3,53.9,71,3.7,SE,2.6,85,1.3,1021.9,30.7,32.9,23.5,No,No,Moderate,Rain
IMD2035,Patiala Weather Station,Punjab,Patiala,2022-06-14,Monsoon,35.0,22.6,29.6,68.8,87,18.5,S,1.6,91,2.6,1003.5,27.8,34.0,27.0,No,No,Moderate,Clear
IMD2036,Pune Weather Station,Maharashtra,Pune,2024-08-17,Monsoon,34.0,24.8,29.3,12.3,45,8.6,N,3.2,90,11.6,1014.5,28.3,31.6,18.3,No,No,Light,Haze
IMD2037,Jodhpur Weather Station,Rajasthan,Jodhpur,2023-01-09,Winter,19.1,7.6,14.6,1.0866350723033733,43,30.2,SW,10.1,89,6.5,1019.7,15.3,16.8,3.2,No,No,Light,Haze
IMD2038,Kanpur Weather Station,Uttar Pradesh,Kanpur,2023-09-22,Monsoon,32.5,25.3,29.9,37.3,55,21.9,E,10.7,50,4.9,1012.1,29.6,32.6,20.9,No,No,Moderate,Fog
IMD2039,Guwahati Weather Station,Assam,Guwahati,2020-05-24,Summer,41.2,29.6,34.5,2.1963435798555286,53,14.6,N,4.4,89,11.9,1013.3,32.8,37.1,25.1,No,Yes,Light,Clear
IMD2040,Madurai Weather Station,Tamil Nadu,Madurai,2022-08-14,Monsoon,26.2,21.1,23.7,46.0,70,4.8,N,12.2,8,4.8,1027.5,26.6,27.2,17.7,No,Yes,Moderate,Clear
IMD2041,Mysuru Weather Station,Karnataka,Mysuru,2024-01-07,Winter,24.0,13.1,19.4,1.0,48,31.2,S,7.3,66,8.4,1008.2,21.8,21.8,9.0,No,No,Light,Thunderstorm
IMD2042,Jaipur Weather Station,Rajasthan,Jaipur,2024-04-13,Summer,37.7,28.3,34.8,5.913121155121751,44,16.5,SE,14.2,97,4.5,1017.7,34.7,37.0,23.6,No,No,Light,Fog
IMD2043,Jodhpur Weather Station,Rajasthan,Jodhpur,2022-04-25,Summer,40.9,30.6,35.8,1.0,45,38.0,S,14.1,8,2.5,1003.0,33.9,38.0,24.8,No,No,Light,Fog
IMD2044,Pune Weather Station,Maharashtra,Pune,2023-05-18,Summer,37.0,27.9,31.6,2.911293668166466,48,18.3,SW,8.3,64,0.8,1012.3,31.3,34.0,21.2,No,No,Light,Fog
IMD2045,Udaipur Weather Station,Rajasthan,Udaipur,2024-11-21,Post-Monsoon,26.2,15.8,21.8,2.74383594315356,51,28.5,E,5.2,49,10.3,1007.1,21.6,24.4,12.0,No,No,Light,Haze
IMD2046,Jaipur Weather Station,Rajasthan,Jaipur,2020-08-19,Monsoon,38.9,28.1,33.2,57.3,81,27.2,E,12.2,72,5.8,1008.7,31.3,37.2,29.4,No,No,Moderate,Thunderstorm
IMD2047,Coimbatore Weather Station,Tamil Nadu,Coimbatore,2022-05-07,Summer,36.5,30.7,33.3,1.5281306132585653,51,14.6,S,5.2,65,2.1,1011.3,31.8,35.8,23.5,No,Yes,Light,Cloudy
IMD2048,Coimbatore Weather Station,Tamil Nadu,Coimbatore,2022-07-31,Monsoon,23.6,17.8,21.5,97.4,90,32.1,NW,7.7,97,2.5,1007.0,19.6,26.0,19.5,Yes,Yes,Heavy,Rain
IMD2049,Lucknow Weather Station,Uttar Pradesh,Lucknow,2020-11-14,Post-Monsoon,29.7,19.8,24.3,3.544212879355908,40,16.9,N,1.1,17,7.7,1020.6,26.8,26.3,12.3,No,No,Light,Clear
IMD2050,Kolkata Weather Station,West Bengal,Kolkata,2022-10-12,Post-Monsoon,32.5,21.7,27.2,10.880436332971428,43,16.2,W,6.7,1,0.3,1020.4,26.9,29.3,15.8,No,Yes,Light,Haze
IMD2051,Kolkata Weather Station,West Bengal,Kolkata,2023-07-16,Monsoon,31.8,22.0,28.3,39.2,66,21.8,SW,7.8,17,6.1,1006.4,29.0,31.6,21.5,No,Yes,Moderate,Haze
IMD2052,Madurai Weather Station,Tamil Nadu,Madurai,2021-03-12,Summer,37.1,28.1,32.8,2.915258777454224,47,6.0,S,9.2,99,9.8,1017.1,32.1,35.1,22.2,No,No,Light,Fog
IMD2053,Coimbatore Weather Station,Tamil Nadu,Coimbatore,2020-07-31,Monsoon,35.4,28.0,31.2,11.9,44,26.3,N,11.4,91,2.3,1004.6,33.7,33.4,20.0,No,Yes,Light,Clear
IMD2054,Siliguri Weather Station,West Bengal,Siliguri,2023-08-21,Monsoon,30.8,22.8,28.0,94.2,93,35.8,W,11.7,6,7.0,1007.4,30.2,32.6,26.6,Yes,Yes,Heavy,Rain
IMD2055,Kolkata Weather Station,West Bengal,Kolkata,2021-10-26,Post-Monsoon,33.2,24.0,26.6,2.8931685598528234,45,28.1,SW,7.9,98,9.1,1004.5,25.3,28.9,15.6,No,Yes,Light,Clear
IMD2056,Ludhiana Weather Station,Punjab,Ludhiana,2022-11-09,Post-Monsoon,30.0,22.1,27.8,16.15773617162954,46,18.3,SE,2.3,0,6.0,1004.3,27.7,30.1,17.0,No,No,Light,Clear
IMD2057,Durgapur Weather Station,West Bengal,Durgapur,2024-11-18,Post-Monsoon,32.4,21.0,27.4,2.9745998514098146,51,20.1,NW,5.3,60,3.8,1004.9,29.8,29.9,17.6,No,No,Light,Haze
IMD2058,Bengaluru Weather Station,Karnataka,Bengaluru,2024-03-25,Summer,32.1,20.5,27.3,3.3755618363346813,46,34.8,W,11.4,100,4.0,1028.8,26.1,29.6,16.5,No,No,Light,Clear
IMD2059,Jorhat Weather Station,Assam,Jorhat,2022-09-17,Monsoon,34.6,22.1,29.0,59.9,81,7.1,N,7.7,22,8.2,998.7,29.2,33.0,25.2,No,Yes,Moderate,Cloudy
IMD2060,Jaipur Weather Station,Rajasthan,Jaipur,2020-06-21,Monsoon,26.8,17.3,23.9,22.3,58,34.8,NW,14.4,21,7.7,1016.5,25.9,26.8,15.5,No,No,Moderate,Rain
IMD2061,Chennai Weather Station,Tamil Nadu,Chennai,2023-09-01,Monsoon,29.6,21.8,27.1,87.6,94,4.7,SW,11.4,15,4.0,1016.5,29.8,31.8,25.9,Yes,No,Heavy,Clear
IMD2062,Siliguri Weather Station,West Bengal,Siliguri,2020-01-19,Winter,23.8,11.6,17.4,2.1596230738206406,47,9.5,NW,3.2,83,9.1,1006.1,18.3,19.8,6.8,No,No,Light,Clear
IMD2063,Durgapur Weather Station,West Bengal,Durgapur,2021-06-04,Monsoon,32.7,24.6,27.9,159.5,100,18.8,W,9.3,0,1.3,1004.5,27.6,32.9,27.9,Yes,No,Heavy,Clear
IMD2064,Silchar Weather Station,Assam,Silchar,2021-11-21,Post-Monsoon,31.5,22.8,27.7,2.585636978482983,53,19.6,NW,4.0,99,9.9,1009.8,26.1,30.3,18.3,No,Yes,Light,Rain
IMD2065,Silchar Weather Station,Assam,Silchar,2023-09-30,Monsoon,30.9,21.6,24.9,132.7,100,22.5,SW,8.9,31,11.6,1014.2,23.1,29.9,24.9,Yes,Yes,Heavy,Fog
IMD2066,Nagpur Weather Station,Maharashtra,Nagpur,2021-04-23,Summer,35.9,29.0,33.6,6.766889220961939,47,19.4,W,2.8,31,3.1,1019.9,34.5,36.0,23.0,No,No,Light,Cloudy
IMD2067,Silchar Weather Station,Assam,Silchar,2024-06-11,Monsoon,29.7,19.6,26.0,47.1,76,23.8,W,6.9,16,8.6,1012.4,26.7,29.8,21.2,No,Yes,Moderate,Clear
IMD2068,Jaipur Weather Station,Rajasthan,Jaipur,2023-08-07,Monsoon,36.6,26.2,30.1,24.7,50,26.8,NE,3.1,86,3.2,1015.5,28.2,32.6,20.1,No,No,Moderate,Thunderstorm
IMD2069,Durgapur Weather Station,West Bengal,Durgapur,2022-06-13,Monsoon,35.3,26.1,30.2,47.1,62,20.2,SW,8.4,57,10.9,1021.1,29.1,33.3,22.6,No,Yes,Moderate,Fog
IMD2070,Jaipur Weather Station,Rajasthan,Jaipur,2024-10-18,Post-Monsoon,22.2,12.4,19.3,8.472070143943547,56,25.6,NE,10.0,93,3.5,1008.8,19.3,22.1,10.5,No,No,Light,Cloudy
IMD2071,Siliguri Weather Station,West Bengal,Siliguri,2024-09-09,Monsoon,33.4,24.8,27.2,14.5,47,19.6,W,8.6,42,1.1,1008.0,26.1,29.6,16.6,No,Yes,Light,Clear
IMD2072,Meerut Weather Station,Uttar Pradesh,Meerut,2020-06-21,Monsoon,36.5,25.5,29.9,96.2,91,36.4,S,7.2,3,10.4,1012.7,30.7,34.4,28.1,Yes,No,Heavy,Thunderstorm
IMD2073,Lucknow Weather Station,Uttar Pradesh,Lucknow,2021-03-24,Summer,38.6,28.1,33.7,7.421180981395362,48,24.6,E,14.4,33,9.7,1011.8,36.0,36.1,23.3,No,No,Light,Cloudy
IMD2074,Hubballi Weather Station,Karnataka,Hubballi,2024-05-23,Summer,36.0,26.9,30.6,1.0,42,25.1,S,3.2,26,7.3,1014.4,31.0,32.7,19.0,No,No,Light,Haze
IMD2075,Nashik Weather Station,Maharashtra,Nashik,2022-11-11,Post-Monsoon,27.0,17.5,23.3,6.284018273532549,51,16.7,NW,11.4,87,7.6,1011.9,24.9,25.9,13.5,No,No,Light,Haze
IMD2076,Amritsar Weather Station,Punjab,Amritsar,2024-04-01,Summer,44.3,34.3,39.4,1.0,42,11.6,S,5.3,96,8.5,1021.6,37.8,41.5,27.8,No,No,Light,Cloudy
IMD2077,Ludhiana Weather Station,Punjab,Ludhiana,2021-03-07,Summer,37.6,29.5,31.7,4.2281734021988395,46,6.9,E,14.3,22,4.6,1018.0,31.2,34.0,20.9,No,No,Light,Haze
IMD2078,Jodhpur Weather Station,Rajasthan,Jodhpur,2021-03-13,Summer,41.7,32.8,35.6,5.709727585191055,42,18.6,NW,14.8,4,11.7,1009.6,34.5,37.7,24.0,No,No,Light,Fog
IMD2079,Ludhiana Weather Station,Punjab,Ludhiana,2022-06-13,Monsoon,27.3,18.8,24.9,39.4,59,17.4,SE,9.5,89,11.6,1015.1,23.2,27.8,16.7,No,No,Moderate,Rain
IMD2080,Udaipur Weather Station,Rajasthan,Udaipur,2024-10-24,Post-Monsoon,22.7,12.5,18.7,1.8474299626994262,40,14.5,W,12.4,0,10.3,1018.3,17.6,20.7,6.7,No,No,Light,Haze
IMD2081,Udaipur Weather Station,Rajasthan,Udaipur,2023-03-17,Summer,33.1,25.1,30.5,1.0,48,9.6,E,14.4,17,11.9,1004.9,30.6,32.9,20.1,No,No,Light,Haze
IMD2082,Udaipur Weather Station,Rajasthan,Udaipur,2024-10-11,Post-Monsoon,25.9,16.9,23.8,1.357261418351388,47,10.0,NE,13.8,46,7.5,1021.5,25.4,26.2,13.2,No,No,Light,Cloudy
IMD2083,Silchar Weather Station,Assam,Silchar,2022-02-14,Winter,16.8,10.3,13.9,2.450147755342452,48,1.3,W,7.7,63,6.4,1018.9,16.7,16.3,3.5,No,No,Light,Haze
IMD2084,Guwahati Weather Station,Assam,Guwahati,2024-01-05,Winter,16.6,8.7,14.6,2.56345236731612,47,31.3,NE,12.3,17,3.7,1006.7,16.2,16.9,4.0,No,No,Light,Clear
IMD2085,Udaipur Weather Station,Rajasthan,Udaipur,2024-08-22,Monsoon,35.9,29.4,32.4,53.8,79,33.3,S,14.0,50,10.1,1023.6,31.3,36.4,28.2,No,No,Moderate,Rain
IMD2086,Madurai Weather Station,Tamil Nadu,Madurai,2024-08-31,Monsoon,26.9,21.0,24.7,43.3,59,17.3,S,1.4,45,6.2,1005.5,25.1,27.6,16.5,No,No,Moderate,Fog
IMD2087,Chennai Weather Station,Tamil Nadu,Chennai,2020-01-13,Winter,26.1,16.5,19.6,3.587610624066318,53,10.1,SW,12.7,34,6.8,994.8,21.2,22.2,10.2,No,No,Light,Clear
IMD2088,Nagpur Weather Station,Maharashtra,Nagpur,2024-04-19,Summer,34.5,25.1,30.1,1.506515296927404,49,29.9,NW,9.7,99,3.9,1015.3,29.8,32.6,19.9,No,No,Light,Clear
IMD2089,Jodhpur Weather Station,Rajasthan,Jodhpur,2020-10-27,Post-Monsoon,30.7,20.7,24.1,5.811394603803303,44,11.7,SE,6.9,38,11.0,1019.1,22.9,26.3,12.9,No,No,Light,Clear
IMD2090,Meerut Weather Station,Uttar Pradesh,Meerut,2022-12-15,Winter,21.5,11.6,17.3,2.9924699447404595,38,2.9,SW,9.2,10,8.9,1009.1,18.1,19.2,4.9,No,No,Light,Thunderstorm
IMD2091,Udaipur Weather Station,Rajasthan,Udaipur,2022-03-06,Summer,39.4,30.3,37.1,1.1325994247484428,38,14.5,SW,9.5,38,11.3,1026.0,37.1,39.0,24.7,No,No,Light,Clear
IMD2092,Nashik Weather Station,Maharashtra,Nashik,2024-04-03,Summer,41.0,31.1,35.3,1.5183194162336824,52,14.5,E,9.4,85,11.2,1012.0,38.3,37.9,25.7,No,No,Light,Clear
IMD2093,Coimbatore Weather Station,Tamil Nadu,Coimbatore,2023-06-30,Monsoon,34.9,27.4,31.4,60.6,81,32.8,E,2.8,92,3.5,1004.2,31.0,35.4,27.6,No,No,Moderate,Cloudy
IMD2094,Silchar Weather Station,Assam,Silchar,2022-01-11,Winter,19.4,9.7,16.1,14.499068294925818,49,3.1,S,7.1,15,2.3,1013.1,17.9,18.6,5.9,No,Yes,Light,Cloudy
IMD2095,Guwahati Weather Station,Assam,Guwahati,2023-12-23,Winter,25.9,12.7,19.5,4.044016268490786,46,34.4,SE,10.7,74,0.7,1010.5,18.4,21.8,8.7,No,No,Light,Haze
IMD2096,Guwahati Weather Station,Assam,Guwahati,2024-04-05,Summer,40.2,27.7,33.3,1.9905810748433017,43,13.9,SE,13.5,42,4.9,1009.1,31.8,35.4,21.9,No,No,Light,Cloudy
IMD2097,Lucknow Weather Station,Uttar Pradesh,Lucknow,2022-05-15,Summer,42.4,33.2,38.7,3.6133407852393855,39,12.4,NW,4.1,89,6.6,998.2,37.7,40.7,26.5,No,No,Light,Rain
IMD2098,Ludhiana Weather Station,Punjab,Ludhiana,2021-07-11,Monsoon,31.9,24.1,26.3,33.9,66,34.6,SW,13.6,63,4.4,1025.6,29.1,29.6,19.5,No,No,Moderate,Thunderstorm
IMD2099,Amritsar Weather Station,Punjab,Amritsar,2023-07-04,Monsoon,30.7,22.2,26.8,37.3,61,32.9,NE,10.1,34,7.8,1012.1,25.5,29.9,19.0,No,No,Moderate,Haze
IMD2100,Silchar Weather Station,Assam,Silchar,2023-01-08,Winter,23.2,14.4,16.5,6.084628786692433,53,27.7,NW,13.8,29,10.8,1021.9,18.8,19.1,7.1,No,No,Light,Rain
IMD2101,Siliguri Weather Station,West Bengal,Siliguri,2024-03-10,Summer,35.9,30.5,33.9,2.2117523180309857,41,23.6,W,4.7,91,3.7,1009.9,33.3,35.9,22.1,No,Yes,Light,Cloudy
IMD2102,Patiala Weather Station,Punjab,Patiala,2022-06-09,Monsoon,28.2,19.7,26.2,26.3,64,27.7,E,12.8,82,1.2,1014.3,28.1,29.4,19.0,No,No,Moderate,Haze
IMD2103,Chennai Weather Station,Tamil Nadu,Chennai,2021-03-06,Summer,41.1,29.9,34.3,10.427408246928934,50,32.2,SW,5.4,43,1.7,1013.3,36.5,36.8,24.3,No,No,Light,Fog
IMD2104,Jorhat Weather Station,Assam,Jorhat,2023-05-03,Summer,32.8,25.9,29.8,6.329363862200472,41,20.4,S,14.8,89,6.9,1005.1,28.1,31.9,18.0,No,Yes,Light,Fog
IMD2105,Amritsar Weather Station,Punjab,Amritsar,2023-03-19,Summer,36.8,28.2,32.5,1.0,42,37.0,NW,9.5,13,3.6,1005.8,34.8,34.6,20.9,No,No,Light,Cloudy
IMD2106,Meerut Weather Station,Uttar Pradesh,Meerut,2023-04-13,Summer,43.6,31.0,36.8,1.0,38,21.5,NE,6.4,90,2.1,1011.4,37.6,38.7,24.4,No,No,Light,Fog
IMD2107,Hubballi Weather Station,Karnataka,Hubballi,2022-01-02,Winter,24.0,15.0,20.3,1.1792741771091648,42,23.3,SE,6.1,1,11.7,1010.3,20.4,22.4,8.7,No,No,Light,Clear
IMD2108,Silchar Weather Station,Assam,Silchar,2021-11-10,Post-Monsoon,26.1,18.2,20.6,14.252244619871123,47,20.0,SW,11.5,23,8.8,1009.5,22.8,23.0,10.0,No,No,Light,Clear
IMD2109,Durgapur Weather Station,West Bengal,Durgapur,2021-04-17,Summer,37.9,25.1,32.0,1.213128582054655,39,7.7,SE,5.4,1,11.5,1015.7,30.8,34.0,19.8,No,No,Light,Cloudy
IMD2110,Udaipur Weather Station,Rajasthan,Udaipur,2024-03-08,Summer,36.1,26.0,31.4,5.189916736081982,42,24.4,W,12.9,89,6.3,1017.8,29.5,33.5,19.8,No,No,Light,Thunderstorm
IMD2111,Jodhpur Weather Station,Rajasthan,Jodhpur,2023-03-24,Summer,33.8,23.9,27.2,3.4581135052204584,46,10.8,W,6.8,54,1.8,1009.8,29.0,29.5,16.4,No,No,Light,Fog
IMD2112,Lucknow Weather Station,Uttar Pradesh,Lucknow,2022-03-04,Summer,43.3,34.0,37.7,9.360575511188221,50,21.6,SE,14.3,40,1.9,1013.3,38.1,40.2,27.7,No,No,Light,Thunderstorm
IMD2113,Jaipur Weather Station,Rajasthan,Jaipur,2023-10-05,Post-Monsoon,30.6,23.9,28.0,1.3667034793818975,47,2.6,N,2.0,67,5.2,1018.5,30.8,30.4,17.4,No,No,Light,Thunderstorm
IMD2114,Coimbatore Weather Station,Tamil Nadu,Coimbatore,2021-02-21,Winter,26.8,14.6,21.2,1.0,41,18.0,NE,10.8,99,9.5,1013.4,23.6,23.2,9.4,No,Yes,Light,Clear
IMD2115,Amritsar Weather Station,Punjab,Amritsar,2021-02-08,Winter,20.7,9.9,15.3,1.0,51,12.2,S,12.6,1,4.0,1027.6,17.1,17.9,5.5,No,No,Light,Clear
IMD2116,Bengaluru Weather Station,Karnataka,Bengaluru,2020-03-21,Summer,38.4,25.2,31.9,3.0312689497930414,38,34.2,E,8.2,72,8.6,1005.6,31.2,33.8,19.5,No,No,Light,Haze
IMD2117,Kolkata Weather Station,West Bengal,Kolkata,2020-04-29,Summer,38.9,32.8,35.3,4.864151796783564,48,33.4,SW,14.4,61,10.2,1010.0,33.8,37.7,24.9,No,Yes,Light,Haze
IMD2118,Nagpur Weather Station,Maharashtra,Nagpur,2021-06-20,Monsoon,28.5,20.5,24.6,11.1,45,14.7,E,4.1,99,4.7,1008.4,25.3,26.9,13.6,No,No,Light,Fog
IMD2119,Ludhiana Weather Station,Punjab,Ludhiana,2024-01-03,Winter,25.3,17.2,20.2,1.0,38,19.1,S,4.4,100,7.5,1004.3,22.2,22.1,7.8,No,No,Light,Rain
IMD2120,Bengaluru Weather Station,Karnataka,Bengaluru,2020-12-02,Winter,27.3,18.9,21.2,11.720615299416393,52,14.1,N,14.7,38,8.6,1008.3,21.6,23.8,11.6,No,No,Light,Fog
IMD2121,Ludhiana Weather Station,Punjab,Ludhiana,2024-01-08,Winter,25.2,14.1,20.4,3.2696135250784324,50,36.7,S,11.6,3,10.8,1015.3,22.6,22.9,10.4,No,No,Light,Fog
IMD2122,Mysuru Weather Station,Karnataka,Mysuru,2020-10-30,Post-Monsoon,28.5,23.2,26.0,2.223011389884691,48,31.4,N,4.7,7,10.3,1012.2,25.1,28.4,15.6,No,No,Light,Rain
IMD2123,Udaipur Weather Station,Rajasthan,Udaipur,2021-09-17,Monsoon,31.8,24.9,27.6,35.7,65,25.3,W,3.5,15,3.0,1021.8,29.2,30.9,20.6,No,No,Moderate,Haze
IMD2124,Silchar Weather Station,Assam,Silchar,2022-03-31,Summer,36.0,26.4,32.6,3.0572583467435686,50,11.4,W,12.1,23,10.3,1014.7,31.2,35.1,22.6,No,No,Light,Cloudy
IMD2125,Coimbatore Weather Station,Tamil Nadu,Coimbatore,2023-12-02,Winter,18.5,9.3,15.4,11.980225124265884,58,20.2,E,6.1,41,5.9,1019.3,16.7,18.3,7.0,No,Yes,Light,Fog
IMD2126,Jorhat Weather Station,Assam,Jorhat,2023-07-10,Monsoon,33.6,21.7,28.1,31.3,58,26.0,SE,11.9,60,9.5,1012.1,30.8,31.0,19.7,No,Yes,Moderate,Cloudy
IMD2127,Chennai Weather Station,Tamil Nadu,Chennai,2022-03-27,Summer,39.0,29.5,32.8,1.0,49,39.6,E,5.3,64,6.7,1002.4,33.3,35.2,22.6,No,No,Light,Rain
IMD2128,Siliguri Weather Station,West Bengal,Siliguri,2024-04-08,Summer,39.3,29.7,35.1,4.1169813835794296,41,3.4,NE,3.6,21,6.6,1021.9,33.1,37.1,23.3,No,Yes,Light,Fog
IMD2129,Kolkata Weather Station,West Bengal,Kolkata,2021-02-27,Winter,17.5,10.8,15.5,1.8276188495448584,49,26.4,NW,5.4,60,6.7,1010.4,15.9,17.9,5.3,No,No,Light,Fog
IMD2130,Durgapur Weather Station,West Bengal,Durgapur,2021-04-03,Summer,40.6,32.8,37.4,5.598115607611686,39,19.5,W,12.4,79,8.6,1026.6,37.2,39.4,25.2,No,Yes,Light,Clear
IMD2131,Jodhpur Weather Station,Rajasthan,Jodhpur,2022-11-28,Post-Monsoon,27.4,19.9,25.4,4.5352507771164285,49,21.2,W,1.4,26,8.4,1010.9,25.9,27.8,15.2,No,No,Light,Clear
IMD2132,Jorhat Weather Station,Assam,Jorhat,2022-09-11,Monsoon,30.7,19.4,25.9,41.6,73,21.4,NW,7.9,61,1.8,1008.3,25.3,29.5,20.5,No,No,Moderate,Thunderstorm
IMD2133,Nagpur Weather Station,Maharashtra,Nagpur,2020-03-25,Summer,42.7,30.8,37.1,6.708540325359734,52,31.5,E,8.5,25,9.1,1014.6,35.9,39.7,27.5,No,No,Light,Haze
IMD2134,Jorhat Weather Station,Assam,Jorhat,2020-06-02,Monsoon,34.8,23.3,29.5,24.2,64,8.6,SE,10.6,12,3.0,1010.7,30.8,32.7,22.3,No,No,Moderate,Clear
IMD2135,Kanpur Weather Station,Uttar Pradesh,Kanpur,2020-05-05,Summer,32.0,25.4,28.8,1.0,51,19.2,NW,10.5,27,0.7,1003.4,28.5,31.4,19.0,No,No,Light,Haze
IMD2136,Siliguri Weather Station,West Bengal,Siliguri,2021-10-25,Post-Monsoon,25.5,18.4,22.0,1.7974160609958252,41,15.0,NW,3.2,86,0.7,1025.5,21.2,24.1,10.2,No,Yes,Light,Cloudy
IMD2137,Siliguri Weather Station,West Bengal,Siliguri,2022-12-10,Winter,24.3,11.3,17.6,1.0,46,28.9,NE,1.8,93,5.2,1016.1,19.6,19.9,6.8,No,No,Light,Haze
IMD2138,Lucknow Weather Station,Uttar Pradesh,Lucknow,2022-10-06,Post-Monsoon,32.7,23.8,27.2,1.0,43,5.8,S,11.6,54,6.3,1009.3,28.3,29.3,15.8,No,No,Light,Rain
IMD2139,Meerut Weather Station,Uttar Pradesh,Meerut,2020-10-14,Post-Monsoon,21.5,11.5,16.4,1.2327118927774823,45,5.2,S,5.9,39,5.6,1011.6,18.4,18.6,5.4,No,No,Light,Clear
IMD2140,Bengaluru Weather Station,Karnataka,Bengaluru,2020-06-01,Monsoon,34.7,26.4,30.3,80.0,85,3.0,SW,10.9,37,3.1,1005.1,32.3,34.5,27.3,No,No,Moderate,Rain
IMD2141,Nagpur Weather Station,Maharashtra,Nagpur,2023-12-04,Winter,18.8,9.1,15.3,9.78117405879229,42,22.7,NW,9.2,69,6.2,1012.5,13.5,17.4,3.7,No,No,Light,Fog
IMD2142,Madurai Weather Station,Tamil Nadu,Madurai,2024-08-27,Monsoon,27.8,18.7,23.3,5.7,48,8.5,S,11.1,23,11.1,1012.7,23.5,25.7,12.9,No,Yes,Light,Clear
IMD2143,Udaipur Weather Station,Rajasthan,Udaipur,2022-02-14,Winter,20.1,9.6,15.3,1.0,37,20.2,SE,1.9,10,8.6,1008.6,14.9,17.2,2.7,No,No,Light,Fog
IMD2144,Kanpur Weather Station,Uttar Pradesh,Kanpur,2020-12-03,Winter,22.3,13.9,16.9,1.5507596400151353,40,3.3,E,5.2,77,7.5,1015.9,16.3,18.9,4.9,No,No,Light,Clear
IMD2145,Nagpur Weather Station,Maharashtra,Nagpur,2023-05-22,Summer,40.2,34.8,37.2,8.319461933511263,43,6.5,E,13.9,6,3.9,1006.2,37.8,39.4,25.8,No,No,Light,Rain
IMD2146,Chennai Weather Station,Tamil Nadu,Chennai,2022-03-25,Summer,37.8,27.5,32.1,5.029276824416544,44,39.4,E,6.3,47,11.4,1009.0,31.9,34.3,20.9,No,No,Light,Rain
IMD2147,Udaipur Weather Station,Rajasthan,Udaipur,2024-06-06,Monsoon,29.7,19.1,25.3,38.4,71,6.3,SW,6.5,27,11.4,1014.6,25.1,28.9,19.5,No,No,Moderate,Haze
IMD2148,Durgapur Weather Station,West Bengal,Durgapur,2020-06-04,Monsoon,29.9,20.8,25.6,36.6,68,6.2,S,4.0,61,7.9,1004.1,26.0,29.0,19.2,No,Yes,Moderate,Haze
IMD2149,Nagpur Weather Station,Maharashtra,Nagpur,2022-10-09,Post-Monsoon,28.1,21.7,24.9,2.6870559830946013,53,38.1,SW,10.2,10,5.5,1014.0,24.0,27.5,15.5,No,No,Light,Fog
IMD2150,Madurai Weather Station,Tamil Nadu,Madurai,2024-04-03,Summer,35.8,25.5,30.0,9.954505910236469,44,34.5,SW,13.0,67,9.8,1016.0,30.4,32.2,18.8,No,No,Light,Thunderstorm
IMD2151,Nashik Weather Station,Maharashtra,Nashik,2023-01-04,Winter,29.8,21.4,23.7,2.3789022156875457,43,14.8,NE,5.7,51,8.2,1019.1,23.3,25.8,12.3,No,No,Light,Clear
IMD2152,Nagpur Weather Station,Maharashtra,Nagpur,2021-10-13,Post-Monsoon,34.2,24.1,27.4,14.60442433212786,50,34.6,N,12.8,95,9.2,1021.5,26.1,29.9,17.4,No,No,Light,Fog
IMD2153,Jaipur Weather Station,Rajasthan,Jaipur,2022-10-27,Post-Monsoon,23.2,15.2,20.5,5.04089784549974,39,21.2,E,12.9,90,11.0,1014.4,22.3,22.4,8.3,No,No,Light,Fog
IMD2154,Amritsar Weather Station,Punjab,Amritsar,2023-04-03,Summer,34.0,25.5,31.0,2.48117678960526,38,31.3,S,12.0,93,5.2,1006.9,30.3,32.9,18.6,No,No,Light,Thunderstorm
IMD2155,Meerut Weather Station,Uttar Pradesh,Meerut,2024-11-13,Post-Monsoon,26.9,18.3,22.3,3.5276215982073778,54,34.3,W,13.6,88,2.1,1012.3,21.6,25.0,13.1,No,No,Light,Haze
IMD2156,Jorhat Weather Station,Assam,Jorhat,2020-05-22,Summer,41.1,33.2,35.9,3.134993249993862,40,37.2,NE,10.7,50,2.8,1013.9,36.7,37.9,23.9,No,Yes,Light,Haze
IMD2157,Silchar Weather Station,Assam,Silchar,2022-08-18,Monsoon,32.1,26.2,28.5,21.9,61,29.2,NE,13.0,60,6.6,1018.3,27.9,31.6,20.7,No,Yes,Moderate,Rain
IMD2158,Durgapur Weather Station,West Bengal,Durgapur,2023-09-26,Monsoon,32.6,26.3,29.3,40.4,64,22.3,S,11.6,87,12.0,1004.1,31.4,32.5,22.1,No,Yes,Moderate,Rain
IMD2159,Ludhiana Weather Station,Punjab,Ludhiana,2024-07-15,Monsoon,31.7,22.8,26.6,67.4,80,35.9,SW,1.2,91,5.9,1000.4,25.5,30.6,22.6,No,No,Moderate,Rain
IMD2160,Meerut Weather Station,Uttar Pradesh,Meerut,2023-08-23,Monsoon,32.6,27.3,30.5,77.3,88,23.7,NE,10.5,19,4.0,1014.1,32.1,34.9,28.1,No,No,Moderate,Haze
IMD2161,Madurai Weather Station,Tamil Nadu,Madurai,2021-01-25,Winter,30.0,16.8,23.1,10.183104641668402,52,31.7,SE,6.2,41,2.2,1006.2,25.3,25.7,13.5,No,Yes,Light,Rain
IMD2162,Siliguri Weather Station,West Bengal,Siliguri,2023-03-24,Summer,35.5,23.7,30.1,1.0,50,11.4,SE,1.1,89,0.7,1007.0,31.4,32.6,20.1,No,No,Light,Thunderstorm
IMD2163,Nagpur Weather Station,Maharashtra,Nagpur,2024-12-02,Winter,24.7,16.6,20.7,4.052028417400666,42,3.8,E,9.5,17,0.3,1019.1,22.3,22.8,9.1,No,No,Light,Rain
IMD2164,Nashik Weather Station,Maharashtra,Nashik,2024-01-18,Winter,21.8,11.6,17.3,1.0,52,15.1,N,1.1,92,3.6,1021.4,20.0,19.9,7.7,No,No,Light,Clear
IMD2165,Amritsar Weather Station,Punjab,Amritsar,2020-04-28,Summer,33.3,27.9,31.0,11.163104529015829,47,32.2,N,8.6,87,2.9,1008.4,29.6,33.4,20.4,No,No,Light,Rain
IMD2166,Nashik Weather Station,Maharashtra,Nashik,2022-08-09,Monsoon,31.2,22.4,28.7,62.7,70,23.2,SW,11.1,34,8.4,1027.5,29.8,32.2,22.7,No,No,Moderate,Cloudy
IMD2167,Silchar Weather Station,Assam,Silchar,2022-12-16,Winter,23.8,16.3,18.8,2.522528583474288,54,12.2,N,9.0,58,6.6,1021.8,17.6,21.5,9.6,No,No,Light,Thunderstorm
IMD2168,Jodhpur Weather Station,Rajasthan,Jodhpur,2021-03-18,Summer,41.9,31.6,35.4,3.026345717768859,44,30.1,NE,11.4,68,7.6,1011.3,38.3,37.6,24.2,No,No,Light,Clear
IMD2169,Nagpur Weather Station,Maharashtra,Nagpur,2024-07-21,Monsoon,36.7,25.3,31.2,38.1,60,15.9,N,13.0,26,6.7,1011.3,33.4,34.2,23.2,No,No,Moderate,Thunderstorm
IMD2170,Amritsar Weather Station,Punjab,Amritsar,2023-04-01,Summer,42.2,29.4,36.3,2.2581725692008594,41,5.2,N,5.0,91,10.2,1011.3,37.2,38.3,24.5,No,No,Light,Cloudy
IMD2171,Pune Weather Station,Maharashtra,Pune,2023-06-20,Monsoon,30.3,24.1,27.9,22.7,57,8.3,S,6.9,50,1.9,1015.3,28.2,30.8,19.3,No,No,Moderate,Haze
IMD2172,Nashik Weather Station,Maharashtra,Nashik,2020-06-17,Monsoon,30.0,21.2,27.0,64.3,72,15.6,NW,6.4,90,5.6,1005.6,25.4,30.6,21.4,No,No,Moderate,Thunderstorm
IMD2173,Siliguri Weather Station,West Bengal,Siliguri,2022-02-26,Winter,28.7,19.3,25.4,8.00496984412896,45,1.4,E,10.0,51,9.3,1010.2,28.4,27.6,14.4,No,Yes,Light,Cloudy
IMD2174,Amritsar Weather Station,Punjab,Amritsar,2022-05-14,Summer,42.2,31.9,36.9,1.0,43,10.5,W,7.6,66,3.5,1011.6,39.2,39.0,25.5,No,No,Light,Cloudy
IMD2175,Siliguri Weather Station,West Bengal,Siliguri,2021-04-02,Summer,36.9,30.6,33.9,4.64805401499186,47,21.8,N,12.8,6,8.8,1001.1,32.7,36.2,23.3,No,Yes,Light,Clear
IMD2176,Jorhat Weather Station,Assam,Jorhat,2020-03-08,Summer,40.5,29.6,34.8,2.2882615905746033,52,15.2,S,5.1,19,8.4,1005.2,33.3,37.4,25.2,No,Yes,Light,Fog
IMD2177,Siliguri Weather Station,West Bengal,Siliguri,2021-08-21,Monsoon,34.8,27.2,31.9,21.3,59,2.9,S,8.2,2,3.1,1010.5,34.5,34.9,23.7,No,Yes,Moderate,Haze
IMD2178,Patiala Weather Station,Punjab,Patiala,2022-05-19,Summer,35.6,28.4,31.7,1.0,52,6.6,N,12.6,63,0.0,1016.8,32.7,34.3,22.1,No,No,Light,Clear
IMD2179,Patiala Weather Station,Punjab,Patiala,2020-12-01,Winter,24.2,14.9,17.4,3.9689987435526466,49,10.7,NE,4.8,92,7.3,1005.0,19.5,19.8,7.2,No,No,Light,Cloudy
IMD2180,Coimbatore Weather Station,Tamil Nadu,Coimbatore,2021-11-27,Post-Monsoon,30.0,25.0,27.1,4.596820084854816,43,28.0,NW,9.7,77,4.8,1002.0,25.6,29.2,15.7,No,Yes,Light,Fog
IMD2181,Madurai Weather Station,Tamil Nadu,Madurai,2024-08-17,Monsoon,34.4,22.7,27.9,101.9,97,18.5,SW,12.7,23,0.4,1020.5,29.0,32.8,27.3,Yes,No,Heavy,Clear
IMD2182,Madurai Weather Station,Tamil Nadu,Madurai,2022-09-29,Monsoon,26.9,17.7,24.0,75.6,89,33.2,E,7.2,80,9.2,1021.1,23.8,28.4,21.8,No,No,Moderate,Thunderstorm
IMD2183,Pune Weather Station,Maharashtra,Pune,2020-02-26,Winter,20.8,12.9,16.2,5.30839870472863,40,34.0,W,6.7,29,9.3,1007.7,15.2,18.2,4.2,No,No,Light,Rain
IMD2184,Kanpur Weather Station,Uttar Pradesh,Kanpur,2023-03-14,Summer,38.1,25.4,31.4,1.0,51,34.0,E,11.4,74,10.1,1014.4,31.6,33.9,21.6,No,No,Light,Thunderstorm
IMD2185,Udaipur Weather Station,Rajasthan,Udaipur,2020-10-25,Post-Monsoon,30.9,20.2,24.5,2.2649878831536685,54,22.1,NW,9.3,62,0.4,1005.9,23.3,27.2,15.3,No,No,Light,Cloudy
IMD2186,Kanpur Weather Station,Uttar Pradesh,Kanpur,2023-07-27,Monsoon,30.5,19.7,25.7,57.5,72,15.6,E,2.9,24,2.5,1020.2,25.4,29.3,20.1,No,No,Moderate,Haze
IMD2187,Patiala Weather Station,Punjab,Patiala,2020-05-08,Summer,38.6,26.5,33.0,2.8038753476193565,54,7.2,NE,12.1,82,10.4,1010.0,35.0,35.7,23.8,No,No,Light,Cloudy
IMD2188,Nagpur Weather Station,Maharashtra,Nagpur,2023-02-22,Winter,24.2,18.7,22.0,1.0,52,19.5,W,2.5,98,5.0,1008.9,20.6,24.6,12.4,No,No,Light,Cloudy
IMD2189,Siliguri Weather Station,West Bengal,Siliguri,2023-04-15,Summer,39.9,30.8,34.8,1.0,48,27.1,N,5.5,22,3.5,1006.4,34.9,37.2,24.4,No,No,Light,Thunderstorm
IMD2190,Chennai Weather Station,Tamil Nadu,Chennai,2022-09-01,Monsoon,31.5,20.3,26.2,62.9,82,18.8,NE,5.5,33,9.7,1015.1,28.2,30.3,22.6,No,Yes,Moderate,Fog
IMD2191,Madurai Weather Station,Tamil Nadu,Madurai,2021-10-28,Post-Monsoon,28.8,18.1,23.5,1.20026192754716,45,19.7,SW,12.1,4,2.6,999.4,23.1,25.8,12.5,No,No,Light,Rain
IMD2192,Bengaluru Weather Station,Karnataka,Bengaluru,2021-02-14,Winter,18.1,7.2,13.3,7.6129981788819965,47,7.5,NW,10.8,44,3.2,1014.4,12.3,15.7,2.7,No,No,Light,Haze
IMD2193,Meerut Weather Station,Uttar Pradesh,Meerut,2022-01-05,Winter,23.4,12.4,18.9,3.914532747002739,40,31.9,S,1.1,56,11.4,1006.6,19.3,20.9,6.9,No,No,Light,Fog
IMD2194,Ludhiana Weather Station,Punjab,Ludhiana,2024-08-21,Monsoon,31.8,23.8,26.1,44.7,67,11.7,E,13.2,25,4.4,1005.1,26.4,29.5,19.5,No,No,Moderate,Haze
IMD2195,Coimbatore Weather Station,Tamil Nadu,Coimbatore,2024-05-17,Summer,38.3,31.1,34.3,2.4861838256416164,44,6.5,SE,7.5,60,4.5,1010.5,37.2,36.5,23.1,No,No,Light,Clear
IMD2196,Madurai Weather Station,Tamil Nadu,Madurai,2023-06-14,Monsoon,33.5,25.6,27.7,25.6,59,36.2,S,6.9,99,2.3,1015.3,30.5,30.6,19.5,No,No,Moderate,Haze
IMD2197,Silchar Weather Station,Assam,Silchar,2024-04-23,Summer,32.8,25.5,30.7,2.229997935797104,49,10.0,W,14.5,5,9.3,1005.7,32.6,33.1,20.5,No,Yes,Light,Fog
IMD2198,Udaipur Weather Station,Rajasthan,Udaipur,2024-01-15,Winter,20.3,12.3,16.7,1.9063094602281276,40,36.6,S,13.8,66,10.3,1011.5,17.4,18.7,4.7,No,No,Light,Haze
IMD2199,Pune Weather Station,Maharashtra,Pune,2022-09-11,Monsoon,31.4,25.0,27.2,9.3,54,12.7,NW,2.7,18,2.1,1017.2,25.9,29.9,18.0,No,No,Light,Clear
IMD2200,Amritsar Weather Station,Punjab,Amritsar,2022-02-28,Winter,15.3,8.6,12.2,16.40364862856785,51,35.0,SW,4.0,60,3.3,1005.5,13.7,14.8,2.4,No,No,Light,Haze
IMD2201,Jodhpur Weather Station,Rajasthan,Jodhpur,2024-03-17,Summer,31.5,27.4,29.4,12.876671496569427,50,18.2,NW,12.0,91,8.7,1028.0,27.6,31.9,19.4,No,No,Light,Haze
IMD2202,Madurai Weather Station,Tamil Nadu,Madurai,2023-01-20,Winter,23.1,11.4,16.2,2.5094779560907816,47,25.1,SE,4.6,31,5.1,1020.3,15.0,18.6,5.6,No,Yes,Light,Rain
IMD2203,Jodhpur Weather Station,Rajasthan,Jodhpur,2020-10-22,Post-Monsoon,25.4,16.8,19.6,1.0,39,12.3,E,10.6,63,9.2,1012.6,18.1,21.6,7.4,No,No,Light,Cloudy
IMD2204,Pune Weather Station,Maharashtra,Pune,2024-05-02,Summer,39.1,27.3,32.8,1.0,50,33.1,SE,7.2,15,4.8,1004.9,34.6,35.3,22.8,No,No,Light,Cloudy
IMD2205,Bengaluru Weather Station,Karnataka,Bengaluru,2020-03-24,Summer,37.3,31.8,33.9,1.0,51,5.9,SE,1.8,29,0.9,1011.8,34.5,36.4,24.1,No,No,Light,Cloudy
IMD2206,Pune Weather Station,Maharashtra,Pune,2024-12-19,Winter,17.9,9.5,14.7,5.488325839655146,52,8.2,S,7.5,11,3.5,997.1,12.9,17.3,5.1,No,No,Light,Clear
IMD2207,Nashik Weather Station,Maharashtra,Nashik,2023-01-30,Winter,23.6,16.7,21.3,4.634819374121673,51,6.5,SE,4.4,11,2.9,1013.5,21.2,23.9,11.5,No,No,Light,Cloudy
IMD2208,Amritsar Weather Station,Punjab,Amritsar,2024-09-23,Monsoon,33.0,24.1,28.8,80.6,89,27.3,N,11.7,4,9.0,1011.4,31.5,33.2,26.6,Yes,No,Heavy,Cloudy
IMD2209,Jorhat Weather Station,Assam,Jorhat,2024-10-11,Post-Monsoon,31.4,21.4,25.3,2.977244621361574,51,34.6,SW,3.5,2,11.7,1011.1,24.7,27.9,15.5,No,Yes,Light,Cloudy
IMD2210,Ludhiana Weather Station,Punjab,Ludhiana,2021-05-25,Summer,45.2,35.7,39.7,2.1671953580976426,42,39.8,W,7.9,47,8.3,1009.5,39.9,41.8,28.1,No,No,Light,Haze
IMD2211,Nashik Weather Station,Maharashtra,Nashik,2024-04-12,Summer,40.5,27.9,34.4,7.830077348415393,55,24.4,S,3.4,11,8.7,1012.4,32.9,37.1,25.4,No,No,Light,Clear
IMD2212,Mysuru Weather Station,Karnataka,Mysuru,2020-03-28,Summer,39.8,30.1,34.8,2.5279780020630778,38,7.8,NW,14.2,28,7.1,1027.3,34.9,36.7,22.4,No,No,Light,Thunderstorm
IMD2213,Jaipur Weather Station,Rajasthan,Jaipur,2020-12-24,Winter,15.5,7.1,13.1,5.234021588128876,40,37.3,E,1.6,91,11.9,1004.6,11.2,15.1,1.1,No,No,Light,Fog
IMD2214,Meerut Weather Station,Uttar Pradesh,Meerut,2022-01-03,Winter,20.9,11.9,14.5,1.0,46,7.3,N,5.1,30,7.2,1006.5,13.8,16.8,3.7,No,No,Light,Cloudy
IMD2215,Jaipur Weather Station,Rajasthan,Jaipur,2021-11-04,Post-Monsoon,33.3,23.3,28.2,7.236813983724413,55,3.1,E,3.5,45,1.4,1004.9,29.4,30.9,19.2,No,No,Light,Cloudy
IMD2216,Kolkata Weather Station,West Bengal,Kolkata,2020-08-18,Monsoon,31.1,20.9,27.8,31.6,52,28.1,S,8.2,51,3.4,1010.6,27.2,30.4,18.2,No,Yes,Moderate,Cloudy
IMD2217,Amritsar Weather Station,Punjab,Amritsar,2024-07-01,Monsoon,30.8,23.7,27.2,44.9,70,7.8,N,10.7,5,7.1,1003.9,29.3,30.7,21.2,No,No,Moderate,Thunderstorm
IMD2218,Amritsar Weather Station,Punjab,Amritsar,2024-09-08,Monsoon,29.7,22.6,25.8,66.6,81,32.5,E,6.9,92,6.6,1021.2,26.7,29.9,22.0,No,No,Moderate,Rain
IMD2219,Bengaluru Weather Station,Karnataka,Bengaluru,2022-12-16,Winter,26.8,18.9,24.1,2.1376476238119158,51,15.5,NW,13.7,34,1.8,1018.7,24.4,26.7,14.3,No,No,Light,Cloudy
IMD2220,Lucknow Weather Station,Uttar Pradesh,Lucknow,2021-12-03,Winter,25.4,15.1,19.9,7.715644035009687,52,3.8,E,3.2,15,10.6,1017.3,21.2,22.5,10.3,No,No,Light,Fog
IMD2221,Meerut Weather Station,Uttar Pradesh,Meerut,2020-09-15,Monsoon,30.9,21.8,28.5,22.6,61,23.3,SE,5.0,50,3.6,1012.3,30.4,31.6,20.7,No,No,Moderate,Clear
IMD2222,Siliguri Weather Station,West Bengal,Siliguri,2024-09-27,Monsoon,30.4,23.6,27.4,64.5,74,10.2,N,11.8,95,5.1,1009.8,26.0,31.1,22.2,No,No,Moderate,Cloudy
IMD2223,Guwahati Weather Station,Assam,Guwahati,2020-04-10,Summer,39.5,30.3,36.3,1.0,38,22.8,SW,12.6,65,9.6,1007.4,39.2,38.2,23.9,No,Yes,Light,Haze
IMD2224,Ludhiana Weather Station,Punjab,Ludhiana,2022-06-25,Monsoon,33.8,27.2,30.1,71.5,73,16.7,S,10.0,41,10.6,1022.9,31.5,33.8,24.7,No,No,Moderate,Thunderstorm
IMD2225,Nagpur Weather Station,Maharashtra,Nagpur,2020-05-31,Summer,39.1,32.0,34.4,5.25203556657471,39,14.6,NW,13.6,80,5.0,1012.2,36.1,36.4,22.2,No,No,Light,Haze
IMD2226,Jorhat Weather Station,Assam,Jorhat,2021-08-01,Monsoon,30.1,23.8,25.9,66.1,86,26.4,W,5.8,66,5.2,1012.9,27.0,30.2,23.1,No,Yes,Moderate,Rain
IMD2227,Chennai Weather Station,Tamil Nadu,Chennai,2021-10-28,Post-Monsoon,30.1,17.5,23.3,2.265413598312354,53,3.0,SW,1.3,43,6.2,1014.5,24.6,25.9,13.9,No,No,Light,Cloudy
IMD2228,Meerut Weather Station,Uttar Pradesh,Meerut,2024-05-07,Summer,33.3,21.4,27.6,1.6621339810977374,43,39.8,E,6.1,74,7.6,1014.7,27.3,29.8,16.2,No,No,Light,Cloudy
IMD2229,Hubballi Weather Station,Karnataka,Hubballi,2023-07-28,Monsoon,30.4,22.7,27.0,32.0,54,12.7,N,9.5,68,8.5,1009.1,25.5,29.7,17.8,No,No,Moderate,Fog
IMD2230,Udaipur Weather Station,Rajasthan,Udaipur,2021-04-04,Summer,43.0,34.3,38.9,5.998911805372761,51,16.9,W,10.7,74,11.1,1009.3,38.6,41.4,29.1,No,No,Light,Thunderstorm
IMD2231,Patiala Weather Station,Punjab,Patiala,2023-01-13,Winter,19.8,12.7,16.6,3.555485892323135,52,3.9,SE,7.0,90,1.0,1014.1,16.8,19.2,7.0,No,No,Light,Haze
IMD2232,Hubballi Weather Station,Karnataka,Hubballi,2021-11-27,Post-Monsoon,28.4,19.1,21.9,1.546390988557406,52,26.4,SW,5.8,27,5.7,1013.9,21.3,24.5,12.3,No,No,Light,Fog
IMD2233,Guwahati Weather Station,Assam,Guwahati,2024-06-03,Monsoon,35.3,26.1,30.5,94.3,89,17.1,SW,1.8,5,8.0,996.1,33.0,35.0,28.3,Yes,No,Heavy,Clear
IMD2234,Silchar Weather Station,Assam,Silchar,2020-03-30,Summer,40.4,31.6,37.3,4.700210386006621,42,16.4,SE,2.0,54,8.6,1009.8,38.1,39.4,25.7,No,Yes,Light,Fog
IMD2235,Pune Weather Station,Maharashtra,Pune,2024-02-24,Winter,24.1,13.2,19.3,8.973479444617162,50,4.6,S,14.0,47,2.6,1013.0,19.6,21.8,9.3,No,No,Light,Fog
IMD2236,Jorhat Weather Station,Assam,Jorhat,2020-06-18,Monsoon,34.8,29.9,32.7,29.7,63,27.2,SW,10.5,23,5.7,1008.4,31.6,35.9,25.3,No,Yes,Moderate,Cloudy
IMD2237,Jorhat Weather Station,Assam,Jorhat,2022-02-04,Winter,26.8,20.3,23.5,3.4530568442308867,38,30.1,NE,2.8,100,3.3,1015.5,23.5,25.4,11.1,No,No,Light,Fog
IMD2238,Mysuru Weather Station,Karnataka,Mysuru,2024-02-15,Winter,21.5,9.5,15.9,1.0,53,33.6,E,10.8,12,9.0,1012.6,18.0,18.6,6.5,No,No,Light,Haze
IMD2239,Coimbatore Weather Station,Tamil Nadu,Coimbatore,2020-11-01,Post-Monsoon,25.9,18.9,21.9,4.134440244009617,46,10.5,SE,8.3,36,5.6,1016.0,23.3,24.2,11.1,No,Yes,Light,Thunderstorm
IMD2240,Amritsar Weather Station,Punjab,Amritsar,2023-05-10,Summer,38.6,26.8,33.1,2.7758439736977696,42,2.8,S,13.1,3,0.3,1024.5,33.1,35.2,21.5,No,No,Light,Haze
IMD2241,Guwahati Weather Station,Assam,Guwahati,2020-07-02,Monsoon,35.8,24.0,30.0,68.5,71,3.2,E,14.5,52,9.1,1009.4,28.9,33.5,24.2,No,Yes,Moderate,Thunderstorm
IMD2242,Nashik Weather Station,Maharashtra,Nashik,2022-02-04,Winter,15.8,7.6,13.3,10.396709374892183,44,24.3,S,9.0,49,2.6,1019.8,11.5,15.5,2.1,No,No,Light,Cloudy
IMD2243,Hubballi Weather Station,Karnataka,Hubballi,2023-06-24,Monsoon,35.1,25.4,28.2,43.9,62,2.6,SW,14.1,97,9.3,1011.8,28.2,31.3,20.6,No,No,Moderate,Rain
IMD2244,Jaipur Weather Station,Rajasthan,Jaipur,2024-02-02,Winter,28.3,18.5,22.2,14.498592699293583,54,17.2,SW,2.1,10,6.7,1010.0,24.2,24.9,13.0,No,No,Light,Fog
IMD2245,Jodhpur Weather Station,Rajasthan,Jodhpur,2020-06-08,Monsoon,33.6,22.7,27.5,40.1,64,9.8,NE,12.2,29,6.2,1020.6,27.1,30.7,20.3,No,No,Moderate,Clear
IMD2246,Coimbatore Weather Station,Tamil Nadu,Coimbatore,2024-01-30,Winter,25.2,13.9,20.0,1.0,38,11.1,NE,12.5,88,0.0,1011.3,18.9,21.9,7.6,No,No,Light,Haze
IMD2247,Chennai Weather Station,Tamil Nadu,Chennai,2020-06-24,Monsoon,28.4,18.5,23.5,45.8,60,27.1,SW,7.3,82,2.9,1010.4,26.4,26.5,15.5,No,Yes,Moderate,Clear
IMD2248,Lucknow Weather Station,Uttar Pradesh,Lucknow,2022-04-08,Summer,47.8,37.8,42.1,3.722943970010806,40,10.8,E,5.6,91,7.3,1019.4,42.2,44.1,30.1,No,No,Light,Fog
IMD2249,Ludhiana Weather Station,Punjab,Ludhiana,2023-09-28,Monsoon,31.2,24.2,26.3,73.7,73,16.0,S,2.9,41,1.5,1014.0,28.9,29.9,20.9,No,No,Moderate,Fog
IMD2250,Durgapur Weather Station,West Bengal,Durgapur,2024-10-08,Post-Monsoon,28.5,21.6,25.5,7.882735808195311,49,10.2,NE,5.0,58,11.9,1007.6,28.0,27.9,15.3,No,No,Light,Fog
IMD2251,Siliguri Weather Station,West Bengal,Siliguri,2023-04-28,Summer,40.2,26.7,33.2,4.380302313324413,44,35.7,N,3.3,16,2.1,1022.4,32.6,35.4,22.0,No,No,Light,Clear
IMD2252,Nagpur Weather Station,Maharashtra,Nagpur,2023-04-30,Summer,36.5,27.9,31.8,1.0,44,1.3,NE,8.6,69,5.0,1018.8,30.9,34.0,20.6,No,No,Light,Haze
IMD2253,Kolkata Weather Station,West Bengal,Kolkata,2021-04-01,Summer,43.1,34.1,36.5,13.2354684891946,55,20.3,NW,5.5,11,2.0,1024.0,37.8,39.2,27.5,No,Yes,Light,Rain
IMD2254,Kanpur Weather Station,Uttar Pradesh,Kanpur,2021-07-03,Monsoon,31.7,23.6,27.0,87.6,95,22.4,SE,4.2,13,9.0,1013.2,26.8,31.8,26.0,Yes,No,Heavy,Rain
IMD2255,Jaipur Weather Station,Rajasthan,Jaipur,2023-06-03,Monsoon,38.3,28.7,31.7,16.0,52,10.0,SW,1.2,52,11.8,1002.2,32.6,34.3,22.1,No,No,Light,Clear
IMD2256,Jaipur Weather Station,Rajasthan,Jaipur,2022-12-05,Winter,21.8,11.7,17.4,1.0,43,20.4,SW,4.5,27,10.7,1019.2,19.0,19.5,6.0,No,No,Light,Fog
IMD2257,Lucknow Weather Station,Uttar Pradesh,Lucknow,2020-11-19,Post-Monsoon,28.8,18.7,23.0,12.747232454225534,58,15.6,W,6.8,84,9.1,1015.6,24.4,25.9,14.6,No,No,Light,Fog
IMD2258,Patiala Weather Station,Punjab,Patiala,2021-01-24,Winter,24.5,15.6,19.8,5.7191700841997575,43,6.0,W,14.6,32,0.5,996.1,22.3,21.9,8.4,No,No,Light,Rain
IMD2259,Jorhat Weather Station,Assam,Jorhat,2022-07-10,Monsoon,30.3,22.3,27.7,28.9,57,8.0,SE,11.5,93,11.4,1015.7,27.4,30.6,19.1,No,No,Moderate,Cloudy
IMD2260,Chennai Weather Station,Tamil Nadu,Chennai,2022-11-12,Post-Monsoon,32.8,22.1,28.3,2.219923868361186,45,13.8,N,14.2,67,1.9,1008.2,27.4,30.6,17.3,No,Yes,Light,Clear
IMD2261,Siliguri Weather Station,West Bengal,Siliguri,2023-01-02,Winter,19.3,9.8,16.4,4.446253468280848,50,2.1,NE,4.2,50,6.7,1027.2,16.1,18.9,6.4,No,No,Light,Fog
IMD2262,Udaipur Weather Station,Rajasthan,Udaipur,2021-08-15,Monsoon,31.5,25.3,27.4,45.7,73,38.4,SW,14.7,74,0.9,1016.8,28.1,31.0,22.0,No,No,Moderate,Cloudy
IMD2263,Lucknow Weather Station,Uttar Pradesh,Lucknow,2022-07-01,Monsoon,39.3,32.1,34.8,65.5,77,7.0,NW,11.7,83,2.2,1014.0,35.7,38.6,30.2,No,No,Moderate,Rain
IMD2264,Kolkata Weather Station,West Bengal,Kolkata,2023-05-07,Summer,36.0,28.5,33.0,4.716320821926631,42,33.6,SW,1.8,5,3.2,1004.0,32.2,35.1,21.4,No,No,Light,Haze
IMD2265,Hubballi Weather Station,Karnataka,Hubballi,2021-12-14,Winter,21.6,13.5,19.2,5.637579906778682,48,2.7,SE,2.9,82,3.6,1019.1,21.6,21.6,8.8,No,No,Light,Fog
IMD2266,Amritsar Weather Station,Punjab,Amritsar,2024-07-28,Monsoon,38.9,30.2,33.5,16.7,47,29.8,SE,8.3,32,6.4,1010.9,35.8,35.9,22.9,No,No,Light,Thunderstorm
IMD2267,Lucknow Weather Station,Uttar Pradesh,Lucknow,2023-10-08,Post-Monsoon,25.4,19.6,22.5,9.574850917602316,55,32.2,W,3.3,79,8.4,1016.1,21.7,25.2,13.5,No,No,Light,Haze
IMD2268,Amritsar Weather Station,Punjab,Amritsar,2020-10-17,Post-Monsoon,29.9,20.0,25.3,2.115240078971107,44,15.5,N,6.8,58,7.8,1005.6,25.0,27.5,14.1,No,No,Light,Cloudy
IMD2269,Udaipur Weather Station,Rajasthan,Udaipur,2022-08-03,Monsoon,31.3,21.3,26.6,43.2,67,17.8,E,13.5,6,11.1,1010.7,27.9,30.0,20.0,No,No,Moderate,Clear
IMD2270,Madurai Weather Station,Tamil Nadu,Madurai,2021-06-20,Monsoon,31.4,21.3,27.5,39.4,63,29.9,SW,11.8,78,5.3,1025.3,26.0,30.6,20.1,No,Yes,Moderate,Fog
IMD2271,Chennai Weather Station,Tamil Nadu,Chennai,2024-07-17,Monsoon,33.1,21.4,27.7,10.5,50,29.4,SE,8.1,10,7.0,1003.4,30.5,30.2,17.7,No,No,Light,Fog
IMD2272,Udaipur Weather Station,Rajasthan,Udaipur,2023-11-02,Post-Monsoon,26.8,16.1,19.9,5.001939550183374,48,39.1,E,8.7,21,5.5,999.3,19.0,22.3,9.5,No,No,Light,Clear
IMD2273,Madurai Weather Station,Tamil Nadu,Madurai,2024-01-04,Winter,22.5,13.5,17.6,1.0,50,8.3,E,1.6,53,1.2,1010.8,20.3,20.1,7.6,No,Yes,Light,Thunderstorm
IMD2274,Hubballi Weather Station,Karnataka,Hubballi,2024-04-12,Summer,42.6,31.2,38.2,5.013663812950934,50,35.8,SW,8.8,59,9.9,1008.7,38.7,40.7,28.2,No,No,Light,Haze
IMD2275,Chennai Weather Station,Tamil Nadu,Chennai,2020-04-30,Summer,42.7,33.5,37.3,1.0,47,14.6,NE,5.3,69,0.7,1013.8,40.1,39.6,26.7,No,No,Light,Clear
IMD2276,Jaipur Weather Station,Rajasthan,Jaipur,2020-10-23,Post-Monsoon,24.8,15.6,20.4,1.0,44,15.6,E,10.8,99,9.8,1011.9,21.5,22.6,9.2,No,No,Light,Cloudy
IMD2277,Coimbatore Weather Station,Tamil Nadu,Coimbatore,2022-11-04,Post-Monsoon,29.6,21.1,24.5,1.0385355202451942,37,26.8,E,6.7,21,3.0,1000.4,22.8,26.4,11.9,No,Yes,Light,Thunderstorm
IMD2278,Pune Weather Station,Maharashtra,Pune,2023-09-14,Monsoon,30.5,23.1,28.4,75.6,88,24.7,E,8.7,94,1.0,1015.0,29.4,32.8,26.0,No,No,Moderate,Cloudy
IMD2279,Jorhat Weather Station,Assam,Jorhat,2022-01-08,Winter,25.6,16.1,19.8,1.0,43,7.7,E,3.1,49,2.9,1022.7,21.2,21.9,8.4,No,No,Light,Clear
IMD2280,Patiala Weather Station,Punjab,Patiala,2024-09-19,Monsoon,32.6,22.1,28.7,13.8,48,23.1,NW,9.0,90,6.3,1026.5,30.8,31.1,18.3,No,No,Light,Fog
IMD2281,Hubballi Weather Station,Karnataka,Hubballi,2024-10-09,Post-Monsoon,27.8,17.3,21.2,5.689554923236215,45,25.8,SW,9.4,48,1.4,1016.0,23.9,23.4,10.2,No,No,Light,Clear
IMD2282,Mysuru Weather Station,Karnataka,Mysuru,2022-11-19,Post-Monsoon,32.8,23.5,27.4,6.089810666854887,44,24.5,SE,8.7,75,10.0,1017.0,27.2,29.6,16.2,No,No,Light,Thunderstorm
IMD2283,Siliguri Weather Station,West Bengal,Siliguri,2022-05-07,Summer,37.3,28.2,34.5,1.6756885031416,41,12.7,NE,13.7,48,3.0,1015.1,32.6,36.5,22.7,No,Yes,Light,Clear
IMD2284,Bengaluru Weather Station,Karnataka,Bengaluru,2021-08-24,Monsoon,36.3,27.0,31.0,96.5,87,16.2,SW,11.1,97,8.1,1015.9,29.4,35.4,28.4,Yes,No,Heavy,Fog
IMD2285,Lucknow Weather Station,Uttar Pradesh,Lucknow,2020-10-01,Post-Monsoon,24.5,15.2,21.9,1.0,53,29.8,NW,2.2,63,1.4,1017.0,23.4,24.5,12.5,No,No,Light,Cloudy
IMD2286,Meerut Weather Station,Uttar Pradesh,Meerut,2023-12-20,Winter,23.1,15.7,20.1,3.1941696568326923,39,35.9,N,4.7,57,0.6,1014.0,20.1,22.1,7.9,No,No,Light,Thunderstorm
IMD2287,Udaipur Weather Station,Rajasthan,Udaipur,2020-07-26,Monsoon,37.2,25.3,30.3,22.4,63,31.1,S,6.3,61,8.4,1017.6,30.7,33.5,22.9,No,No,Moderate,Clear
IMD2288,Meerut Weather Station,Uttar Pradesh,Meerut,2022-08-24,Monsoon,36.3,25.3,29.8,41.0,71,28.8,N,2.7,74,7.5,1017.2,30.0,33.4,24.0,No,No,Moderate,Thunderstorm
IMD2289,Meerut Weather Station,Uttar Pradesh,Meerut,2023-08-31,Monsoon,28.4,19.8,26.3,74.3,87,16.4,SW,11.2,87,9.7,1016.4,29.2,30.6,23.7,No,No,Moderate,Cloudy
IMD2290,Amritsar Weather Station,Punjab,Amritsar,2024-07-22,Monsoon,27.2,21.4,24.7,98.3,89,11.7,W,4.4,68,8.6,1016.8,22.8,29.1,22.5,Yes,No,Heavy,Thunderstorm
IMD2291,Nagpur Weather Station,Maharashtra,Nagpur,2024-12-08,Winter,27.2,21.2,23.9,2.9645590033614457,51,13.5,SW,1.6,27,3.8,1016.9,24.6,26.4,14.1,No,No,Light,Fog
IMD2292,Siliguri Weather Station,West Bengal,Siliguri,2020-07-05,Monsoon,33.4,27.5,30.3,27.3,52,27.8,SW,4.3,53,1.6,1006.8,33.2,32.9,20.7,No,Yes,Moderate,Cloudy
IMD2293,Coimbatore Weather Station,Tamil Nadu,Coimbatore,2024-02-19,Winter,19.6,9.7,13.2,7.159136773467527,41,38.1,E,8.2,49,5.5,1021.6,15.7,15.2,1.4,No,Yes,Light,Fog
IMD2294,Madurai Weather Station,Tamil Nadu,Madurai,2021-12-09,Winter,25.8,13.2,20.0,8.849662207972345,57,4.0,W,5.2,65,3.9,1006.6,20.8,22.9,11.4,No,Yes,Light,Cloudy
IMD2295,Udaipur Weather Station,Rajasthan,Udaipur,2022-03-19,Summer,41.4,31.9,36.6,3.180092222230883,44,31.1,NW,6.6,48,6.2,1021.1,35.5,38.8,25.4,No,No,Light,Haze
IMD2296,Jaipur Weather Station,Rajasthan,Jaipur,2021-06-06,Monsoon,31.9,20.6,27.4,57.2,69,30.5,E,8.2,62,3.8,1002.0,27.0,30.8,21.2,No,No,Moderate,Thunderstorm
IMD2297,Jodhpur Weather Station,Rajasthan,Jodhpur,2023-09-05,Monsoon,31.3,22.3,27.0,8.3,41,11.0,SW,4.7,72,7.2,1004.2,26.1,29.1,15.2,No,No,Light,Clear
IMD2298,Meerut Weather Station,Uttar Pradesh,Meerut,2023-12-22,Winter,24.6,18.8,22.4,1.0,51,36.8,W,14.6,7,2.6,1010.0,24.7,24.9,12.6,No,No,Light,Fog
IMD2299,Nagpur Weather Station,Maharashtra,Nagpur,2022-10-31,Post-Monsoon,29.3,19.6,25.1,3.433118318490474,39,3.4,NW,9.5,8,8.1,992.1,24.0,27.1,12.9,No,No,Light,Thunderstorm
IMD2300,Mysuru Weather Station,Karnataka,Mysuru,2021-04-18,Summer,34.0,25.6,31.8,1.0803698532454353,47,18.4,NE,2.4,24,7.0,1015.4,34.0,34.1,21.2,No,No,Light,Clear
IMD2301,Meerut Weather Station,Uttar Pradesh,Meerut,2022-01-18,Winter,27.8,15.2,21.3,6.516996536697346,45,5.7,S,9.3,57,9.4,1018.4,22.0,23.6,10.3,No,No,Light,Rain
IMD2302,Siliguri Weather Station,West Bengal,Siliguri,2024-10-24,Post-Monsoon,29.2,23.2,26.3,1.0,41,7.5,E,11.9,0,11.9,1021.1,25.2,28.4,14.5,No,No,Light,Haze
IMD2303,Durgapur Weather Station,West Bengal,Durgapur,2022-05-19,Summer,40.5,28.5,35.5,2.7490314795019275,43,6.5,NE,6.0,24,2.1,1001.9,34.6,37.6,24.1,No,No,Light,Rain
IMD2304,Patiala Weather Station,Punjab,Patiala,2024-07-23,Monsoon,32.4,24.5,30.3,78.1,81,14.8,W,12.2,75,4.9,1010.9,32.3,34.4,26.5,No,No,Moderate,Cloudy
IMD2305,Silchar Weather Station,Assam,Silchar,2024-05-06,Summer,40.8,30.5,36.7,1.0,52,39.4,SE,14.8,57,0.1,1021.8,34.8,39.3,27.1,No,Yes,Light,Fog
IMD2306,Lucknow Weather Station,Uttar Pradesh,Lucknow,2022-04-26,Summer,37.9,27.2,32.4,1.0,50,39.9,SW,1.3,13,8.5,1026.0,31.2,34.9,22.4,No,No,Light,Thunderstorm
IMD2307,Jorhat Weather Station,Assam,Jorhat,2022-06-06,Monsoon,28.6,19.4,24.9,35.3,61,25.8,SE,1.4,41,6.5,1011.6,27.6,27.9,17.1,No,No,Moderate,Clear
IMD2308,Lucknow Weather Station,Uttar Pradesh,Lucknow,2020-07-25,Monsoon,31.7,25.4,29.2,57.1,70,35.2,NW,6.7,3,11.8,1007.8,31.1,32.7,23.2,No,No,Moderate,Cloudy
IMD2309,Pune Weather Station,Maharashtra,Pune,2021-12-18,Winter,21.3,9.1,14.5,5.03077955255113,49,34.6,NW,12.9,71,10.9,1000.2,13.6,16.9,4.3,No,No,Light,Haze
IMD2310,Mysuru Weather Station,Karnataka,Mysuru,2020-03-06,Summer,36.5,30.3,32.8,10.17078494043759,50,4.0,NW,13.3,90,4.5,1022.1,32.7,35.3,22.8,No,No,Light,Rain
IMD2311,Coimbatore Weather Station,Tamil Nadu,Coimbatore,2022-01-03,Winter,17.8,10.1,15.4,1.00068223490891,43,1.0,N,7.2,46,2.1,1010.5,16.7,17.6,4.0,No,Yes,Light,Rain
IMD2312,Mysuru Weather Station,Karnataka,Mysuru,2020-07-02,Monsoon,33.6,27.1,31.5,31.7,67,21.4,NW,7.5,35,1.5,1018.0,30.9,34.9,24.9,No,No,Moderate,Cloudy
IMD2313,Siliguri Weather Station,West Bengal,Siliguri,2020-11-12,Post-Monsoon,27.5,22.6,25.1,1.0,45,3.0,W,13.2,61,10.7,997.9,23.3,27.4,14.1,No,No,Light,Rain
IMD2314,Kanpur Weather Station,Uttar Pradesh,Kanpur,2021-08-19,Monsoon,30.7,23.0,27.2,38.1,65,4.1,SW,2.0,25,2.4,1028.1,29.3,30.4,20.2,No,No,Moderate,Fog
IMD2315,Meerut Weather Station,Uttar Pradesh,Meerut,2023-01-10,Winter,23.2,10.8,16.7,5.438969031689818,54,25.5,E,13.1,20,5.4,1009.5,16.4,19.4,7.5,No,No,Light,Rain
IMD2316,Ludhiana Weather Station,Punjab,Ludhiana,2020-11-24,Post-Monsoon,29.2,18.6,25.5,4.471076619136945,45,4.0,W,13.5,25,1.7,1016.0,28.1,27.8,14.5,No,No,Light,Fog
IMD2317,Lucknow Weather Station,Uttar Pradesh,Lucknow,2024-12-18,Winter,20.1,9.6,14.2,4.072720983404814,46,21.4,NW,12.0,14,2.1,1024.2,16.4,16.5,3.4,No,No,Light,Rain
IMD2318,Chennai Weather Station,Tamil Nadu,Chennai,2022-02-08,Winter,23.3,13.7,18.5,3.477668319806256,40,28.7,E,6.0,3,6.6,1005.1,17.2,20.5,6.5,No,Yes,Light,Fog
IMD2319,Jorhat Weather Station,Assam,Jorhat,2022-08-14,Monsoon,36.8,27.8,32.2,39.5,57,27.4,S,11.1,65,2.5,1007.1,32.4,35.1,23.6,No,Yes,Moderate,Cloudy
IMD2320,Lucknow Weather Station,Uttar Pradesh,Lucknow,2022-05-27,Summer,37.8,28.4,33.1,1.5296269637932796,52,2.9,S,11.2,65,10.6,1007.0,32.4,35.7,23.5,No,No,Light,Fog
IMD2321,Lucknow Weather Station,Uttar Pradesh,Lucknow,2021-04-05,Summer,39.5,29.7,33.3,5.355612788291616,48,29.1,NW,8.1,16,0.3,1010.3,34.7,35.7,22.9,No,No,Light,Rain
IMD2322,Ludhiana Weather Station,Punjab,Ludhiana,2023-09-12,Monsoon,30.8,22.0,26.9,52.1,73,28.0,E,10.5,29,11.8,1004.5,26.5,30.5,21.5,No,No,Moderate,Fog
IMD2323,Pune Weather Station,Maharashtra,Pune,2020-11-09,Post-Monsoon,29.8,19.9,24.3,6.054234802565791,44,23.7,S,2.7,85,6.4,1005.1,24.6,26.5,13.1,No,No,Light,Cloudy
IMD2324,Ludhiana Weather Station,Punjab,Ludhiana,2022-03-27,Summer,38.0,29.3,34.3,1.0,49,31.4,NE,4.1,90,10.9,1024.9,37.2,36.8,24.1,No,No,Light,Clear
IMD2325,Coimbatore Weather Station,Tamil Nadu,Coimbatore,2022-08-10,Monsoon,37.2,28.1,32.6,63.0,78,28.4,NW,10.7,13,4.4,1004.8,35.4,36.5,28.2,No,Yes,Moderate,Thunderstorm
IMD2326,Nashik Weather Station,Maharashtra,Nashik,2022-03-18,Summer,41.0,34.3,37.7,6.646293276235218,48,24.4,N,8.2,73,9.4,1011.8,38.0,40.1,27.3,No,No,Light,Cloudy
IMD2327,Hubballi Weather Station,Karnataka,Hubballi,2021-09-05,Monsoon,30.2,20.9,25.7,42.1,66,11.8,S,8.1,27,1.3,1015.8,26.6,29.0,18.9,No,No,Moderate,Thunderstorm
IMD2328,Madurai Weather Station,Tamil Nadu,Madurai,2022-08-24,Monsoon,27.5,19.6,23.1,47.3,72,31.5,N,13.7,41,8.9,1014.2,23.3,26.7,17.5,No,No,Moderate,Haze
IMD2329,Kanpur Weather Station,Uttar Pradesh,Kanpur,2023-03-15,Summer,37.0,26.1,32.8,5.528950709249407,47,32.2,NW,12.9,27,0.5,1003.0,32.9,35.1,22.2,No,No,Light,Fog
IMD2330,Siliguri Weather Station,West Bengal,Siliguri,2023-11-30,Post-Monsoon,27.2,14.3,20.4,2.949821455701825,38,29.9,NW,5.9,88,11.3,1012.7,23.0,22.3,8.0,No,No,Light,Rain
IMD2331,Nashik Weather Station,Maharashtra,Nashik,2024-05-16,Summer,33.8,28.4,30.9,6.030617314429859,44,23.8,N,3.5,37,6.5,1016.8,30.1,33.1,19.7,No,No,Light,Fog
IMD2332,Udaipur Weather Station,Rajasthan,Udaipur,2020-12-28,Winter,23.6,15.6,19.7,4.664005433056555,40,30.2,W,12.0,71,10.2,1017.7,19.8,21.7,7.7,No,No,Light,Cloudy
IMD2333,Jodhpur Weather Station,Rajasthan,Jodhpur,2021-07-19,Monsoon,31.9,21.7,26.4,14.0,46,3.3,NE,1.1,23,11.8,1017.0,25.3,28.7,15.6,No,No,Light,Clear
IMD2334,Siliguri Weather Station,West Bengal,Siliguri,2022-06-09,Monsoon,29.9,23.6,26.6,40.5,67,5.1,W,8.7,71,10.2,1000.0,26.5,30.0,20.0,No,Yes,Moderate,Thunderstorm
IMD2335,Lucknow Weather Station,Uttar Pradesh,Lucknow,2020-09-04,Monsoon,27.8,21.2,24.1,38.1,61,12.6,N,1.6,32,6.0,1002.2,25.9,27.2,16.3,No,No,Moderate,Cloudy
IMD2336,Chennai Weather Station,Tamil Nadu,Chennai,2020-07-16,Monsoon,28.9,19.3,25.1,30.6,54,24.2,NW,14.3,24,6.1,1022.8,27.8,27.8,15.9,No,Yes,Moderate,Fog
IMD2337,Siliguri Weather Station,West Bengal,Siliguri,2023-04-11,Summer,40.8,32.3,35.3,9.3525071577477,49,39.2,W,13.9,43,2.3,1008.2,34.4,37.8,25.1,No,No,Light,Thunderstorm
IMD2338,Pune Weather Station,Maharashtra,Pune,2020-11-17,Post-Monsoon,28.6,20.7,23.5,1.0,47,35.0,NW,7.7,45,9.0,1005.5,26.2,25.9,12.9,No,No,Light,Haze
IMD2339,Chennai Weather Station,Tamil Nadu,Chennai,2020-06-15,Monsoon,35.9,30.1,32.3,71.6,78,9.7,SW,4.5,9,4.3,1013.7,31.2,36.2,27.9,No,Yes,Moderate,Thunderstorm
IMD2340,Kanpur Weather Station,Uttar Pradesh,Kanpur,2020-12-21,Winter,24.5,16.9,21.1,17.436751089618674,56,11.5,N,7.2,93,2.7,1013.8,23.5,23.9,12.3,No,No,Light,Fog
IMD2341,Mysuru Weather Station,Karnataka,Mysuru,2020-11-27,Post-Monsoon,31.3,20.0,26.4,1.7871948558976862,49,9.0,N,2.8,33,0.3,1020.4,24.8,28.8,16.2,No,No,Light,Fog
IMD2342,Jorhat Weather Station,Assam,Jorhat,2023-11-20,Post-Monsoon,26.8,19.6,24.3,1.950501522310984,47,24.7,E,10.8,19,11.3,1016.5,24.2,26.7,13.7,No,No,Light,Cloudy
IMD2343,Mysuru Weather Station,Karnataka,Mysuru,2022-03-02,Summer,37.4,26.5,32.7,5.054362377783195,43,15.5,NW,8.1,98,3.3,1011.5,31.6,34.9,21.3,No,No,Light,Haze
IMD2344,Patiala Weather Station,Punjab,Patiala,2022-03-22,Summer,36.1,26.2,31.1,1.3512989722259225,48,33.6,SE,1.5,36,6.4,1020.1,32.6,33.5,20.7,No,No,Light,Thunderstorm
IMD2345,Coimbatore Weather Station,Tamil Nadu,Coimbatore,2021-11-21,Post-Monsoon,26.5,15.2,21.9,4.176596773347222,47,4.8,W,8.9,78,5.3,1016.8,23.8,24.2,11.3,No,No,Light,Clear
IMD2346,Hubballi Weather Station,Karnataka,Hubballi,2021-12-04,Winter,20.6,11.3,16.5,1.0,41,2.6,SE,4.2,25,0.4,1019.6,19.4,18.6,4.7,No,No,Light,Fog
IMD2347,Silchar Weather Station,Assam,Silchar,2022-02-03,Winter,26.9,16.2,22.2,2.3317685049333017,42,37.0,N,13.2,4,8.1,1004.1,24.7,24.3,10.6,No,No,Light,Haze
IMD2348,Nagpur Weather Station,Maharashtra,Nagpur,2020-04-27,Summer,39.1,30.2,34.1,14.056013442227934,45,16.9,NE,4.7,19,5.5,1017.6,35.7,36.4,23.1,No,No,Light,Cloudy
IMD2349,Silchar Weather Station,Assam,Silchar,2021-11-23,Post-Monsoon,31.4,20.5,27.1,4.06949779152576,45,4.5,NW,4.0,91,1.6,1015.7,25.7,29.4,16.1,No,No,Light,Thunderstorm
IMD2350,Madurai Weather Station,Tamil Nadu,Madurai,2022-05-17,Summer,48.0,36.1,42.4,6.958217723688855,45,20.9,SW,9.4,13,4.2,1013.2,43.2,44.6,31.4,No,Yes,Light,Thunderstorm
IMD2351,Mysuru Weather Station,Karnataka,Mysuru,2022-09-18,Monsoon,33.5,24.8,30.3,42.9,61,39.2,W,2.2,19,0.6,1004.6,31.0,33.4,22.5,No,No,Moderate,Fog
IMD2352,Bengaluru Weather Station,Karnataka,Bengaluru,2022-02-04,Winter,14.1,5.6,10.7,4.321544446792823,41,38.6,SE,8.5,24,8.6,1016.1,11.1,12.8,-1.1,No,No,Light,Thunderstorm
IMD2353,Chennai Weather Station,Tamil Nadu,Chennai,2021-10-13,Post-Monsoon,34.1,20.9,27.8,8.236278174898047,55,33.9,E,14.4,48,9.0,1010.2,26.1,30.6,18.8,No,Yes,Light,Cloudy
IMD2354,Kolkata Weather Station,West Bengal,Kolkata,2021-04-29,Summer,41.5,27.6,34.6,2.868909481774008,44,8.5,NE,14.9,50,10.2,1021.0,33.8,36.8,23.4,No,No,Light,Thunderstorm
IMD2355,Jodhpur Weather Station,Rajasthan,Jodhpur,2020-02-21,Winter,23.2,16.2,20.3,9.69324427639384,54,36.4,NW,7.3,87,5.9,1012.1,19.7,23.0,11.1,No,No,Light,Cloudy
IMD2356,Guwahati Weather Station,Assam,Guwahati,2022-01-23,Winter,28.8,19.9,25.8,2.494697935426012,42,30.8,SE,8.6,70,8.3,1009.0,25.2,27.9,14.2,No,Yes,Light,Fog
IMD2357,Durgapur Weather Station,West Bengal,Durgapur,2022-05-08,Summer,30.9,26.1,28.1,1.0,37,15.2,E,7.7,56,5.8,1004.5,27.9,30.0,15.5,No,Yes,Light,Rain
IMD2358,Lucknow Weather Station,Uttar Pradesh,Lucknow,2024-04-09,Summer,42.2,29.2,36.0,1.0,50,20.9,NE,8.7,2,3.5,1021.9,35.7,38.5,26.0,No,No,Light,Fog
IMD2359,Mysuru Weather Station,Karnataka,Mysuru,2020-02-28,Winter,19.8,13.2,17.6,1.0467234234456266,38,16.4,S,3.5,6,1.5,1016.2,18.5,19.5,5.2,No,No,Light,Clear
IMD2360,Nashik Weather Station,Maharashtra,Nashik,2020-07-15,Monsoon,36.9,24.6,30.5,78.4,88,16.5,S,13.4,25,0.2,1024.4,31.4,34.9,28.1,No,No,Moderate,Clear
IMD2361,Jaipur Weather Station,Rajasthan,Jaipur,2020-10-21,Post-Monsoon,24.8,16.7,19.1,1.0,43,4.1,N,10.8,83,3.9,1011.2,17.5,21.2,7.7,No,No,Light,Cloudy
IMD2362,Ludhiana Weather Station,Punjab,Ludhiana,2024-07-21,Monsoon,35.6,25.3,32.3,52.0,69,19.9,W,10.1,36,5.3,1018.3,34.0,35.8,26.1,No,No,Moderate,Cloudy
IMD2363,Udaipur Weather Station,Rajasthan,Udaipur,2024-11-07,Post-Monsoon,33.6,21.1,27.1,2.4081553911295157,48,19.1,S,4.0,10,2.7,1006.2,25.2,29.5,16.7,No,No,Light,Haze
IMD2364,Patiala Weather Station,Punjab,Patiala,2020-09-26,Monsoon,36.9,26.2,31.4,27.4,59,27.0,SW,4.1,69,6.5,1019.5,34.2,34.4,23.2,No,No,Moderate,Cloudy
IMD2365,Kanpur Weather Station,Uttar Pradesh,Kanpur,2024-08-16,Monsoon,29.8,18.6,25.5,99.9,90,2.7,SE,5.2,5,8.6,1007.3,27.1,30.0,23.5,Yes,No,Heavy,Fog
IMD2366,Lucknow Weather Station,Uttar Pradesh,Lucknow,2020-06-05,Monsoon,29.6,20.3,26.9,29.6,62,10.4,N,13.1,17,7.7,1008.6,26.5,30.0,19.3,No,No,Moderate,Rain
IMD2367,Kolkata Weather Station,West Bengal,Kolkata,2021-01-17,Winter,26.6,14.5,20.0,3.5357163997822254,53,39.4,N,2.8,91,0.2,1023.9,22.7,22.6,10.6,No,No,Light,Fog
IMD2368,Lucknow Weather Station,Uttar Pradesh,Lucknow,2023-08-01,Monsoon,31.5,23.5,27.3,24.3,60,17.9,NE,14.0,88,3.2,1017.8,26.8,30.3,19.3,No,No,Moderate,Clear
IMD2369,Hubballi Weather Station,Karnataka,Hubballi,2024-08-14,Monsoon,30.6,21.0,23.9,127.0,100,4.4,NE,6.8,6,3.9,1014.4,21.9,28.9,23.9,Yes,No,Heavy,Rain
IMD2370,Chennai Weather Station,Tamil Nadu,Chennai,2020-09-08,Monsoon,37.8,26.6,30.8,38.5,63,17.0,E,3.6,40,6.1,1028.7,32.0,34.0,23.4,No,No,Moderate,Clear
IMD2371,Madurai Weather Station,Tamil Nadu,Madurai,2023-07-12,Monsoon,29.7,20.4,24.1,37.7,56,32.4,SW,1.0,88,5.6,1004.1,26.1,26.9,15.3,No,No,Moderate,Fog
IMD2372,Mysuru Weather Station,Karnataka,Mysuru,2020-12-22,Winter,23.8,16.8,19.4,1.0,48,29.5,W,9.9,96,2.7,1007.6,21.6,21.8,9.0,No,No,Light,Rain
IMD2373,Lucknow Weather Station,Uttar Pradesh,Lucknow,2022-03-13,Summer,40.3,32.2,36.1,1.364241211329043,37,17.9,W,8.0,81,5.0,1003.2,34.6,38.0,23.5,No,No,Light,Clear
IMD2374,Pune Weather Station,Maharashtra,Pune,2024-02-20,Winter,24.7,12.3,17.9,1.719503127905808,47,13.3,W,14.1,66,0.7,1005.6,19.8,20.2,7.3,No,No,Light,Haze
IMD2375,Siliguri Weather Station,West Bengal,Siliguri,2021-03-23,Summer,33.3,24.4,30.2,14.225835017039364,60,22.7,S,4.7,61,7.2,1010.4,32.2,33.2,22.2,No,Yes,Light,Cloudy
IMD2376,Mysuru Weather Station,Karnataka,Mysuru,2022-06-03,Monsoon,29.3,23.7,26.7,24.2,49,39.7,NW,3.3,63,9.3,1004.2,26.9,29.1,16.5,No,No,Moderate,Rain
IMD2377,Lucknow Weather Station,Uttar Pradesh,Lucknow,2020-07-03,Monsoon,31.3,23.4,29.2,66.0,78,30.3,W,7.8,100,10.8,1025.3,28.3,33.1,24.8,No,No,Moderate,Cloudy
IMD2378,Ludhiana Weather Station,Punjab,Ludhiana,2021-12-14,Winter,19.7,10.1,15.1,1.0,50,6.5,W,2.5,66,4.0,1016.9,15.7,17.6,5.1,No,No,Light,Haze
IMD2379,Madurai Weather Station,Tamil Nadu,Madurai,2022-06-20,Monsoon,32.2,19.6,25.2,16.2,59,1.3,E,6.0,83,3.2,1005.6,25.6,28.1,17.0,No,No,Light,Clear
IMD2380,Kanpur Weather Station,Uttar Pradesh,Kanpur,2021-01-26,Winter,29.2,19.1,23.8,1.0,53,38.8,SE,14.4,36,9.1,1020.9,25.4,26.4,14.4,No,No,Light,Cloudy
IMD2381,Chennai Weather Station,Tamil Nadu,Chennai,2023-07-27,Monsoon,34.0,23.1,29.8,36.7,65,34.9,E,4.7,64,6.1,1016.4,29.4,33.0,22.8,No,No,Moderate,Rain
IMD2382,Hubballi Weather Station,Karnataka,Hubballi,2024-05-05,Summer,40.3,30.5,33.6,4.684095844914797,42,34.2,NE,2.4,41,8.2,1002.8,36.1,35.7,22.0,No,No,Light,Rain
IMD2383,Madurai Weather Station,Tamil Nadu,Madurai,2024-06-06,Monsoon,37.6,27.3,31.4,57.0,65,35.7,SE,6.4,43,0.1,1008.7,32.8,34.6,24.4,No,No,Moderate,Haze
IMD2384,Kanpur Weather Station,Uttar Pradesh,Kanpur,2022-03-10,Summer,38.8,31.0,35.7,1.5064904968551993,46,38.8,S,14.1,24,6.1,1010.6,38.2,38.0,24.9,No,No,Light,Haze
IMD2385,Nagpur Weather Station,Maharashtra,Nagpur,2024-12-29,Winter,17.5,10.3,15.0,3.3273015245633375,54,18.7,S,6.3,7,11.1,998.2,14.2,17.7,5.8,No,No,Light,Cloudy
IMD2386,Pune Weather Station,Maharashtra,Pune,2021-10-08,Post-Monsoon,29.5,19.2,22.7,1.0,49,17.2,W,14.3,30,5.2,1012.9,21.4,25.1,12.5,No,No,Light,Cloudy
IMD2387,Mysuru Weather Station,Karnataka,Mysuru,2023-06-15,Monsoon,36.6,29.4,33.4,58.6,76,16.4,NE,3.7,45,9.6,1021.8,34.1,37.2,28.6,No,No,Moderate,Fog
IMD2388,Udaipur Weather Station,Rajasthan,Udaipur,2024-07-09,Monsoon,26.6,20.3,22.7,53.3,72,15.8,NE,11.4,3,9.8,1018.5,23.3,26.3,17.1,No,No,Moderate,Fog
IMD2389,Durgapur Weather Station,West Bengal,Durgapur,2021-09-30,Monsoon,39.0,27.5,32.2,13.9,43,39.9,SE,12.2,25,1.8,1008.6,33.2,34.4,20.8,No,Yes,Light,Thunderstorm
IMD2390,Silchar Weather Station,Assam,Silchar,2022-04-17,Summer,42.7,31.2,36.1,3.9962248377620053,54,32.4,SE,7.1,8,1.0,1020.2,38.3,38.8,26.9,No,No,Light,Clear
IMD2391,Silchar Weather Station,Assam,Silchar,2020-11-11,Post-Monsoon,28.8,19.8,22.8,5.417050462331791,43,34.5,W,12.5,43,5.8,1019.8,25.6,24.9,11.4,No,Yes,Light,Rain
IMD2392,Jorhat Weather Station,Assam,Jorhat,2022-07-09,Monsoon,31.6,24.9,29.1,36.2,63,10.0,N,10.7,28,6.8,1017.5,30.1,32.2,21.7,No,Yes,Moderate,Cloudy
IMD2393,Meerut Weather Station,Uttar Pradesh,Meerut,2022-05-11,Summer,41.7,34.4,36.7,6.607578389154353,40,10.6,NE,1.7,93,9.1,1014.2,38.8,38.7,24.7,No,No,Light,Thunderstorm
IMD2394,Amritsar Weather Station,Punjab,Amritsar,2024-05-22,Summer,41.9,32.4,37.1,1.0,39,3.2,N,12.8,23,7.6,1007.5,38.8,39.1,24.9,No,No,Light,Thunderstorm
IMD2395,Nashik Weather Station,Maharashtra,Nashik,2023-10-21,Post-Monsoon,26.6,18.3,22.5,5.497265892139062,53,6.9,N,5.0,5,6.1,1004.1,24.8,25.1,13.1,No,No,Light,Thunderstorm
IMD2396,Jodhpur Weather Station,Rajasthan,Jodhpur,2023-10-27,Post-Monsoon,34.6,29.5,31.7,8.825290324870773,45,29.8,NE,1.0,46,0.1,1010.7,30.1,34.0,20.7,No,No,Light,Fog
IMD2397,Durgapur Weather Station,West Bengal,Durgapur,2023-05-03,Summer,34.4,26.2,31.9,1.0,44,32.0,W,13.2,33,11.4,1007.0,33.1,34.1,20.7,No,No,Light,Cloudy
IMD2398,Bengaluru Weather Station,Karnataka,Bengaluru,2024-08-04,Monsoon,30.6,23.6,28.0,14.5,58,27.7,NE,1.9,92,3.2,1009.0,28.2,30.9,19.6,No,No,Light,Fog
IMD2399,Jaipur Weather Station,Rajasthan,Jaipur,2022-11-05,Post-Monsoon,29.4,19.8,22.8,1.0,53,33.5,SW,1.5,77,5.9,1022.5,25.7,25.4,13.4,No,No,Light,Fog
IMD2400,Nagpur Weather Station,Maharashtra,Nagpur,2023-02-17,Winter,21.6,8.3,14.8,7.6051080505257405,49,8.2,SE,2.7,9,6.9,1013.3,17.5,17.2,4.6,No,No,Light,Clear
IMD2401,Durgapur Weather Station,West Bengal,Durgapur,2020-10-20,Post-Monsoon,29.6,16.4,22.6,2.9707287822853146,52,14.5,SE,6.9,79,6.0,1012.9,21.7,25.2,13.0,No,No,Light,Fog
IMD2402,Udaipur Weather Station,Rajasthan,Udaipur,2023-10-20,Post-Monsoon,32.3,25.0,27.7,7.419198211092481,42,24.6,NE,6.7,46,11.1,1011.4,26.0,29.8,16.1,No,No,Light,Fog
IMD2403,Kolkata Weather Station,West Bengal,Kolkata,2023-03-18,Summer,39.5,33.4,36.3,3.7714418323676964,50,28.2,S,7.3,77,5.2,1015.9,36.5,38.8,26.3,No,No,Light,Cloudy
IMD2404,Jaipur Weather Station,Rajasthan,Jaipur,2021-07-14,Monsoon,28.8,17.8,22.8,72.1,80,24.3,S,3.8,38,3.9,1000.1,25.6,26.8,18.8,No,No,Moderate,Thunderstorm
IMD2405,Siliguri Weather Station,West Bengal,Siliguri,2024-06-23,Monsoon,38.5,30.1,34.6,19.0,59,9.7,NW,12.5,83,2.8,1022.5,34.4,37.6,26.4,No,No,Light,Rain
IMD2406,Meerut Weather Station,Uttar Pradesh,Meerut,2021-08-06,Monsoon,33.8,23.3,30.2,8.6,41,3.8,N,12.9,90,2.9,1007.5,30.9,32.2,18.4,No,No,Light,Cloudy
IMD2407,Kanpur Weather Station,Uttar Pradesh,Kanpur,2024-09-16,Monsoon,34.0,26.0,31.5,27.9,56,15.8,N,5.6,74,0.3,1022.9,32.6,34.3,22.7,No,No,Moderate,Cloudy
IMD2408,Guwahati Weather Station,Assam,Guwahati,2021-05-20,Summer,37.1,31.7,34.9,1.97544247361098,38,21.7,N,6.7,44,3.6,1008.8,33.0,36.8,22.5,No,No,Light,Haze
IMD2409,Nagpur Weather Station,Maharashtra,Nagpur,2024-09-22,Monsoon,30.2,19.4,25.9,24.4,53,25.7,NW,8.5,56,6.5,1012.7,26.4,28.5,16.5,No,No,Moderate,Clear
IMD2410,Udaipur Weather Station,Rajasthan,Udaipur,2024-08-25,Monsoon,36.9,26.9,30.0,6.4,47,13.1,SW,6.6,12,11.1,1013.6,31.0,32.4,19.4,No,No,Light,Thunderstorm
IMD2411,Hubballi Weather Station,Karnataka,Hubballi,2023-11-11,Post-Monsoon,27.0,17.6,24.4,2.0481651744887452,49,17.6,NW,2.4,39,8.5,1004.6,25.7,26.8,14.2,No,No,Light,Haze
IMD2412,Kanpur Weather Station,Uttar Pradesh,Kanpur,2024-05-15,Summer,33.0,26.3,30.7,6.020270395932001,55,10.4,SW,5.7,25,0.2,1006.8,32.9,33.5,21.7,No,No,Light,Fog
IMD2413,Ludhiana Weather Station,Punjab,Ludhiana,2024-10-01,Post-Monsoon,26.7,16.5,21.9,4.970751562785279,45,33.3,N,5.6,2,10.2,1015.4,22.0,24.1,10.9,No,No,Light,Cloudy
IMD2414,Jorhat Weather Station,Assam,Jorhat,2023-02-21,Winter,23.9,13.3,19.7,1.0,52,1.7,N,4.3,24,0.4,1009.6,17.9,22.3,10.1,No,No,Light,Clear
IMD2415,Nagpur Weather Station,Maharashtra,Nagpur,2022-01-26,Winter,28.7,19.6,23.8,1.0,50,18.7,NW,10.7,0,9.9,1014.0,23.3,26.3,13.8,No,No,Light,Thunderstorm
IMD2416,Mysuru Weather Station,Karnataka,Mysuru,2024-10-03,Post-Monsoon,31.2,20.4,25.6,5.308600977609895,40,30.8,SE,12.4,92,11.3,1014.1,25.8,27.6,13.6,No,No,Light,Rain
IMD2417,Udaipur Weather Station,Rajasthan,Udaipur,2022-09-03,Monsoon,29.0,18.3,24.2,20.8,49,32.5,NW,2.5,43,10.8,1014.4,26.8,26.6,14.0,No,No,Moderate,Cloudy
IMD2418,Jaipur Weather Station,Rajasthan,Jaipur,2023-04-18,Summer,41.4,30.9,37.3,1.0,46,36.2,W,9.5,30,11.2,1008.3,36.7,39.6,26.5,No,No,Light,Cloudy
IMD2419,Coimbatore Weather Station,Tamil Nadu,Coimbatore,2022-10-17,Post-Monsoon,27.6,20.5,24.6,1.0,37,27.6,SW,14.6,61,0.2,1017.6,23.1,26.5,12.0,No,Yes,Light,Clear
IMD2420,Mysuru Weather Station,Karnataka,Mysuru,2024-12-14,Winter,25.1,17.2,19.7,1.7741718265778408,48,11.0,NE,2.4,55,2.1,1010.7,19.5,22.1,9.3,No,No,Light,Clear
IMD2421,Lucknow Weather Station,Uttar Pradesh,Lucknow,2020-05-17,Summer,33.9,24.1,31.0,3.3690569647408006,54,15.1,E,8.6,95,0.3,1024.4,32.6,33.7,21.8,No,No,Light,Haze
IMD2422,Jaipur Weather Station,Rajasthan,Jaipur,2023-03-20,Summer,38.0,30.1,35.4,7.589500927134412,48,24.5,SE,12.3,79,11.6,1011.8,37.6,37.8,25.0,No,No,Light,Clear
IMD2423,Nagpur Weather Station,Maharashtra,Nagpur,2020-03-10,Summer,41.5,28.8,35.3,1.443315263976031,42,7.3,SE,1.8,80,0.3,1004.7,34.0,37.4,23.7,No,No,Light,Fog
IMD2424,Jaipur Weather Station,Rajasthan,Jaipur,2023-12-26,Winter,18.3,11.8,16.0,4.115333739357356,55,38.3,NE,13.9,33,9.7,1024.7,18.7,18.8,7.0,No,No,Light,Fog
IMD2425,Silchar Weather Station,Assam,Silchar,2023-05-30,Summer,38.1,27.7,31.6,1.0,41,30.2,E,1.2,7,3.8,1018.1,32.9,33.6,19.8,No,No,Light,Rain
IMD2426,Guwahati Weather Station,Assam,Guwahati,2021-03-26,Summer,38.8,30.6,34.9,7.4993321341145975,52,28.1,SE,10.6,94,7.7,1011.9,37.0,37.5,25.3,No,No,Light,Thunderstorm
IMD2427,Madurai Weather Station,Tamil Nadu,Madurai,2020-01-23,Winter,26.2,14.7,19.3,1.0,50,35.7,N,6.9,56,2.0,1017.3,18.4,21.8,9.3,No,No,Light,Rain
IMD2428,Guwahati Weather Station,Assam,Guwahati,2022-11-29,Post-Monsoon,28.9,18.4,22.2,2.284551129206052,53,2.0,NE,11.8,97,8.6,1019.1,23.9,24.8,12.8,No,Yes,Light,Haze
IMD2429,Nagpur Weather Station,Maharashtra,Nagpur,2023-06-02,Monsoon,36.8,27.4,31.3,71.2,86,5.6,E,5.0,40,5.1,1022.6,32.0,35.6,28.5,No,No,Moderate,Haze
IMD2430,Silchar Weather Station,Assam,Silchar,2021-12-26,Winter,22.8,11.4,17.8,3.0947493895211884,47,25.1,E,8.3,78,6.7,1010.1,16.4,20.2,7.2,No,Yes,Light,Rain
IMD2431,Jaipur Weather Station,Rajasthan,Jaipur,2020-01-13,Winter,22.1,15.0,19.9,10.645157120610984,57,7.2,E,6.2,77,9.1,1015.2,20.3,22.8,11.3,No,No,Light,Cloudy
IMD2432,Nashik Weather Station,Maharashtra,Nashik,2024-11-05,Post-Monsoon,26.6,18.5,21.9,2.444891090460884,39,24.7,NE,7.4,15,11.4,1007.3,20.8,23.8,9.7,No,No,Light,Clear
IMD2433,Patiala Weather Station,Punjab,Patiala,2021-01-19,Winter,19.6,9.2,16.0,13.67789315942331,57,38.3,NE,12.6,14,7.0,1009.7,15.1,18.9,7.4,No,No,Light,Haze
IMD2434,Jaipur Weather Station,Rajasthan,Jaipur,2020-03-18,Summer,39.7,33.5,37.4,6.05797078508504,49,23.7,SE,14.4,20,9.7,1018.4,37.2,39.9,27.2,No,No,Light,Clear
IMD2435,Hubballi Weather Station,Karnataka,Hubballi,2020-09-20,Monsoon,28.4,20.2,24.5,56.9,76,7.2,S,1.8,38,3.8,1015.0,25.1,28.3,19.7,No,No,Moderate,Clear
IMD2436,Jaipur Weather Station,Rajasthan,Jaipur,2022-12-01,Winter,24.1,11.2,17.4,2.698310011364739,41,7.9,SW,7.2,89,10.5,1010.2,16.7,19.4,5.6,No,No,Light,Clear
IMD2437,Jodhpur Weather Station,Rajasthan,Jodhpur,2021-05-18,Summer,37.8,32.6,35.7,8.987935202816915,44,21.5,W,7.0,99,3.1,1013.9,37.7,37.9,24.5,No,No,Light,Clear
IMD2438,Nagpur Weather Station,Maharashtra,Nagpur,2021-11-10,Post-Monsoon,29.6,20.5,24.5,1.0611568865105123,43,13.6,N,2.0,10,3.9,1016.6,24.3,26.6,13.1,No,No,Light,Cloudy
IMD2439,Jorhat Weather Station,Assam,Jorhat,2020-01-17,Winter,21.7,11.8,17.2,1.0,42,21.5,SE,7.1,39,11.2,1014.9,18.6,19.3,5.6,No,No,Light,Rain
IMD2440,Lucknow Weather Station,Uttar Pradesh,Lucknow,2020-03-11,Summer,37.0,29.9,34.6,10.26586503506384,42,21.3,NW,11.0,22,3.8,1018.2,37.4,36.7,23.0,No,No,Light,Clear
IMD2441,Nagpur Weather Station,Maharashtra,Nagpur,2022-01-28,Winter,26.5,17.4,22.7,1.79863257279053,45,38.9,NE,1.2,53,5.7,1033.5,24.5,24.9,11.7,No,No,Light,Thunderstorm
IMD2442,Madurai Weather Station,Tamil Nadu,Madurai,2023-09-12,Monsoon,25.8,19.5,22.1,53.2,70,5.3,N,12.5,53,3.8,1024.4,25.0,25.6,16.1,No,Yes,Moderate,Haze
IMD2443,Kanpur Weather Station,Uttar Pradesh,Kanpur,2023-10-26,Post-Monsoon,30.3,18.0,23.5,1.9121330022314278,43,32.4,SW,13.5,49,2.2,1011.6,26.2,25.6,12.1,No,No,Light,Clear
IMD2444,Kanpur Weather Station,Uttar Pradesh,Kanpur,2024-09-16,Monsoon,34.0,22.4,28.6,79.9,87,26.6,S,13.3,58,1.0,1006.9,31.4,33.0,26.0,No,No,Moderate,Thunderstorm
IMD2445,Amritsar Weather Station,Punjab,Amritsar,2023-09-20,Monsoon,32.5,27.1,29.1,76.9,91,18.8,S,9.3,11,2.8,1017.7,28.9,33.6,27.3,No,No,Moderate,Cloudy
IMD2446,Jaipur Weather Station,Rajasthan,Jaipur,2024-11-22,Post-Monsoon,29.8,21.6,26.0,1.0,45,9.2,SW,1.9,76,5.0,1018.6,28.8,28.2,15.0,No,No,Light,Haze
IMD2447,Jodhpur Weather Station,Rajasthan,Jodhpur,2022-11-21,Post-Monsoon,29.3,20.2,25.0,1.0,49,36.8,SW,8.2,1,8.5,1005.3,27.9,27.4,14.8,No,No,Light,Haze
IMD2448,Amritsar Weather Station,Punjab,Amritsar,2020-08-16,Monsoon,28.5,22.8,26.1,74.4,79,20.9,SE,14.8,99,9.9,1005.3,26.9,30.1,21.9,No,No,Moderate,Haze
IMD2449,Jaipur Weather Station,Rajasthan,Jaipur,2020-11-23,Post-Monsoon,24.7,15.5,21.8,1.8795045033837805,48,33.1,W,1.8,9,9.9,1021.5,20.8,24.2,11.4,No,No,Light,Fog
IMD2450,Meerut Weather Station,Uttar Pradesh,Meerut,2023-02-25,Winter,27.1,17.7,20.8,7.5591681949364276,44,25.0,NW,5.8,35,8.6,1022.7,22.5,23.0,9.6,No,No,Light,Rain
IMD2451,Madurai Weather Station,Tamil Nadu,Madurai,2023-01-28,Winter,30.3,20.9,24.0,1.0,38,19.7,N,11.3,2,7.7,1004.6,26.3,25.9,11.6,No,Yes,Light,Fog
IMD2452,Chennai Weather Station,Tamil Nadu,Chennai,2023-07-02,Monsoon,29.2,19.6,24.7,23.5,52,35.6,N,3.4,82,2.8,1012.3,27.3,27.3,15.1,No,Yes,Moderate,Haze
IMD2453,Jorhat Weather Station,Assam,Jorhat,2020-03-01,Summer,36.0,29.4,32.7,1.141268789162574,46,38.9,S,12.5,96,6.8,1031.4,30.7,35.0,21.9,No,No,Light,Cloudy
IMD2454,Jaipur Weather Station,Rajasthan,Jaipur,2024-03-22,Summer,40.7,33.0,38.2,4.512612460459185,54,32.5,S,13.7,52,3.0,1014.3,38.9,40.9,29.0,No,No,Light,Cloudy
IMD2455,Nagpur Weather Station,Maharashtra,Nagpur,2022-02-26,Winter,25.7,16.1,20.1,1.1544784728150281,48,33.1,SE,8.3,100,0.1,1001.8,21.3,22.5,9.7,No,No,Light,Clear
IMD2456,Jorhat Weather Station,Assam,Jorhat,2020-08-14,Monsoon,27.9,16.7,21.0,82.8,83,18.2,NE,2.0,46,10.0,999.1,21.7,25.1,17.6,Yes,Yes,Heavy,Thunderstorm
IMD2457,Jaipur Weather Station,Rajasthan,Jaipur,2023-06-01,Monsoon,31.7,25.5,29.0,73.5,86,14.1,SW,14.7,1,3.9,1011.2,28.5,33.3,26.2,No,No,Moderate,Thunderstorm
IMD2458,Hubballi Weather Station,Karnataka,Hubballi,2023-04-20,Summer,39.7,28.5,35.2,3.3062626744711325,53,1.1,NW,5.0,81,8.1,1006.2,35.2,37.9,25.8,No,No,Light,Fog
IMD2459,Patiala Weather Station,Punjab,Patiala,2021-11-15,Post-Monsoon,25.5,17.7,21.0,3.1770162370586315,42,23.9,SE,5.5,23,3.3,1016.4,19.7,23.1,9.4,No,No,Light,Clear
IMD2460,Durgapur Weather Station,West Bengal,Durgapur,2024-04-29,Summer,40.2,31.1,35.6,13.21723785122277,49,20.5,SE,3.8,7,0.0,1017.1,36.3,38.1,25.4,No,Yes,Light,Haze
IMD2461,Jorhat Weather Station,Assam,Jorhat,2020-05-15,Summer,37.5,30.6,35.2,6.479241880233978,41,8.1,SE,12.2,48,1.5,1015.5,33.2,37.2,23.4,No,Yes,Light,Cloudy
IMD2462,Patiala Weather Station,Punjab,Patiala,2020-09-25,Monsoon,28.9,18.2,23.5,11.6,48,17.0,N,3.6,63,4.1,1012.9,21.6,25.9,13.1,No,No,Light,Thunderstorm
IMD2463,Silchar Weather Station,Assam,Silchar,2024-05-13,Summer,43.3,32.9,36.8,17.10305268513564,48,18.5,NW,2.8,1,1.7,1016.1,39.3,39.2,26.4,No,Yes,Light,Clear
IMD2464,Mysuru Weather Station,Karnataka,Mysuru,2024-09-14,Monsoon,32.6,22.9,27.0,115.3,96,32.5,NE,13.1,74,4.9,998.5,29.1,31.8,26.2,Yes,No,Heavy,Thunderstorm
IMD2465,Nashik Weather Station,Maharashtra,Nashik,2024-10-06,Post-Monsoon,27.3,22.4,25.0,6.0955758799440245,43,10.8,N,14.3,87,10.7,1014.5,25.4,27.1,13.6,No,No,Light,Clear
IMD2466,Patiala Weather Station,Punjab,Patiala,2020-01-08,Winter,23.9,16.5,19.4,1.0,38,34.8,NE,12.0,31,9.2,1020.7,22.3,21.3,7.0,No,No,Light,Fog
IMD2467,Silchar Weather Station,Assam,Silchar,2022-03-30,Summer,41.2,32.5,35.7,1.0,44,33.3,W,3.2,85,3.1,1005.4,34.3,37.9,24.5,No,Yes,Light,Clear
IMD2468,Amritsar Weather Station,Punjab,Amritsar,2020-02-13,Winter,17.9,11.2,15.9,1.0,51,1.4,SE,9.1,56,7.3,1011.7,17.8,18.4,6.1,No,No,Light,Rain
IMD2469,Silchar Weather Station,Assam,Silchar,2021-08-15,Monsoon,22.5,13.5,20.1,35.3,55,25.8,W,10.4,5,5.9,1026.8,19.5,22.9,11.1,No,No,Moderate,Clear
IMD2470,Guwahati Weather Station,Assam,Guwahati,2021-11-18,Post-Monsoon,23.7,16.0,20.6,1.1311104618176557,51,26.0,SW,13.2,100,9.9,1013.3,22.5,23.2,10.8,No,No,Light,Fog
IMD2471,Pune Weather Station,Maharashtra,Pune,2020-05-13,Summer,40.0,34.5,37.2,7.775096634310506,48,23.5,E,8.5,81,4.1,1017.7,35.6,39.6,26.8,No,No,Light,Haze
IMD2472,Coimbatore Weather Station,Tamil Nadu,Coimbatore,2021-06-18,Monsoon,26.9,22.0,24.2,67.9,75,39.0,S,4.4,77,5.8,1014.4,27.2,27.9,19.2,No,No,Moderate,Cloudy
IMD2473,Chennai Weather Station,Tamil Nadu,Chennai,2020-07-27,Monsoon,33.7,27.6,31.4,43.4,61,2.1,SW,11.9,43,3.7,1023.8,33.2,34.4,23.6,No,Yes,Moderate,Thunderstorm
IMD2474,Pune Weather Station,Maharashtra,Pune,2021-10-29,Post-Monsoon,32.7,25.3,27.3,4.658425540398518,53,30.8,NW,3.9,58,1.8,1010.6,25.7,29.9,17.9,No,No,Light,Haze
IMD2475,Coimbatore Weather Station,Tamil Nadu,Coimbatore,2020-04-10,Summer,39.7,29.5,35.0,6.941411449145416,52,33.8,NE,13.1,97,0.5,1005.5,36.1,37.6,25.4,No,Yes,Light,Fog
IMD2476,Jaipur Weather Station,Rajasthan,Jaipur,2024-01-12,Winter,26.0,13.2,20.0,6.621707905994711,43,32.3,E,11.7,40,2.5,1010.3,18.4,22.1,8.6,No,No,Light,Haze
IMD2477,Kanpur Weather Station,Uttar Pradesh,Kanpur,2023-01-12,Winter,23.1,13.9,17.4,3.045949501107604,53,36.6,E,6.7,22,6.6,1007.3,17.1,20.0,8.0,No,No,Light,Fog
IMD2478,Amritsar Weather Station,Punjab,Amritsar,2021-07-10,Monsoon,29.2,19.3,22.5,67.0,86,12.3,W,6.5,69,5.1,1008.1,24.8,26.8,19.7,No,No,Moderate,Fog
IMD2479,Amritsar Weather Station,Punjab,Amritsar,2024-11-24,Post-Monsoon,25.8,16.8,21.1,1.0,53,34.9,N,7.8,1,5.2,1015.6,20.9,23.8,11.7,No,No,Light,Clear
IMD2480,Kolkata Weather Station,West Bengal,Kolkata,2024-08-31,Monsoon,38.4,28.8,32.1,122.2,100,17.7,NE,6.0,72,10.9,1008.5,30.1,37.1,32.1,Yes,Yes,Heavy,Cloudy
IMD2481,Patiala Weather Station,Punjab,Patiala,2020-03-16,Summer,40.3,32.8,37.5,7.733732658554031,54,33.6,S,13.7,38,11.1,1029.1,38.6,40.2,28.3,No,No,Light,Clear
IMD2482,Chennai Weather Station,Tamil Nadu,Chennai,2020-08-18,Monsoon,38.9,31.9,36.3,18.2,49,19.8,W,9.4,9,0.8,1010.9,35.4,38.8,26.1,No,No,Light,Thunderstorm
IMD2483,Amritsar Weather Station,Punjab,Amritsar,2021-08-07,Monsoon,26.4,20.5,23.5,24.4,54,10.6,NW,11.3,31,10.3,1012.9,25.0,26.2,14.3,No,No,Moderate,Fog
IMD2484,Kanpur Weather Station,Uttar Pradesh,Kanpur,2020-08-09,Monsoon,31.2,23.4,28.5,28.9,53,13.6,NW,4.6,49,1.5,1022.1,28.3,31.1,19.1,No,No,Moderate,Thunderstorm
IMD2485,Mysuru Weather Station,Karnataka,Mysuru,2020-08-02,Monsoon,36.5,26.3,32.8,30.1,60,32.1,E,9.0,55,0.9,1016.5,33.8,35.8,24.8,No,No,Moderate,Fog
IMD2486,Patiala Weather Station,Punjab,Patiala,2024-01-23,Winter,28.6,17.3,22.7,1.4467171055270074,52,28.9,SE,7.2,80,5.9,1004.7,24.6,25.3,13.1,No,No,Light,Fog
IMD2487,Udaipur Weather Station,Rajasthan,Udaipur,2023-03-25,Summer,35.4,28.2,31.2,10.941553547075896,50,20.9,N,10.9,6,11.1,1009.5,31.9,33.7,21.2,No,No,Light,Cloudy
IMD2488,Silchar Weather Station,Assam,Silchar,2022-03-10,Summer,34.5,26.1,32.2,7.060698554177101,40,2.1,NE,1.6,100,11.7,1001.2,31.9,34.2,20.2,No,No,Light,Thunderstorm
IMD2489,Bengaluru Weather Station,Karnataka,Bengaluru,2021-12-04,Winter,20.0,9.7,14.5,8.083375318332541,51,37.2,NW,11.9,49,2.9,1005.3,14.0,17.1,4.7,No,No,Light,Cloudy
IMD2490,Jodhpur Weather Station,Rajasthan,Jodhpur,2021-02-12,Winter,18.7,8.2,14.7,1.0,43,22.5,E,9.6,94,2.3,1001.6,12.9,16.8,3.3,No,No,Light,Thunderstorm
IMD2491,Chennai Weather Station,Tamil Nadu,Chennai,2023-03-11,Summer,37.2,29.3,34.1,20.42706432633771,63,5.6,SW,4.0,37,6.6,1009.8,34.6,37.2,26.7,No,Yes,Moderate,Fog
IMD2492,Udaipur Weather Station,Rajasthan,Udaipur,2022-05-28,Summer,37.2,24.9,30.8,3.9564579597102068,48,4.4,SW,9.8,70,1.7,1008.3,31.3,33.2,20.4,No,No,Light,Clear
IMD2493,Madurai Weather Station,Tamil Nadu,Madurai,2023-02-25,Winter,19.6,12.1,16.6,5.067429876238882,40,10.4,NW,13.9,44,4.7,1014.3,15.1,18.6,4.6,No,Yes,Light,Fog
IMD2494,Chennai Weather Station,Tamil Nadu,Chennai,2024-01-07,Winter,22.0,12.0,15.8,1.0,51,28.7,S,7.9,62,11.3,1022.3,18.5,18.4,6.0,No,Yes,Light,Rain
IMD2495,Siliguri Weather Station,West Bengal,Siliguri,2022-09-27,Monsoon,35.5,23.8,28.8,38.2,72,31.0,SW,9.8,46,11.1,1011.5,30.0,32.4,23.2,No,No,Moderate,Fog
IMD2496,Jodhpur Weather Station,Rajasthan,Jodhpur,2023-04-15,Summer,38.3,32.9,35.0,1.0,46,29.1,N,8.8,93,4.8,997.4,36.9,37.3,24.2,No,No,Light,Cloudy
IMD2497,Lucknow Weather Station,Uttar Pradesh,Lucknow,2021-12-02,Winter,13.9,7.2,11.8,4.0313330309412265,45,5.5,SE,5.4,8,1.9,1016.5,14.2,14.1,0.8,No,No,Light,Clear
IMD2498,Siliguri Weather Station,West Bengal,Siliguri,2021-10-02,Post-Monsoon,27.6,18.8,23.6,1.0,37,17.7,N,7.4,28,9.8,1012.3,24.2,25.5,11.0,No,Yes,Light,Thunderstorm
IMD2499,Kanpur Weather Station,Uttar Pradesh,Kanpur,2023-05-08,Summer,35.5,25.5,30.9,1.0,39,25.9,NE,8.4,56,7.7,1016.2,31.7,32.9,18.7,No,No,Light,Haze
IMD2500,Guwahati Weather Station,Assam,Guwahati,2022-08-07,Monsoon,27.4,19.7,24.4,43.2,68,24.5,E,11.7,96,2.1,1015.7,25.8,27.8,18.0,No,No,Moderate,Haze
IMD2501,Silchar Weather Station,Assam,Silchar,2023-05-26,Summer,42.3,32.4,36.0,7.121604873350274,43,3.7,NE,3.1,7,3.5,1016.1,38.8,38.1,24.6,No,No,Light,Haze
IMD2502,Durgapur Weather Station,West Bengal,Durgapur,2020-09-04,Monsoon,32.7,25.5,29.8,114.8,100,14.7,N,13.0,12,4.3,1010.8,28.3,34.8,29.8,Yes,Yes,Heavy,Fog
IMD2503,Kanpur Weather Station,Uttar Pradesh,Kanpur,2022-05-10,Summer,33.8,25.6,30.0,5.977469191241469,41,38.1,SE,5.8,2,4.7,1011.3,31.3,32.0,18.2,No,No,Light,Clear
IMD2504,Chennai Weather Station,Tamil Nadu,Chennai,2024-10-16,Post-Monsoon,30.1,20.4,23.7,5.500062659935716,46,33.7,NE,2.5,51,1.8,1013.1,23.2,26.0,12.9,No,Yes,Light,Thunderstorm
IMD2505,Chennai Weather Station,Tamil Nadu,Chennai,2023-10-31,Post-Monsoon,24.8,15.1,21.6,1.2166629144401817,40,26.4,SE,13.7,1,2.8,1003.1,20.1,23.6,9.6,No,No,Light,Clear
IMD2506,Lucknow Weather Station,Uttar Pradesh,Lucknow,2024-12-04,Winter,22.6,12.4,15.9,1.805472218953987,51,5.6,E,8.3,88,2.0,1005.7,15.5,18.4,6.1,No,No,Light,Fog
IMD2507,Jodhpur Weather Station,Rajasthan,Jodhpur,2020-02-18,Winter,21.8,13.9,19.0,1.0,40,20.9,NE,14.6,95,8.6,1010.1,18.7,21.0,7.0,No,No,Light,Rain
IMD2508,Coimbatore Weather Station,Tamil Nadu,Coimbatore,2020-07-27,Monsoon,31.1,21.6,26.6,112.0,100,33.5,W,13.8,24,4.5,1007.8,25.2,31.6,26.6,Yes,Yes,Heavy,Haze
IMD2509,Pune Weather Station,Maharashtra,Pune,2020-06-28,Monsoon,26.7,20.1,23.4,59.7,74,16.5,N,5.8,91,4.3,1007.6,23.8,27.1,18.2,No,No,Moderate,Clear
IMD2510,Coimbatore Weather Station,Tamil Nadu,Coimbatore,2021-09-14,Monsoon,29.1,23.1,26.2,42.4,71,35.6,NE,3.2,4,5.6,1012.2,27.3,29.8,20.4,No,No,Moderate,Fog
IMD2511,Mysuru Weather Station,Karnataka,Mysuru,2023-12-22,Winter,22.8,14.3,17.5,3.1537227862228563,44,28.5,NW,11.9,40,3.2,998.6,16.0,19.7,6.3,No,No,Light,Clear
IMD2512,Kolkata Weather Station,West Bengal,Kolkata,2021-01-31,Winter,24.6,13.6,17.8,3.0205366113793715,42,35.7,NE,7.5,29,9.3,1027.2,17.9,19.9,6.2,No,Yes,Light,Cloudy
IMD2513,Madurai Weather Station,Tamil Nadu,Madurai,2022-02-09,Winter,23.3,13.2,17.5,1.5999731430269637,45,20.1,NW,8.3,21,3.8,1017.3,19.6,19.8,6.5,No,No,Light,Haze
IMD2514,Coimbatore Weather Station,Tamil Nadu,Coimbatore,2021-09-26,Monsoon,28.2,21.5,25.3,23.0,51,22.0,N,7.8,80,9.2,1015.3,27.2,27.9,15.5,No,No,Moderate,Cloudy
IMD2515,Jodhpur Weather Station,Rajasthan,Jodhpur,2022-08-29,Monsoon,34.8,26.1,30.1,47.0,75,13.3,W,13.7,13,11.9,1017.5,29.7,33.9,25.1,No,No,Moderate,Fog
IMD2516,Nashik Weather Station,Maharashtra,Nashik,2022-10-26,Post-Monsoon,27.2,18.2,20.8,2.963517145048988,41,16.3,W,6.3,26,1.6,1003.6,20.0,22.9,9.0,No,No,Light,Rain
IMD2517,Bengaluru Weather Station,Karnataka,Bengaluru,2022-01-31,Winter,24.3,19.6,21.7,1.4138147085785855,51,19.0,S,14.8,100,4.8,1008.6,20.1,24.2,11.9,No,No,Light,Rain
IMD2518,Udaipur Weather Station,Rajasthan,Udaipur,2020-07-12,Monsoon,27.5,18.5,24.6,97.8,95,40.0,N,7.7,72,6.6,1011.1,26.1,29.4,23.6,Yes,No,Heavy,Fog
IMD2519,Bengaluru Weather Station,Karnataka,Bengaluru,2021-12-04,Winter,24.3,17.8,21.0,6.588114589990086,54,25.4,SE,7.8,5,9.5,1020.5,19.2,23.7,11.8,No,No,Light,Haze
IMD2520,Meerut Weather Station,Uttar Pradesh,Meerut,2024-06-09,Monsoon,26.9,16.1,22.1,47.3,69,13.3,S,12.3,42,2.9,1013.4,21.2,25.6,15.9,No,No,Moderate,Thunderstorm
IMD2521,Siliguri Weather Station,West Bengal,Siliguri,2021-02-23,Winter,27.0,17.0,20.4,4.139218515847964,47,36.2,SE,3.4,85,10.0,1019.8,18.4,22.8,9.8,No,Yes,Light,Thunderstorm
IMD2522,Jodhpur Weather Station,Rajasthan,Jodhpur,2020-03-01,Summer,33.7,25.2,31.6,5.244110387711684,53,20.8,N,6.8,87,7.5,1011.7,31.1,34.2,22.2,No,No,Light,Thunderstorm
IMD2523,Patiala Weather Station,Punjab,Patiala,2023-11-15,Post-Monsoon,29.4,22.5,24.8,1.0,42,16.3,W,13.7,26,10.9,1020.7,27.2,26.9,13.2,No,No,Light,Cloudy
IMD2524,Lucknow Weather Station,Uttar Pradesh,Lucknow,2021-10-23,Post-Monsoon,30.3,21.9,27.0,3.9162696915140183,49,1.6,NW,2.3,58,7.0,1000.3,28.1,29.4,16.8,No,No,Light,Fog
IMD2525,Patiala Weather Station,Punjab,Patiala,2021-05-19,Summer,41.7,28.7,35.6,1.5876291597484853,41,10.9,E,1.1,39,10.8,1013.2,38.2,37.6,23.8,No,No,Light,Haze
IMD2526,Chennai Weather Station,Tamil Nadu,Chennai,2023-03-19,Summer,40.6,31.2,35.4,2.1119351895325713,52,11.6,S,11.0,61,8.2,1010.8,33.9,38.0,25.8,No,Yes,Light,Thunderstorm
IMD2527,Kolkata Weather Station,West Bengal,Kolkata,2022-06-11,Monsoon,35.6,27.9,33.2,65.8,80,17.8,W,7.3,65,4.2,1012.4,33.6,37.2,29.2,No,No,Moderate,Fog
IMD2528,Jorhat Weather Station,Assam,Jorhat,2023-06-27,Monsoon,35.3,23.3,29.4,19.9,47,35.7,S,9.1,28,2.1,1009.2,27.8,31.8,18.8,No,Yes,Light,Haze
IMD2529,Nagpur Weather Station,Maharashtra,Nagpur,2023-05-11,Summer,41.8,30.4,37.3,2.747020837890042,50,5.8,NE,7.8,100,3.8,1013.6,40.2,39.8,27.3,No,No,Light,Clear
IMD2530,Meerut Weather Station,Uttar Pradesh,Meerut,2021-04-29,Summer,39.3,29.7,34.4,3.5533160314235492,42,17.6,SE,9.3,48,6.0,1009.6,34.2,36.5,22.8,No,No,Light,Haze
IMD2531,Jaipur Weather Station,Rajasthan,Jaipur,2020-01-18,Winter,15.5,6.7,11.7,8.098612414652434,46,29.0,N,8.2,36,7.4,996.9,10.6,14.0,0.9,No,No,Light,Thunderstorm
IMD2532,Amritsar Weather Station,Punjab,Amritsar,2022-11-24,Post-Monsoon,32.3,23.5,27.9,2.372512138192913,52,19.8,NE,8.8,92,10.6,1016.2,27.2,30.5,18.3,No,No,Light,Clear
IMD2533,Lucknow Weather Station,Uttar Pradesh,Lucknow,2022-12-30,Winter,21.4,12.6,15.0,1.7927674219298408,41,13.6,SE,5.5,49,10.8,1019.4,13.0,17.1,3.2,No,No,Light,Fog
IMD2534,Silchar Weather Station,Assam,Silchar,2024-01-05,Winter,19.4,12.1,16.3,3.4492443368955743,41,37.1,E,13.1,77,8.7,1002.4,18.2,18.4,4.5,No,Yes,Light,Thunderstorm
IMD2535,Chennai Weather Station,Tamil Nadu,Chennai,2024-01-17,Winter,24.8,14.0,18.6,6.055391326638524,44,20.6,S,2.9,92,11.6,1011.7,20.0,20.8,7.4,No,No,Light,Clear
IMD2536,Ludhiana Weather Station,Punjab,Ludhiana,2023-05-30,Summer,43.4,33.7,36.9,12.171044240956148,44,32.7,NW,1.8,61,9.9,1002.0,36.9,39.1,25.7,No,No,Light,Cloudy
IMD2537,Patiala Weather Station,Punjab,Patiala,2021-04-08,Summer,41.7,32.7,34.7,1.0,47,23.5,NE,2.8,23,1.0,1007.3,33.2,37.1,24.1,No,No,Light,Cloudy
IMD2538,Lucknow Weather Station,Uttar Pradesh,Lucknow,2022-07-14,Monsoon,35.6,28.7,32.8,50.7,64,24.3,W,5.2,44,1.3,1016.1,31.2,36.0,25.6,No,No,Moderate,Cloudy
IMD2539,Jodhpur Weather Station,Rajasthan,Jodhpur,2023-07-15,Monsoon,31.8,20.0,26.4,34.1,58,27.8,S,8.4,12,2.7,1011.4,27.4,29.3,18.0,No,No,Moderate,Thunderstorm
IMD2540,Hubballi Weather Station,Karnataka,Hubballi,2023-05-06,Summer,43.4,33.9,38.0,3.831205301863561,54,32.7,NE,4.6,4,11.1,1020.0,40.5,40.7,28.8,No,No,Light,Thunderstorm
IMD2541,Jodhpur Weather Station,Rajasthan,Jodhpur,2020-09-08,Monsoon,30.5,21.1,25.4,87.3,89,30.1,E,5.8,88,3.9,1017.4,28.1,29.8,23.2,Yes,No,Heavy,Rain
IMD2542,Kolkata Weather Station,West Bengal,Kolkata,2023-10-19,Post-Monsoon,24.5,14.7,20.0,1.0,41,27.3,S,9.5,16,6.9,1015.9,19.5,22.1,8.2,No,No,Light,Thunderstorm
IMD2543,Ludhiana Weather Station,Punjab,Ludhiana,2022-11-03,Post-Monsoon,31.4,24.7,28.3,10.192985262225326,51,22.9,SE,8.7,15,5.8,1010.8,27.6,30.9,18.5,No,No,Light,Rain
IMD2544,Guwahati Weather Station,Assam,Guwahati,2024-12-03,Winter,27.3,18.3,23.9,1.383922826818298,51,36.9,NW,6.8,6,8.3,1008.5,23.5,26.4,14.1,No,No,Light,Fog
IMD2545,Meerut Weather Station,Uttar Pradesh,Meerut,2022-11-10,Post-Monsoon,28.4,15.3,21.9,6.802053047911884,53,18.3,NE,7.5,49,10.2,1008.2,24.3,24.5,12.5,No,No,Light,Thunderstorm
IMD2546,Durgapur Weather Station,West Bengal,Durgapur,2024-09-25,Monsoon,36.5,24.4,30.8,67.2,70,30.0,NW,13.3,91,8.4,1025.7,32.5,34.3,24.8,No,No,Moderate,Fog
IMD2547,Kanpur Weather Station,Uttar Pradesh,Kanpur,2021-12-15,Winter,20.1,10.5,16.1,4.295764985746989,43,1.6,SW,4.5,45,3.2,1013.2,19.0,18.2,4.7,No,No,Light,Haze
IMD2548,Siliguri Weather Station,West Bengal,Siliguri,2023-02-15,Winter,26.2,15.2,21.5,4.021767976297098,39,3.5,W,6.1,39,6.5,1006.5,24.3,23.4,9.3,No,Yes,Light,Haze
IMD2549,Jaipur Weather Station,Rajasthan,Jaipur,2022-05-09,Summer,41.8,31.5,37.8,2.6434902173843593,51,32.1,S,5.5,92,5.7,1013.4,38.4,40.3,28.0,No,No,Light,Cloudy
IMD2550,Jaipur Weather Station,Rajasthan,Jaipur,2020-10-04,Post-Monsoon,29.0,18.8,25.2,5.2619259672014485,43,13.2,N,10.5,74,8.2,1012.7,25.7,27.3,13.8,No,No,Light,Rain
IMD2551,Lucknow Weather Station,Uttar Pradesh,Lucknow,2020-03-18,Summer,36.9,29.9,34.6,13.392891323179763,46,18.1,N,9.0,97,9.2,1022.2,35.7,36.9,23.8,No,No,Light,Cloudy
IMD2552,Bengaluru Weather Station,Karnataka,Bengaluru,2022-03-17,Summer,36.1,28.6,32.0,1.0,37,28.3,S,11.1,81,3.4,1023.8,32.2,33.9,19.4,No,No,Light,Haze
IMD2553,Siliguri Weather Station,West Bengal,Siliguri,2021-09-13,Monsoon,35.3,25.1,30.4,115.3,99,37.3,S,12.1,10,9.6,1004.8,33.0,35.4,30.2,Yes,No,Heavy,Clear
IMD2554,Udaipur Weather Station,Rajasthan,Udaipur,2024-03-23,Summer,37.2,27.3,30.7,1.0,44,9.9,N,6.3,67,1.8,1010.0,31.6,32.9,19.5,No,No,Light,Clear
IMD2555,Silchar Weather Station,Assam,Silchar,2024-03-10,Summer,40.9,35.6,38.3,3.3749135181957266,50,23.6,NW,11.4,95,11.5,1007.0,40.7,40.8,28.3,No,No,Light,Thunderstorm
IMD2556,Siliguri Weather Station,West Bengal,Siliguri,2023-05-17,Summer,41.4,33.3,36.1,1.0,41,26.3,NW,8.0,24,4.8,1025.1,37.1,38.1,24.3,No,No,Light,Cloudy
IMD2557,Nagpur Weather Station,Maharashtra,Nagpur,2023-12-20,Winter,26.1,14.7,19.9,2.862079160952633,42,11.8,SE,8.1,87,0.7,1005.9,21.6,22.0,8.3,No,No,Light,Rain
IMD2558,Lucknow Weather Station,Uttar Pradesh,Lucknow,2020-12-11,Winter,20.4,7.6,13.4,3.540262331820425,52,37.8,SE,10.7,70,2.8,1022.1,16.3,16.0,3.8,No,No,Light,Thunderstorm
IMD2559,Madurai Weather Station,Tamil Nadu,Madurai,2024-11-16,Post-Monsoon,22.7,17.0,20.6,4.119965057125747,39,28.1,SW,14.5,31,2.8,1018.7,23.4,22.6,8.4,No,Yes,Light,Rain
IMD2560,Hubballi Weather Station,Karnataka,Hubballi,2021-11-27,Post-Monsoon,26.8,17.7,23.3,3.218843395408215,45,38.6,N,8.5,24,10.5,1016.5,22.7,25.6,12.3,No,No,Light,Clear
IMD2561,Siliguri Weather Station,West Bengal,Siliguri,2023-12-03,Winter,25.5,12.5,19.3,3.788283837766594,45,16.6,SE,11.7,15,11.0,1020.0,19.2,21.6,8.3,No,Yes,Light,Cloudy
IMD2562,Nashik Weather Station,Maharashtra,Nashik,2023-09-13,Monsoon,32.8,24.7,29.9,19.0,47,13.4,NW,4.1,86,2.0,1010.4,30.5,32.2,19.3,No,No,Light,Clear
IMD2563,Patiala Weather Station,Punjab,Patiala,2021-12-14,Winter,26.5,17.3,23.6,1.8457641251087828,39,38.2,NW,12.8,59,11.9,1011.4,24.1,25.6,11.4,No,No,Light,Rain
IMD2564,Jodhpur Weather Station,Rajasthan,Jodhpur,2024-12-10,Winter,20.3,14.2,16.7,6.562310198238315,53,4.2,SW,14.9,13,2.7,1001.6,16.4,19.3,7.3,No,No,Light,Haze
IMD2565,Ludhiana Weather Station,Punjab,Ludhiana,2022-09-22,Monsoon,30.8,23.7,26.7,126.5,100,22.6,S,1.8,97,10.2,1005.9,24.8,31.7,26.7,Yes,No,Heavy,Haze
IMD2566,Coimbatore Weather Station,Tamil Nadu,Coimbatore,2024-01-14,Winter,20.5,9.9,15.6,3.602355927638442,48,20.8,NW,9.1,0,2.6,1013.5,15.6,18.0,5.2,No,Yes,Light,Haze
IMD2567,Meerut Weather Station,Uttar Pradesh,Meerut,2020-02-07,Winter,20.1,12.4,17.2,2.6168051179464973,53,34.4,E,13.5,1,10.0,1004.7,16.2,19.8,7.8,No,No,Light,Rain
IMD2568,Nashik Weather Station,Maharashtra,Nashik,2023-01-27,Winter,28.5,19.1,22.5,15.891713322990583,48,21.5,E,3.5,95,3.4,1022.2,25.0,24.9,12.1,No,No,Light,Haze
IMD2569,Udaipur Weather Station,Rajasthan,Udaipur,2024-09-06,Monsoon,33.5,25.9,31.0,31.7,62,31.2,S,2.8,3,3.4,1005.3,33.0,34.1,23.4,No,No,Moderate,Haze
IMD2570,Lucknow Weather Station,Uttar Pradesh,Lucknow,2022-02-23,Winter,25.1,17.6,21.4,5.269129835914897,42,21.0,NW,13.2,49,6.0,1007.2,19.9,23.5,9.8,No,No,Light,Thunderstorm
IMD2571,Chennai Weather Station,Tamil Nadu,Chennai,2024-06-15,Monsoon,34.3,28.8,31.6,17.8,45,35.3,NE,12.5,45,5.2,1013.1,32.5,33.9,20.6,No,No,Light,Fog
IMD2572,Madurai Weather Station,Tamil Nadu,Madurai,2023-06-29,Monsoon,30.1,20.9,24.7,16.9,48,30.2,N,11.5,27,6.0,1010.0,26.3,27.1,14.3,No,No,Light,Haze
IMD2573,Udaipur Weather Station,Rajasthan,Udaipur,2023-10-23,Post-Monsoon,26.1,17.9,24.1,2.9619756216013897,45,34.3,NE,11.6,63,3.8,1007.8,27.1,26.4,13.1,No,No,Light,Haze
IMD2574,Nashik Weather Station,Maharashtra,Nashik,2024-05-16,Summer,42.4,31.9,36.9,1.2925704223219827,42,12.8,E,9.0,29,11.8,1003.4,37.6,39.0,25.3,No,No,Light,Haze
IMD2575,Udaipur Weather Station,Rajasthan,Udaipur,2023-12-11,Winter,22.0,11.2,17.3,2.5058582777370706,47,3.0,S,3.9,44,5.2,1005.2,18.9,19.7,6.7,No,No,Light,Fog
IMD2576,Chennai Weather Station,Tamil Nadu,Chennai,2024-08-24,Monsoon,32.0,26.8,29.7,26.7,52,39.6,SW,1.7,61,1.3,1004.5,29.0,32.3,20.1,No,Yes,Moderate,Cloudy
IMD2577,Jaipur Weather Station,Rajasthan,Jaipur,2020-05-01,Summer,44.2,35.5,37.5,3.3989325265715773,49,36.7,W,9.2,80,8.7,1008.5,39.7,40.0,27.3,No,No,Light,Rain
IMD2578,Coimbatore Weather Station,Tamil Nadu,Coimbatore,2020-11-13,Post-Monsoon,22.3,17.7,20.3,3.4507291052474307,41,15.7,SW,8.0,94,2.9,1005.5,20.0,22.4,8.5,No,No,Light,Haze
IMD2579,Chennai Weather Station,Tamil Nadu,Chennai,2021-05-07,Summer,36.6,26.2,31.8,2.86455363030329,48,34.7,W,13.7,4,9.7,1021.2,30.6,34.2,21.4,No,Yes,Light,Haze
IMD2580,Ludhiana Weather Station,Punjab,Ludhiana,2021-05-03,Summer,38.5,29.5,35.9,5.94624116366635,45,24.5,NW,12.7,81,5.7,1015.7,34.2,38.1,24.9,No,No,Light,Haze
IMD2581,Chennai Weather Station,Tamil Nadu,Chennai,2022-11-07,Post-Monsoon,29.3,19.8,24.4,10.380216275154957,46,2.1,N,14.6,50,11.9,1006.9,27.4,26.7,13.6,No,Yes,Light,Clear
IMD2582,Siliguri Weather Station,West Bengal,Siliguri,2020-10-21,Post-Monsoon,31.6,21.1,26.1,1.0407606479484468,52,28.0,S,14.1,85,8.5,1000.8,29.0,28.7,16.5,No,Yes,Light,Cloudy
IMD2583,Lucknow Weather Station,Uttar Pradesh,Lucknow,2023-05-14,Summer,38.0,33.1,35.1,4.207885258076906,49,35.9,NW,12.3,18,10.8,1008.2,35.0,37.6,24.9,No,No,Light,Haze
IMD2584,Pune Weather Station,Maharashtra,Pune,2024-02-01,Winter,22.8,16.4,20.5,9.232164840260323,54,19.9,E,14.5,5,11.9,1000.1,19.1,23.2,11.3,No,No,Light,Cloudy
IMD2585,Ludhiana Weather Station,Punjab,Ludhiana,2022-03-27,Summer,31.9,24.2,28.2,4.366947365824842,55,29.4,S,4.9,99,7.1,1016.3,29.2,30.9,19.2,No,No,Light,Thunderstorm
IMD2586,Hubballi Weather Station,Karnataka,Hubballi,2021-06-09,Monsoon,36.6,27.6,30.6,79.1,88,33.1,SW,8.0,30,1.1,1012.9,29.5,35.0,28.2,No,No,Moderate,Thunderstorm
IMD2587,Siliguri Weather Station,West Bengal,Siliguri,2020-06-17,Monsoon,34.3,24.3,27.4,51.4,63,14.6,SE,10.2,67,10.8,1017.2,27.6,30.5,20.0,No,Yes,Moderate,Thunderstorm
IMD2588,Patiala Weather Station,Punjab,Patiala,2022-05-31,Summer,40.0,34.0,37.1,4.746127746224933,43,4.1,E,5.6,33,11.7,1016.7,35.7,39.2,25.7,No,No,Light,Clear
IMD2589,Nashik Weather Station,Maharashtra,Nashik,2022-09-21,Monsoon,35.1,27.2,30.9,53.2,63,17.6,N,13.8,9,5.7,1000.3,30.2,34.0,23.5,No,No,Moderate,Fog
IMD2590,Guwahati Weather Station,Assam,Guwahati,2020-07-10,Monsoon,31.7,20.0,24.8,18.3,47,34.5,SW,5.0,52,5.4,1000.3,27.1,27.2,14.2,No,No,Light,Haze
IMD2591,Amritsar Weather Station,Punjab,Amritsar,2024-04-30,Summer,34.8,28.2,32.2,4.1265051816379374,55,22.5,SE,9.5,67,8.7,1014.2,32.9,35.0,23.2,No,No,Light,Haze
IMD2592,Hubballi Weather Station,Karnataka,Hubballi,2020-10-23,Post-Monsoon,33.1,26.0,28.5,4.323031398156477,54,4.3,S,8.2,47,11.5,1016.8,28.1,31.2,19.3,No,No,Light,Thunderstorm
IMD2593,Nagpur Weather Station,Maharashtra,Nagpur,2021-11-03,Post-Monsoon,27.4,14.2,20.9,19.571631735551783,50,21.3,SW,14.7,98,7.7,1004.1,23.4,23.4,10.9,No,No,Light,Rain
IMD2594,Coimbatore Weather Station,Tamil Nadu,Coimbatore,2022-12-21,Winter,21.2,11.7,16.3,1.3782690922670529,43,9.7,NW,15.0,56,11.0,1014.7,18.4,18.4,4.9,No,No,Light,Fog
IMD2595,Durgapur Weather Station,West Bengal,Durgapur,2023-02-14,Winter,20.6,9.9,13.7,11.652279013203115,56,30.5,E,12.1,22,5.9,1002.3,16.0,16.5,4.9,No,No,Light,Thunderstorm
IMD2596,Amritsar Weather Station,Punjab,Amritsar,2024-12-17,Winter,20.4,11.6,14.1,1.8663430619439636,52,15.8,W,4.0,87,11.6,1004.5,13.3,16.7,4.5,No,No,Light,Cloudy
IMD2597,Jodhpur Weather Station,Rajasthan,Jodhpur,2021-03-27,Summer,41.4,29.8,35.0,10.031960389590893,56,19.4,N,5.6,16,11.6,1022.4,35.6,37.8,26.2,No,No,Light,Rain
IMD2598,Udaipur Weather Station,Rajasthan,Udaipur,2020-12-13,Winter,21.6,11.4,15.6,15.919325722936989,46,24.4,W,9.0,73,3.6,1020.0,16.8,17.9,4.8,No,No,Light,Haze
IMD2599,Guwahati Weather Station,Assam,Guwahati,2023-03-14,Summer,37.8,30.7,35.1,1.0,46,18.3,NW,9.5,7,7.7,1010.3,35.9,37.4,24.3,No,No,Light,Cloudy
IMD2600,Nagpur Weather Station,Maharashtra,Nagpur,2022-01-15,Winter,18.3,11.6,15.4,1.674679671020484,45,23.4,S,3.9,52,4.3,1012.1,16.5,17.6,4.4,No,No,Light,Rain
IMD2601,Patiala Weather Station,Punjab,Patiala,2023-04-23,Summer,34.3,27.1,30.9,5.799916552702528,40,19.1,W,11.7,57,10.2,1007.7,30.0,32.9,18.9,No,No,Light,Thunderstorm
IMD2602,Mysuru Weather Station,Karnataka,Mysuru,2022-02-19,Winter,20.9,8.3,14.3,1.0,51,7.0,N,2.4,21,7.4,1016.7,12.9,16.9,4.5,No,No,Light,Fog
IMD2603,Lucknow Weather Station,Uttar Pradesh,Lucknow,2023-02-11,Winter,22.3,14.8,17.8,1.0,43,4.7,NW,6.7,10,2.5,996.6,19.4,19.9,6.4,No,No,Light,Fog
IMD2604,Kanpur Weather Station,Uttar Pradesh,Kanpur,2021-08-03,Monsoon,33.1,22.5,29.5,62.2,70,13.7,NW,11.1,5,4.1,1015.7,29.8,33.0,23.5,No,No,Moderate,Clear
IMD2605,Mysuru Weather Station,Karnataka,Mysuru,2022-08-02,Monsoon,31.1,21.6,28.1,51.5,63,33.2,W,8.0,1,1.2,1009.9,30.5,31.2,20.7,No,No,Moderate,Thunderstorm
IMD2606,Hubballi Weather Station,Karnataka,Hubballi,2024-03-06,Summer,38.6,29.9,35.7,2.4471791848790048,39,10.9,E,7.2,43,0.4,1010.3,34.6,37.7,23.5,No,No,Light,Cloudy
IMD2607,Bengaluru Weather Station,Karnataka,Bengaluru,2021-07-30,Monsoon,36.1,26.9,29.7,43.2,69,20.9,SW,10.9,95,0.1,1014.9,29.6,33.1,23.5,No,No,Moderate,Haze
IMD2608,Silchar Weather Station,Assam,Silchar,2024-05-14,Summer,36.0,30.3,33.3,1.1349259933556666,44,30.0,SW,3.7,93,9.7,1006.6,32.1,35.5,22.1,No,Yes,Light,Rain
IMD2609,Udaipur Weather Station,Rajasthan,Udaipur,2021-03-19,Summer,41.8,34.5,38.8,5.2429299458888945,54,19.0,W,5.4,67,0.5,1011.4,41.6,41.5,29.6,No,No,Light,Rain
IMD2610,Bengaluru Weather Station,Karnataka,Bengaluru,2021-11-17,Post-Monsoon,25.6,17.2,20.9,4.81965407550106,43,19.6,SE,6.5,45,5.9,1018.0,18.9,23.0,9.5,No,No,Light,Haze
IMD2611,Amritsar Weather Station,Punjab,Amritsar,2023-08-15,Monsoon,28.4,20.4,23.4,13.2,59,24.2,NE,10.4,29,10.9,1021.0,24.9,26.3,15.2,No,No,Light,Cloudy
IMD2612,Hubballi Weather Station,Karnataka,Hubballi,2024-07-14,Monsoon,34.1,25.8,30.5,50.8,75,8.3,N,10.7,75,0.1,1004.1,31.5,34.2,25.5,No,No,Moderate,Fog
IMD2613,Pune Weather Station,Maharashtra,Pune,2022-04-11,Summer,40.9,35.0,37.3,1.9587850962617968,44,23.2,NE,11.1,48,9.6,1013.5,35.8,39.5,26.1,No,No,Light,Clear
IMD2614,Chennai Weather Station,Tamil Nadu,Chennai,2023-04-02,Summer,37.9,29.8,32.2,4.276395135572513,39,15.4,NE,4.6,65,11.4,1011.0,31.4,34.2,20.0,No,Yes,Light,Rain
IMD2615,Hubballi Weather Station,Karnataka,Hubballi,2024-10-05,Post-Monsoon,26.0,19.6,22.1,1.0,50,4.9,S,10.8,5,5.6,998.4,20.3,24.6,12.1,No,No,Light,Clear
IMD2616,Durgapur Weather Station,West Bengal,Durgapur,2022-04-29,Summer,41.5,30.4,36.5,5.8942137309309866,52,27.8,SW,12.0,96,8.5,1004.9,35.0,39.1,26.9,No,No,Light,Rain
IMD2617,Amritsar Weather Station,Punjab,Amritsar,2023-11-18,Post-Monsoon,32.2,19.7,26.6,1.0,45,4.5,NE,9.5,12,6.3,1005.6,24.6,28.9,15.6,No,No,Light,Rain
IMD2618,Kanpur Weather Station,Uttar Pradesh,Kanpur,2021-05-29,Summer,43.1,31.4,37.6,1.0,53,5.8,SE,10.4,82,10.1,1005.7,40.1,40.2,28.2,No,No,Light,Thunderstorm
IMD2619,Jorhat Weather Station,Assam,Jorhat,2023-05-22,Summer,36.5,31.6,34.5,1.1467884351691897,42,5.1,E,14.8,72,11.2,1022.7,37.0,36.6,22.9,No,Yes,Light,Clear
IMD2620,Durgapur Weather Station,West Bengal,Durgapur,2022-05-10,Summer,35.8,28.0,33.5,2.1754236955899624,53,3.2,W,13.5,20,11.7,1005.5,35.2,36.1,24.1,No,No,Light,Thunderstorm
IMD2621,Mysuru Weather Station,Karnataka,Mysuru,2024-03-24,Summer,35.9,25.4,32.2,1.885022614647237,41,11.3,NE,12.0,86,3.7,1011.2,34.4,34.2,20.4,No,No,Light,Thunderstorm
IMD2622,Silchar Weather Station,Assam,Silchar,2023-03-22,Summer,35.9,26.6,32.9,1.2516791385514483,41,22.7,N,9.5,62,1.3,1010.7,31.7,34.9,21.1,No,No,Light,Thunderstorm
IMD2623,Pune Weather Station,Maharashtra,Pune,2021-03-16,Summer,38.8,28.9,35.9,4.835841540229717,54,5.9,SE,8.7,77,5.8,1017.8,35.1,38.6,26.7,No,No,Light,Thunderstorm
IMD2624,Jorhat Weather Station,Assam,Jorhat,2020-07-18,Monsoon,32.6,24.7,28.6,37.7,71,36.8,W,14.3,65,8.3,1016.3,27.8,32.1,22.8,No,Yes,Moderate,Clear
IMD2625,Jorhat Weather Station,Assam,Jorhat,2020-12-31,Winter,25.4,15.2,19.1,4.419035599101985,43,11.4,W,7.2,31,5.5,1015.3,21.3,21.2,7.7,No,Yes,Light,Clear
IMD2626,Mysuru Weather Station,Karnataka,Mysuru,2023-07-02,Monsoon,26.4,21.0,23.2,12.3,47,20.2,NE,8.0,75,1.7,1012.6,21.7,25.6,12.6,No,No,Light,Fog
IMD2627,Kanpur Weather Station,Uttar Pradesh,Kanpur,2022-07-21,Monsoon,34.0,28.3,31.2,88.8,86,24.6,S,6.5,9,9.5,1013.6,31.7,35.5,28.4,Yes,No,Heavy,Cloudy
IMD2628,Chennai Weather Station,Tamil Nadu,Chennai,2024-03-21,Summer,42.6,32.1,36.0,1.0,43,39.4,W,11.2,90,9.7,1007.7,36.1,38.1,24.6,No,No,Light,Haze
IMD2629,Jodhpur Weather Station,Rajasthan,Jodhpur,2022-10-13,Post-Monsoon,29.1,19.3,25.5,5.099064214477578,47,9.6,N,2.6,91,1.1,1024.1,24.3,27.9,14.9,No,No,Light,Cloudy
IMD2630,Jodhpur Weather Station,Rajasthan,Jodhpur,2023-04-11,Summer,45.8,35.1,39.0,1.7098890778787645,39,1.9,NE,4.2,45,11.1,992.6,39.3,41.0,26.8,No,No,Light,Rain
IMD2631,Nagpur Weather Station,Maharashtra,Nagpur,2024-11-17,Post-Monsoon,31.3,22.4,25.9,1.8071781338846642,38,16.6,SW,6.3,34,10.0,1000.8,27.1,27.8,13.5,No,No,Light,Cloudy
IMD2632,Udaipur Weather Station,Rajasthan,Udaipur,2023-10-07,Post-Monsoon,27.8,14.7,21.3,1.0,50,17.5,W,5.3,20,0.9,1010.8,22.3,23.8,11.3,No,No,Light,Thunderstorm
IMD2633,Nagpur Weather Station,Maharashtra,Nagpur,2022-02-19,Winter,23.7,16.8,19.6,2.3072339772589237,52,2.8,W,12.8,20,11.4,1017.7,18.2,22.2,10.0,No,No,Light,Fog
IMD2634,Patiala Weather Station,Punjab,Patiala,2023-12-04,Winter,21.7,15.2,19.1,1.0,48,32.8,W,13.7,8,0.9,1017.6,21.9,21.5,8.7,No,No,Light,Haze
IMD2635,Udaipur Weather Station,Rajasthan,Udaipur,2024-11-08,Post-Monsoon,24.2,17.5,21.1,3.889865000038035,38,32.7,NE,11.4,72,5.6,1005.8,20.3,23.0,8.7,No,No,Light,Rain
IMD2636,Chennai Weather Station,Tamil Nadu,Chennai,2022-02-08,Winter,17.1,7.1,12.9,1.0,39,36.9,E,4.6,2,0.9,1013.1,11.5,14.8,0.7,No,No,Light,Cloudy
IMD2637,Madurai Weather Station,Tamil Nadu,Madurai,2022-07-29,Monsoon,32.1,21.4,27.1,56.1,77,30.0,SE,1.3,69,10.8,1018.8,26.6,31.0,22.5,No,No,Moderate,Clear
IMD2638,Durgapur Weather Station,West Bengal,Durgapur,2024-12-03,Winter,21.8,12.4,19.0,1.0,42,10.5,SW,11.5,81,1.1,1008.8,18.6,21.1,7.4,No,Yes,Light,Haze
IMD2639,Bengaluru Weather Station,Karnataka,Bengaluru,2022-11-19,Post-Monsoon,26.3,20.0,22.3,4.732003638673153,54,37.7,NE,12.3,96,8.8,1016.9,23.5,25.0,13.1,No,No,Light,Haze
IMD2640,Chennai Weather Station,Tamil Nadu,Chennai,2021-11-06,Post-Monsoon,26.4,17.0,22.8,1.076397478347286,37,5.3,E,8.8,95,11.2,1007.7,21.5,24.7,10.2,No,No,Light,Rain
IMD2641,Kanpur Weather Station,Uttar Pradesh,Kanpur,2023-12-17,Winter,22.0,14.2,18.3,6.114814814078542,41,29.2,E,13.9,82,5.7,1002.0,19.5,20.4,6.5,No,No,Light,Fog
IMD2642,Kolkata Weather Station,West Bengal,Kolkata,2020-04-13,Summer,39.6,33.2,36.5,5.320205509948866,54,35.3,E,1.2,16,4.5,1001.8,36.2,39.2,27.3,No,No,Light,Fog
IMD2643,Patiala Weather Station,Punjab,Patiala,2022-10-28,Post-Monsoon,27.2,21.4,23.9,5.041171807858768,52,28.8,E,10.4,40,5.4,1017.5,25.5,26.5,14.3,No,No,Light,Rain
IMD2644,Meerut Weather Station,Uttar Pradesh,Meerut,2024-10-27,Post-Monsoon,29.0,18.1,24.3,2.4347223466662746,47,14.8,N,14.7,77,11.4,1014.0,26.0,26.7,13.7,No,No,Light,Thunderstorm
IMD2645,Jodhpur Weather Station,Rajasthan,Jodhpur,2021-11-12,Post-Monsoon,24.2,17.3,20.4,5.336031452112993,43,9.9,N,4.6,70,11.8,1010.7,22.2,22.5,9.0,No,No,Light,Thunderstorm
IMD2646,Amritsar Weather Station,Punjab,Amritsar,2024-07-24,Monsoon,34.5,23.5,30.5,37.2,66,8.3,SW,13.3,38,11.2,1013.7,29.9,33.8,23.7,No,No,Moderate,Cloudy
IMD2647,Madurai Weather Station,Tamil Nadu,Madurai,2021-09-04,Monsoon,36.6,27.1,30.5,37.1,64,22.8,SW,1.4,0,1.1,1022.7,28.5,33.7,23.3,No,No,Moderate,Haze
IMD2648,Udaipur Weather Station,Rajasthan,Udaipur,2020-01-24,Winter,19.1,11.8,16.6,5.655108617964903,52,22.2,W,7.1,26,6.3,1011.1,17.3,19.2,7.0,No,No,Light,Haze
IMD2649,Nagpur Weather Station,Maharashtra,Nagpur,2024-03-20,Summer,36.1,28.4,30.5,2.1827628666749184,46,22.4,E,12.8,57,4.8,1009.4,31.3,32.8,19.7,No,No,Light,Rain
IMD2650,Nagpur Weather Station,Maharashtra,Nagpur,2020-11-27,Post-Monsoon,26.0,17.4,20.2,1.0143787816279293,51,18.8,S,1.0,61,6.3,1011.7,23.1,22.8,10.4,No,No,Light,Fog
IMD2651,Chennai Weather Station,Tamil Nadu,Chennai,2024-07-21,Monsoon,30.0,20.1,27.0,45.0,64,12.3,SE,2.9,29,11.2,995.9,27.5,30.2,19.8,No,Yes,Moderate,Cloudy
IMD2652,Durgapur Weather Station,West Bengal,Durgapur,2023-12-22,Winter,23.8,11.6,17.5,8.289808955093214,53,9.4,SE,7.6,58,10.7,1014.1,16.4,20.1,8.1,No,Yes,Light,Thunderstorm
IMD2653,Meerut Weather Station,Uttar Pradesh,Meerut,2021-10-27,Post-Monsoon,30.5,16.9,23.6,1.0,44,9.7,NW,13.5,71,8.7,1004.2,24.7,25.8,12.4,No,No,Light,Cloudy
IMD2654,Meerut Weather Station,Uttar Pradesh,Meerut,2024-03-18,Summer,39.8,33.5,36.4,3.81992196716344,44,14.3,E,3.8,41,2.3,1014.0,37.7,38.6,25.2,No,No,Light,Fog
IMD2655,Ludhiana Weather Station,Punjab,Ludhiana,2020-02-02,Winter,24.8,13.7,18.5,2.3340494445705424,50,26.1,E,11.7,94,9.9,1025.7,20.9,21.0,8.5,No,No,Light,Cloudy
IMD2656,Hubballi Weather Station,Karnataka,Hubballi,2020-09-20,Monsoon,35.9,24.2,31.1,54.2,67,7.3,S,3.5,16,2.1,1016.5,30.2,34.5,24.5,No,No,Moderate,Thunderstorm
IMD2657,Kolkata Weather Station,West Bengal,Kolkata,2024-05-28,Summer,37.0,30.1,32.2,1.0,47,7.5,W,11.1,0,9.9,1016.0,30.9,34.6,21.6,No,Yes,Light,Rain
IMD2658,Bengaluru Weather Station,Karnataka,Bengaluru,2024-06-24,Monsoon,32.3,25.2,28.5,11.0,58,35.8,SE,3.0,58,7.9,1019.5,28.5,31.4,20.1,No,No,Light,Thunderstorm
IMD2659,Chennai Weather Station,Tamil Nadu,Chennai,2023-08-03,Monsoon,35.8,27.3,31.6,35.0,69,28.4,S,13.4,99,2.6,1008.9,34.3,35.1,25.4,No,Yes,Moderate,Fog
IMD2660,Hubballi Weather Station,Karnataka,Hubballi,2021-04-21,Summer,34.7,30.2,32.3,6.058385804090152,56,29.2,SE,13.3,3,8.5,1002.5,31.7,35.1,23.5,No,No,Light,Haze
IMD2661,Silchar Weather Station,Assam,Silchar,2021-02-09,Winter,20.7,15.1,18.0,1.0,39,30.8,E,8.8,33,9.7,1009.3,19.7,19.9,5.8,No,Yes,Light,Cloudy
IMD2662,Bengaluru Weather Station,Karnataka,Bengaluru,2021-08-15,Monsoon,33.3,21.4,27.9,47.4,74,33.1,S,5.7,84,6.6,1017.5,26.2,31.6,22.7,No,No,Moderate,Cloudy
IMD2663,Lucknow Weather Station,Uttar Pradesh,Lucknow,2023-11-07,Post-Monsoon,29.0,20.1,27.0,1.0,43,38.2,SW,6.9,53,4.6,1003.0,29.4,29.1,15.6,No,No,Light,Clear
IMD2664,Madurai Weather Station,Tamil Nadu,Madurai,2023-05-12,Summer,39.9,30.5,36.1,1.8593653947401205,37,12.0,SW,11.9,1,7.3,1008.7,38.0,38.0,23.5,No,Yes,Light,Thunderstorm
IMD2665,Kanpur Weather Station,Uttar Pradesh,Kanpur,2021-09-07,Monsoon,32.7,24.2,26.3,26.3,59,9.2,NE,6.7,97,4.4,1005.7,28.5,29.2,18.1,No,No,Moderate,Cloudy
IMD2666,Amritsar Weather Station,Punjab,Amritsar,2020-01-20,Winter,22.8,16.2,18.6,8.08323035571404,56,32.8,NE,1.8,79,4.7,1021.1,20.9,21.4,9.8,No,No,Light,Rain
IMD2667,Jorhat Weather Station,Assam,Jorhat,2023-10-04,Post-Monsoon,25.9,18.7,21.3,2.3614421055702643,48,15.1,N,1.4,23,10.5,1015.2,20.1,23.7,10.9,No,No,Light,Fog
IMD2668,Guwahati Weather Station,Assam,Guwahati,2023-10-19,Post-Monsoon,28.1,21.5,23.6,1.5378269134344469,41,2.7,SE,4.3,48,8.2,1008.5,23.1,25.7,11.8,No,Yes,Light,Cloudy
IMD2669,Madurai Weather Station,Tamil Nadu,Madurai,2023-11-15,Post-Monsoon,32.7,25.1,27.4,2.8514586899470373,43,13.5,NW,4.9,29,4.5,1012.8,28.2,29.5,16.0,No,Yes,Light,Fog
IMD2670,Madurai Weather Station,Tamil Nadu,Madurai,2021-03-12,Summer,39.0,29.7,35.2,1.6157645454583516,46,20.9,NW,6.9,2,6.0,1011.7,37.2,37.5,24.4,No,No,Light,Rain
IMD2671,Bengaluru Weather Station,Karnataka,Bengaluru,2022-12-08,Winter,17.4,7.4,12.7,3.8422623021883355,41,27.2,NW,3.8,75,11.7,1004.8,12.8,14.8,0.9,No,No,Light,Clear
IMD2672,Kolkata Weather Station,West Bengal,Kolkata,2021-10-11,Post-Monsoon,28.7,18.1,24.6,2.167614358262152,52,1.1,E,2.3,78,11.9,1019.8,27.3,27.2,15.0,No,No,Light,Fog
IMD2673,Mysuru Weather Station,Karnataka,Mysuru,2022-05-26,Summer,42.2,32.9,38.3,1.765365604756215,45,22.9,S,11.9,9,4.0,1003.8,39.8,40.5,27.3,No,No,Light,Fog
IMD2674,Kanpur Weather Station,Uttar Pradesh,Kanpur,2022-12-21,Winter,21.4,14.2,18.5,1.0,48,28.7,S,10.4,92,9.3,1007.5,17.3,20.9,8.1,No,No,Light,Clear
IMD2675,Patiala Weather Station,Punjab,Patiala,2020-12-17,Winter,17.4,8.5,15.3,5.555836794950997,40,28.8,S,15.0,80,11.7,996.4,15.9,17.3,3.3,No,No,Light,Thunderstorm
IMD2676,Jodhpur Weather Station,Rajasthan,Jodhpur,2020-11-06,Post-Monsoon,28.2,23.0,26.0,1.7966162568503123,49,28.6,NW,6.8,27,0.1,1012.0,28.9,28.4,15.8,No,No,Light,Thunderstorm
IMD2677,Ludhiana Weather Station,Punjab,Ludhiana,2024-08-08,Monsoon,34.7,29.5,32.3,29.1,58,27.9,SE,10.2,3,11.4,1007.9,35.1,35.2,23.9,No,No,Moderate,Thunderstorm
IMD2678,Meerut Weather Station,Uttar Pradesh,Meerut,2024-07-30,Monsoon,31.9,22.1,24.9,11.4,54,3.8,E,11.6,45,3.3,1017.7,23.5,27.6,15.7,No,No,Light,Thunderstorm
IMD2679,Ludhiana Weather Station,Punjab,Ludhiana,2024-05-18,Summer,33.7,22.0,28.5,1.0,42,4.8,S,9.8,98,1.0,1015.8,29.9,30.6,16.9,No,No,Light,Haze
IMD2680,Udaipur Weather Station,Rajasthan,Udaipur,2021-05-03,Summer,34.2,29.7,32.0,2.2922430114955126,47,18.1,S,1.5,84,2.6,1003.9,30.3,34.4,21.4,No,No,Light,Haze
IMD2681,Jodhpur Weather Station,Rajasthan,Jodhpur,2023-07-30,Monsoon,31.5,22.2,24.9,37.0,60,26.8,SE,9.0,99,7.8,1011.9,25.3,27.9,16.9,No,No,Moderate,Cloudy
IMD2682,Jorhat Weather Station,Assam,Jorhat,2024-04-15,Summer,40.2,32.2,35.6,21.11200876465673,57,4.0,S,13.2,69,6.8,1024.0,35.8,38.5,27.0,No,No,Moderate,Haze
IMD2683,Jodhpur Weather Station,Rajasthan,Jodhpur,2024-09-09,Monsoon,30.7,19.8,25.2,30.1,57,9.0,NE,8.3,71,10.8,1016.1,23.2,28.1,16.6,No,No,Moderate,Rain
IMD2684,Siliguri Weather Station,West Bengal,Siliguri,2022-03-01,Summer,36.7,25.4,31.2,1.0,51,39.8,NE,10.2,35,9.9,1015.7,30.4,33.8,21.4,No,Yes,Light,Fog
IMD2685,Jorhat Weather Station,Assam,Jorhat,2023-11-28,Post-Monsoon,23.9,14.0,17.7,5.332289679144903,51,3.2,N,7.2,7,4.2,1007.8,18.0,20.2,7.9,No,Yes,Light,Cloudy
IMD2686,Madurai Weather Station,Tamil Nadu,Madurai,2020-10-20,Post-Monsoon,31.9,21.2,27.5,2.8318094445852755,46,34.5,NE,14.1,35,3.9,998.9,29.4,29.8,16.7,No,Yes,Light,Rain
IMD2687,Chennai Weather Station,Tamil Nadu,Chennai,2020-12-18,Winter,26.5,17.8,20.4,5.17768011117196,46,7.8,S,8.0,2,7.4,1012.2,18.9,22.7,9.6,No,No,Light,Rain
IMD2688,Mysuru Weather Station,Karnataka,Mysuru,2020-12-20,Winter,21.8,13.0,15.1,2.2974913216053086,38,28.7,N,11.9,18,1.7,1006.8,13.3,17.0,2.7,No,No,Light,Cloudy
IMD2689,Hubballi Weather Station,Karnataka,Hubballi,2022-03-07,Summer,37.8,28.5,31.7,1.8292744771761897,47,16.2,N,10.1,47,8.5,1006.4,33.5,34.0,21.1,No,No,Light,Fog
IMD2690,Jaipur Weather Station,Rajasthan,Jaipur,2023-09-13,Monsoon,38.3,27.2,33.8,15.9,50,8.0,E,11.5,16,5.5,1018.2,34.2,36.3,23.8,No,No,Light,Fog
IMD2691,Mysuru Weather Station,Karnataka,Mysuru,2020-11-23,Post-Monsoon,30.6,18.0,24.4,1.0,51,28.1,W,6.4,81,2.1,1010.6,26.9,26.9,14.6,No,No,Light,Clear
IMD2692,Coimbatore Weather Station,Tamil Nadu,Coimbatore,2024-06-20,Monsoon,29.9,21.9,27.3,35.7,70,18.3,N,9.1,53,8.0,1005.6,29.7,30.8,21.3,No,No,Moderate,Thunderstorm
IMD2693,Silchar Weather Station,Assam,Silchar,2020-04-17,Summer,40.5,31.3,35.2,1.8044794195873062,50,34.4,N,11.9,5,2.8,1012.4,34.9,37.7,25.2,No,No,Light,Haze
IMD2694,Guwahati Weather Station,Assam,Guwahati,2024-06-05,Monsoon,34.8,21.6,28.5,47.4,68,33.9,N,12.9,76,8.5,1003.4,29.1,31.9,22.1,No,Yes,Moderate,Haze
IMD2695,Silchar Weather Station,Assam,Silchar,2020-01-14,Winter,27.4,15.1,21.2,1.0,42,7.5,N,6.4,62,8.1,1011.1,19.7,23.3,9.6,No,No,Light,Rain
IMD2696,Bengaluru Weather Station,Karnataka,Bengaluru,2023-08-29,Monsoon,36.7,27.8,31.7,41.6,68,35.5,W,10.6,98,9.2,1013.5,33.9,35.1,25.3,No,No,Moderate,Rain
IMD2697,Kanpur Weather Station,Uttar Pradesh,Kanpur,2024-05-13,Summer,38.2,31.0,35.9,1.0,46,3.2,NE,8.3,50,1.2,1003.8,35.4,38.2,25.1,No,No,Light,Fog
IMD2698,Siliguri Weather Station,West Bengal,Siliguri,2022-06-16,Monsoon,37.9,29.9,32.7,43.5,58,26.3,NE,12.6,31,5.7,1016.9,34.8,35.6,24.3,No,Yes,Moderate,Cloudy
IMD2699,Lucknow Weather Station,Uttar Pradesh,Lucknow,2021-07-13,Monsoon,31.5,21.2,26.1,37.8,55,1.6,E,14.2,51,8.9,1000.4,26.0,28.9,17.1,No,No,Moderate,Clear
IMD2700,Durgapur Weather Station,West Bengal,Durgapur,2024-07-04,Monsoon,32.4,24.6,28.6,53.6,79,18.1,S,13.3,37,2.1,1001.6,29.8,32.6,24.4,No,No,Moderate,Cloudy
IMD2701,Mysuru Weather Station,Karnataka,Mysuru,2021-09-01,Monsoon,35.8,23.4,29.7,44.4,75,28.4,NE,13.5,93,10.1,1004.7,31.3,33.5,24.7,No,No,Moderate,Clear
IMD2702,Amritsar Weather Station,Punjab,Amritsar,2020-10-17,Post-Monsoon,32.2,22.6,26.9,2.9905397166681262,43,11.0,NE,8.9,5,7.3,995.4,25.6,29.0,15.5,No,No,Light,Haze
IMD2703,Patiala Weather Station,Punjab,Patiala,2023-05-14,Summer,41.4,31.3,35.6,1.0,45,14.0,S,9.1,68,0.5,1015.1,35.3,37.9,24.6,No,No,Light,Thunderstorm
IMD2704,Udaipur Weather Station,Rajasthan,Udaipur,2023-10-28,Post-Monsoon,27.7,21.6,24.4,2.402653069529083,38,21.8,S,8.6,55,1.5,1009.8,25.4,26.3,12.0,No,No,Light,Haze
IMD2705,Jorhat Weather Station,Assam,Jorhat,2021-11-03,Post-Monsoon,24.4,15.7,21.5,4.616984156460701,45,31.5,NE,9.2,14,3.7,998.4,24.0,23.8,10.5,No,No,Light,Haze
IMD2706,Pune Weather Station,Maharashtra,Pune,2023-12-20,Winter,20.7,12.6,17.8,7.737680839976331,48,34.9,SW,9.6,28,8.9,1018.3,16.5,20.2,7.4,No,No,Light,Clear
IMD2707,Amritsar Weather Station,Punjab,Amritsar,2023-07-03,Monsoon,35.0,22.7,28.8,41.9,71,32.4,E,1.0,15,9.3,1014.4,29.4,32.4,23.0,No,No,Moderate,Thunderstorm
IMD2708,Nashik Weather Station,Maharashtra,Nashik,2023-06-10,Monsoon,30.2,22.5,25.1,45.2,61,6.2,NE,3.7,15,11.5,1011.7,26.7,28.2,17.3,No,No,Moderate,Clear
IMD2709,Nashik Weather Station,Maharashtra,Nashik,2022-04-14,Summer,38.0,25.9,31.2,5.065501219136128,47,22.0,S,8.9,44,12.0,1002.0,32.7,33.5,20.6,No,No,Light,Clear
IMD2710,Mysuru Weather Station,Karnataka,Mysuru,2022-01-11,Winter,21.4,11.5,17.2,15.142840420694734,44,18.3,E,13.4,1,6.9,1014.5,16.3,19.4,6.0,No,No,Light,Fog
IMD2711,Siliguri Weather Station,West Bengal,Siliguri,2022-07-25,Monsoon,34.3,28.6,30.8,14.0,51,8.9,W,8.3,1,1.1,1023.7,29.6,33.4,21.0,No,No,Light,Cloudy
IMD2712,Nagpur Weather Station,Maharashtra,Nagpur,2024-09-24,Monsoon,30.9,21.3,25.5,96.1,88,27.1,SW,11.9,19,5.3,1013.4,23.5,29.9,23.1,Yes,No,Heavy,Thunderstorm
IMD2713,Pune Weather Station,Maharashtra,Pune,2020-12-14,Winter,24.6,13.3,18.1,8.9413003660824,42,10.6,E,3.4,34,10.1,1005.6,18.5,20.2,6.5,No,No,Light,Haze
IMD2714,Meerut Weather Station,Uttar Pradesh,Meerut,2022-04-01,Summer,39.8,29.8,33.0,3.9102795206569665,42,34.8,E,8.8,49,9.7,1016.9,34.4,35.1,21.4,No,No,Light,Rain
IMD2715,Jodhpur Weather Station,Rajasthan,Jodhpur,2024-04-07,Summer,41.2,31.2,37.4,5.226790821329402,54,32.4,SW,4.3,83,1.8,1016.1,36.5,40.1,28.2,No,No,Light,Clear
IMD2716,Kanpur Weather Station,Uttar Pradesh,Kanpur,2022-03-12,Summer,42.2,33.8,37.1,1.9105295006531264,37,24.7,W,8.8,23,2.7,1019.2,39.3,39.0,24.5,No,No,Light,Cloudy
IMD2717,Udaipur Weather Station,Rajasthan,Udaipur,2021-01-03,Winter,28.4,16.5,22.2,1.1542709796304198,38,32.6,SE,13.4,11,3.8,1014.4,24.0,24.1,9.8,No,No,Light,Haze
IMD2718,Jodhpur Weather Station,Rajasthan,Jodhpur,2024-10-18,Post-Monsoon,30.8,20.9,26.2,1.1102982775373553,38,14.2,NW,10.3,78,8.6,998.0,24.2,28.1,13.8,No,No,Light,Rain
IMD2719,Coimbatore Weather Station,Tamil Nadu,Coimbatore,2023-09-29,Monsoon,38.0,28.8,31.1,2.5,46,10.1,SE,13.1,63,3.2,1007.6,32.6,33.4,20.3,No,Yes,Light,Cloudy
IMD2720,Patiala Weather Station,Punjab,Patiala,2022-11-20,Post-Monsoon,24.7,16.6,22.5,5.2427483051482815,39,39.7,N,10.8,67,7.7,1010.6,21.4,24.4,10.3,No,No,Light,Fog
IMD2721,Silchar Weather Station,Assam,Silchar,2024-07-01,Monsoon,31.5,23.7,27.0,51.2,70,8.9,NW,14.9,31,6.7,1013.6,30.0,30.5,21.0,No,No,Moderate,Cloudy
IMD2722,Mysuru Weather Station,Karnataka,Mysuru,2020-01-01,Winter,19.5,15.0,17.1,7.560245972850901,43,3.4,SE,4.2,52,6.7,1017.1,15.8,19.2,5.7,No,No,Light,Thunderstorm
IMD2723,Amritsar Weather Station,Punjab,Amritsar,2020-04-24,Summer,45.4,38.8,42.2,2.529553158710676,52,24.1,E,1.2,85,3.3,1015.1,43.3,44.8,32.6,No,No,Light,Haze
IMD2724,Siliguri Weather Station,West Bengal,Siliguri,2021-01-21,Winter,20.6,13.7,16.2,4.1625983782967575,40,21.8,NW,1.2,27,8.0,1021.8,17.1,18.2,4.2,No,Yes,Light,Haze
IMD2725,Jaipur Weather Station,Rajasthan,Jaipur,2022-09-21,Monsoon,28.1,17.5,23.6,56.1,69,35.6,SW,7.1,60,12.0,991.3,22.0,27.1,17.4,No,No,Moderate,Fog
IMD2726,Bengaluru Weather Station,Karnataka,Bengaluru,2023-07-20,Monsoon,29.4,23.8,25.8,72.7,83,23.0,NE,5.6,98,0.5,1013.7,26.3,30.0,22.4,No,No,Moderate,Fog
IMD2727,Chennai Weather Station,Tamil Nadu,Chennai,2024-07-03,Monsoon,27.8,22.2,24.7,13.6,43,19.1,E,5.4,54,3.4,1010.9,23.1,26.8,13.3,No,No,Light,Cloudy
IMD2728,Nagpur Weather Station,Maharashtra,Nagpur,2023-02-04,Winter,28.7,16.1,22.6,1.0,37,11.8,S,8.6,39,2.6,1006.8,23.8,24.5,10.0,No,No,Light,Haze
IMD2729,Jorhat Weather Station,Assam,Jorhat,2023-04-29,Summer,37.4,30.7,35.2,4.516261603992124,47,38.0,NW,14.7,47,10.9,1022.5,37.9,37.6,24.6,No,Yes,Light,Haze
IMD2730,Jaipur Weather Station,Rajasthan,Jaipur,2021-03-27,Summer,34.6,24.8,29.5,1.063669070421588,38,27.0,SE,2.0,12,10.1,1006.5,32.2,31.4,17.1,No,No,Light,Clear
IMD2731,Pune Weather Station,Maharashtra,Pune,2024-12-01,Winter,24.1,16.3,18.7,13.13659334618925,51,37.1,S,6.5,98,4.8,1009.0,18.6,21.2,8.9,No,No,Light,Thunderstorm
IMD2732,Hubballi Weather Station,Karnataka,Hubballi,2022-04-08,Summer,40.7,30.5,35.9,1.4119634243651067,49,22.9,SE,10.6,9,9.9,1029.9,36.6,38.4,25.7,No,No,Light,Rain
IMD2733,Nagpur Weather Station,Maharashtra,Nagpur,2021-04-01,Summer,42.4,30.3,35.5,1.164186298827895,45,10.9,NW,8.8,19,2.9,1024.5,35.9,37.8,24.5,No,No,Light,Rain
IMD2734,Bengaluru Weather Station,Karnataka,Bengaluru,2023-09-12,Monsoon,33.6,25.8,30.5,46.5,60,23.9,E,14.3,49,1.0,1019.0,28.8,33.5,22.5,No,No,Moderate,Fog
IMD2735,Lucknow Weather Station,Uttar Pradesh,Lucknow,2020-12-08,Winter,28.4,20.6,23.9,12.689011085294922,48,1.4,N,4.3,82,6.3,1018.3,22.6,26.3,13.5,No,No,Light,Thunderstorm
IMD2736,Coimbatore Weather Station,Tamil Nadu,Coimbatore,2022-09-10,Monsoon,26.7,17.1,23.3,49.7,61,25.1,NE,1.6,33,6.5,1014.2,23.8,26.4,15.5,No,Yes,Moderate,Rain
IMD2737,Madurai Weather Station,Tamil Nadu,Madurai,2020-05-02,Summer,40.6,28.9,34.4,1.5853373304808198,38,7.4,SW,13.1,83,11.9,1008.5,33.7,36.3,22.0,No,No,Light,Fog
IMD2738,Silchar Weather Station,Assam,Silchar,2024-06-20,Monsoon,37.6,27.1,32.7,28.8,51,22.2,NE,9.1,40,11.9,1008.0,34.9,35.2,22.9,No,Yes,Moderate,Cloudy
IMD2739,Durgapur Weather Station,West Bengal,Durgapur,2023-07-10,Monsoon,36.6,28.6,32.7,41.0,65,31.2,N,3.3,60,10.0,1005.9,32.3,36.0,25.7,No,No,Moderate,Haze
IMD2740,Bengaluru Weather Station,Karnataka,Bengaluru,2024-12-29,Winter,19.1,10.7,13.2,3.2669182235451633,51,21.8,NE,5.5,20,7.7,1006.6,13.8,15.8,3.4,No,No,Light,Clear
IMD2741,Lucknow Weather Station,Uttar Pradesh,Lucknow,2022-10-07,Post-Monsoon,30.5,22.6,25.7,1.5613552633590284,46,27.2,W,12.0,26,7.1,1026.5,27.7,28.0,14.9,No,No,Light,Rain
IMD2742,Lucknow Weather Station,Uttar Pradesh,Lucknow,2022-08-26,Monsoon,28.9,16.3,23.1,40.4,59,30.7,NW,9.3,68,10.1,1021.3,23.4,26.1,14.9,No,No,Moderate,Fog
IMD2743,Kanpur Weather Station,Uttar Pradesh,Kanpur,2021-07-16,Monsoon,36.2,25.8,31.1,15.1,50,16.1,SW,4.5,4,3.4,1007.0,32.9,33.6,21.1,No,No,Light,Clear
IMD2744,Meerut Weather Station,Uttar Pradesh,Meerut,2022-01-16,Winter,20.8,10.4,15.1,2.222725042785328,49,23.7,SW,13.9,94,8.5,1019.5,17.6,17.6,4.9,No,No,Light,Clear
IMD2745,Kolkata Weather Station,West Bengal,Kolkata,2024-03-19,Summer,35.8,27.8,31.4,6.567934293799352,50,3.1,E,8.8,9,6.6,1011.6,29.8,33.9,21.4,No,No,Light,Haze
IMD2746,Silchar Weather Station,Assam,Silchar,2021-10-09,Post-Monsoon,29.2,20.0,22.3,1.2732944535814088,52,29.3,SE,3.1,80,1.4,1003.5,21.2,24.9,12.7,No,No,Light,Haze
IMD2747,Jodhpur Weather Station,Rajasthan,Jodhpur,2023-08-12,Monsoon,29.1,22.6,26.7,44.8,67,16.2,S,11.3,9,3.4,1007.9,28.0,30.1,20.1,No,No,Moderate,Thunderstorm
IMD2748,Jorhat Weather Station,Assam,Jorhat,2022-03-23,Summer,38.9,28.9,33.7,5.361845336152922,39,4.4,SE,4.3,82,8.9,1014.1,32.5,35.7,21.5,No,No,Light,Haze
IMD2749,Jorhat Weather Station,Assam,Jorhat,2020-11-29,Post-Monsoon,30.3,19.3,23.6,1.5515211218650284,37,10.6,SE,10.7,69,4.1,1021.5,22.7,25.5,11.0,No,No,Light,Rain
IMD2750,Siliguri Weather Station,West Bengal,Siliguri,2021-06-19,Monsoon,32.5,24.5,28.9,38.4,56,36.2,NE,1.6,58,0.2,1011.1,27.6,31.7,20.1,No,No,Moderate,Cloudy
IMD2751,Chennai Weather Station,Tamil Nadu,Chennai,2020-06-03,Monsoon,30.4,24.4,26.9,44.0,70,21.7,SW,12.9,59,0.9,1006.7,25.8,30.4,20.9,No,Yes,Moderate,Rain
IMD2752,Amritsar Weather Station,Punjab,Amritsar,2021-11-15,Post-Monsoon,28.7,19.4,24.2,7.04970314447021,42,30.5,SE,1.1,92,11.1,1009.2,22.7,26.3,12.6,No,No,Light,Thunderstorm
IMD2753,Amritsar Weather Station,Punjab,Amritsar,2023-06-17,Monsoon,30.2,19.3,25.4,52.4,66,13.6,NW,9.9,60,2.6,1012.4,27.5,28.7,18.6,No,No,Moderate,Clear
IMD2754,Jorhat Weather Station,Assam,Jorhat,2021-07-17,Monsoon,34.9,24.5,28.5,18.7,60,17.5,S,13.1,77,5.3,1013.1,27.5,31.5,20.5,No,Yes,Light,Clear
IMD2755,Coimbatore Weather Station,Tamil Nadu,Coimbatore,2020-12-24,Winter,19.1,14.2,16.5,4.132838702367024,39,20.4,E,2.2,67,6.8,1019.8,17.4,18.4,4.3,No,Yes,Light,Fog
IMD2756,Guwahati Weather Station,Assam,Guwahati,2022-08-23,Monsoon,31.3,24.2,28.8,29.0,67,34.7,W,1.8,85,2.4,1019.0,30.2,32.1,22.2,No,Yes,Moderate,Rain
IMD2757,Guwahati Weather Station,Assam,Guwahati,2021-12-26,Winter,24.0,13.4,20.3,12.931373290127397,59,31.6,NE,2.5,11,9.6,1002.6,20.4,23.2,12.1,No,No,Light,Rain
IMD2758,Meerut Weather Station,Uttar Pradesh,Meerut,2020-06-04,Monsoon,31.3,24.4,26.9,20.6,53,31.6,NE,12.6,76,10.8,1011.3,29.2,29.5,17.5,No,No,Moderate,Haze
IMD2759,Amritsar Weather Station,Punjab,Amritsar,2024-10-04,Post-Monsoon,30.9,25.7,28.0,4.214507356316608,44,19.5,SW,11.5,36,5.4,1011.6,27.1,30.2,16.8,No,No,Light,Clear
IMD2760,Madurai Weather Station,Tamil Nadu,Madurai,2023-01-30,Winter,25.0,16.2,20.9,9.127259762087249,51,39.1,N,1.7,53,0.5,1004.6,20.8,23.4,11.1,No,No,Light,Fog
IMD2761,Siliguri Weather Station,West Bengal,Siliguri,2022-02-18,Winter,25.2,20.6,23.1,1.0,53,14.6,NW,10.3,66,11.8,1013.1,23.3,25.8,13.7,No,No,Light,Cloudy
IMD2762,Lucknow Weather Station,Uttar Pradesh,Lucknow,2024-02-12,Winter,29.0,17.4,22.2,3.26009010272082,51,15.3,S,4.3,99,11.5,1017.3,21.2,24.8,12.4,No,No,Light,Fog
IMD2763,Pune Weather Station,Maharashtra,Pune,2022-04-16,Summer,38.8,29.8,34.7,2.4639724700003787,46,8.7,SE,5.7,60,9.8,1011.2,33.1,37.0,23.9,No,No,Light,Fog
IMD2764,Kanpur Weather Station,Uttar Pradesh,Kanpur,2024-08-25,Monsoon,31.6,20.3,25.9,42.2,72,18.1,N,10.8,47,10.0,999.3,28.0,29.5,20.3,No,No,Moderate,Clear
IMD2765,Hubballi Weather Station,Karnataka,Hubballi,2024-02-21,Winter,17.6,9.0,15.5,9.871894277129053,42,31.1,NE,3.7,89,2.3,1007.6,14.5,17.6,3.9,No,No,Light,Haze
IMD2766,Kanpur Weather Station,Uttar Pradesh,Kanpur,2020-03-20,Summer,36.4,28.1,32.7,2.5509898437833036,52,37.5,NE,5.9,88,2.7,1012.9,31.2,35.3,23.1,No,No,Light,Cloudy
IMD2767,Coimbatore Weather Station,Tamil Nadu,Coimbatore,2020-05-29,Summer,42.8,33.9,39.4,4.518848746108304,41,8.0,NE,4.4,17,11.3,1003.9,39.0,41.4,27.6,No,No,Light,Cloudy
IMD2768,Kolkata Weather Station,West Bengal,Kolkata,2022-09-07,Monsoon,35.0,25.7,31.4,42.6,63,33.3,NW,9.5,6,10.9,1028.3,34.0,34.5,24.0,No,No,Moderate,Haze
IMD2769,Silchar Weather Station,Assam,Silchar,2024-06-06,Monsoon,35.8,28.3,33.1,86.1,80,25.0,E,13.3,46,6.9,1018.7,33.4,37.1,29.1,Yes,No,Heavy,Cloudy
IMD2770,Siliguri Weather Station,West Bengal,Siliguri,2021-11-06,Post-Monsoon,30.9,20.2,25.7,8.163490086777038,49,8.6,NW,4.3,73,2.2,1019.1,28.0,28.1,15.5,No,Yes,Light,Clear
IMD2771,Nagpur Weather Station,Maharashtra,Nagpur,2020-03-01,Summer,40.4,35.0,38.1,1.054319377173871,47,39.8,SE,2.1,92,11.9,1023.6,40.8,40.5,27.5,No,No,Light,Fog
IMD2772,Jodhpur Weather Station,Rajasthan,Jodhpur,2023-09-16,Monsoon,34.9,27.6,32.2,30.8,64,12.3,NE,5.1,62,9.2,1002.0,34.8,35.4,25.0,No,No,Moderate,Haze
IMD2773,Kanpur Weather Station,Uttar Pradesh,Kanpur,2021-03-05,Summer,37.5,27.3,33.3,2.3498837172397415,47,30.6,NW,11.8,62,1.2,1004.2,34.7,35.6,22.7,No,No,Light,Thunderstorm
IMD2774,Hubballi Weather Station,Karnataka,Hubballi,2022-09-17,Monsoon,32.2,22.7,26.1,39.4,68,12.1,S,12.2,38,7.6,1013.8,24.4,29.5,19.7,No,No,Moderate,Haze
IMD2775,Hubballi Weather Station,Karnataka,Hubballi,2023-10-02,Post-Monsoon,25.0,17.3,21.5,1.0,52,2.8,NW,2.9,17,0.5,1022.4,22.2,24.1,11.9,No,No,Light,Clear
IMD2776,Guwahati Weather Station,Assam,Guwahati,2024-04-17,Summer,34.0,26.7,29.2,2.4553155643225417,50,29.7,E,8.7,0,2.7,1005.7,28.2,31.7,19.2,No,No,Light,Rain
IMD2777,Guwahati Weather Station,Assam,Guwahati,2020-06-14,Monsoon,38.4,27.5,33.8,72.3,75,35.5,NE,13.8,22,11.4,1017.7,35.6,37.5,28.8,No,No,Moderate,Fog
IMD2778,Ludhiana Weather Station,Punjab,Ludhiana,2020-04-12,Summer,47.5,36.8,40.6,1.0,46,23.2,E,8.8,8,8.2,1013.1,39.1,42.9,29.8,No,No,Light,Cloudy
IMD2779,Nashik Weather Station,Maharashtra,Nashik,2024-07-26,Monsoon,27.6,20.9,23.7,20.2,53,5.8,W,3.1,83,5.3,1015.4,25.6,26.3,14.3,No,No,Moderate,Cloudy
IMD2780,Jaipur Weather Station,Rajasthan,Jaipur,2022-04-01,Summer,40.0,32.5,36.8,1.9671256045717944,45,28.4,NE,6.3,85,3.1,1008.4,37.8,39.0,25.8,No,No,Light,Cloudy
IMD2781,Bengaluru Weather Station,Karnataka,Bengaluru,2023-01-15,Winter,20.5,10.1,16.3,5.363289698833585,52,11.0,NW,14.1,60,8.6,1016.7,17.7,18.9,6.7,No,No,Light,Haze
IMD2782,Nagpur Weather Station,Maharashtra,Nagpur,2024-04-06,Summer,46.5,34.9,40.4,2.4237048390697487,43,18.6,SE,14.1,13,7.3,1015.5,41.5,42.5,29.0,No,No,Light,Haze
IMD2783,Udaipur Weather Station,Rajasthan,Udaipur,2022-03-28,Summer,41.5,33.9,38.3,5.3137668182551225,49,19.4,W,10.8,3,8.0,1007.3,38.9,40.8,28.1,No,No,Light,Fog
IMD2784,Jaipur Weather Station,Rajasthan,Jaipur,2020-11-30,Post-Monsoon,25.4,20.2,23.0,4.966455023376355,51,10.0,SW,7.0,91,5.3,1008.8,25.0,25.6,13.2,No,No,Light,Haze
IMD2785,Jodhpur Weather Station,Rajasthan,Jodhpur,2020-04-05,Summer,36.6,26.4,30.3,2.7432445120626543,45,39.4,W,13.5,62,5.3,999.9,29.0,32.5,19.3,No,No,Light,Cloudy
IMD2786,Jorhat Weather Station,Assam,Jorhat,2023-11-13,Post-Monsoon,27.2,17.3,23.4,1.3019958850197937,39,18.9,SW,10.4,92,11.8,1022.6,22.9,25.3,11.2,No,No,Light,Haze
IMD2787,Mysuru Weather Station,Karnataka,Mysuru,2022-11-03,Post-Monsoon,32.3,22.4,26.5,2.9484338098060436,40,29.7,SW,12.0,98,8.7,1014.8,25.2,28.5,14.5,No,No,Light,Thunderstorm
IMD2788,Durgapur Weather Station,West Bengal,Durgapur,2023-12-14,Winter,22.8,15.8,20.6,1.0,51,27.6,SE,5.9,70,7.3,1015.6,19.8,23.2,10.8,No,Yes,Light,Clear
IMD2789,Ludhiana Weather Station,Punjab,Ludhiana,2020-02-15,Winter,26.9,18.2,22.6,1.0,46,8.0,NW,13.3,37,2.2,1016.6,24.5,24.9,11.8,No,No,Light,Haze
IMD2790,Lucknow Weather Station,Uttar Pradesh,Lucknow,2024-06-10,Monsoon,27.9,19.7,24.1,35.7,60,14.2,NE,11.6,9,7.1,1014.9,26.2,27.1,16.1,No,No,Moderate,Fog
IMD2791,Kolkata Weather Station,West Bengal,Kolkata,2022-06-27,Monsoon,35.0,26.9,29.2,20.3,47,2.0,SE,10.5,73,7.7,1006.4,29.4,31.6,18.6,No,Yes,Moderate,Clear
IMD2792,Patiala Weather Station,Punjab,Patiala,2023-10-09,Post-Monsoon,27.0,15.2,22.2,1.0,38,12.9,NW,11.9,10,7.7,1020.3,22.7,24.1,9.8,No,No,Light,Clear
IMD2793,Hubballi Weather Station,Karnataka,Hubballi,2022-08-04,Monsoon,29.4,19.8,24.5,27.5,58,36.2,N,6.3,85,6.4,1013.1,24.8,27.4,16.1,No,No,Moderate,Thunderstorm
IMD2794,Siliguri Weather Station,West Bengal,Siliguri,2022-05-12,Summer,36.0,29.5,32.1,4.6145752475055515,45,19.4,NE,10.3,91,9.6,1018.2,33.8,34.4,21.1,No,Yes,Light,Clear
IMD2795,Jorhat Weather Station,Assam,Jorhat,2021-08-18,Monsoon,34.3,26.2,29.0,25.0,53,24.0,SW,12.1,97,9.1,1004.3,27.7,31.6,19.6,No,Yes,Moderate,Thunderstorm
IMD2796,Pune Weather Station,Maharashtra,Pune,2021-03-21,Summer,41.2,29.0,34.2,3.7630620338953062,43,2.5,W,1.9,36,6.9,1003.7,36.4,36.4,22.8,No,No,Light,Fog
IMD2797,Madurai Weather Station,Tamil Nadu,Madurai,2023-11-21,Post-Monsoon,35.0,23.2,28.5,6.805068424102996,45,21.0,E,2.0,73,7.0,1011.0,31.1,30.8,17.5,No,Yes,Light,Rain
IMD2798,Silchar Weather Station,Assam,Silchar,2023-09-29,Monsoon,30.2,19.6,25.2,21.6,50,19.6,NW,9.3,90,4.3,1012.7,26.9,27.7,15.2,No,Yes,Moderate,Thunderstorm
IMD2799,Ludhiana Weather Station,Punjab,Ludhiana,2022-11-28,Post-Monsoon,25.0,17.2,20.8,6.663583707681469,44,28.1,W,7.6,46,3.1,1010.3,18.8,23.0,9.6,No,No,Light,Haze
IMD2800,Jodhpur Weather Station,Rajasthan,Jodhpur,2024-08-25,Monsoon,29.1,24.0,26.7,40.5,73,23.4,SE,13.2,5,2.4,1017.4,24.8,30.3,21.3,No,No,Moderate,Haze
IMD2801,Ludhiana Weather Station,Punjab,Ludhiana,2024-07-02,Monsoon,36.6,28.0,30.1,23.3,64,5.1,SW,9.5,44,1.2,1023.7,28.5,33.3,22.9,No,No,Moderate,Fog
IMD2802,Chennai Weather Station,Tamil Nadu,Chennai,2021-07-10,Monsoon,34.1,25.3,29.8,51.8,75,27.7,W,14.8,11,5.6,1009.1,31.5,33.5,24.8,No,No,Moderate,Haze
IMD2803,Jorhat Weather Station,Assam,Jorhat,2023-12-21,Winter,21.6,12.8,18.2,1.0546290314870534,48,29.7,W,12.9,29,6.4,1005.2,19.0,20.6,7.8,No,No,Light,Fog
IMD2804,Nashik Weather Station,Maharashtra,Nashik,2024-01-06,Winter,25.6,13.3,20.2,7.533535702463163,40,30.5,NW,8.7,97,2.5,1014.2,20.1,22.2,8.2,No,No,Light,Haze
IMD2805,Patiala Weather Station,Punjab,Patiala,2024-07-25,Monsoon,36.4,25.2,30.3,78.2,92,34.9,E,2.7,10,3.0,1015.2,30.3,34.9,28.7,No,No,Moderate,Thunderstorm
IMD2806,Guwahati Weather Station,Assam,Guwahati,2020-06-18,Monsoon,30.9,18.7,24.6,69.5,75,31.5,SE,13.6,28,10.9,1006.6,23.4,28.4,19.6,No,Yes,Moderate,Fog
IMD2807,Nashik Weather Station,Maharashtra,Nashik,2021-04-23,Summer,38.3,29.3,32.3,2.524594286258418,53,14.3,SE,11.5,78,11.8,1013.4,32.1,34.9,22.9,No,No,Light,Fog
IMD2808,Hubballi Weather Station,Karnataka,Hubballi,2024-03-29,Summer,40.8,31.7,37.2,7.45721635750286,52,29.6,SW,8.0,9,4.7,1016.0,39.2,39.8,27.6,No,No,Light,Rain
IMD2809,Jaipur Weather Station,Rajasthan,Jaipur,2021-05-25,Summer,41.4,29.5,36.0,1.674392483363909,46,15.4,NE,11.4,20,0.7,1024.2,35.4,38.3,25.2,No,No,Light,Cloudy
IMD2810,Jodhpur Weather Station,Rajasthan,Jodhpur,2022-10-15,Post-Monsoon,25.3,15.7,21.5,2.8950512598556712,38,16.0,E,2.1,57,3.8,1021.1,22.6,23.4,9.1,No,No,Light,Thunderstorm
IMD2811,Siliguri Weather Station,West Bengal,Siliguri,2022-10-21,Post-Monsoon,28.8,19.8,22.9,3.3729445578588226,43,38.9,S,5.6,43,0.1,998.6,24.1,25.0,11.5,No,No,Light,Cloudy
IMD2812,Mysuru Weather Station,Karnataka,Mysuru,2023-03-28,Summer,38.6,31.7,34.4,4.055341919036013,47,6.3,SE,12.7,74,3.1,1002.0,35.4,36.8,23.8,No,No,Light,Thunderstorm
IMD2813,Hubballi Weather Station,Karnataka,Hubballi,2020-11-10,Post-Monsoon,31.8,24.1,29.3,1.6067478491228122,45,20.7,W,9.5,40,0.1,996.6,30.6,31.6,18.3,No,No,Light,Cloudy
IMD2814,Udaipur Weather Station,Rajasthan,Udaipur,2024-01-07,Winter,24.0,16.8,20.4,1.4002040049073177,53,38.1,N,8.7,42,5.4,1006.9,20.0,23.0,11.0,No,No,Light,Haze
IMD2815,Udaipur Weather Station,Rajasthan,Udaipur,2020-07-21,Monsoon,28.1,22.1,24.8,21.1,52,27.8,W,14.9,13,5.6,1021.7,26.8,27.4,15.2,No,No,Moderate,Clear
IMD2816,Bengaluru Weather Station,Karnataka,Bengaluru,2024-10-25,Post-Monsoon,29.7,19.8,23.5,1.0,42,20.3,E,5.9,85,4.6,1010.2,22.6,25.6,11.9,No,No,Light,Thunderstorm
IMD2817,Udaipur Weather Station,Rajasthan,Udaipur,2024-09-24,Monsoon,31.2,22.3,28.1,44.6,63,9.4,N,7.0,41,9.8,1008.4,26.9,31.2,20.7,No,No,Moderate,Clear
IMD2818,Jaipur Weather Station,Rajasthan,Jaipur,2022-11-20,Post-Monsoon,29.8,19.4,23.7,1.0,51,28.5,NW,9.1,78,4.9,1010.8,24.2,26.2,13.9,No,No,Light,Thunderstorm
IMD2819,Jorhat Weather Station,Assam,Jorhat,2021-12-10,Winter,22.8,16.0,18.3,8.516311637026737,54,26.2,NE,2.6,80,10.2,1008.3,17.0,21.0,9.1,No,Yes,Light,Clear
IMD2820,Meerut Weather Station,Uttar Pradesh,Meerut,2022-06-30,Monsoon,34.9,22.1,28.7,20.5,48,22.2,SW,1.8,87,9.2,1000.6,27.9,31.1,18.3,No,No,Moderate,Thunderstorm
IMD2821,Ludhiana Weather Station,Punjab,Ludhiana,2021-01-31,Winter,20.5,12.0,15.9,1.0,42,4.1,SE,8.8,81,9.2,1020.6,18.5,18.0,4.3,No,No,Light,Thunderstorm
IMD2822,Nagpur Weather Station,Maharashtra,Nagpur,2021-10-19,Post-Monsoon,24.3,18.4,21.1,1.0,40,10.9,W,14.9,49,2.8,1024.1,19.4,23.1,9.1,No,No,Light,Clear
IMD2823,Ludhiana Weather Station,Punjab,Ludhiana,2021-09-21,Monsoon,27.7,16.9,23.3,30.3,57,29.8,SW,10.4,79,1.8,1012.6,26.3,26.2,14.7,No,No,Moderate,Rain
IMD2824,Patiala Weather Station,Punjab,Patiala,2024-07-06,Monsoon,34.7,26.0,30.8,53.7,66,23.9,N,10.8,89,2.4,1003.8,31.4,34.1,24.0,No,No,Moderate,Haze
IMD2825,Jodhpur Weather Station,Rajasthan,Jodhpur,2020-09-20,Monsoon,37.8,27.6,33.1,35.7,65,19.5,SE,10.8,20,4.2,1017.6,35.3,36.4,26.1,No,No,Moderate,Cloudy
IMD2826,Madurai Weather Station,Tamil Nadu,Madurai,2023-10-01,Post-Monsoon,28.0,20.0,22.6,6.11827453511625,51,12.6,E,8.2,31,5.6,1013.4,23.2,25.2,12.8,No,No,Light,Rain
IMD2827,Lucknow Weather Station,Uttar Pradesh,Lucknow,2024-11-20,Post-Monsoon,30.5,22.6,26.7,2.363254361755507,52,6.5,N,5.3,51,10.0,1016.1,28.4,29.3,17.1,No,No,Light,Clear
IMD2828,Hubballi Weather Station,Karnataka,Hubballi,2024-06-28,Monsoon,33.6,26.7,31.0,23.5,61,9.3,SW,13.0,9,0.8,1003.4,33.3,34.0,23.2,No,No,Moderate,Rain
IMD2829,Amritsar Weather Station,Punjab,Amritsar,2023-12-25,Winter,17.5,9.7,13.2,6.691462021378643,44,34.0,W,1.6,28,9.1,1009.2,15.3,15.4,2.0,No,No,Light,Rain
IMD2830,Jodhpur Weather Station,Rajasthan,Jodhpur,2024-07-11,Monsoon,34.9,26.7,32.2,35.4,66,25.6,NW,11.1,77,5.9,1020.0,33.2,35.5,25.4,No,No,Moderate,Haze
IMD2831,Lucknow Weather Station,Uttar Pradesh,Lucknow,2020-07-09,Monsoon,27.2,18.8,23.6,92.1,84,27.4,NW,1.1,35,8.2,1008.4,26.3,27.8,20.4,Yes,No,Heavy,Fog
IMD2832,Jorhat Weather Station,Assam,Jorhat,2024-01-25,Winter,21.1,7.9,14.4,4.746578527559971,47,31.4,N,2.8,96,2.1,1014.8,12.6,16.8,3.8,No,Yes,Light,Rain
IMD2833,Patiala Weather Station,Punjab,Patiala,2020-08-19,Monsoon,29.7,22.1,24.2,101.7,93,31.4,NE,1.0,70,11.4,1009.6,24.4,28.9,22.8,Yes,No,Heavy,Thunderstorm
IMD2834,Pune Weather Station,Maharashtra,Pune,2021-09-26,Monsoon,32.4,24.6,29.1,18.2,59,24.4,SW,12.6,85,1.6,1020.6,29.5,32.1,20.9,No,No,Light,Haze
IMD2835,Hubballi Weather Station,Karnataka,Hubballi,2021-08-04,Monsoon,36.9,26.9,30.7,36.4,59,3.3,S,6.6,1,8.3,1013.1,33.0,33.6,22.5,No,No,Moderate,Fog
IMD2836,Guwahati Weather Station,Assam,Guwahati,2021-12-13,Winter,22.4,12.8,16.7,1.0,50,8.3,N,11.5,1,1.6,1018.4,16.6,19.2,6.7,No,Yes,Light,Rain
IMD2837,Jaipur Weather Station,Rajasthan,Jaipur,2023-10-04,Post-Monsoon,34.9,24.5,28.5,5.515931037749064,48,18.1,S,3.7,93,7.7,1011.3,28.8,30.9,18.1,No,No,Light,Haze
IMD2838,Meerut Weather Station,Uttar Pradesh,Meerut,2023-08-24,Monsoon,28.3,21.8,24.0,29.9,54,26.5,SE,9.0,43,5.3,1008.7,23.0,26.7,14.8,No,No,Moderate,Thunderstorm
IMD2839,Silchar Weather Station,Assam,Silchar,2024-03-23,Summer,37.2,28.6,31.4,1.8215022686425417,46,1.5,SW,3.6,4,8.7,1002.2,30.8,33.7,20.6,No,No,Light,Rain
IMD2840,Durgapur Weather Station,West Bengal,Durgapur,2024-12-09,Winter,22.6,9.7,15.8,1.0098505686872865,38,2.3,N,3.8,58,10.3,1003.9,14.4,17.7,3.4,No,Yes,Light,Cloudy
IMD2841,Jodhpur Weather Station,Rajasthan,Jodhpur,2023-04-30,Summer,35.0,25.4,29.8,1.0,39,27.2,SE,1.6,62,3.8,1009.4,31.7,31.8,17.6,No,No,Light,Clear
IMD2842,Meerut Weather Station,Uttar Pradesh,Meerut,2023-12-15,Winter,26.1,12.7,19.1,9.218231010867573,45,22.8,N,6.5,85,11.5,1013.8,17.7,21.4,8.1,No,No,Light,Rain
IMD2843,Meerut Weather Station,Uttar Pradesh,Meerut,2020-02-03,Winter,25.4,14.0,20.1,2.3188282663830644,48,24.8,SE,10.6,99,10.6,1007.7,18.2,22.5,9.7,No,No,Light,Cloudy
IMD2844,Udaipur Weather Station,Rajasthan,Udaipur,2024-09-30,Monsoon,28.3,22.0,25.8,27.7,59,2.9,SE,8.0,55,7.8,1028.2,25.8,28.8,17.6,No,No,Moderate,Haze
IMD2845,Guwahati Weather Station,Assam,Guwahati,2023-07-23,Monsoon,32.6,25.6,28.0,61.4,72,29.3,W,9.6,30,7.8,1017.7,30.8,31.6,22.4,No,No,Moderate,Cloudy
IMD2846,Jaipur Weather Station,Rajasthan,Jaipur,2024-10-22,Post-Monsoon,30.4,24.0,26.2,1.0,49,37.2,NW,9.2,80,6.9,1007.1,26.8,28.6,16.0,No,No,Light,Rain
IMD2847,Jaipur Weather Station,Rajasthan,Jaipur,2021-06-10,Monsoon,36.0,27.1,30.9,50.8,74,25.5,E,14.4,6,4.1,1005.4,33.6,34.6,25.7,No,No,Moderate,Rain
IMD2848,Nagpur Weather Station,Maharashtra,Nagpur,2023-03-13,Summer,40.8,30.5,35.1,24.90340271319324,60,9.2,N,13.5,52,7.1,1003.3,34.8,38.1,27.1,No,No,Moderate,Haze
IMD2849,Kolkata Weather Station,West Bengal,Kolkata,2022-11-12,Post-Monsoon,28.7,18.7,22.9,1.177469006090716,46,39.3,SE,14.6,73,10.9,1009.5,22.1,25.2,12.1,No,Yes,Light,Fog
IMD2850,Durgapur Weather Station,West Bengal,Durgapur,2021-03-06,Summer,40.0,31.5,34.2,8.435898978345106,47,29.8,W,3.6,80,1.1,1003.4,36.0,36.6,23.6,No,Yes,Light,Clear
IMD2851,Durgapur Weather Station,West Bengal,Durgapur,2022-02-09,Winter,20.0,11.1,15.7,2.3891794802646493,42,15.2,SW,10.4,17,3.6,1015.0,13.8,17.8,4.1,No,Yes,Light,Fog
IMD2852,Nagpur Weather Station,Maharashtra,Nagpur,2022-10-29,Post-Monsoon,33.3,25.1,27.5,7.54354699576501,43,28.7,NE,14.2,57,2.8,1019.5,26.7,29.6,16.1,No,No,Light,Rain
IMD2853,Udaipur Weather Station,Rajasthan,Udaipur,2023-03-03,Summer,44.6,33.3,38.0,1.0,52,1.4,NW,3.1,44,7.2,1016.1,37.2,40.6,28.4,No,No,Light,Thunderstorm
IMD2854,Mysuru Weather Station,Karnataka,Mysuru,2024-10-10,Post-Monsoon,30.3,21.4,23.8,8.86330312752292,55,7.0,E,3.1,29,9.1,1012.7,26.5,26.6,14.8,No,No,Light,Thunderstorm
IMD2855,Guwahati Weather Station,Assam,Guwahati,2020-03-21,Summer,42.6,30.7,37.5,1.0,37,31.9,W,13.4,78,9.4,1021.6,40.3,39.4,24.9,No,No,Light,Haze
IMD2856,Jaipur Weather Station,Rajasthan,Jaipur,2020-09-08,Monsoon,32.0,20.4,26.5,118.5,97,12.5,NE,6.4,8,6.1,1010.7,27.0,31.4,25.9,Yes,No,Heavy,Thunderstorm
IMD2857,Coimbatore Weather Station,Tamil Nadu,Coimbatore,2021-02-04,Winter,27.1,15.6,20.4,1.9393532928897808,51,22.4,W,10.6,36,4.7,1026.9,22.4,22.9,10.6,No,Yes,Light,Cloudy
IMD2858,Bengaluru Weather Station,Karnataka,Bengaluru,2024-09-21,Monsoon,32.8,25.6,29.8,2.8,49,12.6,E,9.0,38,10.3,1018.5,31.9,32.2,19.6,No,No,Light,Thunderstorm
IMD2859,Pune Weather Station,Maharashtra,Pune,2023-05-05,Summer,38.1,28.5,31.2,6.147004859579909,50,2.5,E,1.4,49,5.2,1005.2,29.3,33.7,21.2,No,No,Light,Cloudy
IMD2860,Meerut Weather Station,Uttar Pradesh,Meerut,2022-12-20,Winter,27.2,18.5,20.9,13.738087014457031,46,31.1,N,3.6,6,7.5,1018.3,21.7,23.2,10.1,No,No,Light,Cloudy
IMD2861,Hubballi Weather Station,Karnataka,Hubballi,2022-05-20,Summer,39.5,27.0,32.7,4.618490526481482,39,30.6,NW,14.9,83,9.1,999.7,34.9,34.7,20.5,No,No,Light,Rain
IMD2862,Pune Weather Station,Maharashtra,Pune,2023-08-24,Monsoon,29.0,19.0,25.3,15.0,55,20.4,SW,2.8,31,10.8,1015.9,27.4,28.1,16.3,No,No,Light,Haze
IMD2863,Siliguri Weather Station,West Bengal,Siliguri,2023-12-11,Winter,27.4,16.4,22.5,1.0012145996632935,46,22.0,E,2.1,32,2.2,1016.1,25.0,24.8,11.7,No,No,Light,Cloudy
IMD2864,Lucknow Weather Station,Uttar Pradesh,Lucknow,2020-04-23,Summer,42.2,32.1,37.5,1.0,49,14.6,W,4.9,1,4.8,1015.7,38.1,40.0,27.3,No,No,Light,Rain
IMD2865,Hubballi Weather Station,Karnataka,Hubballi,2024-06-08,Monsoon,25.3,16.8,21.8,74.8,80,38.7,SE,10.4,35,1.3,1024.2,22.5,25.8,17.8,No,No,Moderate,Cloudy
IMD2866,Amritsar Weather Station,Punjab,Amritsar,2021-02-02,Winter,23.3,10.8,17.7,1.0,43,39.8,S,5.0,59,10.2,1015.3,16.0,19.8,6.3,No,No,Light,Cloudy
IMD2867,Ludhiana Weather Station,Punjab,Ludhiana,2022-06-27,Monsoon,29.3,18.5,24.4,12.6,45,29.7,SW,13.1,37,6.9,1009.3,25.5,26.6,13.4,No,No,Light,Rain
IMD2868,Durgapur Weather Station,West Bengal,Durgapur,2022-09-30,Monsoon,35.9,22.8,29.0,21.8,58,26.1,SE,9.2,62,11.2,999.4,31.6,31.9,20.6,No,Yes,Moderate,Clear
IMD2869,Nashik Weather Station,Maharashtra,Nashik,2022-02-03,Winter,28.6,17.1,22.5,1.0,45,28.8,NW,13.2,84,3.8,1008.5,24.4,24.8,11.5,No,No,Light,Clear
IMD2870,Udaipur Weather Station,Rajasthan,Udaipur,2022-08-16,Monsoon,30.9,23.2,28.9,62.5,82,33.9,SW,9.7,6,8.8,1004.9,26.9,33.0,25.3,No,No,Moderate,Cloudy
IMD2871,Coimbatore Weather Station,Tamil Nadu,Coimbatore,2020-08-13,Monsoon,30.9,21.6,24.7,42.6,60,8.1,E,13.7,56,2.7,1011.1,25.1,27.7,16.7,No,No,Moderate,Haze
IMD2872,Madurai Weather Station,Tamil Nadu,Madurai,2021-06-28,Monsoon,32.4,24.2,30.2,38.8,65,8.3,NE,9.1,48,8.7,1017.0,31.8,33.5,23.2,No,No,Moderate,Thunderstorm
IMD2873,Durgapur Weather Station,West Bengal,Durgapur,2022-03-31,Summer,33.1,21.9,28.9,1.2866120616198538,41,5.8,NE,3.3,85,0.2,1006.6,30.5,30.9,17.1,No,No,Light,Rain
IMD2874,Durgapur Weather Station,West Bengal,Durgapur,2022-08-30,Monsoon,37.2,30.8,33.0,41.7,58,17.4,W,4.1,29,1.5,1004.9,32.2,35.9,24.6,No,No,Moderate,Haze
IMD2875,Ludhiana Weather Station,Punjab,Ludhiana,2024-05-28,Summer,39.1,32.3,35.0,3.6061467464032555,42,36.8,N,5.9,94,9.2,1016.6,34.6,37.1,23.4,No,No,Light,Cloudy
IMD2876,Kolkata Weather Station,West Bengal,Kolkata,2022-09-21,Monsoon,32.0,19.9,26.0,27.0,65,31.9,SE,6.1,79,10.5,1005.5,28.4,29.2,19.0,No,No,Moderate,Clear
IMD2877,Hubballi Weather Station,Karnataka,Hubballi,2024-01-31,Winter,19.5,12.1,17.4,1.0,39,5.9,S,3.2,13,2.4,1014.0,16.3,19.3,5.2,No,No,Light,Thunderstorm
IMD2878,Silchar Weather Station,Assam,Silchar,2023-09-06,Monsoon,32.0,19.0,26.0,13.6,58,9.8,N,5.1,54,2.4,1014.3,26.1,28.9,17.6,No,Yes,Light,Thunderstorm
IMD2879,Durgapur Weather Station,West Bengal,Durgapur,2021-01-08,Winter,20.8,15.8,17.9,13.2124197537791,59,6.5,E,4.8,97,11.4,1015.6,18.8,20.8,9.7,No,No,Light,Fog
IMD2880,Udaipur Weather Station,Rajasthan,Udaipur,2021-08-23,Monsoon,32.4,22.2,25.8,16.4,61,32.1,NW,10.2,92,6.5,1014.0,26.0,28.9,18.0,No,No,Light,Rain
IMD2881,Kanpur Weather Station,Uttar Pradesh,Kanpur,2023-09-25,Monsoon,30.0,21.2,24.4,67.0,83,16.9,E,10.4,33,4.1,1019.4,26.0,28.5,21.0,No,No,Moderate,Thunderstorm
IMD2882,Meerut Weather Station,Uttar Pradesh,Meerut,2021-03-06,Summer,41.8,31.3,36.6,6.4134800878256595,42,32.9,W,10.9,74,0.9,1028.8,38.1,38.7,25.0,No,No,Light,Fog
IMD2883,Bengaluru Weather Station,Karnataka,Bengaluru,2022-12-25,Winter,22.9,13.8,17.3,3.8827392316565326,45,10.3,NE,6.6,99,4.3,1007.1,17.7,19.6,6.3,No,No,Light,Rain
IMD2884,Jaipur Weather Station,Rajasthan,Jaipur,2024-12-08,Winter,25.3,18.8,22.7,3.1390611910696897,50,24.9,NE,9.7,24,2.6,1007.6,25.4,25.2,12.7,No,No,Light,Cloudy
IMD2885,Madurai Weather Station,Tamil Nadu,Madurai,2022-05-05,Summer,42.0,34.4,36.5,2.8332152812123232,41,32.4,SE,5.2,43,8.3,1016.9,39.0,38.5,24.7,No,Yes,Light,Clear
IMD2886,Coimbatore Weather Station,Tamil Nadu,Coimbatore,2022-05-26,Summer,38.4,26.3,31.8,1.8649976897393745,39,32.6,NE,1.5,82,7.0,1015.7,32.7,33.8,19.6,No,Yes,Light,Fog
IMD2887,Silchar Weather Station,Assam,Silchar,2021-10-01,Post-Monsoon,24.9,18.0,21.6,7.891944913089091,42,19.1,E,1.7,98,4.4,1003.7,22.1,23.7,10.0,No,No,Light,Rain
IMD2888,Silchar Weather Station,Assam,Silchar,2022-11-12,Post-Monsoon,26.0,16.5,23.1,2.4598601020570494,49,17.2,SE,11.7,21,10.6,1009.2,22.0,25.6,12.9,No,Yes,Light,Rain
IMD2889,Guwahati Weather Station,Assam,Guwahati,2024-06-12,Monsoon,28.9,19.5,23.1,8.8,41,9.1,NW,5.7,86,11.1,1011.3,24.3,25.2,11.3,No,No,Light,Thunderstorm
IMD2890,Meerut Weather Station,Uttar Pradesh,Meerut,2023-09-11,Monsoon,28.8,21.3,25.5,77.9,91,13.6,S,3.9,82,10.1,1005.5,24.9,30.1,23.7,No,No,Moderate,Thunderstorm
IMD2891,Chennai Weather Station,Tamil Nadu,Chennai,2023-03-31,Summer,41.3,32.3,38.5,1.0,42,2.8,NE,12.0,60,4.3,1021.3,39.4,40.6,26.9,No,Yes,Light,Cloudy
IMD2892,Kolkata Weather Station,West Bengal,Kolkata,2022-09-17,Monsoon,29.5,22.9,25.4,113.9,100,34.3,SE,11.5,10,10.8,1011.4,26.2,30.4,25.4,Yes,No,Heavy,Rain
IMD2893,Meerut Weather Station,Uttar Pradesh,Meerut,2021-11-18,Post-Monsoon,30.9,21.6,26.7,11.633623131823276,42,37.9,NE,11.4,85,9.4,1015.8,28.4,28.8,15.1,No,No,Light,Rain
IMD2894,Meerut Weather Station,Uttar Pradesh,Meerut,2021-07-06,Monsoon,36.3,27.1,32.3,132.6,100,28.7,S,1.4,72,10.1,997.1,34.7,37.3,32.3,Yes,No,Heavy,Fog
IMD2895,Hubballi Weather Station,Karnataka,Hubballi,2020-08-30,Monsoon,30.2,22.7,26.0,66.6,80,33.2,S,7.0,50,4.6,1013.2,24.0,30.0,22.0,No,No,Moderate,Cloudy
IMD2896,Durgapur Weather Station,West Bengal,Durgapur,2023-03-12,Summer,39.9,30.7,33.2,1.7238116715963565,41,8.3,SE,14.7,53,5.0,1012.8,35.5,35.2,21.4,No,No,Light,Clear
IMD2897,Udaipur Weather Station,Rajasthan,Udaipur,2024-11-28,Post-Monsoon,27.0,15.3,20.5,11.100917303444563,57,13.4,SE,12.5,39,11.6,1003.0,21.7,23.4,11.9,No,No,Light,Cloudy
IMD2898,Amritsar Weather Station,Punjab,Amritsar,2024-09-07,Monsoon,30.5,23.8,26.9,149.1,100,5.1,NW,12.0,37,6.3,1010.7,29.4,31.9,26.9,Yes,No,Heavy,Rain
IMD2899,Udaipur Weather Station,Rajasthan,Udaipur,2023-12-08,Winter,26.4,17.6,24.3,1.8163709720752228,44,7.7,S,2.7,81,10.6,1011.7,23.4,26.5,13.1,No,No,Light,Cloudy
IMD2900,Guwahati Weather Station,Assam,Guwahati,2023-12-24,Winter,23.5,15.9,19.8,1.0,45,38.8,SW,6.8,12,6.2,1016.4,22.8,22.1,8.8,No,No,Light,Clear
IMD2901,Jodhpur Weather Station,Rajasthan,Jodhpur,2021-04-23,Summer,38.5,29.5,36.2,1.0,44,7.1,E,13.6,6,2.4,1011.3,35.7,38.4,25.0,No,No,Light,Thunderstorm
IMD2902,Pune Weather Station,Maharashtra,Pune,2022-04-01,Summer,41.3,29.7,34.3,3.960988335244914,38,34.3,SW,2.2,93,3.5,1009.7,34.5,36.2,21.9,No,No,Light,Fog
IMD2903,Meerut Weather Station,Uttar Pradesh,Meerut,2020-07-27,Monsoon,34.5,26.4,30.9,39.5,63,6.0,N,9.3,54,0.2,1019.5,31.6,34.0,23.5,No,No,Moderate,Haze
IMD2904,Durgapur Weather Station,West Bengal,Durgapur,2020-12-13,Winter,25.9,16.3,19.2,1.0,43,3.2,N,8.1,35,7.5,1008.8,18.5,21.3,7.8,No,Yes,Light,Thunderstorm
IMD2905,Patiala Weather Station,Punjab,Patiala,2020-04-27,Summer,41.5,30.5,34.7,1.933936673023177,51,20.9,S,11.4,17,9.8,1025.7,36.2,37.2,24.9,No,No,Light,Thunderstorm
IMD2906,Kolkata Weather Station,West Bengal,Kolkata,2022-02-28,Winter,21.0,11.6,18.3,1.0,46,3.4,SE,4.7,46,8.2,1016.4,19.8,20.6,7.5,No,Yes,Light,Rain
IMD2907,Patiala Weather Station,Punjab,Patiala,2024-07-05,Monsoon,34.1,28.0,31.3,51.4,78,30.1,NE,12.5,35,1.4,1004.6,33.1,35.2,26.9,No,No,Moderate,Fog
IMD2908,Hubballi Weather Station,Karnataka,Hubballi,2021-05-17,Summer,32.5,23.1,25.7,6.018145388399271,49,21.8,E,7.9,32,7.8,1006.4,25.8,28.1,15.5,No,No,Light,Fog
IMD2909,Amritsar Weather Station,Punjab,Amritsar,2021-01-11,Winter,22.6,15.1,17.7,3.128500529827536,44,19.6,SW,9.2,53,3.0,1016.9,19.3,19.9,6.5,No,No,Light,Haze
IMD2910,Jorhat Weather Station,Assam,Jorhat,2023-06-09,Monsoon,30.7,20.6,27.1,27.4,62,11.1,W,6.5,31,11.3,1021.5,27.0,30.2,19.5,No,No,Moderate,Rain
IMD2911,Bengaluru Weather Station,Karnataka,Bengaluru,2020-02-04,Winter,23.8,15.3,17.8,1.3007270833987308,49,14.8,NE,1.4,42,3.4,1021.1,20.3,20.2,7.6,No,No,Light,Clear
IMD2912,Guwahati Weather Station,Assam,Guwahati,2020-01-03,Winter,20.4,12.5,17.1,7.5912892088786466,50,28.9,NW,5.0,56,5.1,1003.1,17.3,19.6,7.1,No,No,Light,Rain
IMD2913,Kolkata Weather Station,West Bengal,Kolkata,2020-11-04,Post-Monsoon,22.0,11.6,17.0,1.0816400286270824,41,16.7,NE,9.7,72,7.7,1011.3,16.6,19.1,5.2,No,No,Light,Thunderstorm
IMD2914,Kolkata Weather Station,West Bengal,Kolkata,2020-02-26,Winter,12.8,6.0,9.7,1.4636408601758735,53,5.4,N,13.9,73,1.4,1009.7,7.7,12.3,0.3,No,Yes,Light,Cloudy
IMD2915,Mysuru Weather Station,Karnataka,Mysuru,2021-01-21,Winter,20.0,11.0,15.4,3.714326551079945,52,20.6,SE,8.1,50,11.0,1012.9,17.7,18.0,5.8,No,No,Light,Clear
IMD2916,Nagpur Weather Station,Maharashtra,Nagpur,2024-12-08,Winter,22.8,11.8,17.6,3.1408308459056906,49,31.5,W,6.0,42,2.3,1010.8,19.5,20.1,7.4,No,No,Light,Haze
IMD2917,Jaipur Weather Station,Rajasthan,Jaipur,2023-08-30,Monsoon,26.4,16.1,22.0,25.1,62,4.9,SE,5.5,14,9.9,1005.1,22.8,25.1,14.4,No,No,Moderate,Haze
IMD2918,Lucknow Weather Station,Uttar Pradesh,Lucknow,2020-11-15,Post-Monsoon,22.8,11.9,17.6,1.7072036072850452,46,30.7,E,12.5,3,11.2,1007.7,19.4,19.9,6.8,No,No,Light,Clear
IMD2919,Patiala Weather Station,Punjab,Patiala,2021-06-13,Monsoon,31.8,20.0,27.0,57.5,80,15.4,S,4.1,4,1.0,1019.5,26.0,31.0,23.0,No,No,Moderate,Haze
IMD2920,Kolkata Weather Station,West Bengal,Kolkata,2020-06-24,Monsoon,26.1,20.5,23.8,42.3,73,30.9,W,10.9,73,9.5,992.3,25.1,27.4,18.4,No,No,Moderate,Cloudy
IMD2921,Nashik Weather Station,Maharashtra,Nashik,2022-05-01,Summer,42.3,33.2,38.0,14.262471318853228,54,10.0,SW,1.7,3,5.0,1014.1,36.6,40.7,28.8,No,No,Light,Haze
IMD2922,Kolkata Weather Station,West Bengal,Kolkata,2022-03-01,Summer,36.4,25.9,32.5,1.0,38,10.8,NE,2.1,49,11.2,1016.2,32.0,34.4,20.1,No,No,Light,Clear
IMD2923,Chennai Weather Station,Tamil Nadu,Chennai,2023-07-25,Monsoon,33.2,25.6,30.6,30.6,60,35.1,N,10.5,51,8.0,999.6,30.2,33.6,22.6,No,Yes,Moderate,Clear
IMD2924,Amritsar Weather Station,Punjab,Amritsar,2024-03-03,Summer,35.5,25.1,31.7,1.687423349806293,53,34.7,N,3.6,27,8.5,1015.1,34.7,34.4,22.3,No,No,Light,Rain
IMD2925,Nagpur Weather Station,Maharashtra,Nagpur,2020-12-16,Winter,21.3,10.5,16.6,1.0,39,32.4,SW,8.9,77,6.1,1008.6,16.3,18.6,4.4,No,No,Light,Clear
IMD2926,Madurai Weather Station,Tamil Nadu,Madurai,2020-09-22,Monsoon,35.4,24.3,30.8,28.2,60,13.8,NW,2.4,73,5.9,1009.6,30.3,33.8,22.8,No,No,Moderate,Haze
IMD2927,Udaipur Weather Station,Rajasthan,Udaipur,2022-08-15,Monsoon,30.4,22.8,27.1,42.6,64,10.8,W,9.1,96,6.5,1015.6,25.9,30.3,19.9,No,No,Moderate,Cloudy
IMD2928,Jodhpur Weather Station,Rajasthan,Jodhpur,2023-08-31,Monsoon,35.3,26.0,29.0,54.4,74,4.9,W,8.7,90,4.0,1011.9,29.3,32.7,23.8,No,No,Moderate,Clear
IMD2929,Nashik Weather Station,Maharashtra,Nashik,2023-09-21,Monsoon,29.6,24.6,27.5,51.7,65,10.9,SW,11.4,33,1.1,1002.5,26.8,30.8,20.5,No,No,Moderate,Fog
IMD2930,Bengaluru Weather Station,Karnataka,Bengaluru,2021-03-27,Summer,40.9,33.1,37.2,1.0,43,31.3,W,13.0,49,4.5,1011.4,39.0,39.4,25.8,No,No,Light,Clear
IMD2931,Kanpur Weather Station,Uttar Pradesh,Kanpur,2023-05-19,Summer,42.1,29.7,36.3,3.4278859511512265,39,10.5,E,3.0,40,6.9,1001.5,37.8,38.2,24.1,No,No,Light,Haze
IMD2932,Nashik Weather Station,Maharashtra,Nashik,2023-02-11,Winter,19.9,8.7,13.5,1.0,48,38.4,E,11.6,16,8.2,1018.7,16.3,15.9,3.1,No,No,Light,Thunderstorm
IMD2933,Kanpur Weather Station,Uttar Pradesh,Kanpur,2024-10-31,Post-Monsoon,29.0,19.6,24.0,17.367274761689327,50,24.0,SW,13.0,62,3.6,1003.8,23.1,26.5,14.0,No,No,Light,Haze
IMD2934,Nashik Weather Station,Maharashtra,Nashik,2024-02-08,Winter,26.1,17.3,19.4,8.12724895937497,57,29.9,NE,8.5,83,3.9,1011.0,18.0,22.2,10.8,No,No,Light,Fog
IMD2935,Kolkata Weather Station,West Bengal,Kolkata,2022-01-29,Winter,25.0,16.9,21.5,3.5668387237862613,51,2.0,S,9.1,64,6.4,1027.8,20.1,24.1,11.7,No,Yes,Light,Thunderstorm
IMD2936,Mysuru Weather Station,Karnataka,Mysuru,2024-06-16,Monsoon,37.0,28.1,30.8,67.2,84,11.8,NW,9.6,29,4.8,1018.9,32.2,35.0,27.6,No,No,Moderate,Cloudy
IMD2937,Kolkata Weather Station,West Bengal,Kolkata,2020-01-10,Winter,23.4,12.7,18.5,1.0,37,22.0,S,14.3,96,4.0,1003.3,17.9,20.4,5.9,No,Yes,Light,Clear
IMD2938,Guwahati Weather Station,Assam,Guwahati,2020-08-07,Monsoon,36.4,28.2,30.6,53.4,63,15.9,S,7.7,81,0.9,1001.2,31.4,33.8,23.2,No,No,Moderate,Rain
IMD2939,Patiala Weather Station,Punjab,Patiala,2023-06-03,Monsoon,36.5,24.5,30.6,35.3,54,30.6,N,12.4,10,5.1,1018.4,30.2,33.3,21.4,No,No,Moderate,Fog
IMD2940,Kolkata Weather Station,West Bengal,Kolkata,2022-12-14,Winter,21.1,9.6,16.3,9.413161155993421,47,38.0,S,4.3,29,9.4,1014.3,17.3,18.7,5.7,No,No,Light,Cloudy
IMD2941,Chennai Weather Station,Tamil Nadu,Chennai,2021-04-27,Summer,38.8,29.6,32.7,2.5217959694032555,49,38.1,NE,8.9,46,0.6,1015.2,34.7,35.2,22.5,No,No,Light,Clear
IMD2942,Siliguri Weather Station,West Bengal,Siliguri,2021-06-11,Monsoon,33.5,25.4,29.6,17.3,47,26.6,E,2.4,61,5.8,1023.1,30.7,32.0,19.0,No,Yes,Light,Rain
IMD2943,Nagpur Weather Station,Maharashtra,Nagpur,2022-05-03,Summer,36.5,27.5,32.3,1.0,38,4.3,SE,11.3,59,7.8,1015.0,34.1,34.2,19.9,No,No,Light,Clear
IMD2944,Bengaluru Weather Station,Karnataka,Bengaluru,2021-10-17,Post-Monsoon,29.7,19.8,26.0,1.0,50,2.4,N,2.7,81,11.2,1008.0,27.3,28.5,16.0,No,No,Light,Rain
IMD2945,Madurai Weather Station,Tamil Nadu,Madurai,2024-12-22,Winter,17.0,10.2,14.4,4.228233327064412,44,13.3,SE,2.7,8,6.0,1014.6,15.2,16.6,3.2,No,Yes,Light,Clear
IMD2946,Guwahati Weather Station,Assam,Guwahati,2021-06-22,Monsoon,34.4,23.1,28.5,20.2,59,11.2,N,4.2,59,3.2,1000.0,27.4,31.4,20.3,No,Yes,Moderate,Rain
IMD2947,Durgapur Weather Station,West Bengal,Durgapur,2022-01-02,Winter,25.6,17.1,22.3,3.2615067876431216,48,17.1,SW,14.9,96,9.6,1004.5,20.9,24.7,11.9,No,Yes,Light,Clear
IMD2948,Jorhat Weather Station,Assam,Jorhat,2021-06-30,Monsoon,30.0,20.6,27.2,18.9,60,36.2,NE,7.7,14,8.3,1010.3,26.0,30.2,19.2,No,Yes,Light,Cloudy
IMD2949,Jaipur Weather Station,Rajasthan,Jaipur,2024-06-24,Monsoon,36.4,26.5,30.9,30.5,63,4.8,S,13.7,6,9.8,1003.3,29.3,34.0,23.5,No,No,Moderate,Clear
IMD2950,Guwahati Weather Station,Assam,Guwahati,2021-08-20,Monsoon,35.3,25.6,28.4,54.5,77,39.9,NW,2.1,28,2.7,1004.0,28.1,32.2,23.8,No,Yes,Moderate,Rain
IMD2951,Lucknow Weather Station,Uttar Pradesh,Lucknow,2023-10-21,Post-Monsoon,28.4,17.9,24.5,9.780169141968544,49,3.7,W,2.0,95,3.4,1010.0,23.8,26.9,14.3,No,No,Light,Fog
IMD2952,Madurai Weather Station,Tamil Nadu,Madurai,2020-12-05,Winter,19.7,13.0,15.6,1.9364527479733176,40,35.9,NE,6.6,35,0.8,1007.7,15.8,17.6,3.6,No,Yes,Light,Haze
IMD2953,Ludhiana Weather Station,Punjab,Ludhiana,2020-01-01,Winter,26.5,14.5,20.5,2.9575044202794873,41,15.4,N,2.6,58,4.0,1003.8,23.4,22.6,8.7,No,No,Light,Fog
IMD2954,Lucknow Weather Station,Uttar Pradesh,Lucknow,2021-06-02,Monsoon,28.7,20.1,22.6,38.0,60,9.8,E,13.8,78,4.2,1010.8,23.4,25.6,14.6,No,No,Moderate,Cloudy
IMD2955,Udaipur Weather Station,Rajasthan,Udaipur,2023-07-26,Monsoon,32.4,22.3,26.3,35.7,69,7.0,E,7.1,19,7.0,1000.1,24.4,29.8,20.1,No,No,Moderate,Clear
IMD2956,Silchar Weather Station,Assam,Silchar,2024-11-10,Post-Monsoon,34.9,23.7,30.0,2.393378611129393,47,7.2,NE,14.8,71,9.9,1006.3,29.0,32.4,19.4,No,No,Light,Cloudy
IMD2957,Jodhpur Weather Station,Rajasthan,Jodhpur,2021-06-25,Monsoon,36.8,25.3,30.2,52.1,69,12.0,NW,3.3,47,1.6,1018.2,30.0,33.6,24.0,No,No,Moderate,Haze
IMD2958,Bengaluru Weather Station,Karnataka,Bengaluru,2022-09-15,Monsoon,31.8,24.8,28.8,5.9,51,39.9,NE,11.7,12,7.8,1006.0,29.1,31.4,19.0,No,No,Light,Clear
IMD2959,Patiala Weather Station,Punjab,Patiala,2023-12-06,Winter,19.9,12.6,17.4,1.753595700927008,52,23.8,SE,8.3,3,6.3,1020.0,19.8,20.0,7.8,No,No,Light,Cloudy
IMD2960,Patiala Weather Station,Punjab,Patiala,2024-04-02,Summer,39.8,30.3,34.7,2.1533767750892605,40,13.3,NE,4.8,20,1.5,1016.2,34.4,36.7,22.7,No,No,Light,Rain
IMD2961,Nashik Weather Station,Maharashtra,Nashik,2021-11-11,Post-Monsoon,26.4,17.3,22.6,2.3908740098633916,53,26.0,NW,14.6,75,10.2,1010.9,22.9,25.2,13.2,No,No,Light,Thunderstorm
IMD2962,Nagpur Weather Station,Maharashtra,Nagpur,2021-11-17,Post-Monsoon,28.9,19.7,26.5,1.0,39,39.0,W,12.5,82,5.6,1021.3,25.6,28.4,14.3,No,No,Light,Thunderstorm
IMD2963,Lucknow Weather Station,Uttar Pradesh,Lucknow,2024-05-13,Summer,39.8,31.1,35.4,5.40294283515491,50,12.9,N,11.5,74,7.8,1019.3,35.5,37.9,25.4,No,No,Light,Clear
IMD2964,Silchar Weather Station,Assam,Silchar,2020-11-18,Post-Monsoon,28.0,21.1,24.0,1.6150258606605608,45,35.3,NE,1.8,54,3.6,1018.3,25.0,26.2,13.0,No,Yes,Light,Rain
IMD2965,Kanpur Weather Station,Uttar Pradesh,Kanpur,2021-03-03,Summer,34.4,25.6,29.0,1.0,47,18.6,NW,13.9,55,3.0,1011.9,27.2,31.4,18.4,No,No,Light,Thunderstorm
IMD2966,Amritsar Weather Station,Punjab,Amritsar,2020-11-06,Post-Monsoon,30.7,22.1,24.2,1.0,44,34.9,E,3.6,30,9.4,1009.4,24.6,26.4,13.0,No,No,Light,Haze
IMD2967,Meerut Weather Station,Uttar Pradesh,Meerut,2020-02-21,Winter,22.0,17.5,19.9,2.0493511358459533,54,1.9,SW,9.1,24,4.5,1005.9,18.0,22.6,10.7,No,No,Light,Cloudy
IMD2968,Kanpur Weather Station,Uttar Pradesh,Kanpur,2021-01-19,Winter,24.1,17.0,21.8,1.0,51,26.0,E,12.3,56,0.2,1001.8,22.8,24.4,12.0,No,No,Light,Fog
IMD2969,Durgapur Weather Station,West Bengal,Durgapur,2021-03-07,Summer,39.1,28.8,35.8,1.3203823969380941,39,3.0,SE,8.6,66,8.6,1014.0,38.3,37.8,23.6,No,No,Light,Thunderstorm
IMD2970,Coimbatore Weather Station,Tamil Nadu,Coimbatore,2023-02-05,Winter,17.4,10.5,15.1,1.1297882272858712,44,33.5,NW,14.9,39,11.1,1016.9,16.0,17.3,3.9,No,Yes,Light,Clear
IMD2971,Silchar Weather Station,Assam,Silchar,2020-01-22,Winter,24.3,15.9,18.5,1.0,51,30.0,NW,8.1,46,11.3,1006.4,16.8,21.1,8.7,No,No,Light,Thunderstorm
IMD2972,Meerut Weather Station,Uttar Pradesh,Meerut,2024-05-22,Summer,42.6,34.4,38.2,2.284940198076431,53,23.4,S,10.5,16,11.3,1022.0,40.2,40.9,28.8,No,No,Light,Clear
IMD2973,Jodhpur Weather Station,Rajasthan,Jodhpur,2023-08-06,Monsoon,26.6,18.6,23.6,25.7,60,11.2,S,7.5,51,8.5,1010.1,23.0,26.6,15.6,No,No,Moderate,Fog
IMD2974,Jodhpur Weather Station,Rajasthan,Jodhpur,2024-06-08,Monsoon,37.6,27.3,32.3,43.4,74,3.2,E,14.4,26,11.9,1015.0,31.7,36.0,27.1,No,No,Moderate,Fog
IMD2975,Amritsar Weather Station,Punjab,Amritsar,2022-05-15,Summer,38.6,30.1,34.6,1.0,52,39.2,NE,10.0,78,6.9,1024.4,36.2,37.2,25.0,No,No,Light,Rain
IMD2976,Ludhiana Weather Station,Punjab,Ludhiana,2022-07-27,Monsoon,28.0,18.9,24.5,31.6,52,5.7,NE,1.6,95,1.3,1019.1,22.8,27.1,14.9,No,No,Moderate,Clear
IMD2977,Meerut Weather Station,Uttar Pradesh,Meerut,2024-05-29,Summer,42.5,31.4,36.2,10.122811758406279,45,31.3,W,6.7,100,2.8,994.9,37.2,38.5,25.2,No,No,Light,Cloudy
IMD2978,Patiala Weather Station,Punjab,Patiala,2020-06-13,Monsoon,33.3,24.4,27.5,67.5,73,12.2,N,4.1,34,10.9,1008.8,26.5,31.1,22.1,No,No,Moderate,Haze
IMD2979,Coimbatore Weather Station,Tamil Nadu,Coimbatore,2022-07-19,Monsoon,32.9,19.5,26.4,26.3,66,19.3,W,6.1,99,11.8,1012.1,27.0,29.7,19.6,No,No,Moderate,Fog
IMD2980,Silchar Weather Station,Assam,Silchar,2022-02-10,Winter,17.6,9.2,14.5,2.860687046626774,46,38.0,W,3.9,1,9.3,1012.8,15.5,16.8,3.7,No,Yes,Light,Haze
IMD2981,Kanpur Weather Station,Uttar Pradesh,Kanpur,2020-12-05,Winter,27.6,19.6,24.8,1.0,47,22.8,S,13.4,92,4.2,1011.7,23.0,27.2,14.2,No,No,Light,Thunderstorm
IMD2982,Pune Weather Station,Maharashtra,Pune,2023-09-11,Monsoon,37.9,28.2,31.5,29.0,62,29.7,NW,3.4,47,9.5,1002.2,33.1,34.6,23.9,No,No,Moderate,Fog
IMD2983,Meerut Weather Station,Uttar Pradesh,Meerut,2023-01-30,Winter,28.4,17.2,21.7,4.500258372009731,41,28.5,SE,12.2,65,3.3,1015.9,19.8,23.8,9.9,No,No,Light,Haze
IMD2984,Meerut Weather Station,Uttar Pradesh,Meerut,2024-03-27,Summer,35.2,29.8,33.1,1.4333983080074089,46,20.0,NW,14.8,35,2.5,1009.9,33.4,35.4,22.3,No,No,Light,Fog
IMD2985,Pune Weather Station,Maharashtra,Pune,2021-01-13,Winter,21.7,13.5,19.0,15.759664711264804,44,14.8,SW,8.1,34,8.5,1012.4,17.2,21.2,7.8,No,No,Light,Clear
IMD2986,Siliguri Weather Station,West Bengal,Siliguri,2020-08-23,Monsoon,27.6,17.0,21.2,30.4,67,33.1,NE,13.0,59,4.9,1005.5,22.7,24.6,14.6,No,No,Moderate,Rain
IMD2987,Meerut Weather Station,Uttar Pradesh,Meerut,2020-06-14,Monsoon,30.1,20.4,26.3,57.9,81,31.7,SW,9.4,16,11.0,1017.5,25.1,30.4,22.5,No,No,Moderate,Rain
IMD2988,Pune Weather Station,Maharashtra,Pune,2023-05-18,Summer,41.3,31.5,35.7,7.239748073679368,46,16.3,SE,10.2,49,3.3,1006.7,34.2,38.0,24.9,No,No,Light,Rain
IMD2989,Pune Weather Station,Maharashtra,Pune,2024-04-29,Summer,41.6,32.5,35.7,2.586982288757507,48,33.9,E,7.5,46,8.7,1007.2,38.2,38.1,25.3,No,No,Light,Haze
IMD2990,Jodhpur Weather Station,Rajasthan,Jodhpur,2022-03-14,Summer,40.5,29.5,36.1,6.676384438117857,54,30.7,N,1.4,98,11.1,1019.4,34.8,38.8,26.9,No,No,Light,Haze
IMD2991,Jorhat Weather Station,Assam,Jorhat,2021-09-25,Monsoon,34.0,27.6,30.0,43.3,60,18.2,SW,11.9,2,2.8,1005.4,30.7,33.0,22.0,No,Yes,Moderate,Cloudy
IMD2992,Jorhat Weather Station,Assam,Jorhat,2020-02-21,Winter,20.8,11.4,15.3,11.728059221139073,50,36.3,SW,7.1,17,9.3,1012.8,16.8,17.8,5.3,No,Yes,Light,Clear
IMD2993,Meerut Weather Station,Uttar Pradesh,Meerut,2021-12-26,Winter,22.9,12.8,18.4,1.7454666964924732,53,12.1,N,9.2,93,1.9,1028.1,21.1,21.0,9.0,No,No,Light,Rain
IMD2994,Chennai Weather Station,Tamil Nadu,Chennai,2024-06-09,Monsoon,33.9,24.7,28.2,11.6,51,27.0,SE,9.3,32,1.5,1018.5,30.4,30.8,18.4,No,Yes,Light,Fog
IMD2995,Pune Weather Station,Maharashtra,Pune,2023-02-04,Winter,19.6,9.6,16.4,12.850940398523983,50,9.5,N,12.0,2,4.0,1024.1,15.7,18.9,6.4,No,No,Light,Fog
IMD2996,Coimbatore Weather Station,Tamil Nadu,Coimbatore,2024-07-12,Monsoon,31.5,21.5,28.4,105.1,89,33.1,S,13.1,72,9.0,1011.2,26.9,32.9,26.2,Yes,No,Heavy,Rain
IMD2997,Bengaluru Weather Station,Karnataka,Bengaluru,2021-02-16,Winter,21.8,11.6,16.3,14.034197662767076,57,12.3,N,9.0,32,1.9,1016.7,16.0,19.2,7.7,No,No,Light,Fog
IMD2998,Nashik Weather Station,Maharashtra,Nashik,2024-08-28,Monsoon,30.9,25.0,28.0,71.1,75,4.7,NW,1.4,10,6.2,1012.4,30.4,31.8,23.0,No,No,Moderate,Clear
IMD2999,Pune Weather Station,Maharashtra,Pune,2024-07-25,Monsoon,33.3,24.2,29.4,35.4,60,30.4,N,7.2,87,4.1,1007.7,30.6,32.4,21.4,No,No,Moderate,Cloudy
