observation_id,date,station_id,country,latitude,longitude,elevation_m,avg_temperature_c,max_temperature_c,min_temperature_c,precipitation_mm,snowfall_cm,humidity_percent,wind_speed_kmh,wind_direction,solar_radiation_wm2,atmospheric_pressure_hpa,cloud_cover_percent,uv_index,soil_moisture_percent,drought_index,evapotranspiration_mm,air_quality_index,pm25,pm10,co2_ppm,methane_ppb,ozone_ppb,climate_zone,weather_event,disaster_risk
1,2023-08-02,NOAA1001,Mexico,31.6007,-111.277,2209.4,32.0,38.1,24.6,12.0,0.0,45,5.7,W,125.4,1004.1,11,4,27.2,Medium,6.0,128,24.0,57.0,422.6,1911.2,48.1,Polar,Heatwave,Low
2,2022-07-08,NOAA1017,USA,43.2114,-114.8994,1267.8,28.7,32.4,25.4,8.6,0.0,58,34.8,NE,174.2,1014.9,12,6,46.2,Medium,5.51,98,30.1,56.4,404.7,1831.0,35.5,Continental,None,High
3,2021-08-23,NOAA1039,Canada,38.8565,-83.8394,137.5,25.9,29.3,22.2,16.8,0.0,65,5.4,SE,793.2,1007.4,48,5,44.8,Medium,5.55,98,24.5,45.8,402.9,1874.8,44.8,Arid,Fog,High
4,2023-08-20,NOAA1038,Mexico,29.1073,-82.4398,490.2,40.2,44.5,32.3,17.8,0.0,47,29.5,SE,647.7,1003.8,98,1,28.6,Medium,6.09,107,24.6,42.4,423.0,1876.0,37.7,Polar,Fog,Medium
5,2021-03-11,NOAA1031,Canada,46.2324,-87.3574,428.6,7.6,10.4,1.1,43.1,0.0,80,25.2,W,818.3,1008.7,51,6,51.5,Low,3.14,93,19.2,43.6,420.0,1890.8,43.1,Temperate,Rain,High
6,2020-11-23,NOAA1038,USA,34.2344,-90.0344,1404.1,3.9,7.4,-1.4,28.1,0.0,64,42.5,NE,645.4,1002.4,68,5,49.1,Low,1.27,94,22.3,45.0,421.6,1929.5,41.4,Arid,Coldwave,Low
7,2022-11-05,NOAA1040,Canada,45.2001,-95.0632,596.7,8.5,12.7,5.5,10.5,0.0,44,43.0,N,579.2,1019.2,62,1,24.6,Medium,2.0,113,24.8,49.6,415.7,1846.1,33.0,Polar,None,Low
8,2024-02-07,NOAA1004,Mexico,43.38,-116.6817,1425.8,-1.5,3.8,-5.1,14.8,17.4,58,20.2,SE,843.1,1007.6,96,4,44.0,Medium,0.57,113,25.7,53.0,424.9,1941.2,47.5,Temperate,Rain,Low
9,2020-05-11,NOAA1001,Mexico,38.2941,-90.4589,21.6,18.6,24.8,16.2,10.4,0.0,51,4.9,N,787.7,1000.9,9,9,31.5,Medium,4.13,107,27.8,59.3,428.8,1892.9,36.7,Polar,Coldwave,Medium
10,2021-05-12,NOAA1026,USA,27.2638,-86.438,1062.9,26.7,31.2,19.5,6.0,0.0,53,4.3,NE,148.5,1012.4,93,6,41.9,Medium,4.22,111,25.4,56.0,428.0,1914.5,34.8,Continental,Rain,Medium
11,2022-08-05,NOAA1004,Canada,44.3925,-75.2099,293.7,31.4,37.3,26.2,36.4,0.0,63,2.6,NE,841.1,1040.0,30,3,42.6,Low,5.67,93,24.9,35.1,412.6,1884.1,39.5,Temperate,Heatwave,Medium
12,2024-05-24,NOAA1018,Canada,41.7182,-82.3612,2350.1,16.3,22.3,11.4,27.3,0.0,65,10.2,SE,875.0,1011.2,74,9,38.5,Low,3.07,80,24.0,46.4,422.9,1959.1,35.9,Polar,Rain,Low
13,2022-11-06,NOAA1011,USA,39.2808,-85.5129,705.6,5.8,8.5,-1.5,8.8,0.0,42,12.6,N,595.5,1017.0,53,11,30.7,Medium,1.92,112,24.8,59.9,429.3,1910.3,42.5,Tropical,Storm,Medium
14,2020-09-25,NOAA1019,Canada,32.5883,-81.1437,217.6,29.5,34.2,21.5,15.2,0.0,64,44.8,NE,530.1,1007.4,64,5,38.9,Medium,5.12,93,30.0,49.8,417.4,1884.3,28.3,Tropical,Heatwave,High
15,2023-12-11,NOAA1039,Mexico,37.6946,-85.9318,1663.8,3.2,10.8,0.6,16.2,0.0,53,39.8,S,192.3,991.8,13,9,31.6,Medium,1.04,101,28.1,46.0,422.8,1884.2,37.7,Arid,Coldwave,Medium
16,2021-05-29,NOAA1005,Mexico,35.1658,-108.2292,10.6,23.8,30.4,18.0,11.7,0.0,43,13.3,NW,541.3,1028.1,54,9,22.3,Medium,3.72,102,27.5,60.8,421.4,1910.3,39.4,Polar,Coldwave,Low
17,2022-05-30,NOAA1002,Canada,33.7516,-70.814,2916.6,14.3,16.5,10.2,13.1,0.0,46,31.3,NE,382.9,1013.8,71,7,39.8,Medium,3.64,106,30.4,63.0,416.5,1873.6,40.0,Tropical,Heatwave,Low
18,2021-01-02,NOAA1026,Mexico,45.7375,-77.7873,800.4,2.9,9.6,0.3,10.8,0.0,51,39.5,NW,277.9,1012.7,58,6,32.6,Medium,2.03,108,24.5,57.8,410.7,1945.7,46.0,Continental,Storm,Medium
19,2024-11-05,NOAA1049,Canada,33.4275,-94.9639,2038.6,12.2,19.3,8.2,6.0,0.0,40,3.2,S,242.9,1024.2,33,1,21.7,Medium,2.7,119,27.9,66.7,431.1,1864.8,40.6,Temperate,Heatwave,High
20,2021-01-24,NOAA1002,Mexico,35.4654,-94.3645,2419.5,-1.0,5.1,-8.6,25.3,14.7,58,10.5,W,156.0,1013.8,85,6,42.6,Low,1.18,86,25.9,43.4,416.0,1838.0,40.5,Arid,Fog,Medium
21,2021-10-30,NOAA1044,Canada,38.3059,-113.0651,1994.8,12.8,17.1,6.3,18.8,0.0,58,9.5,S,424.9,1018.0,0,5,37.2,Medium,2.78,106,24.9,49.4,418.7,1884.5,32.9,Tropical,Coldwave,Medium
22,2024-06-13,NOAA1042,USA,31.8109,-86.1603,1857.8,26.6,29.2,18.9,19.9,0.0,51,12.1,S,279.7,1014.8,25,3,28.1,Medium,4.48,115,26.1,55.4,430.5,1835.7,41.5,Continental,Heatwave,High
23,2023-03-24,NOAA1045,Mexico,34.2155,-101.2198,442.7,11.0,17.1,3.6,23.1,0.0,54,39.0,NE,722.7,1023.4,28,3,42.7,Low,3.04,110,19.7,43.4,413.1,1924.7,49.7,Temperate,Heatwave,Low
24,2024-06-29,NOAA1042,Mexico,48.7094,-90.0592,2850.1,28.9,36.2,23.2,24.1,0.0,63,32.9,W,764.5,1015.3,70,8,50.5,Low,5.82,110,23.5,53.0,414.3,1974.6,43.8,Arid,Coldwave,Medium
25,2023-07-07,NOAA1017,Canada,26.8596,-107.7135,815.1,26.2,30.1,21.0,21.3,0.0,54,8.0,SE,406.4,1007.0,19,4,30.8,Low,4.75,117,24.3,40.6,411.0,1930.8,50.1,Continental,Heatwave,High
26,2023-11-25,NOAA1048,Mexico,34.1291,-123.6639,1055.3,10.7,17.2,3.6,25.6,0.0,50,43.0,W,530.6,1011.0,94,9,39.8,Low,3.4,110,20.8,45.9,414.0,1864.4,33.5,Temperate,Heatwave,Medium
27,2023-10-01,NOAA1046,USA,45.1721,-71.5861,2942.2,16.7,21.9,9.3,17.2,0.0,57,27.5,N,167.2,1022.7,54,3,45.8,Medium,2.87,103,24.5,45.6,424.3,2009.4,40.8,Arid,Storm,Medium
28,2021-07-23,NOAA1016,USA,36.2874,-81.3056,156.3,25.4,33.1,22.1,13.0,0.0,55,5.0,N,703.4,1004.4,31,4,43.9,Medium,5.05,107,23.0,56.9,423.9,1891.1,45.7,Polar,Rain,Medium
29,2023-12-03,NOAA1049,Canada,29.0269,-89.3869,2243.8,3.9,6.6,-3.0,12.6,0.0,50,43.5,NE,562.9,1009.4,39,10,37.8,Medium,2.5,117,31.3,47.7,426.2,1941.8,37.3,Polar,Fog,High
30,2021-05-12,NOAA1044,Canada,45.407,-89.7765,363.2,18.3,26.2,11.6,8.7,0.0,43,16.9,W,629.2,1014.4,8,9,32.5,Medium,2.77,122,31.0,47.8,423.1,1864.6,41.2,Arid,Fog,Medium
31,2023-12-19,NOAA1027,USA,42.6111,-68.968,810.2,2.2,9.0,-3.0,4.7,0.0,41,22.8,W,760.6,1020.0,75,5,25.9,High,0.82,105,26.6,56.7,428.5,1861.6,51.1,Continental,Coldwave,High
32,2023-09-30,NOAA1021,USA,36.8634,-105.4742,1462.6,27.6,31.7,24.0,8.0,0.0,51,14.0,S,544.6,1017.1,66,4,29.1,Medium,5.58,128,28.6,50.8,450.8,1922.8,49.1,Continental,Fog,High
33,2022-10-02,NOAA1001,USA,32.0617,-100.9491,729.9,20.8,26.8,16.6,21.3,0.0,61,25.8,SW,440.4,1003.8,95,9,40.0,Low,4.53,100,22.7,44.0,408.0,1906.6,33.2,Tropical,Storm,Low
34,2024-03-01,NOAA1048,Mexico,29.4436,-111.6661,1452.6,9.8,16.1,1.9,8.5,0.0,57,24.6,S,884.4,1018.5,24,5,35.5,Medium,1.83,96,30.0,48.3,407.1,1881.1,48.7,Temperate,None,High
35,2021-08-21,NOAA1040,Canada,27.4621,-123.3009,853.0,30.3,35.2,26.3,5.0,0.0,42,43.5,S,852.9,1017.4,61,2,34.6,Medium,5.35,104,29.5,61.2,409.8,1995.6,54.7,Tropical,Rain,High
36,2021-09-14,NOAA1015,USA,38.3938,-100.2781,1788.4,29.5,35.2,22.8,23.9,0.0,51,18.4,NW,337.9,996.8,75,7,32.6,Low,5.67,87,28.5,42.2,421.5,1873.5,46.8,Tropical,Storm,High
37,2020-06-15,NOAA1015,USA,38.2478,-115.0776,1225.6,24.8,30.9,20.0,12.2,0.0,47,3.4,S,665.6,1006.8,89,8,26.0,Medium,4.19,108,29.8,56.4,433.3,1886.6,37.5,Tropical,Heatwave,Low
38,2023-01-20,NOAA1041,USA,46.8019,-76.882,214.2,2.3,5.3,-1.5,2.7,0.0,43,34.2,S,451.3,1002.9,59,5,33.3,High,2.23,134,29.7,57.4,427.3,1984.9,48.3,Polar,None,Medium
39,2024-02-13,NOAA1038,Canada,25.6208,-110.9513,2022.9,-3.1,4.1,-8.6,8.9,0.4,50,34.9,S,561.0,1011.1,97,3,34.5,Medium,0.84,113,24.6,57.3,435.0,1899.2,32.5,Continental,None,Medium
40,2021-12-13,NOAA1021,Canada,41.0832,-75.1092,989.4,-3.2,3.0,-6.9,12.3,18.9,55,37.0,N,463.9,1026.1,40,5,35.7,Medium,1.46,117,30.6,60.3,408.6,1882.4,41.0,Temperate,Fog,High
41,2022-08-04,NOAA1003,USA,37.4425,-88.5099,1495.5,35.8,40.5,33.5,3.3,0.0,49,13.5,E,842.1,1016.2,56,8,28.2,High,7.32,116,31.3,54.6,427.3,1891.9,40.5,Temperate,Coldwave,Medium
42,2020-07-09,NOAA1007,Canada,47.7295,-87.0805,461.9,33.6,41.2,29.8,14.7,0.0,50,32.3,W,767.8,1025.7,60,4,34.3,Medium,5.33,102,30.5,52.8,410.1,1985.3,24.4,Tropical,None,Medium
43,2024-05-01,NOAA1021,Mexico,31.4121,-123.8538,2178.2,21.4,28.4,15.9,20.4,0.0,60,30.4,E,457.2,1009.1,61,6,39.3,Low,4.74,108,24.5,46.2,421.7,1935.4,36.3,Tropical,Fog,Low
44,2023-03-17,NOAA1014,Canada,26.0475,-81.5518,2115.7,7.5,14.4,3.2,10.0,0.0,53,30.5,E,496.3,1020.2,4,3,37.1,Medium,2.31,101,31.2,53.8,422.5,1932.5,45.0,Polar,Heatwave,Low
45,2024-01-19,NOAA1026,Mexico,48.279,-119.7348,2344.6,-2.3,1.3,-8.0,8.3,7.9,43,5.5,SW,781.9,998.7,68,7,37.4,Medium,0.91,127,31.6,46.6,410.2,1873.2,49.3,Temperate,Rain,High
46,2023-11-02,NOAA1014,Mexico,27.1691,-68.2347,2281.1,15.2,21.4,12.6,9.3,0.0,49,9.2,S,822.7,1023.4,5,6,39.0,Medium,2.87,118,27.0,50.2,420.2,1927.3,37.5,Continental,Coldwave,High
47,2024-06-11,NOAA1010,USA,26.8952,-74.3621,1859.1,29.3,32.7,21.8,12.0,0.0,47,8.2,NW,610.3,1028.3,58,5,35.6,Medium,6.19,122,31.0,57.6,428.5,1828.3,36.4,Tropical,None,Medium
48,2021-12-08,NOAA1019,Mexico,48.0887,-84.6521,1370.5,6.8,10.6,-1.2,4.4,0.0,55,38.7,NE,289.8,1018.0,73,6,39.7,High,3.01,118,24.1,64.4,425.0,1899.5,32.8,Continental,Storm,Low
49,2023-03-05,NOAA1038,Mexico,36.9215,-72.4631,858.6,10.3,17.1,4.7,7.5,0.0,40,17.1,SE,596.7,1010.5,86,11,30.9,Medium,1.82,103,32.2,59.2,426.4,1924.6,50.9,Arid,Heatwave,Low
50,2023-04-01,NOAA1046,USA,27.1632,-107.1787,2242.4,14.3,17.4,11.5,15.6,0.0,55,25.2,SW,524.7,1009.2,34,3,34.6,Medium,3.79,119,30.8,48.1,421.9,1842.1,28.7,Arid,None,Medium
51,2020-06-03,NOAA1048,USA,45.6434,-82.7196,2939.8,25.1,32.9,18.3,11.2,0.0,45,17.7,W,111.1,996.7,68,2,30.8,Medium,5.11,109,28.0,60.8,432.6,1887.9,40.0,Arid,None,High
52,2021-04-23,NOAA1001,Mexico,46.2216,-91.9998,2745.8,13.3,16.6,10.9,12.8,0.0,57,37.4,S,619.4,1015.6,14,3,32.6,Medium,2.07,123,23.0,48.3,413.4,1920.8,52.3,Polar,Rain,Medium
53,2022-07-18,NOAA1042,Mexico,41.7156,-93.209,1762.0,30.6,37.0,23.3,17.9,0.0,56,30.2,NW,592.5,1010.3,35,1,42.2,Medium,5.02,115,30.0,58.2,423.7,1902.8,47.9,Temperate,Fog,Medium
54,2023-01-20,NOAA1022,USA,34.5554,-113.1809,366.5,2.9,10.0,-1.8,13.9,0.0,63,30.5,N,140.5,1024.6,42,4,51.9,Medium,2.01,104,22.2,58.4,427.7,1986.1,33.9,Tropical,Coldwave,Low
55,2024-07-23,NOAA1021,USA,43.9275,-90.029,831.8,34.5,42.4,26.6,15.3,0.0,51,25.2,E,187.9,1012.1,3,3,27.9,Medium,6.75,104,27.1,42.7,427.8,1841.9,46.3,Arid,None,Low
56,2024-02-28,NOAA1033,USA,42.896,-96.854,2334.1,2.4,7.5,-0.3,3.7,0.0,50,23.7,N,681.8,1006.9,84,9,31.8,High,1.65,102,24.7,57.7,421.2,1913.7,55.0,Continental,Heatwave,High
57,2020-08-09,NOAA1045,Canada,26.7638,-119.3949,1824.9,33.8,36.2,30.1,8.2,0.0,54,29.2,SW,404.7,1018.9,76,9,34.5,Medium,6.08,123,23.9,59.9,431.8,1928.0,38.9,Polar,Fog,Low
58,2022-05-30,NOAA1014,Canada,33.1344,-98.1506,1248.0,21.7,24.3,17.1,10.6,0.0,55,30.6,SW,862.9,999.3,87,8,31.6,Medium,4.92,99,26.7,59.6,430.8,1895.4,49.9,Arid,Rain,High
59,2020-05-02,NOAA1035,Mexico,32.9115,-117.0328,1060.8,15.6,21.6,9.1,8.1,0.0,57,39.3,N,874.7,1015.1,76,5,37.5,Medium,3.5,109,24.5,55.6,422.4,1960.6,42.5,Temperate,Storm,High
60,2022-01-22,NOAA1048,Canada,38.7784,-77.9884,2535.5,-0.3,7.5,-7.2,2.7,12.3,39,29.6,N,587.2,1014.0,84,5,19.8,High,0.5,121,33.5,55.7,424.1,1928.5,31.0,Tropical,Rain,High
61,2023-09-08,NOAA1004,USA,42.7833,-68.6068,275.3,17.9,23.1,13.6,31.4,0.0,65,21.5,E,396.0,1014.9,92,6,49.9,Low,3.82,78,26.0,37.4,436.4,1904.6,52.4,Polar,None,High
62,2020-06-16,NOAA1028,Mexico,35.1764,-89.3967,1242.6,28.7,32.0,23.6,29.1,0.0,60,16.8,NE,326.6,1011.0,86,10,41.8,Low,5.64,77,19.9,55.1,427.8,1925.8,50.9,Temperate,None,Low
63,2021-09-09,NOAA1049,USA,43.3399,-107.5015,360.0,20.1,25.1,15.5,21.7,0.0,54,7.6,SE,500.2,999.2,85,6,31.0,Low,4.74,85,23.9,48.3,431.6,1935.4,38.9,Temperate,Storm,High
64,2022-05-29,NOAA1025,Mexico,40.3634,-107.4976,1215.1,22.8,30.6,19.8,1.1,0.0,53,42.7,NW,765.6,1026.0,46,2,36.1,High,3.63,130,30.6,59.9,409.0,1831.9,39.6,Continental,Storm,High
65,2021-11-26,NOAA1021,USA,26.8331,-87.9062,1591.8,10.5,13.7,3.8,13.0,0.0,49,17.1,E,289.0,1022.0,18,5,29.5,Medium,2.78,96,23.5,59.0,408.5,1895.1,39.4,Continental,Heatwave,High
66,2024-04-05,NOAA1028,Mexico,47.1797,-91.824,1905.9,11.6,17.3,4.4,19.0,0.0,64,29.0,E,451.8,1012.5,60,8,46.9,Medium,3.33,89,23.8,42.0,427.6,1860.6,44.0,Continental,Heatwave,Low
67,2020-04-26,NOAA1018,USA,40.472,-68.29,270.9,13.9,19.5,9.6,6.7,0.0,50,27.0,N,459.8,1001.5,73,11,30.0,Medium,3.3,130,24.8,47.9,418.5,1902.3,21.7,Temperate,Storm,High
68,2020-06-21,NOAA1041,USA,25.9394,-83.6656,2973.0,27.6,32.7,21.9,13.8,0.0,59,17.6,S,409.9,1007.4,99,6,44.2,Medium,4.24,112,22.2,45.0,421.7,1895.5,38.2,Continental,Storm,Medium
69,2024-01-22,NOAA1009,Canada,26.956,-86.1741,2750.2,3.5,7.4,-2.4,22.8,0.0,67,30.5,E,576.0,1008.6,10,5,47.8,Low,1.81,103,27.4,52.0,410.2,1995.0,37.5,Polar,None,High
70,2023-10-05,NOAA1032,Canada,25.4375,-106.3946,2853.5,14.5,18.6,7.9,1.1,0.0,48,10.3,E,224.0,1017.6,37,2,33.7,High,3.25,136,25.1,56.2,422.5,2023.2,49.0,Polar,Rain,High
71,2022-02-10,NOAA1010,USA,44.9523,-80.0474,2427.1,2.5,5.5,-2.1,5.7,0.0,42,19.7,SE,875.7,1006.5,78,5,33.4,Medium,1.94,113,28.9,53.3,412.8,1892.5,39.6,Continental,Rain,Medium
72,2023-10-21,NOAA1028,Canada,43.4665,-79.6469,1508.7,12.8,17.3,9.8,7.7,0.0,57,10.6,E,798.4,1026.5,6,11,39.6,Medium,2.66,103,30.2,56.5,427.1,1899.7,51.8,Temperate,Storm,Low
73,2024-04-11,NOAA1017,Canada,46.7273,-115.6011,1312.4,16.3,24.0,13.0,6.3,0.0,43,21.4,SW,844.4,1009.5,53,1,28.4,Medium,3.19,122,33.4,54.3,432.7,1884.5,34.7,Temperate,Storm,Low
74,2024-09-14,NOAA1021,USA,28.3024,-107.6479,2489.3,29.6,35.8,26.8,3.9,0.0,57,32.3,NW,592.3,1001.8,10,1,36.0,High,6.11,136,33.4,60.2,424.5,1874.0,36.1,Continental,None,Medium
75,2021-05-01,NOAA1007,USA,30.7225,-87.5798,1868.4,19.6,22.0,12.6,6.3,0.0,47,23.5,N,605.6,993.0,73,4,36.4,Medium,3.52,98,29.6,51.7,425.5,1915.6,39.3,Continental,Rain,High
76,2023-09-30,NOAA1033,Canada,26.6243,-94.0146,1522.0,24.9,32.8,19.6,16.4,0.0,46,18.8,NW,134.8,1017.0,49,6,28.3,Medium,3.77,92,24.3,56.5,412.2,1904.0,46.0,Temperate,Coldwave,High
77,2024-03-29,NOAA1008,USA,33.4552,-104.7028,1928.4,3.3,10.3,-2.8,19.8,0.0,56,44.2,NW,605.4,1008.5,17,2,42.7,Medium,2.38,87,23.0,41.0,412.0,1911.2,18.1,Tropical,None,Medium
78,2021-09-27,NOAA1025,Mexico,36.3616,-121.9126,1940.7,22.2,25.9,15.0,10.4,0.0,57,4.1,SW,318.6,1018.1,47,7,46.1,Medium,4.82,118,25.8,48.5,406.7,1897.4,30.3,Continental,Storm,High
79,2021-06-30,NOAA1046,Canada,26.8942,-89.6602,2467.0,25.4,30.7,21.5,13.8,0.0,45,5.4,S,345.2,1008.2,77,7,26.2,Medium,4.7,119,22.0,60.5,426.1,1944.3,46.2,Arid,Coldwave,Medium
80,2021-07-16,NOAA1003,USA,41.1084,-100.846,1539.3,28.1,34.6,25.1,57.6,0.0,89,3.3,NW,127.8,1017.6,8,4,66.8,Low,4.95,71,20.1,21.8,418.4,1914.8,35.2,Tropical,Fog,Medium
81,2022-01-29,NOAA1028,USA,38.7741,-93.8208,1194.1,1.3,7.2,-2.2,11.8,2.3,53,33.6,NW,514.2,1012.0,71,2,33.3,Medium,0.72,121,24.2,56.3,420.9,1876.2,44.7,Continental,Rain,Low
82,2020-10-04,NOAA1028,USA,46.5683,-98.6287,263.4,15.7,21.8,8.6,10.3,0.0,43,15.7,SW,667.6,1015.3,70,9,26.7,Medium,2.95,104,29.5,63.4,436.6,1934.8,37.4,Tropical,Storm,High
83,2021-04-04,NOAA1012,USA,30.6817,-95.8407,1082.7,20.8,26.2,16.0,9.5,0.0,43,44.3,E,589.6,1007.6,11,2,27.0,Medium,5.12,125,27.9,60.6,402.2,1942.1,33.3,Polar,None,Low
84,2021-10-11,NOAA1004,Canada,36.18,-94.5105,385.0,10.7,17.7,5.4,13.5,0.0,63,27.3,E,446.1,1019.6,7,2,44.4,Medium,2.21,101,24.9,57.4,402.3,1909.4,46.2,Arid,Coldwave,Medium
85,2024-09-28,NOAA1016,USA,40.2414,-92.602,375.5,18.1,21.9,12.9,29.0,0.0,54,23.6,E,573.4,1017.1,74,3,32.5,Low,3.96,97,26.2,46.8,430.0,1938.6,40.7,Temperate,None,Low
86,2023-08-06,NOAA1016,Mexico,30.0594,-91.3882,1854.3,28.1,30.3,20.8,18.0,0.0,63,25.5,S,486.4,1019.6,87,7,40.9,Medium,4.36,90,22.1,49.3,413.2,1902.9,36.2,Continental,Rain,Medium
87,2023-05-27,NOAA1020,Mexico,32.6636,-67.6827,1036.1,23.9,28.3,17.3,17.1,0.0,49,24.1,NE,355.3,1023.3,59,2,30.6,Medium,4.08,93,21.2,60.4,416.4,1882.9,35.6,Polar,Heatwave,Low
88,2024-11-07,NOAA1020,Mexico,42.3071,-113.1795,478.0,12.9,20.9,8.1,26.1,0.0,55,39.8,NW,118.5,1016.3,50,9,37.8,Low,2.42,100,19.0,42.6,435.0,1869.0,30.0,Polar,Fog,High
89,2022-08-21,NOAA1034,USA,45.3321,-99.4371,2647.4,22.9,29.3,16.3,35.5,0.0,65,17.7,W,140.9,1014.4,71,4,43.3,Low,4.01,93,21.2,47.5,441.1,1891.9,40.4,Arid,Coldwave,High
90,2023-06-05,NOAA1008,USA,34.4537,-78.6909,1017.3,35.1,42.7,28.6,20.4,0.0,50,10.6,W,500.1,1006.7,5,1,29.2,Low,5.93,114,25.1,42.8,423.8,1975.3,50.8,Polar,Rain,Medium
91,2023-06-09,NOAA1010,Canada,48.7748,-81.8588,897.7,34.4,38.4,27.4,8.7,0.0,50,24.9,S,479.9,1012.3,2,6,32.3,Medium,5.38,122,28.7,61.6,426.2,2001.5,44.2,Temperate,Coldwave,Medium
92,2021-06-27,NOAA1049,Mexico,38.8632,-82.8802,1750.6,25.6,28.6,19.8,12.0,0.0,62,28.6,W,218.2,1004.9,87,4,35.9,Medium,5.74,100,23.9,52.8,406.8,1932.9,40.6,Continental,Rain,Medium
93,2023-11-15,NOAA1026,Mexico,43.5993,-71.5303,2618.5,3.8,10.2,1.4,3.9,0.0,43,7.9,SE,548.7,1001.0,84,8,30.5,High,1.2,112,28.6,58.7,417.9,1855.0,38.8,Polar,Storm,High
94,2024-04-30,NOAA1044,Canada,39.6418,-113.0409,739.6,16.0,21.3,12.7,3.8,0.0,57,43.8,S,716.9,1011.2,90,4,42.9,High,3.38,131,27.5,66.8,425.6,1974.0,49.0,Arid,Storm,Low
95,2023-03-20,NOAA1024,Canada,44.6411,-69.5873,2413.8,8.9,12.6,5.2,4.9,0.0,54,32.7,SW,839.2,1013.0,83,5,41.8,High,1.76,134,26.5,58.8,421.3,1872.9,41.2,Arid,Rain,Low
96,2023-06-14,NOAA1015,USA,26.2184,-72.4045,677.0,24.9,28.3,22.3,21.6,0.0,65,16.2,NW,180.4,1008.4,98,3,37.6,Low,4.84,93,23.7,57.9,415.6,1898.7,35.7,Continental,Heatwave,High
97,2021-02-12,NOAA1020,Canada,40.5016,-72.2476,268.4,0.1,5.5,-5.1,14.5,14.5,52,42.3,E,434.3,1024.1,22,1,44.4,Medium,0.81,121,23.2,57.7,398.7,1816.9,30.1,Arid,None,Low
98,2021-09-03,NOAA1038,USA,47.2829,-104.9026,1363.0,19.3,25.1,14.2,15.5,0.0,62,40.2,E,780.8,1001.7,59,5,38.5,Medium,3.12,99,28.4,55.2,413.8,1855.6,54.0,Tropical,None,High
99,2021-11-21,NOAA1036,Mexico,43.1748,-113.9968,2568.4,12.7,20.1,5.7,31.2,0.0,62,24.2,NE,420.7,1007.4,12,3,51.1,Low,2.86,88,17.3,42.1,414.2,1903.9,39.0,Continental,Storm,Medium
100,2021-09-10,NOAA1046,Mexico,25.2745,-86.74,2078.3,26.0,28.4,23.3,5.1,0.0,56,15.2,W,648.9,1011.1,90,5,42.2,Medium,5.18,117,27.4,51.9,417.0,1928.4,43.6,Tropical,Heatwave,Low
101,2022-07-20,NOAA1023,Canada,41.8466,-71.9706,2272.1,29.6,36.4,22.6,29.2,0.0,71,34.8,NE,520.4,1007.7,67,6,42.9,Low,5.57,78,26.0,53.5,412.5,1833.2,54.1,Tropical,Coldwave,High
102,2020-11-02,NOAA1020,Mexico,35.6042,-85.2232,2150.8,4.0,8.9,-3.4,6.6,0.0,43,21.2,N,462.7,1000.5,65,7,29.4,Medium,0.72,127,30.1,52.9,424.8,1848.8,54.0,Temperate,Heatwave,Medium
103,2024-07-30,NOAA1047,USA,38.8795,-121.4185,1033.6,22.7,25.1,14.7,39.6,0.0,58,42.2,NE,888.9,1020.8,60,1,37.2,Low,3.76,73,22.8,49.8,419.8,1886.6,50.8,Continental,Storm,Medium
104,2022-07-07,NOAA1024,USA,41.3855,-86.2778,1617.9,39.6,45.5,35.5,21.6,0.0,59,9.7,W,523.1,1014.4,93,4,46.7,Low,7.45,102,24.2,53.6,418.5,1900.7,42.8,Continental,Coldwave,Medium
105,2024-08-13,NOAA1015,Canada,33.3078,-108.288,2812.2,27.8,34.2,25.1,6.8,0.0,46,36.8,W,591.9,1000.0,2,4,27.5,Medium,4.37,100,27.8,60.0,424.4,1980.2,45.7,Temperate,Rain,High
106,2020-03-31,NOAA1028,USA,37.9542,-81.0,2328.2,8.1,10.9,0.1,19.5,0.0,58,12.1,SW,562.0,1015.0,98,11,45.7,Medium,1.69,94,30.0,50.7,427.9,1966.6,48.1,Continental,Storm,Medium
107,2020-05-04,NOAA1037,Mexico,46.8779,-88.3184,1281.6,14.6,19.6,6.8,4.0,0.0,54,42.5,W,728.6,1010.2,40,7,36.3,High,2.79,112,31.5,57.5,421.6,1842.6,44.6,Tropical,Storm,High
108,2020-10-22,NOAA1003,Mexico,34.9043,-100.2591,1590.0,10.9,15.2,7.4,6.7,0.0,53,16.2,NE,837.8,1005.2,47,2,37.7,Medium,3.29,101,26.0,60.1,428.4,1862.0,61.1,Polar,None,Low
109,2021-01-20,NOAA1046,Mexico,38.4124,-96.6745,2608.4,3.0,7.0,-4.7,15.3,0.0,62,2.7,SE,869.7,1017.9,15,8,50.0,Medium,1.84,102,25.1,47.1,407.8,1899.8,34.7,Arid,Storm,Medium
110,2022-08-12,NOAA1041,Canada,32.4021,-103.5003,2648.4,23.2,28.0,16.4,26.3,0.0,67,33.1,SW,831.5,1012.7,47,6,45.5,Low,4.61,92,25.8,37.2,434.2,1874.9,54.5,Polar,Coldwave,High
111,2024-01-14,NOAA1018,USA,29.7086,-110.8889,1709.4,3.8,7.3,-1.5,8.3,0.0,52,42.6,SW,305.9,1004.3,62,11,40.2,Medium,1.49,118,24.6,60.3,427.4,1829.5,49.2,Continental,Rain,High
112,2023-08-07,NOAA1033,USA,45.1376,-119.7632,2454.0,24.7,27.0,22.7,11.1,0.0,42,7.9,SE,154.4,1016.0,19,1,24.9,Medium,4.62,96,28.4,57.8,424.9,1922.4,48.6,Polar,Heatwave,High
113,2022-09-26,NOAA1000,Mexico,38.2394,-123.3245,1588.3,27.3,30.9,19.4,18.7,0.0,46,2.7,W,744.9,1000.8,22,2,38.9,Medium,5.14,101,22.2,51.2,419.5,1932.7,41.1,Arid,Storm,Medium
114,2020-06-10,NOAA1025,Canada,38.5601,-67.5567,677.6,29.8,35.9,22.7,11.2,0.0,52,30.1,N,174.8,1012.7,48,7,37.2,Medium,4.58,93,29.2,46.1,425.5,1901.1,40.2,Continental,Fog,Medium
115,2023-03-04,NOAA1033,USA,30.5144,-72.6274,2076.9,13.8,19.2,10.2,8.7,0.0,43,41.7,S,819.4,1001.8,72,11,22.6,Medium,3.93,116,23.0,49.8,424.0,1858.3,50.2,Tropical,Fog,Medium
116,2020-06-06,NOAA1010,Mexico,30.7713,-76.4249,1167.5,27.0,34.4,23.0,14.8,0.0,52,34.5,E,732.4,1024.6,88,2,36.4,Medium,6.0,93,22.3,47.2,421.6,1941.3,28.1,Temperate,Storm,High
117,2024-04-23,NOAA1038,Canada,48.2541,-105.3965,1902.4,17.1,23.8,12.4,24.8,0.0,68,11.8,W,445.5,1018.7,87,10,50.2,Low,2.74,98,26.8,51.9,420.4,1948.9,34.5,Temperate,Storm,Low
118,2022-02-17,NOAA1009,Mexico,34.3509,-103.4401,274.6,1.0,8.7,-3.7,0.6,15.2,55,6.4,NE,249.9,1009.4,57,9,39.4,High,0.97,105,25.7,60.8,431.6,1963.2,35.8,Polar,Coldwave,Medium
119,2024-11-03,NOAA1000,Canada,34.9314,-79.5874,2174.5,7.3,12.7,-0.7,10.6,0.0,53,12.4,E,648.3,1005.0,21,3,33.4,Medium,1.63,103,23.0,53.4,411.6,1822.7,30.3,Continental,Storm,Medium
120,2024-05-21,NOAA1023,Canada,47.6613,-82.9087,1487.4,17.7,23.4,13.0,21.7,0.0,50,7.8,N,859.1,1020.9,42,10,33.1,Low,4.38,111,22.9,55.5,418.3,1898.0,45.4,Polar,Rain,Medium
121,2021-10-18,NOAA1044,USA,36.4962,-113.8747,1194.7,12.5,16.4,6.1,17.7,0.0,64,29.2,SE,360.7,1022.3,35,7,42.6,Medium,3.74,99,26.5,52.1,433.0,1837.2,40.6,Polar,None,High
122,2022-08-03,NOAA1028,Canada,44.9508,-120.058,2543.4,27.9,34.7,21.9,8.1,0.0,45,8.0,S,293.6,1007.9,84,3,34.9,Medium,5.76,100,27.5,57.9,429.5,1956.8,35.4,Polar,Heatwave,High
123,2022-11-03,NOAA1034,USA,43.9773,-103.5068,2686.5,5.7,10.9,-0.1,18.8,0.0,59,5.7,SE,626.1,1007.4,45,3,43.7,Medium,0.94,111,30.0,47.2,414.4,1994.3,47.5,Continental,None,Low
124,2020-07-20,NOAA1014,Mexico,42.9245,-92.1944,2063.0,27.6,30.9,23.4,15.1,0.0,52,21.9,E,376.0,1008.1,3,8,30.1,Medium,4.97,94,22.4,61.3,416.9,1911.4,42.7,Tropical,Storm,Medium
125,2021-12-03,NOAA1013,Mexico,36.5902,-96.8587,1314.5,4.6,10.8,0.7,46.7,0.0,77,14.9,NE,118.1,999.0,43,11,47.6,Low,2.29,73,18.5,37.7,409.9,1935.4,32.4,Arid,Coldwave,Medium
126,2022-08-04,NOAA1025,Mexico,29.4268,-87.4927,1296.4,26.6,28.8,20.9,13.2,0.0,49,10.5,W,411.1,1008.9,90,4,29.6,Medium,5.49,95,27.5,59.4,421.8,1899.3,49.5,Polar,Rain,Medium
127,2021-10-29,NOAA1029,USA,31.2965,-74.8297,1583.1,27.1,32.9,21.5,8.6,0.0,46,28.3,NE,378.3,1023.6,58,10,27.0,Medium,5.41,115,32.0,57.5,410.9,1834.4,43.7,Tropical,Storm,Low
128,2021-05-03,NOAA1007,USA,33.9593,-115.9426,1165.4,23.0,28.6,17.6,16.7,0.0,54,20.2,NW,608.4,1019.6,88,11,44.7,Medium,3.8,98,25.7,44.5,424.1,1942.7,49.4,Arid,Heatwave,High
129,2020-04-19,NOAA1000,Canada,28.2768,-77.5327,2891.5,21.5,26.5,16.5,21.2,0.0,58,31.4,W,668.1,1010.0,56,8,35.3,Low,4.36,97,22.6,44.9,413.3,1872.4,44.0,Polar,Storm,Low
130,2024-05-17,NOAA1036,Mexico,43.5411,-95.7671,1532.4,23.7,29.1,20.1,17.9,0.0,59,25.4,SW,533.6,1014.5,96,1,45.5,Medium,4.44,100,30.4,43.1,420.4,1845.6,46.0,Tropical,Storm,Low
131,2022-07-10,NOAA1022,USA,35.5377,-67.3444,2326.9,33.6,37.0,26.7,50.5,0.0,73,27.3,SW,788.8,1015.1,78,11,50.0,Low,6.27,67,20.5,40.9,416.8,1921.5,40.4,Polar,Storm,High
132,2021-07-29,NOAA1034,USA,32.7677,-83.8689,868.0,35.8,39.4,28.7,3.3,0.0,55,44.4,NE,208.5,1009.4,96,7,45.2,High,7.35,109,31.2,51.0,421.6,1942.9,31.8,Tropical,Fog,Medium
133,2024-08-23,NOAA1048,Mexico,34.4248,-115.8962,1897.2,30.5,36.3,26.2,7.3,0.0,46,5.2,NE,422.3,1009.2,95,5,35.3,Medium,6.33,126,32.7,52.9,421.0,1914.7,35.8,Temperate,Fog,Low
134,2024-02-05,NOAA1040,Mexico,41.7349,-75.5439,2387.0,2.5,6.9,-5.3,1.4,0.0,49,37.5,NW,314.8,1008.6,36,6,35.1,High,0.64,134,32.5,67.2,435.0,1842.1,22.4,Temperate,None,Low
135,2023-07-06,NOAA1001,USA,47.3064,-114.9949,1369.6,32.8,40.8,28.2,8.8,0.0,54,44.8,E,805.7,1022.0,38,3,43.8,Medium,6.67,101,29.3,50.6,430.5,1891.1,30.8,Arid,Fog,High
136,2020-12-04,NOAA1025,Mexico,32.3322,-84.1318,702.4,1.5,7.4,-4.7,21.0,0.0,48,22.5,E,574.9,1000.8,66,11,32.7,Low,0.5,105,27.9,59.3,414.5,1898.2,41.9,Continental,Fog,Low
137,2022-09-05,NOAA1014,Canada,27.1439,-78.0605,309.6,23.0,27.2,19.2,17.3,0.0,47,18.5,E,613.3,1013.6,86,3,26.0,Medium,4.58,97,25.1,55.8,418.2,1938.0,37.3,Tropical,Heatwave,High
138,2023-11-07,NOAA1013,USA,46.5182,-116.0193,369.5,11.0,17.4,6.9,13.0,0.0,56,20.5,E,298.2,1015.7,82,2,35.2,Medium,2.85,110,29.5,57.3,423.7,1922.8,43.6,Arid,Rain,High
139,2023-05-27,NOAA1012,Mexico,34.402,-87.1683,2351.4,24.6,31.4,21.2,32.3,0.0,70,18.6,SE,499.7,1023.0,76,2,49.5,Low,5.65,95,26.3,36.5,423.9,1858.8,39.6,Polar,Heatwave,Medium
140,2023-01-23,NOAA1048,Canada,47.9069,-80.0891,50.1,2.5,4.9,-1.1,6.9,0.0,44,3.7,N,858.9,1012.7,50,9,27.4,Medium,1.8,124,27.5,54.6,408.6,1905.1,34.6,Polar,Coldwave,High
141,2020-11-08,NOAA1005,Canada,26.8965,-71.5073,2922.9,12.4,15.3,8.4,7.7,0.0,47,27.2,NE,348.1,1010.8,55,4,25.8,Medium,2.03,124,24.2,58.4,419.8,1893.1,34.5,Temperate,Storm,High
142,2024-02-27,NOAA1007,USA,41.9896,-84.0145,491.5,12.9,20.6,7.8,8.8,0.0,45,35.7,S,233.6,1019.3,16,5,35.2,Medium,2.17,97,26.2,54.2,423.4,1861.3,39.6,Polar,None,Medium
143,2023-12-29,NOAA1040,USA,36.9075,-94.8854,166.3,2.0,9.2,-1.0,4.6,3.1,55,35.3,NE,282.7,1017.2,65,1,31.2,High,2.03,115,24.3,55.0,434.3,1864.9,40.3,Tropical,Rain,Low
144,2023-02-06,NOAA1026,USA,32.7232,-100.2734,2160.9,1.9,5.5,-0.6,12.5,7.5,62,23.6,N,243.5,1005.0,66,1,50.7,Medium,0.5,121,30.5,59.2,417.8,1971.9,45.1,Arid,Storm,Low
145,2023-02-06,NOAA1000,Canada,29.8161,-91.863,911.7,0.7,6.4,-4.1,20.2,11.8,61,23.2,SE,686.0,1015.2,69,4,37.1,Low,1.97,85,22.3,46.8,413.6,1972.5,42.9,Temperate,Storm,Low
146,2024-04-03,NOAA1047,Mexico,32.3803,-112.3039,2949.3,17.6,22.1,9.8,21.7,0.0,60,43.8,E,669.3,1021.4,11,1,48.7,Low,4.43,116,23.7,57.1,415.7,1952.7,41.6,Continental,Fog,Low
147,2023-04-04,NOAA1032,USA,40.2932,-101.522,1775.7,24.3,26.7,18.3,7.4,0.0,42,7.6,S,308.8,1010.0,40,7,32.6,Medium,5.12,117,27.7,51.0,421.6,1858.7,35.8,Tropical,Rain,High
148,2020-08-11,NOAA1006,USA,35.7896,-106.1001,362.2,32.5,36.6,25.9,28.7,0.0,56,21.4,NW,312.0,1026.8,15,2,33.7,Low,6.25,78,20.0,52.8,423.5,1901.5,41.0,Tropical,None,High
149,2021-05-23,NOAA1025,Mexico,26.1748,-106.9661,2460.3,24.5,27.5,16.8,5.3,0.0,49,38.7,SE,175.8,1021.7,13,3,28.2,Medium,3.8,113,25.0,63.8,419.1,1937.3,47.0,Arid,Fog,High
150,2023-08-13,NOAA1037,Mexico,31.2117,-77.6734,65.4,22.5,24.9,15.1,6.0,0.0,40,21.1,E,173.6,1014.8,42,2,20.7,Medium,4.3,109,32.7,55.7,428.4,1967.4,36.3,Continental,Heatwave,Low
151,2022-02-22,NOAA1011,Canada,30.1532,-113.3324,839.6,7.3,14.6,5.1,12.9,0.0,55,28.6,SE,617.8,999.9,63,7,44.6,Medium,2.05,97,24.6,46.3,415.4,1932.0,41.4,Tropical,Fog,High
152,2021-05-25,NOAA1034,USA,48.7457,-79.4308,1077.3,24.1,29.4,19.2,4.1,0.0,57,41.2,SW,410.7,1008.0,23,1,37.0,High,4.05,117,24.6,67.8,423.2,1919.8,42.1,Polar,Storm,High
153,2021-04-21,NOAA1006,USA,40.7647,-108.808,2448.9,13.8,21.3,11.5,7.5,0.0,44,44.8,SE,560.6,1015.6,49,6,37.8,Medium,4.05,108,24.9,58.1,417.7,1834.0,39.6,Arid,Coldwave,Low
154,2023-12-11,NOAA1036,Mexico,28.4105,-69.943,2510.1,1.4,8.3,-6.4,27.6,10.8,62,9.5,N,172.2,1022.2,29,10,38.9,Low,1.26,77,21.4,48.5,406.1,1885.5,31.0,Tropical,Storm,High
155,2020-12-29,NOAA1003,USA,28.5451,-83.8323,425.0,-3.2,-0.5,-8.4,29.3,7.3,62,5.1,W,568.8,1000.6,43,5,40.6,Low,1.47,102,25.6,54.6,417.8,1816.2,42.0,Arid,Rain,High
156,2023-02-24,NOAA1022,USA,40.9728,-77.5761,1135.2,2.0,8.4,-1.8,30.6,3.6,72,2.1,W,780.6,1025.0,98,10,42.9,Low,1.5,88,23.7,36.8,426.8,1886.1,37.2,Continental,Rain,Medium
157,2024-03-06,NOAA1015,Canada,48.5771,-114.4304,2656.0,8.7,11.2,2.4,48.3,0.0,65,29.5,SW,457.3,1015.9,33,4,41.5,Low,1.44,72,20.8,40.3,430.4,1887.9,43.0,Temperate,Heatwave,Medium
158,2024-02-09,NOAA1010,Canada,36.834,-102.4134,1638.1,1.7,4.3,-3.2,8.4,17.3,53,30.0,SE,230.1,1018.8,9,1,33.8,Medium,0.89,102,23.6,49.2,420.4,1929.3,39.4,Continental,Rain,High
159,2020-06-02,NOAA1005,Canada,39.2567,-89.0223,1448.2,28.3,30.5,20.6,1.5,0.0,52,9.1,W,225.7,1014.1,12,6,31.7,High,4.62,138,31.8,63.8,423.6,1894.7,48.7,Arid,Fog,Medium
160,2021-09-01,NOAA1006,USA,34.4297,-92.6692,1472.8,15.6,17.9,13.6,72.5,0.0,85,5.8,NW,259.7,1021.9,3,4,54.2,Low,2.92,37,11.6,16.1,411.7,1924.5,31.6,Continental,Heatwave,Medium
161,2023-09-15,NOAA1005,Mexico,38.059,-113.4618,2656.5,21.5,25.7,16.8,44.5,0.0,69,13.3,NW,310.7,1017.4,34,10,41.3,Low,4.73,66,14.7,34.6,412.7,1898.8,56.0,Polar,Heatwave,High
162,2021-04-10,NOAA1003,Canada,44.6417,-100.138,1606.5,19.9,27.1,15.1,16.8,0.0,62,39.9,NW,339.1,1021.8,50,1,43.4,Medium,4.79,97,22.0,56.7,429.5,1925.5,30.9,Tropical,Rain,Low
163,2024-07-13,NOAA1008,USA,35.161,-67.668,1306.2,37.5,45.5,31.7,4.7,0.0,43,37.9,S,355.8,1021.0,93,2,23.5,High,6.74,135,27.1,53.2,418.0,1913.6,51.5,Continental,None,High
164,2023-06-30,NOAA1033,Canada,27.7005,-115.4704,1699.8,30.3,35.8,22.5,17.4,0.0,63,6.3,NE,550.1,1022.5,12,5,50.0,Medium,6.31,113,23.3,54.4,410.2,1923.9,45.6,Polar,Coldwave,Medium
165,2020-03-17,NOAA1017,Canada,28.4525,-89.3066,2081.0,8.8,11.0,1.5,33.2,0.0,59,16.3,SE,139.4,1014.0,60,5,47.7,Low,1.36,90,19.8,50.3,411.8,1848.9,26.9,Temperate,Rain,Low
166,2021-09-07,NOAA1049,Canada,31.4661,-100.244,1936.7,20.5,23.6,17.2,36.7,0.0,71,37.4,NW,707.6,1007.9,47,1,49.9,Low,3.39,87,22.9,39.7,409.4,1965.7,48.1,Polar,Coldwave,Low
167,2020-12-21,NOAA1012,USA,30.9878,-97.9824,2754.1,-0.8,5.4,-4.4,52.7,16.5,72,23.7,NE,644.9,1013.5,30,6,50.2,Low,0.77,82,17.7,30.6,429.0,1881.8,39.8,Tropical,Storm,High
168,2024-08-28,NOAA1018,USA,34.2776,-114.7143,1716.8,25.4,33.2,18.3,2.9,0.0,38,29.8,SE,315.3,1021.2,52,9,18.9,High,5.37,102,29.0,51.2,439.5,1955.4,44.5,Tropical,Coldwave,Low
169,2021-04-03,NOAA1038,Canada,42.1058,-83.566,826.1,18.4,25.8,11.3,24.2,0.0,57,21.7,SE,473.4,1011.0,86,9,45.1,Low,3.55,86,19.0,57.9,423.1,1892.4,44.4,Arid,Coldwave,High
170,2023-05-01,NOAA1018,Canada,41.4259,-96.5409,1008.9,21.9,25.6,17.9,5.7,0.0,57,13.9,S,250.7,1005.1,66,4,46.3,Medium,4.9,124,30.2,60.8,411.2,1907.2,51.1,Temperate,Fog,Medium
171,2021-08-28,NOAA1026,Canada,34.3186,-121.9868,2124.2,33.7,39.1,30.6,2.8,0.0,44,33.2,SE,649.1,1008.2,81,8,37.3,High,6.4,134,27.3,52.0,407.3,1894.6,38.7,Polar,Rain,Medium
172,2020-07-18,NOAA1008,Mexico,31.2076,-77.9244,2288.8,27.1,30.2,21.0,19.9,0.0,61,16.4,NE,277.8,1008.2,28,5,41.4,Medium,5.84,108,22.6,45.9,422.6,1836.3,43.5,Temperate,Heatwave,Low
173,2024-11-09,NOAA1037,Mexico,47.6632,-119.9407,2668.3,8.9,13.9,1.7,19.9,0.0,66,18.4,S,430.5,1008.4,19,3,54.1,Medium,2.02,114,21.5,57.3,420.5,1918.9,41.1,Tropical,None,Medium
174,2021-11-12,NOAA1011,Canada,40.228,-123.7313,820.6,13.8,20.4,10.8,17.7,0.0,65,34.9,NW,728.2,1007.4,99,2,39.6,Medium,2.94,114,24.6,60.5,414.7,1843.9,54.0,Continental,None,Low
175,2022-12-29,NOAA1046,Canada,47.8016,-73.1556,2270.5,-3.0,2.2,-5.1,7.4,0.1,45,33.5,SE,654.8,1019.4,44,5,25.6,Medium,0.5,116,24.8,62.8,415.5,1972.8,33.4,Arid,Storm,Medium
176,2024-01-30,NOAA1038,Mexico,33.108,-73.3855,2986.4,2.0,6.1,-5.4,6.8,7.2,55,10.1,W,115.3,1003.5,28,3,33.9,Medium,0.5,130,25.0,53.9,422.5,1925.4,43.3,Temperate,Heatwave,High
177,2021-06-07,NOAA1039,USA,39.2542,-121.2663,324.3,27.3,34.3,25.0,12.0,0.0,59,7.0,NW,404.2,1022.8,70,5,40.9,Medium,4.4,93,25.0,57.2,433.0,1838.5,42.1,Polar,Storm,High
178,2023-05-25,NOAA1026,USA,37.278,-88.7912,848.1,27.8,34.5,22.8,2.4,0.0,40,28.2,S,765.2,1006.6,25,6,31.3,High,4.76,104,29.9,67.0,433.1,1967.1,35.6,Continental,Storm,Low
179,2020-01-06,NOAA1042,USA,46.7651,-76.3918,2007.1,3.3,6.2,0.8,38.2,0.0,57,24.0,NE,823.8,1004.2,82,4,39.2,Low,2.45,82,20.1,32.9,414.3,1876.5,38.4,Tropical,None,Medium
180,2022-01-07,NOAA1027,Mexico,27.7816,-75.479,2670.9,-2.0,0.1,-4.8,13.7,12.9,53,16.1,NW,864.1,1014.9,34,2,35.1,Medium,0.5,98,25.6,62.4,407.6,1913.2,46.7,Arid,Heatwave,High
181,2024-10-08,NOAA1026,Mexico,46.267,-114.4936,397.5,9.0,15.4,1.1,17.6,0.0,60,38.3,NE,432.8,1018.6,75,8,46.8,Medium,2.71,98,26.7,56.8,435.6,1889.6,53.8,Polar,None,High
182,2024-12-07,NOAA1030,Canada,27.7105,-100.5568,137.9,2.4,6.0,-1.5,7.5,0.0,43,32.3,SE,882.3,1017.3,85,6,30.4,Medium,1.74,103,27.5,60.8,412.6,1906.8,28.7,Continental,Storm,High
183,2023-10-17,NOAA1024,USA,45.1368,-92.1744,2963.4,16.6,18.9,10.7,6.0,0.0,58,8.7,NW,781.5,1023.5,21,2,44.6,Medium,3.13,120,33.2,48.0,410.3,1878.6,28.7,Tropical,Coldwave,High
184,2022-02-14,NOAA1015,USA,36.0183,-78.3281,1344.3,3.3,10.4,-1.4,23.1,0.0,60,7.1,NW,696.2,1031.6,2,2,40.5,Low,0.57,116,19.2,40.3,423.1,1907.7,37.5,Polar,Coldwave,High
185,2021-09-15,NOAA1035,USA,40.7103,-97.9961,1022.6,24.5,31.5,17.6,11.8,0.0,58,38.3,SW,548.1,1004.4,79,10,40.2,Medium,4.99,121,23.2,59.3,412.9,1871.8,38.1,Tropical,None,Medium
186,2021-12-28,NOAA1018,Mexico,37.5276,-83.9805,137.3,2.3,5.3,-0.5,22.1,0.0,68,32.8,W,185.6,1004.2,78,4,42.6,Low,2.21,107,21.6,55.4,402.8,1915.5,59.9,Tropical,Fog,Medium
187,2020-08-08,NOAA1002,Mexico,45.0992,-90.4378,2316.4,30.0,34.7,24.0,24.0,0.0,62,43.1,E,871.1,1009.9,0,9,47.2,Low,5.61,108,27.4,47.7,423.7,1882.5,49.3,Polar,Rain,High
188,2023-03-30,NOAA1046,USA,27.4853,-86.5213,1818.5,12.3,16.2,5.0,20.5,0.0,52,20.0,SE,318.9,1011.6,43,5,35.6,Low,2.11,110,25.9,57.5,414.0,1921.5,32.8,Polar,Storm,High
189,2023-01-26,NOAA1045,Mexico,47.4523,-87.9428,602.7,1.1,6.8,-2.6,13.2,6.9,52,30.9,E,503.1,1011.2,88,11,33.6,Medium,0.5,113,27.3,55.1,421.6,1998.6,37.6,Continental,Fog,High
190,2024-09-19,NOAA1018,Canada,44.3993,-94.2044,75.8,21.4,24.3,15.4,19.6,0.0,63,10.6,E,886.8,1004.5,87,5,38.4,Medium,3.33,103,22.1,51.0,417.6,1875.6,38.5,Arid,Heatwave,Low
191,2023-06-15,NOAA1014,Mexico,40.5309,-101.8335,1532.8,28.2,35.0,22.0,19.6,0.0,63,31.8,N,841.2,998.6,49,7,51.4,Medium,6.18,105,29.8,41.3,414.8,1784.5,42.3,Arid,Rain,High
192,2024-11-14,NOAA1014,Mexico,41.9111,-87.085,2265.3,10.1,15.4,4.5,6.7,0.0,53,35.4,SE,335.3,1025.2,22,11,30.3,Medium,3.44,130,24.5,47.5,429.8,1891.5,51.9,Arid,Coldwave,Medium
193,2020-09-23,NOAA1037,Canada,25.1355,-97.4191,2812.5,24.6,26.8,17.0,10.1,0.0,46,27.7,S,492.4,1008.5,73,9,29.9,Medium,5.26,114,27.7,64.1,416.7,1885.3,34.3,Polar,None,High
194,2020-11-22,NOAA1034,Mexico,34.682,-104.084,2650.2,10.2,16.2,6.2,7.8,0.0,52,14.6,NW,897.3,1014.3,96,11,28.5,Medium,2.87,125,25.5,58.9,420.0,1917.5,49.5,Polar,Rain,Low
195,2023-10-29,NOAA1024,USA,34.261,-93.2065,848.5,20.8,28.3,13.9,3.1,0.0,46,18.1,NW,489.4,1004.6,37,11,27.3,High,4.15,107,25.9,67.6,418.3,1894.9,47.9,Polar,Coldwave,Low
196,2023-07-07,NOAA1013,Mexico,40.1083,-111.849,2056.2,29.0,36.0,25.8,4.5,0.0,39,37.6,W,617.2,1017.3,9,11,21.8,High,5.27,121,24.3,49.2,426.1,1876.9,19.3,Tropical,Storm,High
197,2020-05-24,NOAA1014,Canada,34.7832,-98.2858,1213.3,19.8,23.7,15.5,17.8,0.0,63,7.1,N,613.1,1005.0,79,2,48.2,Medium,4.14,91,24.1,51.2,419.8,1821.6,56.5,Arid,Fog,Medium
198,2023-05-27,NOAA1018,Canada,34.1539,-77.139,92.5,17.2,20.1,13.9,12.9,0.0,44,34.1,S,868.1,1011.6,18,5,33.6,Medium,4.41,115,31.3,43.8,433.7,1845.1,27.1,Polar,Rain,Low
199,2020-03-26,NOAA1036,Mexico,34.458,-92.791,255.4,15.9,19.2,9.5,11.3,0.0,41,33.2,SE,430.1,1022.1,82,9,23.0,Medium,2.75,109,24.1,48.0,411.0,1836.0,36.7,Polar,None,High
200,2022-08-02,NOAA1035,USA,31.9757,-120.1603,294.6,29.6,36.0,24.7,25.3,0.0,70,16.2,E,637.0,1018.9,30,2,45.6,Low,4.58,91,21.9,46.4,422.4,1952.1,52.5,Polar,Fog,Medium
201,2023-11-21,NOAA1009,Mexico,38.6047,-77.9611,2876.0,9.1,12.1,5.2,7.0,0.0,57,35.8,W,321.3,1013.7,46,3,42.8,Medium,2.03,128,27.9,53.7,433.8,1890.8,40.7,Arid,Heatwave,High
202,2020-08-10,NOAA1041,Mexico,26.9674,-108.0049,2479.3,30.9,38.2,27.7,9.2,0.0,45,33.5,NE,681.9,1002.2,2,9,33.6,Medium,6.26,120,30.4,49.7,412.2,1948.0,34.7,Temperate,Coldwave,Medium
203,2023-01-18,NOAA1030,Mexico,43.6047,-103.1483,669.9,-3.2,3.4,-9.6,19.7,5.8,63,22.0,NE,417.4,1015.3,64,1,46.7,Medium,1.22,95,27.6,43.0,414.3,1868.7,47.0,Tropical,Rain,High
204,2023-03-04,NOAA1047,Mexico,36.6041,-103.5487,656.5,12.4,17.3,10.0,32.0,0.0,58,17.9,N,634.9,1010.4,66,6,38.8,Low,3.7,75,17.4,47.0,418.0,1953.1,44.4,Temperate,Fog,High
205,2023-07-21,NOAA1047,Canada,38.8872,-91.5009,1130.0,32.8,37.1,27.3,50.5,0.0,73,40.6,NE,513.3,1024.6,48,4,51.4,Low,5.63,76,17.2,34.4,434.4,1929.8,44.7,Polar,None,High
206,2024-12-11,NOAA1028,USA,30.5198,-94.6711,842.4,-1.4,1.5,-4.3,17.4,12.0,49,37.1,SE,431.7,1004.6,42,2,34.0,Medium,0.75,100,26.6,54.2,404.3,1982.2,31.2,Continental,None,Low
207,2020-03-29,NOAA1036,Mexico,28.8671,-88.1162,117.6,9.1,14.5,6.8,10.7,0.0,45,13.1,E,513.3,1002.3,51,10,39.0,Medium,2.64,112,31.8,49.0,427.3,1912.2,42.1,Polar,Heatwave,Medium
208,2020-12-15,NOAA1026,Mexico,28.4251,-90.7892,2302.5,5.4,11.1,0.3,6.6,0.0,45,9.2,SW,837.9,1016.9,76,10,24.6,Medium,1.57,106,24.4,50.7,425.9,1926.5,49.4,Polar,Fog,Medium
209,2024-08-19,NOAA1038,USA,29.2581,-72.6083,1799.4,30.7,38.0,25.5,12.4,0.0,46,34.4,NE,485.8,1012.3,16,10,32.8,Medium,4.61,119,27.1,51.2,415.8,1923.5,49.9,Temperate,Fog,High
210,2022-05-28,NOAA1030,Canada,33.4124,-78.1366,2723.6,22.1,29.1,16.6,16.8,0.0,52,20.3,S,481.7,1026.6,29,2,32.9,Medium,5.07,114,23.4,41.7,404.8,1903.1,54.5,Temperate,Coldwave,High
211,2020-08-29,NOAA1000,Canada,40.7091,-84.7973,947.7,32.5,36.7,29.6,17.0,0.0,61,30.0,S,309.0,1020.2,68,7,43.7,Medium,6.1,113,28.3,49.8,418.9,1851.0,38.3,Polar,Heatwave,Low
212,2022-01-28,NOAA1035,Canada,31.0907,-106.5208,1033.1,-2.4,3.8,-8.8,8.2,17.1,56,30.3,SE,457.3,1017.7,89,3,32.8,Medium,0.66,117,31.0,58.2,425.8,1957.9,35.9,Temperate,Rain,Medium
213,2023-07-26,NOAA1005,USA,36.32,-89.786,264.4,26.6,30.2,22.4,16.4,0.0,44,28.2,W,844.5,1024.6,51,10,33.3,Medium,4.56,91,30.4,58.2,413.7,1925.9,39.0,Continental,Heatwave,Low
214,2021-02-17,NOAA1018,USA,25.8066,-89.8276,1547.4,4.7,8.1,1.7,6.1,0.0,54,3.6,SE,624.0,1009.5,20,2,45.7,Medium,2.26,120,30.2,55.1,413.5,1816.2,44.7,Tropical,Coldwave,Low
215,2024-02-18,NOAA1005,Mexico,31.8279,-76.7034,2745.0,4.4,8.5,-3.4,2.4,0.0,38,13.9,SE,463.8,1024.7,51,10,18.7,High,1.01,134,25.5,50.2,407.8,1950.5,35.6,Arid,Storm,Low
216,2024-07-02,NOAA1016,Mexico,44.5155,-91.231,2082.6,41.2,49.0,35.8,8.3,0.0,55,35.1,SW,869.0,1014.5,58,11,37.9,Medium,7.35,97,27.7,51.0,434.9,1975.5,53.0,Continental,Fog,Low
217,2023-10-18,NOAA1020,Canada,47.9307,-94.5593,29.2,20.8,27.8,17.3,7.9,0.0,46,6.0,SW,160.8,1019.6,22,8,29.2,Medium,3.56,114,24.9,61.0,413.5,1899.9,38.6,Tropical,Heatwave,High
218,2021-02-12,NOAA1047,USA,45.9458,-112.2136,608.3,1.2,4.7,-4.5,21.9,3.1,55,6.6,NE,640.6,1020.6,84,8,40.3,Low,1.71,117,29.1,56.0,397.8,1932.0,36.5,Arid,Coldwave,Medium
219,2022-10-05,NOAA1017,Canada,29.3889,-80.437,1533.4,13.5,17.9,7.0,6.4,0.0,56,7.5,W,482.7,1011.9,69,1,39.2,Medium,2.81,109,28.0,49.2,432.1,1925.2,31.8,Polar,Heatwave,Medium
220,2023-11-12,NOAA1000,Mexico,30.0581,-90.8825,976.3,16.4,22.1,12.8,30.3,0.0,53,25.6,SE,315.5,1017.7,78,6,35.0,Low,3.46,87,21.6,49.9,429.2,1887.8,49.6,Arid,Heatwave,Medium
221,2022-07-12,NOAA1036,USA,48.5025,-84.8973,2442.6,23.3,29.6,16.5,4.1,0.0,42,25.9,W,256.9,1015.8,94,3,29.0,High,3.51,126,29.0,67.9,421.1,1829.3,42.6,Polar,Coldwave,High
222,2021-10-08,NOAA1019,Canada,38.4913,-91.6334,1195.2,16.4,22.5,14.0,9.1,0.0,55,37.0,NW,771.2,1000.2,12,8,42.4,Medium,2.98,118,28.3,64.1,417.0,1916.1,38.5,Arid,Storm,Low
223,2022-04-23,NOAA1022,Mexico,48.1148,-112.6594,1727.7,21.6,27.5,18.6,4.8,0.0,40,35.6,SW,360.1,1012.6,65,8,32.4,High,4.13,105,27.6,53.3,419.8,1970.9,53.3,Tropical,Rain,High
224,2024-07-12,NOAA1026,Mexico,39.6954,-100.928,2721.2,29.2,31.7,25.1,8.0,0.0,49,15.5,S,668.3,1016.8,77,11,32.6,Medium,6.16,120,30.5,56.4,423.2,1877.1,42.8,Continental,Heatwave,Low
225,2021-01-11,NOAA1008,Mexico,30.6311,-109.6561,2231.6,1.5,8.0,-1.8,5.6,7.9,38,6.1,NW,538.7,1005.9,3,7,27.0,Medium,2.22,105,26.2,50.3,418.2,1914.7,47.3,Continental,Storm,Low
226,2021-05-21,NOAA1028,Mexico,28.0339,-93.9757,511.8,18.8,21.0,14.7,35.5,0.0,65,41.4,NW,473.8,1010.8,69,5,46.3,Low,3.09,103,17.9,44.2,415.8,1899.4,40.8,Polar,Heatwave,High
227,2023-08-03,NOAA1034,Canada,46.8142,-96.5459,681.4,25.5,28.0,21.7,2.2,0.0,56,19.7,E,342.9,1004.8,0,9,44.2,High,5.52,124,27.3,59.6,420.5,1920.6,27.5,Continental,Heatwave,Medium
228,2020-01-19,NOAA1018,Mexico,30.5492,-123.5886,1120.9,-1.1,3.4,-6.5,23.3,7.9,61,9.0,W,762.7,1003.0,28,5,36.0,Low,1.09,114,26.8,56.5,409.3,1996.6,40.6,Arid,Storm,High
229,2024-03-01,NOAA1017,Canada,29.512,-120.0976,409.9,11.4,14.1,6.7,6.6,0.0,55,21.5,NW,250.2,1010.5,2,3,31.3,Medium,2.78,109,33.1,52.3,414.1,1867.6,41.6,Tropical,Fog,Medium
230,2024-01-29,NOAA1014,USA,28.6164,-95.866,1025.7,5.6,9.5,-1.2,5.4,0.0,38,44.9,NW,657.5,1013.5,4,6,19.9,Medium,2.34,108,24.2,62.8,417.6,1906.1,43.0,Temperate,Coldwave,Medium
231,2021-01-06,NOAA1016,Canada,44.878,-117.0482,2304.4,8.2,11.7,1.6,12.5,0.0,48,21.0,N,259.3,1006.4,94,2,33.9,Medium,3.19,122,25.8,63.0,423.5,1936.2,21.1,Arid,Rain,High
232,2024-01-31,NOAA1047,Mexico,37.5022,-109.5612,1915.6,-3.0,0.2,-10.3,20.8,17.3,48,11.4,NE,288.8,1029.5,55,6,25.8,Low,1.14,91,23.8,44.5,431.2,1902.3,34.8,Temperate,Coldwave,High
233,2022-08-31,NOAA1009,Canada,43.4991,-109.8228,1499.8,29.8,35.9,25.8,7.8,0.0,58,43.7,N,147.8,1017.8,82,3,43.8,Medium,6.05,105,27.9,52.4,416.1,1861.9,41.0,Polar,Fog,Medium
234,2024-07-07,NOAA1046,USA,25.5125,-102.4672,2173.2,37.5,41.0,35.3,17.0,0.0,59,32.4,S,534.2,1011.0,62,4,42.4,Medium,6.71,108,28.1,47.0,417.1,1920.5,42.5,Polar,Coldwave,Low
235,2020-05-21,NOAA1009,Canada,32.0961,-108.9891,1101.3,21.9,23.9,16.1,12.7,0.0,58,18.3,E,806.3,1007.1,79,6,45.0,Medium,3.76,96,28.4,54.4,418.6,2027.7,42.4,Continental,Rain,High
236,2023-10-31,NOAA1049,Mexico,28.6992,-107.8616,1229.4,14.0,17.9,11.4,9.4,0.0,55,30.3,N,768.2,1022.2,16,3,44.5,Medium,2.5,126,24.6,45.9,405.4,1908.0,42.9,Continental,Fog,Medium
237,2022-12-12,NOAA1044,Mexico,31.1425,-103.1178,1817.9,7.5,9.9,-0.1,29.8,0.0,71,11.0,NW,842.7,1017.3,10,8,54.5,Low,1.25,110,25.0,52.9,420.5,1934.1,43.9,Arid,Fog,Low
238,2024-08-13,NOAA1017,Mexico,25.9757,-119.9879,911.7,26.6,34.3,18.8,7.7,0.0,58,6.2,SE,525.3,1021.2,24,4,41.0,Medium,4.49,108,28.7,57.3,417.9,1919.3,35.6,Temperate,Fog,High
239,2022-01-03,NOAA1044,Mexico,35.2498,-118.0662,2377.4,-1.1,4.2,-6.1,16.7,13.2,59,25.0,NW,846.8,1019.1,40,9,49.2,Medium,0.5,111,24.9,54.3,436.5,1857.3,40.2,Arid,Coldwave,Low
240,2023-02-27,NOAA1013,Canada,43.377,-71.2096,762.3,8.6,16.4,3.9,12.5,0.0,59,19.1,N,886.4,1016.6,76,1,41.6,Medium,3.28,111,21.9,63.4,429.2,1957.3,30.5,Tropical,Storm,Low
241,2024-04-29,NOAA1035,Mexico,38.3518,-71.2224,464.1,15.0,17.2,10.9,13.7,0.0,51,8.0,SW,811.7,1010.9,31,4,31.8,Medium,2.85,116,27.3,47.5,424.6,1913.0,41.6,Temperate,Fog,Medium
242,2024-06-11,NOAA1011,Canada,44.8169,-84.6931,1728.7,26.6,34.0,21.0,17.1,0.0,60,14.9,W,162.8,1010.6,7,6,39.6,Medium,5.62,113,30.0,43.9,434.5,1914.0,37.6,Tropical,Fog,High
243,2024-10-05,NOAA1000,Mexico,43.658,-102.1982,914.4,9.2,11.4,4.0,11.7,0.0,61,8.4,SE,222.6,1023.4,86,7,50.2,Medium,2.89,125,23.0,52.8,430.4,1899.1,32.0,Continental,Rain,Low
244,2021-11-19,NOAA1030,Mexico,42.8876,-92.7553,787.7,7.0,11.4,2.4,24.0,0.0,51,32.0,E,484.7,1017.4,25,8,34.0,Low,2.19,116,25.2,52.7,415.5,1883.6,34.7,Tropical,Rain,Low
245,2021-06-29,NOAA1020,Mexico,47.1793,-118.8931,2015.2,19.9,24.4,15.8,22.9,0.0,61,15.8,N,715.7,1023.1,21,6,44.6,Low,4.97,110,25.5,47.4,428.0,1882.7,43.2,Tropical,Rain,High
246,2022-02-04,NOAA1048,Mexico,45.4663,-117.5948,163.6,2.9,10.6,-4.7,6.0,0.0,42,39.4,S,111.0,1015.6,88,2,26.3,Medium,1.38,120,25.6,57.8,429.6,1855.1,36.8,Tropical,Coldwave,High
247,2024-03-16,NOAA1035,Canada,39.953,-67.4388,2085.2,12.1,18.1,7.8,8.7,0.0,48,41.0,N,304.4,1019.2,7,5,28.8,Medium,3.21,113,23.4,58.7,421.0,1977.6,32.0,Temperate,None,Medium
248,2023-09-14,NOAA1042,Mexico,33.6453,-117.8502,877.5,21.3,28.6,17.0,19.4,0.0,54,44.1,NE,823.1,1014.4,62,10,38.3,Medium,3.57,117,29.8,51.5,425.8,1926.7,30.3,Temperate,None,Low
249,2022-12-20,NOAA1021,Canada,34.4416,-115.0507,1040.3,5.3,9.4,-0.5,16.4,0.0,53,12.2,S,749.5,1018.2,80,5,43.2,Medium,2.58,89,30.3,60.8,418.9,1861.0,48.9,Tropical,Rain,Medium
250,2022-03-15,NOAA1005,Mexico,34.173,-69.2455,1837.3,9.5,15.3,6.1,24.1,0.0,53,12.3,E,441.2,1008.7,39,10,34.4,Low,2.51,93,25.5,49.6,419.3,1913.3,41.5,Tropical,Rain,Medium
251,2023-11-11,NOAA1008,Canada,48.8965,-68.3807,435.5,11.8,19.4,4.3,9.3,0.0,56,15.7,NE,247.3,1014.6,18,1,43.4,Medium,3.53,121,32.3,51.4,422.5,1935.5,35.8,Arid,Rain,Low
252,2020-08-06,NOAA1011,USA,43.2987,-89.117,800.6,32.6,38.0,29.2,9.7,0.0,44,12.0,N,387.4,1015.9,88,8,24.9,Medium,6.58,125,29.7,52.6,434.7,1891.1,37.2,Continental,Heatwave,Medium
253,2020-10-08,NOAA1012,USA,25.7735,-80.4213,45.0,16.9,20.5,12.4,10.4,0.0,46,33.9,SE,706.2,1000.1,8,3,39.0,Medium,4.51,125,29.3,62.1,426.2,1942.0,33.1,Tropical,Heatwave,Medium
254,2024-05-08,NOAA1038,Mexico,44.7839,-82.9485,1182.5,23.7,31.3,18.3,24.9,0.0,50,25.1,N,516.5,1012.2,57,8,40.2,Low,3.64,95,24.0,45.5,418.6,1902.8,49.3,Temperate,Coldwave,Medium
255,2022-11-23,NOAA1003,USA,31.9883,-101.3117,913.7,5.3,12.3,0.5,15.9,0.0,64,20.2,N,652.0,1015.1,18,8,50.1,Medium,1.7,121,22.2,57.6,425.1,1926.1,61.5,Polar,Rain,Medium
256,2022-04-26,NOAA1028,USA,29.2931,-90.352,2137.9,8.8,12.0,4.1,7.4,0.0,49,12.8,E,674.7,1017.1,15,2,28.1,Medium,2.22,120,24.0,60.4,431.0,1894.5,47.6,Polar,Coldwave,Low
257,2022-02-14,NOAA1024,USA,43.4382,-72.0016,1696.5,9.4,15.4,6.5,32.0,0.0,71,39.4,E,715.3,1004.9,6,7,46.6,Low,2.87,101,19.9,37.6,426.3,1861.4,40.2,Tropical,Rain,Low
258,2023-06-29,NOAA1000,Canada,36.9431,-95.5774,2422.4,27.0,32.6,22.0,0.7,0.0,43,11.3,NW,463.0,1014.0,56,2,31.7,High,4.06,139,27.6,62.2,424.4,1901.7,53.6,Tropical,None,Low
259,2020-10-30,NOAA1041,Canada,25.8813,-75.3317,2001.0,14.5,21.5,10.7,15.4,0.0,45,41.6,N,187.1,1009.5,22,3,34.3,Medium,3.4,124,22.9,51.4,402.3,1891.2,23.5,Polar,Storm,Low
260,2020-07-09,NOAA1020,Canada,46.5407,-77.2449,2275.3,32.8,39.9,30.4,4.2,0.0,46,22.2,NE,655.7,1013.7,35,6,32.6,High,5.97,113,30.1,50.1,408.3,1887.6,34.0,Polar,None,Medium
261,2024-01-22,NOAA1045,Canada,35.2493,-75.6755,779.0,2.3,7.8,-3.4,32.5,0.0,73,41.9,NW,515.8,1016.0,80,8,51.0,Low,0.7,86,24.0,53.3,418.6,1868.8,38.4,Temperate,None,Low
262,2022-08-10,NOAA1007,Mexico,45.3537,-78.4248,2997.0,26.5,31.0,22.5,16.3,0.0,64,26.1,SE,109.0,1021.6,25,5,40.9,Medium,4.11,107,26.0,48.3,420.2,1976.0,39.5,Temperate,None,High
263,2021-11-13,NOAA1025,Mexico,38.6541,-69.2736,2496.1,6.2,9.4,-0.8,3.0,0.0,46,41.7,NW,832.9,1019.7,4,11,26.4,High,1.24,131,33.2,59.2,418.5,1930.9,52.3,Arid,Heatwave,Medium
264,2024-02-29,NOAA1033,Canada,38.5586,-85.3427,1665.5,6.7,8.8,1.2,8.5,0.0,41,16.3,SW,153.0,1009.1,19,5,34.2,Medium,1.68,120,29.1,62.6,421.2,1964.5,47.2,Polar,Coldwave,Medium
265,2021-01-18,NOAA1007,Canada,41.9264,-106.0735,94.9,-0.1,4.4,-5.1,6.1,4.8,57,21.4,S,272.9,1005.9,38,3,33.7,Medium,1.55,110,32.6,55.8,417.5,1960.9,36.1,Temperate,Heatwave,High
266,2020-11-11,NOAA1021,Canada,42.5786,-94.1532,2326.6,11.0,13.9,3.8,11.7,0.0,48,37.4,E,264.1,1004.3,4,8,31.8,Medium,3.38,100,22.1,62.8,431.3,1896.1,40.2,Polar,None,Medium
267,2022-08-14,NOAA1006,Mexico,43.3883,-81.5034,67.4,32.8,39.4,27.0,15.9,0.0,45,11.0,SE,254.0,1016.1,35,9,28.6,Medium,5.8,96,23.8,45.2,425.1,1902.3,34.0,Temperate,None,High
268,2023-02-20,NOAA1006,USA,38.0207,-92.6862,813.2,-3.8,3.9,-10.6,7.7,11.5,55,9.4,S,590.6,1008.6,43,9,37.6,Medium,0.5,127,32.1,47.2,420.7,1906.4,31.8,Continental,None,Low
269,2022-05-23,NOAA1011,Mexico,39.3069,-90.2129,2508.5,27.1,33.3,21.4,6.2,0.0,50,15.4,SE,670.3,1016.8,85,9,28.3,Medium,5.91,127,29.1,48.8,426.8,1973.6,34.0,Continental,None,Medium
270,2021-09-27,NOAA1045,Canada,36.2931,-69.9954,431.2,20.2,27.6,16.7,4.9,0.0,57,17.6,E,659.7,1024.1,85,6,44.5,High,4.79,129,28.7,48.9,418.0,1911.5,42.1,Temperate,Storm,Medium
271,2022-08-02,NOAA1018,Canada,39.5066,-116.7385,308.8,29.5,36.4,22.7,23.6,0.0,54,16.0,NE,733.9,998.3,68,8,36.2,Low,5.25,96,24.6,57.7,429.4,1963.4,46.2,Continental,None,Medium
272,2021-03-02,NOAA1027,Canada,38.6131,-104.4946,2082.4,6.1,9.1,0.1,35.2,0.0,74,33.8,NW,191.5,1004.2,76,8,49.0,Low,1.11,97,18.0,51.5,418.3,1887.7,46.2,Temperate,Coldwave,Low
273,2023-11-04,NOAA1049,Canada,32.8578,-87.2356,184.4,14.2,17.5,11.4,33.6,0.0,74,27.0,N,705.7,1011.8,84,3,51.0,Low,2.71,99,18.6,46.8,414.3,1944.4,30.5,Arid,Storm,High
274,2024-06-14,NOAA1027,Mexico,48.5819,-104.3769,267.9,21.5,23.5,13.6,31.3,0.0,62,19.4,E,782.0,1012.8,7,6,49.8,Low,5.16,73,24.2,50.8,422.2,1867.6,43.4,Arid,None,Medium
275,2024-11-07,NOAA1015,Canada,41.8533,-101.5267,954.4,7.1,11.4,2.8,13.2,0.0,42,25.4,E,479.9,1012.2,24,9,27.6,Medium,2.91,117,23.2,63.3,423.3,1856.1,37.1,Tropical,Rain,Low
276,2020-05-26,NOAA1001,USA,42.3121,-96.258,1310.2,14.8,22.7,12.3,10.0,0.0,61,29.6,W,788.1,1018.6,100,10,49.6,Medium,3.47,124,27.6,56.0,417.3,1946.9,43.0,Continental,Heatwave,Medium
277,2021-04-07,NOAA1027,Mexico,25.1783,-95.6051,2192.7,15.6,21.9,12.0,18.5,0.0,51,41.8,SW,126.8,1017.2,4,10,35.4,Medium,3.08,116,30.0,42.4,403.7,1907.3,30.6,Polar,Storm,Medium
278,2022-11-24,NOAA1033,Mexico,27.1227,-97.0703,2225.1,15.3,23.1,12.8,16.1,0.0,46,29.2,S,590.4,998.6,43,9,36.7,Medium,3.23,120,30.0,53.4,415.7,1868.5,35.0,Arid,Heatwave,Medium
279,2024-06-22,NOAA1018,USA,25.8478,-71.3967,2248.3,27.3,33.7,21.9,9.0,0.0,49,4.6,NW,562.5,1013.5,73,1,36.8,Medium,4.68,97,25.6,47.2,424.0,1938.5,25.4,Polar,None,Medium
280,2021-05-31,NOAA1039,Canada,31.6052,-109.3535,2224.3,21.3,26.9,13.8,4.9,0.0,41,33.8,NW,395.8,992.8,22,5,33.2,High,3.67,111,31.8,64.8,417.7,1944.0,55.7,Arid,None,Low
281,2023-05-04,NOAA1031,Canada,43.4888,-110.437,1320.6,17.1,22.9,13.8,19.1,0.0,50,33.6,SW,143.5,1012.8,33,2,27.8,Medium,3.49,115,23.2,55.4,415.5,1839.0,41.9,Polar,Rain,Medium
282,2023-10-31,NOAA1030,Canada,28.4836,-74.3942,35.6,18.1,25.7,13.4,41.2,0.0,71,31.2,N,177.9,1015.5,68,11,47.4,Low,4.4,80,18.0,34.7,416.9,1910.8,37.3,Temperate,Storm,High
283,2023-04-11,NOAA1029,Mexico,42.9782,-82.1441,1766.2,18.5,21.7,14.5,9.9,0.0,52,31.7,E,350.6,1012.0,1,11,28.5,Medium,2.91,121,23.5,47.1,410.6,1899.5,43.1,Continental,Storm,Low
284,2024-01-25,NOAA1016,USA,25.817,-88.6944,170.6,2.0,7.6,-5.4,27.3,4.3,60,27.8,NE,666.5,1005.8,15,2,47.7,Low,0.56,88,27.1,50.3,414.8,1876.2,51.0,Arid,Storm,Medium
285,2023-09-14,NOAA1040,Canada,47.1447,-108.2461,1281.0,15.5,22.9,8.9,79.1,0.0,84,15.9,E,724.6,1022.6,35,1,56.9,Low,2.99,28,7.8,26.7,417.3,1916.6,51.9,Tropical,Heatwave,Low
286,2022-10-04,NOAA1039,Canada,29.2826,-95.9527,431.6,21.7,28.3,18.4,11.3,0.0,47,29.7,NW,672.3,1017.7,13,1,26.1,Medium,4.4,109,29.9,44.7,396.5,1926.2,41.6,Continental,Rain,High
287,2023-08-04,NOAA1002,Mexico,34.3716,-115.3584,989.5,29.9,34.2,27.9,9.7,0.0,40,32.4,NW,482.5,1020.6,51,2,28.6,Medium,4.49,125,23.8,55.9,428.8,1883.6,34.0,Arid,Storm,High
288,2021-09-12,NOAA1003,Mexico,48.9284,-87.1168,1096.1,28.6,35.7,24.6,8.6,0.0,52,38.2,S,618.2,1020.6,22,9,29.0,Medium,5.06,108,25.8,53.5,424.1,1929.0,44.1,Temperate,Fog,High
289,2022-01-05,NOAA1005,Mexico,35.5116,-113.2005,107.1,-1.6,0.6,-9.6,18.3,4.8,60,18.7,S,499.7,1018.6,57,1,34.6,Medium,0.5,88,24.5,45.1,429.5,1923.4,43.6,Polar,Heatwave,High
290,2024-11-17,NOAA1009,Mexico,38.9043,-71.2855,110.6,5.9,8.7,-0.0,15.6,0.0,61,22.3,N,294.1,1011.7,83,3,34.9,Medium,2.15,108,29.3,44.1,414.0,1873.0,38.8,Polar,Rain,High
291,2020-05-10,NOAA1007,Canada,39.2795,-88.9092,189.3,18.8,22.0,14.8,10.4,0.0,44,37.9,W,359.4,1013.2,87,10,31.5,Medium,3.46,107,30.0,56.7,424.9,1881.5,38.2,Arid,None,Low
292,2021-07-14,NOAA1048,Canada,29.0332,-102.9141,495.0,36.8,40.3,31.3,13.4,0.0,47,7.7,W,722.1,1000.1,2,8,26.2,Medium,5.53,96,28.7,55.2,413.9,1869.2,32.5,Arid,Heatwave,High
293,2024-07-11,NOAA1044,USA,29.9478,-87.5299,1569.3,34.3,38.8,26.7,11.4,0.0,56,28.3,N,577.0,1000.7,91,8,41.0,Medium,5.32,112,25.6,44.4,418.9,1903.2,40.2,Tropical,Rain,Low
294,2022-12-21,NOAA1039,Canada,45.7055,-67.7534,1522.6,-4.6,0.2,-10.4,30.0,4.2,56,4.3,NE,737.3,988.8,87,8,39.2,Low,0.5,77,18.0,42.3,421.5,1972.0,49.9,Tropical,Heatwave,Medium
295,2021-11-15,NOAA1048,Canada,26.0396,-81.7962,2774.6,9.8,12.9,3.1,8.9,0.0,59,22.9,NE,156.7,1019.7,30,8,42.8,Medium,2.12,108,30.2,63.5,424.5,1909.5,51.0,Tropical,None,Medium
296,2021-04-11,NOAA1015,Mexico,34.9023,-112.6025,2674.1,11.4,13.8,5.9,14.0,0.0,46,4.3,W,216.0,1012.8,78,8,27.0,Medium,2.46,120,28.7,55.6,405.8,1872.2,36.7,Arid,Rain,Medium
297,2020-09-17,NOAA1044,Mexico,26.4316,-116.2194,2555.0,21.9,26.7,18.9,15.0,0.0,45,16.8,S,582.9,1008.0,81,10,38.0,Medium,4.44,125,29.8,44.2,420.1,1938.2,31.7,Polar,Heatwave,Low
298,2023-04-26,NOAA1029,Canada,25.3481,-99.5977,2617.8,12.6,16.1,8.0,28.7,0.0,67,11.6,E,831.0,1002.2,0,7,54.6,Low,1.97,106,25.2,45.7,413.4,1881.0,47.0,Continental,Coldwave,Medium
299,2022-09-08,NOAA1028,Canada,30.7723,-92.1662,37.3,25.1,31.5,17.4,15.4,0.0,47,7.7,S,291.2,1011.2,11,1,32.6,Medium,4.37,118,29.7,57.2,426.0,1897.4,55.9,Temperate,Heatwave,Medium
300,2024-04-29,NOAA1045,Canada,29.4387,-74.3215,1880.4,22.3,28.5,20.3,3.8,0.0,41,29.0,W,814.7,1020.7,42,9,21.2,High,4.2,118,31.0,60.4,429.9,1903.5,41.6,Polar,Rain,High
301,2020-06-14,NOAA1021,Mexico,47.3738,-94.66,2730.0,25.5,29.7,23.2,10.3,0.0,60,18.5,NW,595.3,1009.5,46,6,36.8,Medium,4.94,98,28.0,60.3,421.1,1916.3,39.0,Tropical,Storm,Low
302,2023-01-10,NOAA1041,Canada,42.6971,-81.1202,2613.4,-10.3,-4.1,-16.8,13.5,15.2,46,15.8,S,502.9,1008.6,54,5,25.1,Medium,0.5,119,26.5,53.8,410.2,1879.7,38.8,Temperate,Heatwave,High
303,2022-12-25,NOAA1018,Canada,39.9028,-78.4055,2836.1,0.2,7.1,-7.4,34.7,1.3,72,40.4,NW,169.8,1009.8,50,3,47.0,Low,1.94,76,18.0,34.9,423.9,1885.2,56.8,Tropical,Heatwave,Low
304,2024-11-26,NOAA1033,Mexico,25.5446,-100.2574,2047.2,7.9,15.5,3.1,17.5,0.0,51,20.1,N,333.2,1000.6,8,1,41.6,Medium,1.65,120,27.1,49.5,426.5,1915.1,32.8,Arid,Fog,High
305,2024-05-30,NOAA1031,Mexico,40.9805,-93.7805,1645.4,18.5,23.2,13.1,28.7,0.0,62,40.6,S,237.4,1025.4,33,4,43.1,Low,4.72,79,19.3,41.3,413.9,1907.7,38.8,Tropical,Coldwave,Low
306,2023-12-28,NOAA1018,USA,48.3569,-76.1581,2078.6,-1.5,4.5,-4.4,3.4,4.8,54,3.8,SW,559.6,1013.3,56,5,35.7,High,0.5,103,30.8,67.9,412.0,1929.6,35.9,Tropical,Storm,Medium
307,2023-01-10,NOAA1034,Canada,27.9158,-122.5793,2793.2,0.1,6.7,-7.6,5.5,18.6,43,8.7,SW,617.8,1019.2,37,8,36.4,Medium,1.95,108,31.6,61.8,400.7,1896.9,40.1,Continental,Storm,High
308,2020-08-18,NOAA1002,USA,41.2722,-117.3381,74.4,32.2,37.9,28.9,12.9,0.0,57,17.4,SW,144.0,1003.6,82,4,41.2,Medium,5.27,109,23.7,45.2,428.9,1928.6,45.7,Continental,Fog,High
309,2020-06-27,NOAA1025,USA,36.7712,-89.6192,1534.7,29.8,32.1,23.8,13.5,0.0,59,19.1,W,395.7,1011.1,47,1,37.9,Medium,5.17,119,30.4,45.0,421.5,1939.2,34.1,Continental,Fog,Medium
310,2024-07-03,NOAA1018,USA,44.3361,-68.6894,1271.5,22.4,29.8,19.6,16.2,0.0,58,27.2,NE,214.9,1014.3,38,8,48.4,Medium,4.41,109,21.6,61.1,420.4,1906.9,42.0,Continental,None,Low
311,2022-04-18,NOAA1017,Canada,29.1974,-97.6592,1703.7,15.1,22.6,11.9,35.4,0.0,76,37.8,S,543.1,1009.8,5,5,58.6,Low,2.87,104,23.5,36.8,418.6,1870.3,33.6,Temperate,Rain,Medium
312,2021-09-06,NOAA1040,Canada,27.9802,-86.0429,863.1,30.7,33.8,23.3,12.3,0.0,62,29.7,N,195.5,1013.2,35,8,51.3,Medium,4.74,115,27.7,55.2,421.8,1849.6,35.1,Arid,Fog,High
313,2022-09-01,NOAA1023,Mexico,42.591,-122.9999,778.6,22.5,28.0,19.6,10.3,0.0,44,21.8,E,385.9,1016.1,6,5,28.6,Medium,4.65,116,22.9,50.7,431.3,1913.0,37.0,Temperate,Coldwave,Low
314,2024-04-18,NOAA1011,USA,39.3703,-114.4733,967.8,10.8,14.7,3.7,37.2,0.0,77,36.4,S,648.4,1006.5,88,6,47.4,Low,2.78,76,15.8,41.8,409.9,1890.6,43.7,Arid,Heatwave,Medium
315,2021-11-27,NOAA1006,USA,28.7093,-111.3965,565.3,12.9,20.3,7.2,12.6,0.0,47,37.8,NE,433.9,1004.3,9,2,38.0,Medium,3.78,122,25.3,57.5,418.8,1901.5,44.7,Tropical,Heatwave,High
316,2022-12-07,NOAA1011,Mexico,32.3124,-81.5658,355.8,2.0,4.8,-4.2,2.6,13.8,46,15.2,SE,204.2,1011.5,10,7,35.3,High,1.87,106,24.5,58.4,417.1,1892.8,51.0,Continental,None,Low
317,2020-08-08,NOAA1042,Mexico,39.2362,-97.2623,2725.6,21.2,23.5,17.4,36.3,0.0,57,2.4,NE,725.9,1011.4,77,4,41.3,Low,3.58,90,16.2,34.8,410.1,1917.9,43.0,Arid,Coldwave,Medium
318,2021-12-22,NOAA1032,Mexico,39.711,-95.2202,205.0,2.2,9.1,-4.4,17.1,0.0,50,24.7,SE,871.4,1029.2,21,9,27.1,Medium,1.78,100,29.9,58.5,409.1,1907.6,34.7,Continental,Storm,High
319,2023-04-22,NOAA1028,Mexico,47.9859,-113.6916,1064.5,17.7,22.0,14.4,13.5,0.0,48,11.8,NE,709.1,1012.3,40,2,33.1,Medium,3.69,122,29.2,57.3,410.1,1861.5,46.6,Polar,Fog,Low
320,2020-06-17,NOAA1031,USA,34.2347,-97.9541,2208.5,33.6,39.7,26.6,29.5,0.0,62,11.7,W,332.5,1024.9,54,4,49.1,Low,6.83,105,27.0,42.6,422.8,1887.5,40.0,Temperate,Fog,Medium
321,2023-10-08,NOAA1025,Canada,37.5439,-85.4384,357.7,12.0,16.4,5.8,20.6,0.0,50,44.0,E,151.8,1016.8,25,6,30.2,Low,3.49,109,21.1,56.5,425.7,1893.8,33.0,Continental,Storm,High
322,2024-04-17,NOAA1037,Canada,43.1513,-78.3439,2829.7,15.9,20.0,9.9,8.9,0.0,58,42.9,NW,509.1,1010.1,18,8,34.3,Medium,2.89,127,25.1,64.4,414.8,1929.8,38.6,Temperate,None,High
323,2020-04-18,NOAA1031,Mexico,25.642,-113.7915,1813.8,13.4,17.4,9.6,32.2,0.0,56,28.8,NE,628.9,1015.0,66,8,43.9,Low,2.41,103,21.9,39.1,421.2,1904.0,44.7,Arid,Coldwave,High
324,2020-02-06,NOAA1027,USA,34.2071,-106.0701,1129.0,7.8,12.6,5.6,8.1,0.0,40,25.9,S,807.8,997.2,21,8,26.9,Medium,1.79,120,27.8,48.1,427.1,1851.6,45.8,Continental,Fog,High
325,2023-11-04,NOAA1036,Canada,36.4219,-75.302,1520.1,9.1,13.4,4.1,5.7,0.0,55,43.7,SW,713.2,1014.7,36,6,31.5,Medium,2.55,107,31.9,54.1,418.5,1838.4,55.9,Polar,None,High
326,2021-11-29,NOAA1006,Canada,33.2834,-103.6301,1053.8,11.2,17.2,7.7,63.2,0.0,84,29.9,NE,828.3,1005.8,8,5,52.6,Low,2.02,75,12.5,27.6,409.4,1892.4,47.4,Continental,Coldwave,High
327,2022-05-12,NOAA1001,Mexico,36.2728,-122.7325,949.5,21.5,26.9,17.6,35.8,0.0,64,6.2,NW,180.0,1016.3,86,4,42.2,Low,4.23,90,17.7,38.1,409.4,1878.0,31.8,Continental,Rain,Medium
328,2023-07-25,NOAA1034,USA,31.8965,-121.2907,2988.7,29.5,33.9,26.1,18.5,0.0,48,33.9,NE,674.2,992.2,74,2,35.1,Medium,4.97,119,25.1,44.9,421.6,1917.5,43.2,Temperate,Fog,Medium
329,2022-10-30,NOAA1027,Mexico,37.9587,-112.5956,1206.9,21.9,27.6,17.2,5.0,0.0,47,34.8,E,804.7,1005.4,80,9,38.7,Medium,4.44,113,30.4,64.0,423.4,1904.4,48.4,Continental,Storm,High
330,2022-12-27,NOAA1049,Canada,47.4313,-82.5829,179.6,-0.3,2.9,-5.1,2.5,4.8,55,34.1,S,775.3,1015.8,52,6,44.3,High,1.78,115,32.8,54.1,416.1,1873.0,40.3,Arid,Fog,Low
331,2021-06-09,NOAA1015,Canada,30.7236,-115.4522,83.1,23.7,30.5,19.8,5.0,0.0,57,22.9,W,437.6,1022.7,4,4,34.4,Medium,3.83,116,31.6,53.1,426.6,1889.9,49.1,Polar,Rain,High
332,2024-10-11,NOAA1046,Canada,43.7736,-120.8463,2689.5,12.8,16.7,9.0,4.4,0.0,38,4.7,W,817.4,1009.3,85,11,32.8,High,2.71,108,26.3,59.2,423.7,1931.3,38.0,Polar,None,High
333,2023-09-22,NOAA1049,Mexico,31.0434,-73.5798,714.2,21.6,24.3,14.8,34.1,0.0,73,16.2,W,744.7,1008.2,95,4,58.1,Low,3.68,76,18.2,52.3,421.8,1972.1,43.1,Continental,Heatwave,Medium
334,2024-11-02,NOAA1003,Canada,37.8033,-84.1218,338.9,10.9,16.2,6.1,8.3,0.0,57,12.6,S,803.5,1018.2,18,6,39.5,Medium,2.37,115,23.1,65.2,408.0,1942.1,32.0,Polar,None,High
335,2023-09-18,NOAA1044,Mexico,30.7522,-92.4945,927.8,22.5,30.3,18.3,16.1,0.0,45,36.9,NE,527.9,994.5,30,8,29.7,Medium,5.19,113,30.3,60.3,421.3,1943.3,48.0,Arid,None,Low
336,2021-09-01,NOAA1010,Canada,40.1525,-73.8704,2300.2,27.3,31.7,25.1,12.6,0.0,48,39.3,NW,476.9,1018.3,52,6,37.1,Medium,5.85,98,30.1,57.7,423.4,1933.6,35.1,Polar,None,Medium
337,2022-05-11,NOAA1046,Mexico,42.7069,-98.1641,82.1,19.8,22.1,14.0,4.9,0.0,56,29.1,E,102.5,1021.5,25,11,36.1,High,4.12,107,25.4,57.9,427.5,1925.3,40.7,Tropical,Coldwave,High
338,2022-04-20,NOAA1028,Canada,45.9641,-116.3899,520.4,6.4,12.0,2.4,12.6,0.0,52,14.1,NE,431.6,1018.6,23,7,42.4,Medium,2.85,106,22.1,44.2,426.8,1888.2,39.4,Polar,Fog,High
339,2023-07-07,NOAA1005,Canada,29.7584,-84.0281,506.3,24.9,29.3,20.3,10.0,0.0,48,13.2,NE,866.4,1014.5,21,10,27.5,Medium,5.17,122,30.2,63.6,430.6,1972.8,40.3,Continental,None,Low
340,2024-01-01,NOAA1012,Canada,31.9111,-95.8324,390.6,0.0,7.1,-5.6,16.3,19.9,50,14.2,SE,434.7,995.8,52,3,27.5,Medium,1.95,103,27.1,60.0,428.8,1880.8,33.1,Arid,Coldwave,High
341,2023-08-18,NOAA1005,USA,36.2532,-74.3277,2923.2,32.8,37.2,29.5,9.7,0.0,54,18.5,W,688.9,1007.8,32,2,31.3,Medium,5.04,116,31.9,54.6,426.2,1944.5,55.5,Arid,Coldwave,High
342,2024-07-01,NOAA1045,Mexico,44.4365,-123.6944,1513.6,31.3,35.6,23.4,7.8,0.0,58,30.9,E,874.4,1004.8,71,1,41.9,Medium,5.22,129,28.0,52.9,409.2,1839.1,48.9,Continental,Rain,Low
343,2021-10-11,NOAA1027,USA,31.2497,-106.1436,2935.5,14.5,19.5,6.7,36.3,0.0,72,14.1,SW,841.0,1007.4,36,5,52.2,Low,3.7,84,21.1,40.6,427.5,1972.5,34.7,Tropical,Storm,High
344,2022-10-03,NOAA1035,Mexico,40.2797,-98.9206,566.8,15.3,17.6,12.2,11.7,0.0,46,22.2,E,664.8,1014.3,55,2,40.1,Medium,4.15,95,26.5,63.9,424.0,1944.7,51.6,Polar,Heatwave,Medium
345,2022-10-06,NOAA1046,USA,27.9677,-118.6661,2604.5,15.6,18.7,12.6,3.8,0.0,40,23.9,S,550.6,1010.6,84,10,23.4,High,4.34,101,29.3,59.5,415.8,1879.7,26.7,Continental,None,Low
346,2024-04-22,NOAA1043,USA,46.2968,-122.5202,2043.9,10.7,16.8,6.3,14.1,0.0,58,27.4,NE,769.6,1011.2,19,1,33.9,Medium,3.27,120,26.0,62.1,412.6,1935.6,48.3,Polar,Fog,Low
347,2021-11-05,NOAA1041,Mexico,47.8215,-105.4798,2194.6,1.6,8.0,-6.1,5.9,11.4,39,11.1,N,741.2,1006.4,36,6,32.1,Medium,1.73,134,33.0,54.7,414.7,1830.1,39.0,Continental,Storm,Low
348,2021-05-06,NOAA1005,USA,45.4563,-114.7124,2338.5,25.8,29.5,19.3,4.0,0.0,49,30.1,NE,338.8,1007.2,55,5,40.8,High,5.08,123,30.7,64.6,421.4,1878.1,37.8,Polar,Rain,Medium
349,2022-07-01,NOAA1030,Canada,38.5134,-99.885,2269.5,37.7,44.6,32.0,32.5,0.0,66,20.7,W,174.4,1022.5,65,6,53.8,Low,7.01,81,26.2,44.3,428.1,1837.0,47.4,Polar,None,Medium
350,2022-08-16,NOAA1005,Canada,32.2094,-67.9014,2052.9,32.6,36.4,29.1,2.9,0.0,49,20.4,N,540.8,1017.4,5,9,28.0,High,5.74,108,28.9,63.0,422.7,1915.6,29.4,Arid,Storm,Medium
351,2023-04-14,NOAA1049,Mexico,25.3904,-81.7906,1388.6,20.2,26.9,13.1,29.4,0.0,54,3.9,W,801.4,1013.4,38,6,39.2,Low,3.94,103,23.9,40.6,418.0,1886.9,27.0,Tropical,Rain,Low
352,2020-06-09,NOAA1016,Mexico,27.5519,-93.5406,17.5,27.6,30.3,24.6,19.2,0.0,65,22.5,W,795.0,1017.5,95,10,49.1,Medium,4.75,108,27.1,59.7,411.8,1899.1,38.6,Continental,Storm,Low
353,2020-09-13,NOAA1000,USA,27.6859,-123.0945,2911.6,24.9,32.1,21.6,9.9,0.0,44,29.9,SE,448.6,1000.2,80,9,25.9,Medium,4.34,124,24.0,53.5,416.5,1967.1,36.1,Temperate,Rain,Low
354,2024-02-22,NOAA1031,Canada,25.4711,-98.3776,727.9,3.1,6.9,-3.9,12.5,0.0,56,18.8,SW,106.3,1002.7,80,7,46.9,Medium,2.16,127,31.9,44.5,425.5,1879.9,42.1,Continental,Heatwave,High
355,2023-04-25,NOAA1043,Canada,30.5657,-120.5398,57.1,17.2,22.7,11.9,11.1,0.0,60,13.5,W,811.3,1007.4,14,8,44.0,Medium,3.87,121,29.2,44.9,413.0,1968.2,37.6,Arid,Fog,Low
356,2022-08-19,NOAA1028,USA,37.1833,-90.5035,2054.9,36.5,44.0,29.4,26.5,0.0,61,32.8,NW,204.9,1017.0,37,7,50.1,Low,7.14,101,26.3,52.7,423.8,1903.0,45.9,Tropical,Coldwave,Low
357,2021-08-01,NOAA1042,Canada,28.0983,-112.6294,1817.2,31.9,34.5,27.4,4.2,0.0,39,44.7,S,287.8,1014.2,71,1,35.3,High,5.5,116,27.5,51.1,433.7,1892.6,35.0,Polar,None,Low
358,2021-11-22,NOAA1007,Mexico,30.4406,-91.9671,1459.1,9.6,17.6,2.9,22.9,0.0,61,35.1,S,817.1,1006.7,88,9,44.4,Low,1.65,85,28.5,47.3,409.0,1912.2,45.8,Continental,None,Low
359,2024-05-19,NOAA1039,USA,44.7666,-121.6077,316.2,21.1,26.9,13.9,34.7,0.0,74,41.2,E,682.7,1019.6,90,8,56.0,Low,4.16,76,17.9,39.9,411.9,1835.4,23.7,Tropical,None,Low
360,2022-06-18,NOAA1049,USA,30.8876,-77.8787,1024.0,30.2,35.2,27.7,15.3,0.0,57,18.0,W,388.5,1008.6,85,4,34.3,Medium,6.04,115,29.0,45.1,426.9,1884.5,39.6,Continental,Heatwave,Medium
361,2022-07-28,NOAA1043,Canada,47.6498,-98.773,2310.5,31.1,37.4,26.0,1.7,0.0,52,5.0,SW,351.8,1019.3,98,3,35.3,High,5.45,105,31.2,62.0,419.9,1910.1,37.0,Polar,None,High
362,2023-12-31,NOAA1018,Canada,34.6481,-85.1904,1660.8,9.0,12.8,2.5,5.3,0.0,54,41.1,N,761.6,1010.8,67,10,44.5,Medium,2.75,127,30.1,65.1,417.8,1931.6,42.7,Polar,Coldwave,High
363,2022-06-24,NOAA1041,Canada,43.6096,-73.7844,252.8,30.3,35.5,26.0,26.0,0.0,61,32.9,E,516.4,1004.9,69,5,38.1,Low,5.57,98,23.7,52.1,411.1,1904.0,26.7,Tropical,None,Low
364,2024-12-28,NOAA1037,Canada,30.7922,-79.873,2179.5,-6.6,1.3,-9.3,19.6,1.2,63,18.0,SW,199.1,1016.9,96,11,51.2,Medium,0.5,85,24.6,59.9,424.4,1922.0,38.0,Polar,Coldwave,High
365,2023-07-09,NOAA1038,USA,33.4081,-107.7815,2354.4,30.5,36.8,24.5,17.0,0.0,62,32.7,SE,184.2,1018.7,66,10,38.5,Medium,6.13,117,21.7,55.7,420.1,1942.6,22.9,Continental,None,Low
366,2020-05-07,NOAA1008,Canada,30.1548,-119.5499,2030.5,16.4,20.8,11.0,13.5,0.0,56,35.5,S,567.4,1020.4,81,7,47.1,Medium,3.84,122,28.9,51.6,423.9,1916.8,44.9,Tropical,Rain,High
367,2020-09-17,NOAA1045,Canada,28.1052,-83.8421,2589.8,32.2,34.9,28.9,4.7,0.0,52,22.4,E,855.3,1005.1,47,2,38.0,High,5.65,107,27.5,53.4,424.3,1858.5,46.0,Polar,Rain,Low
368,2022-01-30,NOAA1023,Canada,32.0556,-122.4053,428.6,1.4,8.1,-3.1,40.7,18.7,68,15.1,S,272.5,1007.3,94,8,39.6,Low,1.31,68,23.5,38.0,409.9,1891.3,37.5,Polar,Storm,High
369,2022-07-15,NOAA1024,Canada,45.027,-76.48,398.4,40.7,43.5,34.9,18.3,0.0,55,34.8,NW,219.2,1011.8,93,6,31.9,Medium,7.35,112,24.3,58.9,415.3,1870.5,34.4,Arid,Coldwave,Low
370,2023-10-05,NOAA1047,Canada,40.502,-74.6406,2121.6,17.5,22.9,10.7,18.5,0.0,60,32.4,NE,615.1,1000.3,10,4,49.3,Medium,3.71,89,29.9,51.2,405.0,1974.8,43.1,Continental,Coldwave,Low
371,2020-09-03,NOAA1011,USA,31.5991,-112.2691,2489.1,20.5,27.5,15.0,19.7,0.0,63,5.6,SW,421.4,1021.1,5,8,49.9,Medium,3.12,112,21.9,40.6,418.1,1922.0,57.8,Polar,Storm,Medium
372,2021-06-10,NOAA1007,USA,38.0027,-107.735,548.0,29.0,35.6,26.1,5.9,0.0,40,42.9,E,147.1,1005.8,41,3,20.4,Medium,4.47,123,24.5,49.9,416.7,1860.2,45.2,Arid,Storm,Medium
373,2024-08-22,NOAA1003,USA,30.751,-89.9707,709.5,33.4,38.5,28.4,11.1,0.0,44,42.8,S,148.5,991.5,59,9,29.3,Medium,5.98,119,28.6,62.7,422.1,1898.2,33.9,Temperate,Storm,High
374,2023-04-15,NOAA1015,Mexico,40.6372,-116.8424,1704.7,24.1,28.8,17.0,25.9,0.0,53,23.5,E,398.6,1015.2,21,4,37.7,Low,4.46,114,23.0,37.1,434.1,1914.9,43.1,Continental,Coldwave,Medium
375,2023-08-30,NOAA1000,USA,47.4042,-96.5154,1793.6,29.8,36.8,25.5,30.4,0.0,58,17.1,SE,568.1,1011.1,65,5,33.3,Low,5.95,78,20.4,42.7,431.4,1913.3,37.6,Temperate,Rain,High
376,2023-02-13,NOAA1027,USA,39.6507,-69.4272,954.9,2.6,8.7,-1.5,26.9,0.0,59,13.2,NW,318.4,1022.9,84,6,38.8,Low,1.31,99,18.4,50.4,416.3,1898.3,40.5,Temperate,Coldwave,Medium
377,2020-01-09,NOAA1043,USA,34.9159,-72.9697,2109.9,4.4,11.0,-0.8,15.4,0.0,44,35.9,NE,530.9,1008.5,85,8,33.6,Medium,1.37,113,29.4,49.5,429.6,1880.3,25.0,Tropical,Fog,Low
378,2020-09-12,NOAA1023,USA,35.6699,-111.3733,59.3,26.5,30.2,19.0,7.8,0.0,53,17.4,NE,753.0,1003.5,80,5,42.0,Medium,4.42,128,32.7,46.8,418.5,1875.3,54.1,Continental,Fog,High
379,2023-05-26,NOAA1000,USA,48.6223,-87.6091,332.8,20.9,24.6,15.9,31.6,0.0,59,9.3,SE,627.9,1020.7,72,11,44.2,Low,4.27,77,23.0,49.1,425.2,1854.5,38.4,Tropical,Storm,High
380,2024-10-18,NOAA1033,Mexico,43.7741,-113.0645,2033.9,17.0,25.0,10.8,20.5,0.0,54,24.9,S,644.5,1018.3,58,1,44.8,Low,3.83,87,28.4,46.2,431.2,1916.6,46.0,Continental,Storm,Low
381,2023-10-24,NOAA1029,Canada,33.6753,-80.7358,2651.4,19.5,22.8,15.8,4.7,0.0,53,20.1,NW,353.0,1013.5,50,4,34.5,High,4.69,101,33.7,52.2,431.2,1927.9,36.5,Continental,None,Low
382,2021-02-07,NOAA1021,Canada,26.5083,-88.3582,83.6,1.1,5.7,-1.0,16.6,15.9,49,42.2,S,297.7,1016.7,60,4,41.6,Medium,1.83,109,26.0,46.4,424.3,1957.7,46.3,Temperate,Coldwave,High
383,2022-06-17,NOAA1040,Canada,38.8944,-119.1245,182.1,29.2,31.4,25.3,43.4,0.0,64,38.5,NE,726.1,1021.9,7,8,37.7,Low,5.6,88,14.8,41.9,434.5,1891.3,33.2,Polar,None,Medium
384,2024-10-06,NOAA1025,USA,39.8152,-100.5668,2593.7,14.4,21.1,8.7,4.9,0.0,49,21.5,NW,736.1,1006.7,79,10,27.9,High,3.46,101,28.3,54.1,426.8,1893.7,29.0,Tropical,None,Low
385,2020-01-26,NOAA1045,USA,39.2293,-76.0756,2713.1,1.1,3.9,-4.0,15.8,7.1,63,22.7,NW,248.7,1009.2,17,1,37.1,Medium,0.79,116,26.2,55.1,424.1,1941.2,34.7,Arid,Storm,High
386,2024-12-17,NOAA1049,USA,28.5378,-106.4056,1028.7,5.4,9.6,3.4,4.9,0.0,54,27.2,E,145.9,1020.1,64,9,43.5,High,1.65,112,33.5,60.4,408.6,1944.2,33.5,Tropical,None,Medium
387,2021-01-22,NOAA1044,Mexico,48.5662,-89.8135,993.4,-1.4,4.1,-9.2,5.4,12.3,53,20.0,E,183.9,1018.6,5,8,32.6,Medium,0.5,113,30.6,56.6,426.8,1850.7,44.4,Tropical,Rain,Medium
388,2024-02-13,NOAA1047,Canada,29.9276,-113.4981,2969.6,5.5,9.7,3.1,7.4,0.0,49,3.3,NE,213.9,1017.7,56,4,36.4,Medium,2.65,120,23.6,46.9,412.4,1957.4,36.3,Tropical,Storm,Low
389,2021-03-24,NOAA1046,USA,33.1556,-92.3932,535.6,9.7,11.8,2.6,10.2,0.0,49,41.2,N,765.2,1016.9,17,7,36.8,Medium,3.23,115,31.8,51.0,420.8,1889.5,45.4,Tropical,Storm,Medium
390,2023-09-15,NOAA1033,Mexico,46.1599,-73.9319,196.1,22.8,25.7,15.3,10.2,0.0,46,36.2,SE,526.0,1018.9,88,6,29.3,Medium,4.28,109,31.7,60.2,416.2,1925.8,34.3,Polar,Rain,High
391,2021-08-25,NOAA1020,USA,26.2782,-78.6501,2618.6,30.5,37.6,22.7,29.3,0.0,56,40.1,SE,681.8,1006.5,100,8,43.9,Low,5.8,85,22.8,50.4,411.9,1890.2,39.7,Polar,Storm,Medium
392,2022-11-28,NOAA1011,Canada,42.0997,-94.0479,1449.9,8.5,16.2,3.7,17.1,0.0,59,27.0,N,265.8,1024.5,25,8,47.1,Medium,2.07,106,25.0,49.0,410.4,1927.7,50.7,Tropical,Storm,Medium
393,2023-02-01,NOAA1008,USA,32.0812,-94.4272,690.5,5.5,7.7,0.4,27.7,0.0,53,16.5,NW,474.0,1029.2,52,6,42.0,Low,1.46,101,18.3,45.0,422.0,1941.8,41.2,Arid,Fog,Low
394,2022-01-05,NOAA1018,Mexico,37.307,-87.3117,2357.6,1.1,8.7,-1.5,10.0,1.4,43,3.6,SE,367.0,1025.5,86,6,26.1,Medium,1.66,112,24.4,57.1,409.2,1877.9,45.6,Tropical,Fog,High
395,2023-01-17,NOAA1000,Canada,31.7643,-104.242,2990.5,1.6,9.3,-5.3,11.3,15.2,49,2.5,E,792.4,1017.5,29,4,37.9,Medium,0.66,107,27.3,60.1,425.0,1935.4,35.3,Continental,Fog,Medium
396,2021-11-28,NOAA1020,USA,35.291,-70.31,1253.1,9.5,14.1,2.4,45.4,0.0,64,3.3,E,562.0,1009.0,16,5,51.9,Low,1.44,81,17.0,35.7,424.5,1893.6,40.0,Continental,Fog,High
397,2021-09-05,NOAA1037,USA,38.6219,-122.1641,417.4,18.9,26.8,10.9,28.4,0.0,62,26.4,W,884.1,1021.6,26,7,36.4,Low,3.61,106,19.0,47.2,414.1,1880.6,49.8,Continental,Fog,Medium
398,2020-07-09,NOAA1006,Mexico,38.2698,-122.1726,2067.1,37.7,42.6,34.6,20.0,0.0,52,5.0,W,327.1,1006.0,29,5,39.0,Low,5.79,88,23.7,40.2,427.6,1918.9,44.2,Arid,Heatwave,Medium
399,2020-11-17,NOAA1008,Mexico,35.0419,-81.6409,1167.0,14.3,21.7,11.1,24.1,0.0,52,39.4,S,445.8,1017.0,90,11,36.0,Low,3.35,99,24.8,48.0,420.3,1922.3,19.8,Continental,Storm,Low
400,2020-01-16,NOAA1028,USA,44.79,-89.5236,740.5,-0.2,3.8,-5.6,16.0,9.8,48,21.9,N,689.8,1003.8,36,11,39.7,Medium,0.88,108,24.9,58.5,421.2,1930.6,26.1,Tropical,Heatwave,Low
401,2021-01-02,NOAA1046,Canada,35.9879,-72.0825,550.3,5.5,10.9,1.1,6.6,0.0,57,42.7,SE,808.4,1011.8,20,5,46.0,Medium,1.9,102,30.3,61.1,411.0,1924.9,45.0,Tropical,Heatwave,Medium
402,2024-04-09,NOAA1007,Canada,26.8368,-118.0022,2299.6,12.8,16.8,8.1,7.8,0.0,56,12.9,N,469.7,1015.0,9,11,42.3,Medium,3.42,121,26.5,54.1,426.6,1898.7,43.6,Tropical,Heatwave,Low
403,2020-01-22,NOAA1007,Mexico,47.0113,-105.3547,2246.0,-1.1,3.8,-3.5,11.4,11.0,49,12.4,NW,212.2,1015.7,35,3,29.0,Medium,0.5,99,23.9,46.8,422.5,1873.3,38.6,Continental,Rain,Low
404,2023-10-07,NOAA1043,Canada,28.6839,-103.589,650.0,14.4,16.6,8.3,7.3,0.0,39,11.3,N,769.2,1009.1,66,11,29.9,Medium,3.48,103,27.1,52.5,417.7,1889.8,38.1,Temperate,Coldwave,Low
405,2020-04-09,NOAA1049,USA,47.2917,-102.6453,715.6,15.8,18.3,11.3,18.9,0.0,58,44.5,SW,756.4,1008.1,87,11,33.6,Medium,4.29,92,28.2,57.2,428.4,1859.4,33.9,Tropical,Fog,Low
406,2020-03-31,NOAA1032,USA,44.575,-105.6073,1880.4,8.5,14.2,0.9,8.2,0.0,52,19.0,W,196.6,1009.4,27,2,34.1,Medium,1.62,121,29.5,46.1,421.5,1923.8,35.5,Tropical,Heatwave,Low
407,2020-05-15,NOAA1041,Mexico,33.8555,-120.1621,655.7,20.3,24.1,14.7,5.9,0.0,46,44.3,NE,670.0,997.7,72,3,28.2,Medium,3.23,119,33.3,61.0,418.8,1954.1,42.3,Tropical,Storm,Low
408,2023-07-25,NOAA1042,Canada,26.6203,-122.994,2736.3,31.9,36.6,26.8,5.1,0.0,48,33.9,N,286.1,1015.8,78,2,30.5,Medium,6.26,114,29.9,48.6,412.0,1896.2,25.8,Arid,Heatwave,Medium
409,2021-02-17,NOAA1024,USA,40.4089,-110.4304,2175.9,2.7,10.6,-2.0,6.4,0.0,42,39.7,E,322.5,1003.5,82,1,29.7,Medium,2.36,116,30.9,51.4,401.4,1921.7,53.1,Arid,Storm,Low
410,2021-02-25,NOAA1003,Mexico,48.721,-78.3172,2088.8,7.5,10.8,0.3,21.7,0.0,65,24.4,E,453.9,1016.2,0,2,51.4,Low,1.26,95,20.1,59.0,404.6,1888.8,46.8,Tropical,Rain,Low
411,2020-12-21,NOAA1035,USA,30.6714,-119.5446,2175.0,1.8,5.7,-4.5,3.4,4.9,55,9.6,SE,342.5,986.4,73,8,46.0,High,0.67,131,25.0,67.8,408.2,1883.0,48.3,Continental,Heatwave,Low
412,2022-08-22,NOAA1027,Mexico,39.6255,-99.2945,467.6,28.9,36.6,24.0,27.5,0.0,65,34.8,W,783.2,1025.5,97,5,47.0,Low,4.64,88,20.7,45.5,417.8,1890.3,37.6,Continental,Storm,Medium
413,2023-02-25,NOAA1030,USA,32.9976,-83.2528,587.1,10.6,18.1,8.6,38.2,0.0,76,39.1,SW,493.2,1003.1,53,7,60.7,Low,2.34,97,18.5,50.7,425.3,1816.1,46.9,Temperate,Heatwave,Low
414,2020-09-11,NOAA1036,USA,29.6615,-99.131,765.8,20.4,27.9,14.1,17.9,0.0,57,23.9,NW,608.0,1008.3,47,1,42.3,Medium,4.91,102,22.9,41.7,413.3,1875.7,35.7,Arid,Fog,High
415,2023-10-17,NOAA1044,Mexico,40.488,-109.1042,1366.4,14.8,20.9,11.3,23.9,0.0,49,27.9,E,109.9,1013.5,98,2,36.6,Low,4.05,106,26.1,57.5,423.6,1886.0,32.0,Temperate,Coldwave,Low
416,2024-11-29,NOAA1010,Canada,31.0689,-106.7735,2903.1,6.9,12.9,2.6,29.9,0.0,65,15.2,W,702.0,1022.4,93,2,39.2,Low,2.18,97,25.7,40.4,421.6,1878.8,43.9,Tropical,Fog,Medium
417,2023-12-02,NOAA1000,USA,44.5933,-123.91,209.5,-2.4,3.8,-7.5,21.7,13.1,57,33.5,E,241.1,1010.1,23,3,35.1,Low,0.5,90,24.1,55.4,424.3,1911.8,43.0,Tropical,Rain,Low
418,2024-03-15,NOAA1048,USA,31.2244,-72.5704,1226.4,15.4,21.2,9.7,21.8,0.0,53,39.3,E,163.8,996.3,10,7,31.1,Low,2.44,84,25.4,48.7,415.3,1898.8,32.7,Temperate,None,Low
419,2021-06-28,NOAA1042,Mexico,43.941,-121.614,633.2,24.3,31.1,20.0,7.6,0.0,39,24.4,S,845.7,1012.4,60,6,29.0,Medium,4.32,118,33.1,62.5,427.1,1963.6,38.4,Arid,Fog,Medium
420,2022-02-14,NOAA1003,Canada,45.9539,-78.0426,9.3,2.8,10.0,-1.6,4.3,0.0,56,37.9,E,120.5,1008.8,15,9,35.7,High,1.82,115,27.6,60.2,431.1,1884.6,43.1,Continental,Coldwave,Medium
421,2023-09-14,NOAA1000,Mexico,47.9811,-77.6807,49.9,24.6,28.8,22.3,1.2,0.0,41,36.7,SW,642.3,1013.2,29,10,28.5,High,5.17,108,28.2,68.2,427.1,1874.0,40.0,Continental,Fog,High
422,2020-07-24,NOAA1018,Mexico,29.6818,-115.8398,1560.2,31.2,36.6,24.1,8.7,0.0,52,23.7,E,498.3,1010.7,11,5,41.7,Medium,6.67,125,24.5,54.6,422.3,1898.2,36.6,Temperate,Heatwave,High
423,2023-01-12,NOAA1015,USA,29.0904,-70.18,2099.7,-1.3,1.3,-9.3,17.0,0.6,52,41.9,SW,822.1,1006.5,98,5,31.9,Medium,0.5,118,30.3,54.9,415.6,1948.8,36.1,Tropical,Coldwave,High
424,2024-01-25,NOAA1005,Mexico,32.9872,-111.243,1727.9,6.7,14.2,4.3,7.9,0.0,54,16.8,W,623.1,1007.2,100,9,45.3,Medium,1.88,111,25.3,48.4,426.1,1927.4,54.8,Temperate,None,Low
425,2021-11-27,NOAA1012,Mexico,47.6082,-91.3482,382.3,8.3,12.2,4.0,21.5,0.0,65,33.7,S,149.5,1025.3,68,4,51.1,Low,3.2,103,27.3,55.2,421.1,1871.9,30.4,Tropical,Coldwave,High
426,2023-05-17,NOAA1014,USA,34.4875,-93.3173,1381.8,24.0,26.9,16.3,15.5,0.0,62,38.0,NW,644.0,1025.6,18,10,39.9,Medium,5.09,91,27.1,48.4,427.9,1934.8,36.4,Temperate,Storm,High
427,2023-03-21,NOAA1040,USA,36.8806,-83.864,1130.1,6.4,14.3,2.4,25.8,0.0,65,37.6,SE,778.5,1020.9,28,1,52.3,Low,2.51,110,25.8,43.1,428.3,1856.5,29.8,Tropical,None,High
428,2022-03-14,NOAA1027,Mexico,36.3621,-104.1465,1174.1,9.6,12.0,3.2,6.7,0.0,49,14.1,SE,660.9,1021.0,70,7,27.9,Medium,2.09,101,31.8,60.8,416.3,1925.6,38.5,Continental,Fog,Low
429,2023-03-28,NOAA1028,Mexico,36.5786,-72.8586,629.3,11.3,18.1,8.1,4.6,0.0,41,30.0,SW,680.8,1012.6,73,2,31.6,High,3.67,109,27.6,67.4,423.9,1834.0,40.1,Tropical,None,Low
430,2021-12-29,NOAA1011,USA,27.8163,-94.6202,1015.5,10.3,14.9,7.4,9.8,0.0,55,33.1,SE,127.2,1016.7,30,7,38.3,Medium,2.92,106,29.1,52.6,432.2,1862.0,54.0,Temperate,Heatwave,High
431,2022-02-21,NOAA1040,Mexico,35.6828,-123.3387,349.9,6.7,9.4,0.9,11.0,0.0,49,41.1,SE,118.4,1010.8,73,10,34.0,Medium,2.39,100,30.2,48.1,424.8,1855.8,47.4,Continental,Fog,High
432,2022-06-07,NOAA1036,USA,27.3866,-120.3806,2726.6,26.0,32.8,22.9,8.9,0.0,49,37.0,N,415.0,1022.8,68,9,34.1,Medium,4.94,130,29.9,61.4,417.9,1914.1,35.4,Temperate,Rain,High
433,2020-08-28,NOAA1038,Mexico,29.3185,-92.3809,2401.5,22.7,25.4,19.9,16.3,0.0,49,10.9,E,170.3,1019.2,32,1,27.7,Medium,3.65,107,24.6,52.7,407.0,1851.6,38.1,Continental,Fog,Low
434,2021-05-23,NOAA1002,Mexico,46.7109,-107.2764,1602.3,22.5,25.3,17.6,5.4,0.0,47,15.5,SW,584.9,1023.1,65,4,35.9,Medium,4.7,101,26.0,51.1,413.2,1921.7,41.6,Arid,Rain,Low
435,2023-05-18,NOAA1013,Mexico,33.6176,-116.6759,1866.9,23.1,25.5,19.6,31.3,0.0,70,18.4,E,420.0,1011.3,10,5,51.8,Low,5.35,82,22.5,35.8,426.9,1918.7,44.1,Arid,Fog,High
436,2023-08-15,NOAA1045,Canada,38.5274,-87.077,1534.3,30.7,33.7,23.8,6.0,0.0,44,15.6,W,403.2,1025.1,77,4,24.0,Medium,4.85,106,30.3,55.1,424.8,1902.9,38.3,Arid,Fog,Low
437,2022-01-13,NOAA1049,Canada,28.5119,-78.5085,820.9,-2.8,-0.2,-10.7,14.1,4.4,53,42.9,NE,240.6,999.0,93,5,38.5,Medium,1.19,96,26.8,57.0,424.7,1897.4,43.6,Arid,Coldwave,Medium
438,2023-05-29,NOAA1003,USA,32.6319,-81.1432,542.0,20.3,27.1,14.2,11.9,0.0,45,35.9,W,481.5,1009.7,16,5,23.7,Medium,4.07,102,28.6,46.9,435.1,1922.3,29.3,Polar,Fog,Medium
439,2020-04-18,NOAA1023,Mexico,43.6607,-85.3417,1254.7,17.9,22.6,13.3,2.9,0.0,56,17.2,NW,501.8,1016.4,35,7,39.5,High,4.12,116,27.3,65.7,423.5,1813.4,37.4,Arid,Heatwave,Medium
440,2024-09-27,NOAA1040,USA,26.8406,-110.3179,280.9,28.6,34.1,26.1,8.7,0.0,42,14.3,NW,746.7,1000.8,1,7,32.2,Medium,6.15,104,27.6,56.0,397.3,1882.0,44.4,Polar,Fog,Low
441,2022-04-10,NOAA1039,USA,46.8613,-81.4827,2142.5,20.8,27.0,14.3,9.1,0.0,40,12.5,N,585.9,1006.7,21,11,34.9,Medium,4.65,109,24.5,52.8,402.1,1916.4,38.5,Tropical,Coldwave,Medium
442,2020-04-14,NOAA1031,Canada,29.0916,-68.7255,1013.9,17.3,23.4,10.3,45.5,0.0,75,38.6,NE,332.1,993.1,61,5,48.7,Low,2.6,84,15.8,33.3,414.7,1918.1,32.1,Polar,None,Medium
443,2023-06-19,NOAA1003,Canada,25.1414,-97.7598,895.1,28.2,30.8,24.1,18.5,0.0,61,33.1,W,383.6,1011.9,12,7,42.6,Medium,4.4,118,29.4,49.0,414.3,1910.7,32.7,Continental,None,Low
444,2024-04-24,NOAA1014,Canada,34.4886,-106.9408,1285.0,16.7,19.8,9.8,19.0,0.0,54,6.7,NW,625.0,1018.7,56,3,32.0,Medium,4.0,86,23.8,57.9,403.6,1946.4,37.3,Tropical,None,Low
445,2021-08-06,NOAA1008,Canada,35.1053,-105.1208,94.8,31.7,37.7,24.0,29.9,0.0,53,43.3,S,195.0,1009.3,62,9,37.0,Low,6.12,83,20.8,50.3,417.7,1857.2,25.7,Continental,Coldwave,High
446,2024-02-28,NOAA1008,USA,47.9843,-78.8154,378.4,7.6,11.7,5.5,31.5,0.0,65,31.4,N,642.6,1003.4,43,7,53.1,Low,2.61,100,21.9,39.9,416.8,1912.7,37.3,Temperate,Heatwave,Low
447,2023-06-18,NOAA1046,Mexico,29.4846,-107.9751,345.1,27.6,31.2,21.4,8.6,0.0,44,30.7,W,258.7,1014.2,90,2,34.0,Medium,5.14,107,24.7,62.8,428.1,1900.6,27.4,Tropical,Rain,Low
448,2020-09-27,NOAA1002,Canada,48.7696,-71.0414,1278.9,25.4,31.1,22.9,10.9,0.0,53,4.2,W,520.0,1014.8,89,11,44.8,Medium,4.25,121,27.1,54.7,425.5,1849.2,53.6,Temperate,Storm,Low
449,2021-07-05,NOAA1017,Canada,42.0781,-109.9228,2685.3,31.8,34.9,29.8,38.3,0.0,68,30.4,SW,269.6,1026.0,60,5,54.1,Low,4.97,77,17.9,40.7,416.0,1888.1,42.2,Arid,Storm,Low
450,2020-07-17,NOAA1043,Mexico,43.4911,-116.5724,1081.7,31.6,38.5,25.1,30.9,0.0,53,27.3,SW,290.6,997.3,35,4,38.4,Low,4.91,80,18.6,49.4,411.1,1892.6,42.5,Temperate,None,High
451,2024-12-15,NOAA1012,USA,41.9118,-71.2465,224.6,1.8,7.1,-2.3,30.3,14.5,73,44.6,SE,526.8,1018.4,19,1,45.1,Low,1.11,90,26.3,50.0,405.9,1891.0,39.3,Polar,Storm,Medium
452,2022-07-07,NOAA1045,USA,46.8604,-120.1406,1257.0,37.0,44.6,32.0,7.4,0.0,59,2.9,S,657.4,1021.3,16,5,34.0,Medium,6.68,109,30.6,54.2,424.7,1894.8,44.6,Polar,Coldwave,Low
453,2020-12-04,NOAA1048,Mexico,34.2196,-79.5758,1202.5,-0.8,2.8,-3.9,24.3,3.2,63,11.4,N,803.3,1013.6,65,8,44.2,Low,1.32,96,22.0,42.3,417.3,1951.3,48.7,Arid,Coldwave,Low
454,2020-12-16,NOAA1002,Mexico,30.7172,-121.7718,444.4,3.8,11.1,-3.8,4.6,0.0,44,13.6,N,613.9,1016.6,31,4,31.4,High,0.57,122,30.2,67.1,405.0,1853.5,37.7,Arid,None,High
455,2024-12-15,NOAA1016,Mexico,28.2067,-72.7949,884.7,0.8,8.7,-5.0,4.3,0.2,54,17.3,S,241.4,1006.3,2,9,40.3,High,1.86,106,31.2,61.6,418.2,1854.7,42.8,Arid,Fog,High
456,2023-05-22,NOAA1013,Canada,30.2953,-108.6788,1745.0,20.5,27.3,14.0,8.8,0.0,57,8.7,SE,683.8,1011.9,55,6,34.3,Medium,4.03,127,24.6,49.3,425.9,1823.6,50.5,Tropical,Rain,High
457,2022-10-01,NOAA1041,Canada,25.5051,-114.7136,533.2,17.3,21.7,11.7,9.5,0.0,45,5.0,NE,441.1,1007.6,58,11,39.0,Medium,2.8,128,24.0,60.3,428.0,1903.9,36.0,Temperate,Coldwave,Low
458,2022-02-12,NOAA1001,USA,44.8375,-80.4836,1933.4,4.4,6.7,0.9,12.6,0.0,54,5.6,E,850.9,1020.6,76,1,42.5,Medium,0.68,98,27.3,60.1,411.8,1918.9,37.9,Temperate,Rain,Low
459,2022-09-10,NOAA1028,USA,32.3772,-96.7022,731.4,27.4,32.7,23.8,1.2,0.0,53,25.4,N,759.9,1022.7,13,9,33.8,High,5.13,129,26.1,67.6,417.8,1876.4,45.2,Temperate,Rain,Medium
460,2022-02-28,NOAA1022,Mexico,31.8843,-71.4636,2053.3,5.5,11.6,-0.8,8.4,0.0,44,40.8,NW,235.6,1012.1,14,4,24.4,Medium,2.74,118,23.7,52.5,412.8,1933.7,37.0,Arid,None,Low
461,2023-05-23,NOAA1011,Canada,37.7315,-89.8221,2038.3,10.4,13.3,4.4,9.8,0.0,44,15.0,S,378.7,1018.4,13,5,37.5,Medium,2.88,111,30.7,59.3,401.0,1910.1,30.5,Temperate,None,Low
462,2024-05-11,NOAA1009,Canada,28.5467,-98.5384,2390.6,24.4,32.3,17.5,22.2,0.0,68,6.9,W,867.7,1009.3,35,3,41.0,Low,5.65,93,27.1,46.0,414.4,1853.8,26.0,Continental,Heatwave,Medium
463,2023-11-21,NOAA1038,Mexico,33.0032,-78.278,1961.9,7.4,10.9,2.9,15.0,0.0,57,23.4,NW,526.0,1025.5,29,7,33.2,Medium,2.54,123,27.0,56.4,413.1,1921.0,30.9,Tropical,Fog,Low
464,2021-04-26,NOAA1000,USA,48.8537,-123.0222,1675.1,18.1,25.8,10.6,10.2,0.0,52,4.6,SW,388.7,1005.0,99,3,33.1,Medium,3.0,129,32.2,63.2,414.0,1841.3,36.0,Tropical,Rain,Low
465,2020-04-24,NOAA1007,Mexico,41.8951,-102.4847,79.0,19.9,27.7,15.7,19.4,0.0,50,32.2,NE,481.5,1010.0,76,3,27.5,Medium,3.72,90,22.6,40.5,429.5,1919.3,34.4,Continental,Rain,Low
466,2022-08-20,NOAA1047,Mexico,41.7655,-106.9281,1234.6,35.6,39.6,28.9,4.7,0.0,41,31.9,S,189.0,1020.1,7,11,21.2,High,6.84,132,25.4,55.6,434.6,1883.6,45.7,Continental,Fog,Medium
467,2023-02-08,NOAA1036,Mexico,32.3448,-111.0431,2794.4,12.1,15.7,9.5,7.9,0.0,47,18.2,E,694.5,998.3,51,10,25.8,Medium,2.6,132,29.1,47.6,413.7,1945.8,41.7,Continental,Heatwave,Medium
468,2023-08-29,NOAA1025,Canada,28.9558,-78.2097,1939.9,33.7,36.9,31.0,19.8,0.0,66,5.3,SW,122.4,1005.4,36,3,46.9,Medium,5.19,85,27.6,46.3,414.6,1869.1,46.6,Polar,Rain,High
469,2020-03-07,NOAA1017,USA,48.4399,-91.8066,1691.2,13.6,20.3,11.3,18.6,0.0,53,15.5,S,106.8,1020.2,45,5,44.4,Medium,3.04,106,27.9,55.2,433.5,1964.9,47.3,Tropical,Fog,High
470,2020-07-18,NOAA1026,Mexico,37.0859,-95.3759,2325.2,24.1,26.2,17.3,42.5,0.0,70,22.5,N,332.1,1007.1,19,11,48.4,Low,5.39,67,23.9,33.4,425.8,1858.0,46.1,Tropical,Fog,High
471,2020-10-15,NOAA1032,Mexico,48.8147,-89.3019,1569.9,22.5,29.1,17.8,21.9,0.0,53,7.6,S,388.3,1021.6,55,1,43.4,Low,4.92,107,21.9,59.0,422.6,1888.6,23.1,Polar,None,Low
472,2023-03-07,NOAA1031,USA,44.3134,-115.8705,2611.4,9.2,14.5,1.4,19.6,0.0,66,35.6,NE,499.1,1004.4,58,6,40.9,Medium,1.97,89,22.9,47.5,435.3,1848.8,41.5,Temperate,None,Low
473,2023-12-26,NOAA1016,Canada,48.4836,-80.5007,1326.1,6.0,13.5,-1.6,4.1,0.0,51,43.8,NW,131.7,1026.0,36,7,34.2,High,2.14,108,28.4,58.2,435.6,1869.1,40.0,Polar,Storm,Medium
474,2020-06-19,NOAA1032,Canada,31.3079,-74.0944,2047.7,28.8,34.5,22.9,6.7,0.0,52,33.9,SE,659.8,1011.6,71,1,30.9,Medium,4.53,122,24.9,54.6,426.2,1917.7,34.1,Temperate,Rain,Medium
475,2024-11-25,NOAA1042,USA,33.3745,-97.2961,1605.3,9.9,16.8,7.2,1.9,0.0,50,9.8,NE,834.0,1013.9,50,7,30.2,High,2.14,123,27.9,61.1,421.2,1947.3,49.3,Tropical,Fog,High
476,2022-09-02,NOAA1017,Canada,25.9188,-115.1228,1409.9,23.5,29.3,19.6,16.1,0.0,47,3.3,W,149.9,1006.0,46,7,40.6,Medium,3.95,101,29.7,61.0,414.3,1947.5,51.5,Continental,Storm,Medium
477,2023-07-25,NOAA1005,USA,26.6622,-100.9111,895.0,30.0,36.3,22.8,13.8,0.0,48,24.6,S,247.3,1022.3,6,2,39.9,Medium,5.36,110,23.2,50.1,410.0,1821.2,45.7,Continental,Heatwave,Medium
478,2023-01-01,NOAA1044,Canada,33.5126,-84.5046,1167.4,-2.0,0.1,-8.7,16.5,11.9,49,5.3,E,359.0,1020.1,93,6,26.5,Medium,1.49,97,25.9,48.1,425.8,1863.3,50.8,Continental,Storm,High
479,2024-01-19,NOAA1028,USA,40.223,-87.5818,1735.1,5.7,7.9,-0.8,14.8,0.0,43,10.1,E,580.8,1017.9,27,6,25.5,Medium,1.24,90,25.0,49.9,442.1,1904.0,33.3,Arid,Storm,High
480,2024-08-04,NOAA1044,Canada,40.5739,-98.0081,1231.2,35.7,39.8,30.4,2.7,0.0,39,24.5,SW,190.7,1010.4,22,8,26.2,High,5.71,112,29.8,56.3,418.3,1874.9,37.7,Continental,Fog,Medium
481,2023-12-08,NOAA1006,USA,44.3426,-118.0827,1948.9,7.7,13.4,3.2,8.3,0.0,58,23.3,NE,606.8,1021.1,64,10,45.5,Medium,2.49,122,25.0,61.4,433.4,1862.2,30.8,Polar,Heatwave,Low
482,2021-02-04,NOAA1007,Canada,48.2228,-71.9003,1238.8,7.5,14.4,1.3,17.1,0.0,60,33.9,N,851.7,1005.5,100,4,42.1,Medium,1.66,103,23.8,59.5,433.9,1928.1,48.3,Continental,Fog,Low
483,2020-01-09,NOAA1002,USA,25.6299,-78.9409,2522.3,4.3,9.4,-2.1,13.3,0.0,55,15.7,E,867.3,1021.7,55,4,39.4,Medium,1.43,116,30.0,59.4,410.5,1918.0,56.7,Polar,Heatwave,Low
484,2023-07-27,NOAA1046,USA,34.6749,-105.8669,475.3,26.9,30.3,20.6,9.9,0.0,52,7.4,NE,605.2,1016.3,100,7,41.9,Medium,5.29,111,30.9,48.2,440.4,1874.3,33.2,Arid,Rain,Low
485,2020-07-10,NOAA1027,USA,40.0935,-90.1826,83.5,31.3,37.5,23.8,29.6,0.0,52,5.4,W,120.2,1031.2,93,3,44.1,Low,5.96,97,19.5,48.3,428.8,1919.0,40.0,Tropical,Storm,Low
486,2023-01-01,NOAA1046,Canada,43.4894,-86.4223,824.9,-1.4,6.2,-7.2,4.9,12.8,44,26.9,NE,188.7,1019.7,76,2,24.5,High,0.5,111,24.7,57.4,426.7,1909.6,42.8,Arid,Rain,Medium
487,2020-07-25,NOAA1001,Canada,26.7658,-69.3246,228.9,36.1,42.2,31.8,6.6,0.0,53,15.5,NW,746.8,1023.9,23,5,29.3,Medium,5.77,100,24.5,53.6,409.1,1894.0,44.0,Arid,Heatwave,High
488,2023-05-13,NOAA1000,USA,37.522,-109.4934,364.8,29.2,34.8,24.0,22.0,0.0,65,24.3,E,273.0,1011.1,46,2,51.9,Low,4.44,91,21.7,53.6,417.0,1893.8,46.1,Tropical,Storm,Medium
489,2022-09-13,NOAA1005,Canada,41.994,-86.8403,1401.1,28.0,34.9,23.4,30.4,0.0,59,42.7,SE,300.1,1003.6,25,11,46.8,Low,5.63,99,18.4,50.7,417.7,1963.6,45.4,Polar,Storm,Low
490,2024-06-14,NOAA1046,Canada,35.4033,-98.569,1789.0,27.5,31.1,23.6,8.7,0.0,46,6.6,W,443.5,1010.3,72,6,30.2,Medium,5.39,100,27.3,63.4,419.3,1913.5,38.5,Polar,Storm,High
491,2022-04-19,NOAA1038,Mexico,47.8091,-93.7616,1194.9,14.0,16.7,7.1,4.1,0.0,46,20.5,E,386.2,1013.2,9,4,34.7,High,2.84,120,25.2,54.3,410.8,1832.5,25.6,Temperate,Fog,Medium
492,2021-03-13,NOAA1036,Canada,46.5699,-91.9865,1156.8,4.6,10.2,-0.6,7.3,0.0,53,6.4,S,673.0,1028.6,85,2,38.3,Medium,1.98,124,26.4,52.8,421.4,1920.4,59.6,Tropical,None,Medium
493,2022-10-18,NOAA1017,Canada,27.8622,-98.1912,1804.3,14.8,20.3,11.4,2.1,0.0,37,2.9,N,614.9,1024.9,73,1,32.5,High,2.79,127,24.8,59.6,417.8,1861.4,44.0,Polar,None,Medium
494,2023-08-13,NOAA1004,Canada,27.2829,-78.2567,2169.8,27.1,30.7,20.6,50.5,0.0,65,19.2,SW,495.1,1022.5,6,7,42.3,Low,6.03,85,20.9,44.1,405.2,1936.8,41.5,Temperate,Storm,High
495,2020-07-29,NOAA1014,USA,44.811,-116.0921,2980.6,36.6,43.8,30.3,14.7,0.0,43,11.7,NE,252.9,1006.7,47,9,37.9,Medium,7.36,93,23.9,58.3,407.4,1867.9,39.4,Temperate,None,Medium
496,2020-06-02,NOAA1021,Mexico,39.706,-77.6883,809.7,27.7,30.7,24.9,45.8,0.0,70,21.8,E,355.5,1001.9,18,10,55.2,Low,6.09,85,19.9,40.5,429.6,1912.7,39.6,Polar,Coldwave,Low
497,2023-03-29,NOAA1042,Canada,48.4324,-105.6511,2192.6,6.7,10.1,3.1,28.1,0.0,66,14.7,NE,382.4,1016.5,31,11,48.6,Low,2.72,80,18.7,45.8,421.6,1896.0,43.5,Tropical,None,High
498,2021-03-18,NOAA1024,USA,36.7035,-104.5943,2442.0,-0.1,6.5,-5.2,21.7,6.3,62,42.6,NW,624.2,1014.0,64,2,50.0,Low,0.5,106,23.4,48.2,431.0,1896.7,35.3,Polar,Coldwave,Low
499,2024-05-16,NOAA1012,USA,31.6681,-114.6408,921.4,25.4,32.6,19.5,11.6,0.0,53,8.3,NE,696.0,1004.4,30,1,43.4,Medium,4.18,94,26.9,54.8,415.6,1894.1,46.7,Arid,Storm,Low
500,2023-02-01,NOAA1022,Canada,30.0896,-101.3751,1292.5,3.8,7.8,-0.8,3.9,0.0,39,17.9,N,618.9,1008.7,93,7,22.4,High,0.95,112,30.0,58.6,422.6,1948.3,49.1,Continental,Coldwave,Medium
501,2020-08-11,NOAA1041,USA,48.0153,-111.484,159.4,27.8,30.0,24.2,31.2,0.0,54,4.8,NE,320.4,1014.7,79,7,36.1,Low,4.37,90,22.2,37.8,423.7,1953.8,44.2,Tropical,Storm,High
502,2021-08-12,NOAA1018,Mexico,25.0746,-113.4505,2723.3,29.6,35.3,23.2,53.3,0.0,85,38.7,SE,236.2,1020.1,87,2,54.2,Low,5.1,80,13.1,23.6,428.8,1977.4,51.2,Continental,Heatwave,Medium
503,2020-02-12,NOAA1016,USA,29.0974,-80.6651,29.2,5.2,9.3,0.4,2.9,0.0,41,2.0,SE,478.1,1014.1,5,1,29.8,High,2.76,116,29.5,51.9,419.1,1867.8,36.9,Tropical,None,Low
504,2021-09-15,NOAA1028,Canada,42.6356,-67.5818,772.0,22.3,27.2,18.1,9.0,0.0,50,2.6,SW,340.9,1003.0,42,9,39.4,Medium,5.06,126,23.9,59.2,422.3,1800.1,21.0,Temperate,Rain,Medium
505,2024-10-19,NOAA1042,USA,33.5727,-122.2384,1732.8,15.6,21.8,11.0,11.4,0.0,48,10.9,NE,255.1,1014.5,48,11,27.3,Medium,2.89,127,31.1,53.3,433.6,1975.9,41.3,Polar,Rain,Medium
506,2023-10-22,NOAA1021,Canada,39.1395,-70.1198,828.7,21.1,24.2,15.6,15.2,0.0,55,32.2,NE,446.8,1002.3,58,10,46.0,Medium,4.75,107,22.3,42.6,416.1,1932.8,26.9,Tropical,Heatwave,High
507,2020-11-03,NOAA1018,Mexico,38.3954,-114.7314,1460.5,9.5,11.9,5.7,16.9,0.0,61,21.5,SE,326.4,1014.0,75,2,35.6,Medium,2.04,115,24.3,58.2,427.8,1815.8,49.2,Temperate,Storm,Low
508,2021-12-18,NOAA1032,Mexico,48.0046,-92.0373,2861.1,7.5,13.8,4.6,10.4,0.0,50,33.5,W,568.2,992.2,10,5,30.5,Medium,2.07,116,24.9,58.4,420.9,1920.3,32.7,Continental,Heatwave,Medium
509,2020-07-19,NOAA1019,Mexico,32.4577,-91.8573,2036.8,35.5,39.4,30.0,3.5,0.0,45,31.4,SE,300.0,1008.5,53,9,26.7,High,5.93,120,29.8,60.8,424.0,1878.6,44.1,Polar,Rain,Medium
510,2024-05-21,NOAA1006,USA,37.6377,-84.4344,1511.4,29.7,35.8,25.6,23.7,0.0,62,17.2,NW,436.4,1012.6,52,8,35.8,Low,5.57,107,20.0,41.0,412.8,1847.5,44.0,Arid,Rain,High
511,2022-11-14,NOAA1008,Mexico,38.0385,-91.7622,880.0,7.6,14.1,3.2,8.8,0.0,51,19.3,N,470.2,1017.8,97,9,35.1,Medium,1.25,99,25.5,65.3,422.6,1897.6,44.0,Temperate,Storm,High
512,2020-07-18,NOAA1036,Canada,41.5742,-74.7341,364.3,28.9,34.4,23.8,30.3,0.0,62,32.8,SE,513.0,1006.0,71,8,37.6,Low,6.13,83,20.4,41.1,429.6,1911.3,42.7,Temperate,Heatwave,High
513,2023-11-09,NOAA1007,USA,25.0009,-89.5839,363.1,10.1,12.7,6.9,15.1,0.0,50,22.4,NW,412.6,1010.1,15,5,33.5,Medium,3.48,104,29.6,53.4,430.2,1811.3,44.0,Polar,Fog,Medium
514,2024-10-25,NOAA1007,Canada,28.5099,-122.7655,425.1,7.0,13.5,3.6,5.6,0.0,57,24.0,SE,480.9,1026.0,37,5,42.6,Medium,2.97,130,27.3,52.7,430.9,1853.3,19.0,Continental,Fog,Low
515,2022-08-08,NOAA1027,USA,25.6713,-97.9463,1692.6,27.9,30.0,24.1,29.0,0.0,65,29.7,NW,134.1,999.1,45,3,45.0,Low,5.63,93,17.8,38.7,419.2,1850.4,56.8,Polar,Coldwave,Low
516,2021-12-15,NOAA1024,Mexico,26.5064,-86.6126,1055.6,8.4,14.7,4.4,21.6,0.0,63,32.8,E,322.7,1006.5,97,11,40.9,Low,2.05,113,23.4,48.6,429.6,1875.0,27.0,Tropical,Coldwave,High
517,2022-11-04,NOAA1016,USA,41.7464,-90.4354,1742.2,10.7,16.2,3.7,20.7,0.0,63,4.9,N,781.6,1027.2,20,4,37.6,Low,1.82,114,23.1,44.3,425.5,1958.7,31.1,Tropical,None,Low
518,2024-01-31,NOAA1048,Canada,47.137,-120.4702,751.5,0.9,3.1,-5.6,8.6,8.8,52,18.1,N,838.8,1000.5,41,2,39.6,Medium,0.89,131,24.8,50.7,405.2,1904.8,40.0,Continental,Fog,Medium
519,2021-04-06,NOAA1047,USA,35.4175,-93.8738,2370.0,15.1,17.6,13.0,26.5,0.0,56,43.3,NE,262.8,1005.7,17,1,37.0,Low,3.08,112,27.0,43.6,425.1,1904.9,39.1,Polar,Heatwave,Low
520,2024-08-31,NOAA1036,Canada,37.0204,-103.6803,2699.3,24.8,31.9,18.0,15.9,0.0,50,20.9,W,799.2,1006.9,72,2,29.0,Medium,4.75,95,22.2,46.7,424.6,1799.6,39.7,Polar,Coldwave,Medium
521,2020-02-16,NOAA1018,Canada,34.3702,-103.5994,2617.3,3.2,6.1,-0.5,25.5,0.0,57,25.0,SE,782.6,1014.5,78,9,36.9,Low,1.72,113,25.6,39.5,417.6,1952.5,42.6,Continental,Storm,High
522,2020-03-02,NOAA1021,Canada,31.2611,-104.9311,2294.2,10.8,13.6,5.5,4.0,0.0,38,33.6,N,288.5,1015.3,9,10,33.1,High,3.03,103,27.5,49.4,415.0,1870.0,44.2,Continental,Coldwave,High
523,2023-06-08,NOAA1035,Canada,47.7184,-108.581,125.2,20.7,22.9,15.7,2.9,0.0,38,30.0,W,482.1,1027.9,100,4,18.9,High,3.22,114,29.6,65.8,420.6,1848.3,34.4,Temperate,Coldwave,Medium
524,2020-04-16,NOAA1049,Canada,41.6906,-99.506,1280.5,12.3,15.1,7.7,30.7,0.0,65,40.6,SW,381.4,1009.8,43,7,52.2,Low,2.32,79,23.2,39.2,430.7,1947.3,39.1,Polar,Coldwave,Low
525,2024-06-30,NOAA1046,USA,44.5029,-119.6331,380.1,32.0,35.1,29.7,44.2,0.0,61,17.0,SE,898.5,1019.0,16,10,41.1,Low,6.12,64,14.7,46.7,412.2,1940.3,42.7,Tropical,Heatwave,High
526,2024-02-14,NOAA1014,Canada,42.1152,-70.3387,2340.6,2.1,5.9,-3.8,6.5,0.0,49,24.7,S,355.1,1007.2,69,9,28.0,Medium,1.01,124,30.4,59.2,420.0,1946.0,30.9,Arid,None,Low
527,2020-10-07,NOAA1014,Canada,42.8058,-111.9861,1117.2,20.0,26.9,17.1,23.3,0.0,64,44.1,NW,619.9,1019.3,58,2,37.1,Low,4.67,98,22.0,46.0,409.2,1883.4,40.3,Temperate,None,Medium
528,2024-10-16,NOAA1024,Canada,25.4524,-102.1925,1332.1,17.4,20.7,13.1,11.6,0.0,60,30.4,N,628.3,1016.2,4,9,46.2,Medium,4.48,114,31.3,62.3,426.1,1942.2,39.2,Polar,Rain,Low
529,2021-11-29,NOAA1027,Canada,43.7827,-71.0717,2257.2,10.7,17.5,5.4,17.7,0.0,64,43.0,S,786.8,1006.4,68,8,43.6,Medium,3.04,120,23.2,60.4,409.0,1914.1,24.2,Continental,Fog,Low
530,2020-09-27,NOAA1017,Mexico,47.8232,-119.1244,749.8,24.2,29.5,20.2,44.1,0.0,61,19.0,S,389.4,1005.4,84,5,47.2,Low,5.25,60,15.2,39.3,416.0,1843.3,33.3,Arid,Storm,Low
531,2022-06-27,NOAA1001,Canada,25.2129,-121.8908,1076.2,25.4,31.2,20.1,14.5,0.0,57,19.6,NE,321.2,1013.6,78,9,36.9,Medium,3.94,101,24.0,58.5,423.4,1910.7,37.3,Arid,Heatwave,Low
532,2021-04-10,NOAA1011,USA,45.9097,-86.6092,698.0,17.5,23.4,14.4,12.1,0.0,62,23.8,NW,563.9,1016.7,5,9,46.9,Medium,2.75,108,31.7,44.3,419.8,1870.9,37.7,Arid,Coldwave,High
533,2020-04-01,NOAA1015,Canada,27.6199,-95.1045,339.5,14.2,16.7,11.0,26.4,0.0,69,26.5,W,157.1,1008.3,54,5,42.6,Low,2.78,101,21.7,45.0,426.3,1882.8,43.3,Arid,Heatwave,Medium
534,2023-06-27,NOAA1010,Canada,26.0707,-70.9724,2735.6,30.2,32.4,24.5,18.5,0.0,46,36.7,SW,852.0,1006.4,48,10,24.7,Medium,5.98,110,28.0,53.7,410.9,1949.2,57.8,Temperate,Rain,High
535,2022-10-28,NOAA1040,Mexico,42.6148,-93.2789,363.7,17.0,24.3,10.2,5.2,0.0,56,28.1,NW,353.6,1013.2,24,10,35.9,Medium,3.04,114,31.7,66.9,423.0,1912.5,49.5,Tropical,Heatwave,Medium
536,2024-03-12,NOAA1044,USA,35.6802,-69.4163,1229.8,5.0,7.5,-0.4,22.4,0.0,51,5.3,SW,622.7,1017.7,77,4,34.9,Low,1.59,90,28.7,43.7,426.5,1882.9,43.2,Continental,Fog,High
537,2023-09-25,NOAA1038,Canada,44.1005,-104.5304,353.9,21.1,25.6,16.1,24.1,0.0,53,8.4,NW,606.1,1022.2,98,4,43.5,Low,4.92,80,20.6,46.3,419.5,1902.9,40.6,Polar,Fog,Medium
538,2024-03-01,NOAA1008,USA,45.0126,-122.6359,500.8,9.4,11.8,4.3,29.8,0.0,55,24.8,W,823.4,1012.3,45,3,36.9,Low,2.52,93,18.7,53.0,422.7,1886.6,29.2,Arid,Coldwave,High
539,2023-06-16,NOAA1046,USA,26.7701,-71.5187,2849.8,28.8,36.3,23.0,14.3,0.0,46,33.8,W,331.4,1027.5,61,3,35.9,Medium,5.77,122,22.3,60.8,430.2,1893.9,44.3,Polar,Coldwave,Medium
540,2023-10-12,NOAA1029,Canada,32.6905,-113.9268,2167.6,20.4,24.1,13.8,30.3,0.0,73,12.0,NW,372.9,1021.5,72,9,57.5,Low,4.22,101,20.3,42.5,422.9,1924.3,38.2,Tropical,Rain,Low
541,2024-07-25,NOAA1027,Mexico,31.6781,-73.8637,943.1,27.3,31.4,24.3,14.1,0.0,49,14.4,NW,451.1,1014.5,21,5,41.3,Medium,4.61,96,30.7,56.3,412.7,1866.5,38.9,Tropical,None,Low
542,2023-02-04,NOAA1048,USA,25.6564,-72.5551,2879.6,4.2,9.4,-2.6,8.6,0.0,56,2.3,N,395.6,1023.8,36,10,38.0,Medium,1.52,104,31.2,51.6,420.2,1889.4,39.5,Temperate,Fog,High
543,2024-09-26,NOAA1028,Canada,36.8381,-119.0488,410.5,24.9,28.6,18.9,3.6,0.0,40,43.6,NE,695.4,1003.0,28,2,25.2,High,4.75,118,28.6,62.9,428.1,1893.7,65.9,Temperate,Fog,High
544,2021-10-06,NOAA1027,USA,47.3768,-78.7307,952.6,26.2,33.2,20.2,11.5,0.0,42,39.7,N,859.3,1012.1,80,1,25.3,Medium,5.1,107,28.9,49.6,407.6,1969.8,51.2,Tropical,Heatwave,Low
545,2024-02-11,NOAA1018,USA,29.7658,-74.0758,2852.5,1.5,8.6,-5.0,19.3,0.1,61,4.9,SE,668.0,1009.1,4,7,45.7,Medium,1.45,100,26.6,50.0,410.4,1807.4,46.9,Tropical,Storm,Low
546,2024-11-27,NOAA1042,Canada,36.7653,-88.0884,1793.5,5.7,11.0,1.9,1.5,0.0,44,11.4,S,435.7,1014.2,57,6,26.8,High,1.7,114,29.3,55.6,420.0,1900.8,38.2,Temperate,Storm,High
547,2022-03-26,NOAA1049,Canada,45.1629,-74.7515,1803.2,12.5,18.6,10.3,3.4,0.0,41,13.5,SE,811.8,1009.7,100,7,21.7,High,3.42,117,30.9,56.5,414.3,1920.9,42.6,Continental,Heatwave,Medium
548,2021-06-17,NOAA1017,Canada,42.4765,-104.629,2455.6,28.7,32.6,24.2,5.5,0.0,39,26.6,E,528.8,1011.5,99,11,21.1,Medium,6.24,120,24.9,58.0,410.1,1840.4,51.6,Temperate,Heatwave,Low
549,2024-05-17,NOAA1022,Mexico,26.5232,-121.1947,631.4,25.2,30.4,17.3,12.3,0.0,52,38.0,W,787.8,1009.4,29,5,41.2,Medium,5.6,113,26.1,54.9,414.5,1821.2,40.8,Tropical,None,Low
550,2024-09-27,NOAA1048,Mexico,27.4605,-101.3176,1454.7,32.2,35.1,28.4,16.4,0.0,44,11.9,SE,127.0,1012.8,95,2,35.8,Medium,5.59,113,22.2,56.6,422.0,1835.0,42.3,Arid,None,Low
551,2020-05-31,NOAA1046,Mexico,43.2973,-100.3233,44.2,19.7,26.7,14.1,3.4,0.0,53,8.5,W,255.4,1008.9,77,5,41.7,High,3.81,102,27.2,57.5,428.0,1880.1,33.7,Temperate,Storm,High
552,2023-03-26,NOAA1024,Canada,35.3088,-111.3316,1219.0,7.0,10.7,3.3,2.1,0.0,51,32.2,SE,405.9,1016.8,63,7,42.9,High,2.58,108,29.0,60.5,427.4,1887.9,39.9,Temperate,Heatwave,Low
553,2022-07-04,NOAA1030,Mexico,27.6148,-106.2952,431.3,34.7,40.5,32.2,7.2,0.0,50,26.1,SE,791.9,1010.5,62,10,31.0,Medium,5.49,127,28.4,63.2,418.8,1886.9,31.7,Tropical,None,Medium
554,2021-05-31,NOAA1019,Mexico,33.1088,-115.4151,964.3,17.3,22.7,12.9,18.7,0.0,59,2.2,SE,704.0,1008.6,62,9,41.3,Medium,4.51,101,23.5,54.8,412.9,1912.8,43.9,Polar,Coldwave,High
555,2024-02-10,NOAA1006,Canada,41.7821,-102.5859,2270.7,1.1,4.1,-5.4,6.6,3.3,40,20.8,NE,131.2,1013.7,54,8,22.7,Medium,1.77,129,24.7,64.2,424.7,1883.5,42.1,Continental,Heatwave,Low
556,2021-08-30,NOAA1027,Canada,42.2786,-73.8271,813.3,29.0,32.9,21.7,13.4,0.0,46,26.2,E,213.2,1010.4,66,11,27.5,Medium,5.58,114,26.8,48.3,414.9,1864.4,33.2,Continental,Rain,Medium
557,2024-03-09,NOAA1010,Mexico,42.162,-96.9894,953.1,4.1,7.2,-0.7,25.5,0.0,54,44.7,N,349.5,995.1,24,4,40.9,Low,1.69,100,19.6,49.7,412.9,1920.5,40.3,Polar,Rain,Low
558,2021-12-18,NOAA1035,USA,33.279,-123.1946,577.9,-5.9,-2.2,-13.4,21.3,8.5,67,33.4,SW,599.6,1019.5,51,5,47.9,Low,0.5,95,20.4,42.4,421.3,1852.2,38.2,Tropical,Storm,Low
559,2021-06-22,NOAA1006,USA,44.1252,-90.5229,2298.2,25.0,29.0,18.4,8.8,0.0,58,27.5,S,873.3,1012.2,94,10,43.3,Medium,4.7,106,22.8,50.2,416.9,1895.1,36.8,Tropical,None,High
560,2020-10-27,NOAA1010,Canada,45.9907,-105.5697,2687.9,12.3,14.6,7.2,9.6,0.0,44,20.9,NW,361.7,1015.2,64,2,26.7,Medium,2.63,119,29.7,52.3,430.5,1877.4,49.6,Polar,Storm,High
561,2020-06-09,NOAA1013,USA,47.6918,-76.4845,2134.0,22.1,29.1,16.7,9.8,0.0,59,23.1,S,648.3,1010.4,71,7,43.7,Medium,3.67,118,31.1,60.5,429.5,1919.2,38.4,Arid,Fog,Medium
562,2021-03-13,NOAA1035,USA,34.179,-113.7967,2242.9,7.9,10.0,3.2,27.2,0.0,70,24.6,N,569.0,1001.6,42,2,55.6,Low,3.02,109,27.4,48.5,422.4,1856.6,36.5,Temperate,Fog,Medium
563,2023-08-07,NOAA1025,USA,48.8977,-83.8569,822.5,34.7,37.0,29.3,10.7,0.0,56,3.3,NW,897.8,1010.3,80,8,39.0,Medium,6.15,128,30.4,45.4,427.8,1845.1,52.9,Temperate,Coldwave,High
564,2020-11-09,NOAA1008,USA,35.0697,-75.7892,168.1,12.3,18.1,9.9,28.1,0.0,56,6.2,S,886.7,1009.3,24,11,41.0,Low,1.88,96,27.0,39.3,431.3,1894.2,37.4,Polar,Fog,Medium
565,2022-11-23,NOAA1042,Canada,34.9931,-85.9398,184.5,12.2,15.4,5.6,4.8,0.0,37,8.3,S,167.2,1022.2,56,1,22.3,High,2.23,132,27.9,60.3,408.8,1923.7,34.2,Temperate,Storm,Medium
566,2023-02-22,NOAA1007,Canada,36.1901,-76.342,258.3,2.2,9.8,-0.3,9.2,0.0,51,41.5,E,683.6,1006.7,23,6,37.2,Medium,2.26,105,30.6,49.8,411.5,1898.2,43.8,Arid,Heatwave,Low
567,2024-12-01,NOAA1019,Mexico,40.4156,-72.6157,573.3,1.1,7.6,-1.7,21.4,1.1,54,32.4,E,323.2,1006.5,72,6,36.4,Low,1.84,100,28.5,42.8,421.1,1939.8,28.9,Arid,Storm,High
568,2022-06-19,NOAA1005,Canada,33.5237,-103.274,2317.1,28.6,33.7,21.6,4.9,0.0,45,31.5,E,129.4,1001.2,74,7,26.0,High,5.43,127,27.2,63.8,423.0,1894.6,44.9,Arid,Rain,Medium
569,2023-12-03,NOAA1035,Mexico,44.0631,-118.8268,2320.2,8.0,11.5,3.2,11.0,0.0,57,3.4,NE,513.6,999.6,80,3,39.5,Medium,2.13,114,26.0,52.1,422.4,1907.0,25.2,Polar,None,Medium
570,2023-12-07,NOAA1040,Canada,45.8639,-123.5498,1264.2,-1.6,2.4,-7.5,12.7,2.0,45,41.3,S,230.2,1017.3,69,3,35.5,Medium,0.64,121,27.8,57.5,425.6,1889.9,52.1,Continental,Heatwave,Low
571,2021-06-01,NOAA1038,Canada,36.5814,-101.1343,120.4,29.6,37.2,26.2,8.5,0.0,51,42.2,NE,436.8,1021.5,99,5,43.0,Medium,5.24,97,24.5,49.1,416.9,1940.1,51.1,Arid,Coldwave,High
572,2022-12-09,NOAA1036,USA,28.1174,-105.0106,2879.7,4.8,12.6,0.9,18.3,0.0,51,34.9,SW,467.0,1016.0,21,8,27.7,Medium,1.01,97,23.4,42.5,419.0,1877.2,35.6,Tropical,Rain,Medium
573,2020-07-03,NOAA1009,Mexico,38.3284,-79.7903,14.8,38.8,41.8,36.2,7.0,0.0,46,25.6,W,659.0,1023.3,60,11,30.2,Medium,6.75,113,30.9,48.4,424.7,1870.5,28.7,Tropical,Storm,Low
574,2022-03-29,NOAA1018,Mexico,42.5289,-99.7982,1181.6,10.9,13.3,6.0,26.7,0.0,61,33.8,N,277.4,1006.2,77,3,47.0,Low,2.37,99,23.3,36.7,412.9,1796.5,40.5,Polar,Heatwave,Low
575,2023-08-15,NOAA1008,Canada,29.5113,-111.9598,1306.2,33.8,37.8,27.9,5.4,0.0,45,20.3,S,348.9,1019.8,86,8,24.1,Medium,6.99,125,25.4,55.3,417.9,1886.5,47.7,Polar,None,Medium
576,2024-07-09,NOAA1022,Mexico,42.5841,-86.6155,1213.4,32.8,39.6,29.8,4.5,0.0,39,7.5,W,649.0,1014.4,1,8,29.8,High,6.26,127,31.6,53.8,432.1,1926.3,25.1,Arid,Fog,High
577,2020-08-25,NOAA1028,Mexico,33.9478,-97.0078,1005.2,33.5,38.7,29.3,8.3,0.0,58,35.8,W,525.4,1014.6,49,11,33.9,Medium,5.04,112,24.9,62.1,417.2,1869.1,43.0,Continental,Heatwave,Low
578,2022-08-09,NOAA1002,USA,45.8295,-97.7657,150.2,34.9,40.5,30.7,8.1,0.0,48,20.3,S,713.5,993.9,3,9,29.9,Medium,5.82,122,23.2,52.4,426.8,1885.2,40.8,Temperate,Coldwave,Low
579,2022-01-01,NOAA1034,Mexico,34.5091,-114.0117,1605.0,0.4,3.2,-2.5,10.2,9.9,42,40.4,SW,877.5,1015.9,88,10,25.3,Medium,1.71,127,28.1,45.7,424.1,1866.6,57.5,Arid,Storm,Low
580,2020-10-27,NOAA1046,Mexico,44.4994,-118.236,1537.9,19.3,25.7,15.3,8.2,0.0,58,29.4,S,438.0,1008.1,2,3,47.8,Medium,3.41,101,31.3,54.6,425.0,1824.9,43.3,Temperate,Rain,High
581,2021-06-18,NOAA1039,Mexico,37.9398,-78.7578,2082.8,31.5,33.8,26.1,20.4,0.0,56,11.3,W,319.8,1012.3,88,3,35.6,Low,6.07,109,29.0,53.4,420.4,1930.8,35.1,Arid,None,Medium
582,2021-02-28,NOAA1026,Mexico,28.1144,-108.778,1797.2,4.5,12.4,0.6,16.8,0.0,45,11.5,N,667.2,997.9,28,2,33.3,Medium,2.13,117,26.7,54.3,410.8,1913.9,51.7,Arid,Coldwave,Medium
583,2022-09-01,NOAA1000,Canada,33.1743,-104.2571,1333.1,18.0,22.8,11.5,14.1,0.0,60,11.1,E,638.4,1014.0,32,7,34.5,Medium,4.4,95,27.8,54.2,424.5,1858.0,50.9,Arid,None,Low
584,2024-03-11,NOAA1023,Canada,32.0038,-106.0257,2023.5,16.6,18.8,10.9,79.6,0.0,98,9.2,SW,551.9,1004.0,53,1,72.6,Low,3.06,56,15.0,17.7,408.7,1903.6,35.8,Polar,Rain,Medium
585,2023-05-28,NOAA1006,Canada,30.2393,-67.4485,1712.2,24.0,27.1,21.0,12.1,0.0,45,35.4,W,540.1,1006.4,45,4,30.2,Medium,4.8,112,29.7,56.6,406.5,1881.1,24.2,Arid,Coldwave,High
586,2022-12-26,NOAA1014,Canada,36.876,-97.5569,2478.4,5.0,9.7,-2.5,1.4,0.0,47,9.6,S,102.7,1013.2,42,8,35.4,High,2.12,109,28.5,62.4,419.8,1878.2,44.8,Continental,Heatwave,Low
587,2023-07-27,NOAA1039,USA,28.3257,-88.6645,2996.7,30.1,35.7,23.7,13.6,0.0,43,42.7,SW,587.9,1010.8,21,10,32.1,Medium,5.88,114,21.8,55.2,413.1,1898.8,40.1,Continental,Coldwave,High
588,2024-11-03,NOAA1010,Canada,33.8575,-74.1449,525.6,10.9,18.5,3.4,3.6,0.0,43,15.9,S,151.9,1017.7,3,4,31.3,High,2.55,129,34.0,64.1,413.9,1894.9,34.3,Continental,Coldwave,High
589,2020-08-15,NOAA1021,USA,30.8767,-82.8434,209.5,27.6,34.1,21.5,37.1,0.0,76,19.5,NW,789.7,1013.2,9,7,60.5,Low,5.91,101,16.9,47.0,412.1,1907.9,39.4,Polar,Fog,Low
590,2022-06-17,NOAA1046,USA,32.0311,-101.2914,2466.9,25.7,32.3,21.5,9.0,0.0,55,32.8,NW,442.9,1018.6,15,2,32.8,Medium,4.38,103,30.0,52.8,419.5,1877.9,53.5,Arid,Rain,Low
591,2024-06-17,NOAA1013,Canada,27.331,-87.404,222.2,35.4,42.8,30.5,4.2,0.0,52,12.5,S,374.0,1004.0,88,8,33.7,High,6.21,116,29.6,59.8,413.8,1889.6,52.8,Tropical,Rain,High
592,2021-08-13,NOAA1014,Canada,38.5249,-83.3132,920.0,33.2,39.5,27.8,24.4,0.0,49,15.1,NW,638.6,1001.7,19,3,28.6,Low,5.56,104,21.5,42.4,433.0,1895.5,32.3,Tropical,Coldwave,Medium
593,2020-10-30,NOAA1000,Canada,33.7399,-95.0103,2610.7,12.4,17.5,7.5,24.5,0.0,67,40.7,SW,615.1,1012.8,75,9,43.9,Low,2.61,111,25.4,55.2,407.1,1912.0,47.5,Continental,Rain,Medium
594,2022-02-16,NOAA1042,USA,33.2168,-106.3694,672.9,1.3,5.0,-5.4,22.0,15.8,48,29.9,SW,499.0,1035.5,72,11,40.1,Low,1.87,116,28.5,53.8,431.0,1834.7,41.9,Arid,Fog,Low
595,2022-03-27,NOAA1006,Canada,37.178,-108.526,2885.0,7.8,14.9,2.6,14.7,0.0,63,5.4,N,457.3,1018.7,66,4,40.0,Medium,2.76,101,28.2,55.7,431.7,1917.9,47.7,Tropical,Rain,High
596,2024-01-09,NOAA1011,USA,48.5051,-108.8515,832.4,0.1,6.6,-6.3,22.7,18.3,62,41.0,E,518.0,1015.2,7,4,39.0,Low,1.19,112,24.0,49.4,416.8,1869.3,46.1,Temperate,Storm,High
597,2020-05-29,NOAA1030,USA,35.6056,-96.866,299.6,26.5,32.0,20.9,5.9,0.0,44,14.9,N,565.4,1008.4,14,8,35.2,Medium,4.36,128,33.4,52.1,407.7,1894.2,36.4,Continental,Coldwave,Medium
598,2022-10-05,NOAA1011,Canada,37.175,-94.6906,2854.3,17.5,21.3,10.3,9.9,0.0,60,12.7,S,642.3,996.9,64,5,44.0,Medium,2.85,106,27.4,51.4,417.7,1885.5,36.7,Polar,Heatwave,Medium
599,2020-11-30,NOAA1004,Canada,41.1514,-118.6096,2586.1,14.9,19.0,8.8,9.9,0.0,45,37.4,SE,723.0,1013.4,97,4,26.9,Medium,3.24,115,30.2,54.5,430.5,1891.0,46.9,Arid,Coldwave,Low
600,2023-03-15,NOAA1020,USA,29.6057,-101.4143,515.3,10.3,13.2,4.3,28.9,0.0,56,16.0,NW,622.8,1009.9,100,7,43.7,Low,2.08,92,22.5,52.7,421.3,1916.7,44.5,Arid,Storm,Low
601,2021-09-19,NOAA1046,Canada,44.9016,-106.0252,924.1,23.3,28.7,16.7,6.0,0.0,48,2.2,W,144.2,1003.3,52,6,35.9,Medium,3.77,128,31.2,47.4,424.8,1876.4,38.9,Tropical,Rain,High
602,2024-01-07,NOAA1018,Canada,25.5683,-99.6326,1147.2,1.3,6.6,-5.1,3.1,15.9,44,28.6,NW,785.1,1006.8,13,2,26.7,High,0.85,131,33.6,60.3,429.7,1880.3,48.4,Temperate,Fog,Medium
603,2023-11-09,NOAA1015,Canada,48.6863,-90.5915,178.0,8.3,10.6,4.2,7.5,0.0,54,25.1,NW,838.9,1004.2,14,8,31.9,Medium,2.74,117,32.9,60.9,432.5,1838.8,53.0,Tropical,Rain,High
604,2021-09-04,NOAA1012,Mexico,27.1121,-110.0221,1718.2,22.5,29.1,18.9,11.0,0.0,59,24.8,S,651.7,997.9,17,2,47.2,Medium,4.77,114,31.8,51.7,410.7,1832.7,41.0,Continental,Fog,Low
605,2021-01-12,NOAA1029,USA,36.0593,-105.0183,2033.0,-1.5,4.7,-5.0,39.4,15.0,68,3.0,NE,613.8,1021.0,54,7,52.5,Low,1.37,98,15.8,50.1,414.1,1966.2,38.1,Arid,None,High
606,2022-06-14,NOAA1032,Canada,43.9633,-95.9555,1724.4,28.0,33.8,21.6,27.7,0.0,52,26.3,NE,525.4,1023.2,65,2,37.6,Low,5.14,89,25.6,51.5,421.2,1898.3,40.5,Continental,Storm,Medium
607,2022-07-13,NOAA1041,Canada,26.7526,-87.0731,1019.4,20.1,25.3,13.9,16.2,0.0,48,37.3,W,811.5,1016.9,51,10,30.3,Medium,4.26,112,21.1,46.4,423.1,1912.5,27.8,Continental,Rain,Medium
608,2024-10-18,NOAA1037,Mexico,43.4267,-93.6552,1960.8,6.5,9.7,-0.4,17.8,0.0,52,41.8,E,251.1,1012.2,18,4,33.3,Medium,1.18,121,26.6,58.0,413.9,1898.6,22.4,Tropical,Coldwave,Medium
609,2020-05-21,NOAA1020,USA,40.796,-112.503,489.9,27.3,35.2,23.9,10.9,0.0,51,41.6,SW,121.8,1015.6,56,2,41.0,Medium,4.85,122,31.0,61.6,414.8,1903.4,40.1,Tropical,Heatwave,Low
610,2022-07-04,NOAA1025,USA,29.9352,-102.3112,2443.5,32.9,35.5,29.8,10.7,0.0,55,41.3,NE,230.3,998.3,26,2,45.6,Medium,6.42,116,29.8,51.0,412.4,1875.8,36.9,Tropical,Rain,Low
611,2024-06-25,NOAA1023,Canada,31.1268,-117.6164,1370.9,25.1,27.1,18.3,11.8,0.0,58,19.2,NE,383.7,1025.1,39,2,39.5,Medium,5.46,112,24.3,58.1,416.1,1861.4,38.6,Continental,Heatwave,Low
612,2021-07-16,NOAA1020,USA,28.3777,-109.8071,1693.7,33.0,35.8,30.1,13.2,0.0,62,31.9,N,148.9,1015.5,26,11,40.1,Medium,6.19,101,25.9,46.9,419.2,1939.0,32.2,Polar,Rain,High
613,2024-07-15,NOAA1023,USA,43.8774,-122.2911,612.2,34.9,39.3,30.7,12.3,0.0,47,38.2,SW,122.8,1004.1,3,6,25.4,Medium,6.18,101,31.1,44.8,416.7,1897.5,43.2,Continental,Coldwave,High
614,2022-12-11,NOAA1010,USA,25.3585,-72.8602,276.4,3.1,11.0,0.4,31.5,0.0,58,22.5,W,784.9,993.6,68,8,34.8,Low,1.67,73,20.2,43.6,427.1,1889.8,37.6,Arid,Rain,Medium
615,2023-09-06,NOAA1023,Mexico,41.0424,-118.5053,1478.4,26.9,33.9,21.5,21.6,0.0,64,7.4,E,744.4,1014.5,18,4,47.3,Low,5.52,108,22.4,51.5,395.9,1922.8,41.9,Tropical,Rain,Medium
616,2021-01-13,NOAA1021,Mexico,48.375,-85.9037,1559.8,-3.4,2.1,-10.7,5.5,15.2,47,7.7,W,399.8,1005.2,18,10,36.7,Medium,1.19,123,29.9,63.1,413.6,1906.0,38.4,Tropical,None,Low
617,2023-07-23,NOAA1015,USA,34.5223,-123.3324,1442.3,26.3,33.4,23.2,2.3,0.0,37,39.4,W,461.7,1013.6,27,8,27.8,High,5.04,109,31.9,62.0,417.9,1878.5,46.4,Polar,Storm,Medium
618,2021-01-16,NOAA1021,Canada,43.5282,-97.99,289.5,-6.4,0.7,-13.0,13.8,5.3,51,35.6,W,613.8,1017.5,69,3,29.2,Medium,0.99,98,22.8,57.4,417.3,1834.3,48.7,Tropical,Storm,Medium
619,2022-07-15,NOAA1035,USA,48.191,-68.6143,547.8,34.6,41.5,27.3,46.2,0.0,75,24.0,E,772.0,1031.2,28,1,47.7,Low,6.68,91,19.5,29.9,420.0,1947.1,29.0,Polar,Coldwave,Low
620,2024-06-26,NOAA1023,Mexico,30.5302,-70.0117,1592.6,30.1,34.3,27.5,43.4,0.0,78,9.1,SE,774.6,1016.4,96,3,55.3,Low,6.43,88,22.7,33.9,430.3,1875.6,36.8,Continental,Storm,Medium
621,2022-12-04,NOAA1030,Canada,32.7261,-82.8718,900.0,-2.5,-0.1,-8.8,6.3,13.4,51,11.0,NE,147.4,997.7,52,3,30.0,Medium,1.27,113,27.3,50.0,431.6,1896.9,25.3,Continental,Heatwave,High
622,2021-01-31,NOAA1022,USA,30.4313,-69.9041,421.3,4.6,9.0,-1.8,8.1,0.0,46,27.2,E,264.7,1018.6,18,11,28.6,Medium,1.34,103,28.2,56.4,406.3,1901.3,16.8,Polar,Heatwave,Low
623,2023-09-14,NOAA1019,USA,37.9902,-89.228,461.0,26.4,33.7,19.9,14.1,0.0,57,33.0,S,859.6,1016.8,5,7,45.3,Medium,4.47,119,25.7,46.3,421.7,1856.3,41.9,Continental,Storm,Low
624,2022-12-06,NOAA1005,Mexico,39.4796,-89.8543,1087.6,6.1,13.3,0.1,6.4,0.0,41,38.0,W,437.3,1024.4,81,2,34.5,Medium,1.48,115,32.4,59.6,401.9,1863.9,37.0,Arid,Heatwave,High
625,2024-09-08,NOAA1022,USA,25.3102,-83.3535,1456.6,26.2,31.7,22.9,7.0,0.0,47,20.7,S,183.2,1003.0,99,8,33.9,Medium,5.6,122,29.3,63.9,419.5,1919.7,42.3,Continental,None,High
626,2020-08-08,NOAA1041,USA,38.815,-117.304,2292.1,22.0,26.2,16.0,4.8,0.0,55,40.9,W,752.2,1020.4,91,1,36.1,High,4.88,129,29.5,58.1,407.4,1851.2,39.2,Continental,Fog,High
627,2024-05-11,NOAA1042,USA,30.1849,-113.698,1891.6,14.0,18.0,10.2,5.4,0.0,51,19.7,N,683.2,1008.3,32,6,40.8,Medium,2.79,114,26.4,63.0,419.5,1914.6,56.7,Arid,Heatwave,High
628,2023-07-24,NOAA1049,USA,30.0251,-80.0639,1641.8,25.0,28.9,20.6,29.2,0.0,60,17.0,E,775.8,1020.8,11,6,39.6,Low,4.83,89,20.9,41.5,422.1,1875.6,41.2,Temperate,Fog,Medium
629,2021-10-02,NOAA1031,Mexico,29.4686,-102.1863,794.0,14.4,20.6,10.3,6.5,0.0,57,36.7,SW,703.8,1018.5,21,6,32.2,Medium,2.54,117,32.5,60.8,408.1,1891.7,49.7,Polar,Storm,High
630,2023-01-07,NOAA1025,Mexico,41.6953,-112.6787,271.6,-5.1,0.5,-12.4,5.1,8.1,43,13.3,SW,526.3,1014.0,50,3,36.8,Medium,0.5,117,29.9,66.9,414.0,1872.8,53.2,Arid,Rain,Medium
631,2024-08-18,NOAA1015,Mexico,28.7203,-67.4174,79.1,27.1,30.4,20.9,8.2,0.0,40,11.4,SE,452.3,1003.1,27,3,20.2,Medium,4.55,97,31.5,55.6,415.0,1929.3,38.4,Continental,Heatwave,High
632,2023-02-02,NOAA1012,Canada,29.4654,-94.4414,1198.9,1.1,6.6,-6.3,13.8,7.7,61,13.2,SW,742.7,999.0,33,7,40.6,Medium,1.97,106,24.8,50.2,420.8,1904.2,51.2,Tropical,Storm,High
633,2021-05-20,NOAA1037,USA,27.3189,-71.7037,2956.5,17.8,24.1,12.6,9.6,0.0,57,6.5,SE,676.1,1011.6,91,11,47.5,Medium,4.31,109,27.3,56.7,419.8,1895.7,49.8,Temperate,Heatwave,High
634,2022-06-15,NOAA1037,Canada,26.5518,-67.24,66.3,23.7,28.4,17.8,6.9,0.0,54,40.5,NW,794.1,1021.3,18,2,40.7,Medium,3.69,115,29.0,65.5,416.3,1828.5,47.5,Temperate,Fog,High
635,2022-10-02,NOAA1045,USA,48.669,-111.7334,1356.3,21.4,26.6,15.4,28.0,0.0,64,16.2,W,215.4,1025.8,69,11,46.2,Low,4.94,80,25.1,43.2,423.8,1874.2,26.7,Temperate,None,High
636,2020-05-10,NOAA1026,Mexico,28.869,-112.9067,2939.3,24.0,30.6,16.1,1.4,0.0,51,37.9,N,619.5,1010.5,63,2,33.0,High,3.79,128,30.4,68.3,421.4,1938.2,42.6,Continental,Heatwave,Medium
637,2023-11-27,NOAA1008,Canada,29.3918,-106.2619,532.2,18.1,22.7,14.6,1.6,0.0,50,5.9,S,421.1,1012.3,29,6,42.8,High,3.98,124,29.1,51.1,403.7,1901.9,38.0,Arid,None,High
638,2020-05-04,NOAA1003,Mexico,33.9555,-114.3948,2890.8,15.3,20.5,13.3,18.0,0.0,62,18.5,N,740.0,1018.7,72,10,41.4,Medium,2.43,98,22.4,53.4,425.2,1923.3,36.7,Tropical,Coldwave,Low
639,2021-12-08,NOAA1043,USA,39.3932,-91.2829,2674.3,3.1,9.3,-4.2,27.1,0.0,54,9.6,E,751.5,1016.6,56,1,39.8,Low,2.34,84,26.3,42.7,415.2,1983.9,35.8,Arid,None,Medium
640,2023-10-30,NOAA1037,Mexico,29.0172,-118.3159,579.5,17.1,20.0,11.4,7.5,0.0,44,16.5,NW,842.9,1014.8,70,7,35.3,Medium,4.45,132,23.8,51.2,423.2,1827.7,43.2,Tropical,Rain,Medium
641,2021-01-20,NOAA1002,Canada,26.407,-68.0063,1441.3,-2.1,5.0,-8.1,8.8,15.1,52,27.4,NE,630.8,1016.5,41,9,37.4,Medium,1.09,129,26.7,56.5,401.0,1981.7,42.4,Tropical,Storm,Medium
642,2020-10-04,NOAA1048,USA,32.031,-88.2987,1212.7,13.9,18.2,9.0,15.0,0.0,58,23.1,SW,549.0,1014.4,78,7,37.5,Medium,4.07,108,29.0,56.5,416.8,1875.3,44.6,Polar,None,Low
643,2020-07-01,NOAA1037,Mexico,46.6066,-93.0611,1922.8,30.4,36.8,25.2,28.6,0.0,61,4.0,S,407.9,1016.0,45,9,35.5,Low,6.21,103,25.2,46.2,422.6,1878.7,46.7,Tropical,Coldwave,Medium
644,2023-10-26,NOAA1013,USA,35.9736,-113.4148,664.7,11.6,15.5,5.3,6.0,0.0,39,23.3,N,136.2,1005.3,48,4,33.7,Medium,1.97,117,23.5,51.8,426.1,1920.5,50.6,Arid,Rain,Medium
645,2024-08-19,NOAA1023,Canada,26.0742,-115.9248,738.5,35.3,41.3,28.0,17.3,0.0,52,20.2,S,263.9,1006.0,83,5,34.9,Medium,5.32,113,24.4,58.2,419.0,1933.9,39.1,Tropical,Heatwave,Medium
646,2023-05-14,NOAA1040,Mexico,34.4912,-84.3279,1347.4,20.5,26.5,17.2,19.7,0.0,46,29.4,NE,227.1,1020.0,62,2,27.1,Medium,3.73,101,29.6,54.5,419.2,1874.6,46.2,Continental,Storm,High
647,2021-08-09,NOAA1036,Canada,27.6038,-117.1942,2468.6,29.8,37.1,22.1,3.5,0.0,46,25.9,NW,260.6,1021.3,66,1,31.7,High,4.69,115,24.5,56.0,417.2,1811.3,51.0,Temperate,Fog,Low
648,2021-05-10,NOAA1039,Canada,35.5146,-115.8628,1791.0,17.7,19.9,10.1,31.0,0.0,66,35.0,SE,714.8,1020.6,92,6,38.9,Low,2.68,83,20.7,53.5,413.9,1885.0,37.4,Tropical,Storm,Medium
649,2021-02-14,NOAA1003,Canada,34.1208,-70.0312,1516.8,3.4,6.8,-2.4,26.6,0.0,70,16.4,NW,120.2,1015.1,56,2,54.5,Low,1.71,96,23.9,39.6,405.8,1810.8,41.8,Arid,None,Low
650,2023-11-03,NOAA1026,Mexico,37.8226,-88.7406,509.7,6.8,14.4,2.6,8.4,0.0,42,8.2,NE,647.5,1018.6,0,7,21.5,Medium,1.14,120,30.6,48.2,422.5,1836.9,38.3,Tropical,Fog,Low
651,2023-02-28,NOAA1004,USA,40.5727,-72.0837,2811.6,7.7,13.6,4.0,20.5,0.0,64,28.5,NW,828.2,996.8,30,11,44.6,Low,1.66,113,24.7,57.7,423.8,1959.9,36.0,Continental,Coldwave,Medium
652,2021-04-03,NOAA1018,Mexico,42.5435,-69.1067,1165.4,14.0,17.5,11.0,29.1,0.0,56,33.8,W,744.4,1015.4,18,1,38.6,Low,3.52,109,26.2,55.2,420.8,1876.3,35.7,Tropical,Fog,Medium
653,2021-03-02,NOAA1026,Canada,36.054,-98.2182,2857.1,14.0,18.8,10.0,28.1,0.0,63,30.6,E,678.6,999.3,26,4,39.6,Low,2.48,88,27.5,50.5,429.5,1974.0,46.7,Polar,Storm,Medium
654,2023-01-27,NOAA1023,Mexico,32.3656,-101.6087,1410.7,5.7,11.0,1.0,8.2,0.0,52,40.9,W,140.7,1003.7,27,6,37.2,Medium,1.17,120,32.3,54.5,423.1,1867.8,30.8,Continental,None,High
655,2021-02-26,NOAA1036,Mexico,29.1362,-67.9329,2041.9,4.9,11.5,-0.9,43.4,0.0,73,26.7,SE,220.5,1022.9,40,8,47.0,Low,2.21,92,17.3,47.0,426.8,1920.6,36.3,Polar,Coldwave,High
656,2023-07-10,NOAA1043,USA,43.8871,-119.1122,26.0,34.0,41.2,31.7,3.5,0.0,38,38.7,SW,845.3,1021.4,45,4,30.5,High,7.02,120,32.5,55.5,420.6,1881.5,44.2,Arid,Coldwave,Medium
657,2022-08-30,NOAA1045,USA,31.9538,-118.2145,1685.7,26.7,34.1,23.8,8.5,0.0,50,19.9,W,226.6,1007.8,70,11,34.5,Medium,5.97,111,32.6,59.0,423.4,1876.9,47.0,Tropical,Heatwave,Low
658,2024-03-27,NOAA1008,Canada,36.3475,-96.8178,2301.4,10.0,15.5,2.1,17.8,0.0,46,17.6,NW,567.9,1005.3,23,8,38.5,Medium,3.44,109,29.4,60.9,423.8,1864.7,51.7,Arid,None,Low
659,2020-10-03,NOAA1019,Mexico,34.4468,-115.4793,2978.7,19.2,25.9,13.2,8.7,0.0,59,43.3,SW,333.9,998.1,100,2,39.0,Medium,4.85,127,23.0,63.5,412.3,1845.9,27.3,Continental,Rain,Medium
660,2024-10-09,NOAA1012,Mexico,31.7259,-94.3354,2747.8,18.7,23.6,11.3,11.2,0.0,49,4.2,SE,660.4,1016.0,33,8,42.2,Medium,3.48,110,29.7,59.6,422.3,1870.3,39.6,Continental,Fog,Low
661,2021-11-12,NOAA1002,USA,45.929,-71.1869,32.0,11.0,16.4,7.2,15.0,0.0,61,10.6,NW,404.0,1016.0,4,11,39.0,Medium,2.4,113,29.3,59.6,415.3,1862.6,38.6,Continental,Heatwave,High
662,2021-12-01,NOAA1022,Mexico,31.2781,-113.0045,844.9,-1.7,0.8,-6.4,9.5,13.4,44,36.6,SW,789.2,1015.8,14,1,35.8,Medium,1.36,101,25.1,48.8,410.9,1921.7,50.8,Temperate,Rain,High
663,2024-06-29,NOAA1049,USA,45.7286,-123.4502,40.3,23.0,29.8,15.8,45.8,0.0,69,28.6,E,566.2,1016.3,58,11,54.3,Low,5.02,65,19.7,28.2,408.9,1930.6,39.6,Tropical,Rain,High
664,2020-06-15,NOAA1005,Mexico,47.8334,-123.7811,2374.8,25.8,29.2,23.5,15.1,0.0,49,5.4,SW,600.4,1020.6,24,8,39.4,Medium,5.29,120,27.3,46.2,428.7,1948.0,31.3,Arid,Fog,High
665,2023-04-27,NOAA1028,USA,37.182,-119.4652,2922.6,19.2,22.8,11.9,11.5,0.0,42,26.7,SE,660.0,1014.1,89,2,24.4,Medium,4.58,107,23.7,57.0,418.2,1930.6,31.7,Polar,Storm,High
666,2022-04-24,NOAA1040,Canada,30.2382,-109.6959,1034.3,23.8,27.2,21.8,2.0,0.0,52,40.3,S,325.2,1008.2,20,2,29.4,High,4.56,106,30.7,65.4,421.1,1895.4,32.9,Temperate,Fog,High
667,2022-07-02,NOAA1047,Mexico,27.1176,-90.4761,2749.0,34.4,38.6,28.3,12.1,0.0,42,31.2,NE,555.4,1011.1,93,6,28.6,Medium,6.64,122,25.7,50.0,431.1,1933.6,47.0,Continental,Storm,High
668,2024-03-05,NOAA1014,Mexico,29.0933,-84.6207,1229.2,6.1,13.4,2.2,12.5,0.0,48,36.2,W,470.9,1010.6,59,8,28.0,Medium,2.39,116,26.1,44.2,422.2,1887.8,45.6,Tropical,Storm,Medium
669,2024-11-17,NOAA1009,Canada,33.777,-99.2403,2452.2,4.1,11.5,1.2,38.2,0.0,77,42.7,SE,175.9,1000.1,50,8,48.3,Low,1.29,67,20.4,34.1,426.3,1877.2,46.8,Polar,Storm,Low
670,2021-01-24,NOAA1038,Mexico,36.9793,-99.1989,2554.8,-3.9,1.0,-9.9,34.7,7.1,70,6.6,SW,664.8,1013.1,77,5,43.3,Low,0.5,101,24.4,41.0,415.9,1866.0,37.7,Temperate,Storm,High
671,2020-11-20,NOAA1040,Canada,41.4174,-99.5471,365.5,7.0,9.8,3.3,9.2,0.0,50,33.2,E,395.7,1022.3,60,2,27.3,Medium,1.79,110,24.8,51.9,410.6,1972.8,35.5,Tropical,Storm,High
672,2022-09-02,NOAA1035,Canada,38.8533,-105.1295,583.1,27.3,30.1,23.4,15.6,0.0,52,29.2,SE,666.5,1005.1,78,4,41.4,Medium,4.59,119,30.0,48.5,429.8,1899.5,54.2,Temperate,Heatwave,Low
673,2023-07-01,NOAA1005,Mexico,36.7826,-89.6518,2672.7,29.2,36.9,25.6,6.9,0.0,49,21.3,SE,733.0,1017.4,35,3,32.1,Medium,5.94,128,25.7,59.2,415.1,1907.8,44.4,Arid,Storm,High
674,2022-09-15,NOAA1009,Canada,47.96,-96.3722,942.5,15.3,22.6,12.1,13.2,0.0,59,36.9,SE,866.2,1014.3,76,10,35.2,Medium,3.76,103,26.9,53.5,431.0,1887.4,47.4,Tropical,Heatwave,Medium
675,2023-12-05,NOAA1019,Canada,29.9018,-107.1221,86.5,2.9,8.8,-1.6,40.4,0.0,59,17.9,E,457.3,1001.2,48,9,35.8,Low,1.32,84,16.0,35.3,411.3,1889.9,37.2,Arid,Rain,High
676,2023-05-27,NOAA1018,USA,39.0755,-105.6002,50.9,24.0,26.3,20.0,21.8,0.0,62,22.5,E,352.2,1006.3,92,7,44.2,Low,4.86,103,23.5,45.6,410.0,1900.9,37.9,Temperate,Fog,Medium
677,2021-10-25,NOAA1048,Mexico,25.9452,-94.8326,2168.3,21.1,27.4,16.1,8.3,0.0,57,41.9,E,221.3,1016.3,66,3,46.9,Medium,3.64,119,32.6,52.6,420.4,1887.6,49.2,Continental,Storm,Low
678,2022-10-05,NOAA1034,USA,37.5923,-87.4163,1188.0,5.6,8.5,-1.3,13.2,0.0,54,37.0,NW,227.2,1012.2,97,5,33.4,Medium,0.95,126,21.9,56.3,433.3,1883.5,45.4,Tropical,Heatwave,Low
679,2020-03-27,NOAA1048,USA,47.7992,-69.598,413.0,7.7,11.6,3.4,3.7,0.0,44,29.3,W,115.4,1016.3,97,5,30.7,High,2.49,127,29.6,49.0,428.8,1917.0,27.6,Polar,None,Low
680,2021-04-15,NOAA1031,USA,33.3852,-119.4042,2644.9,13.8,18.9,6.8,17.7,0.0,63,19.1,E,529.0,1019.7,80,10,40.6,Medium,3.18,119,24.5,57.8,408.4,1897.6,28.3,Polar,Storm,Medium
681,2021-02-04,NOAA1016,Canada,27.86,-107.7332,86.5,8.3,13.9,2.4,13.3,0.0,52,24.0,W,263.7,1014.4,14,1,34.6,Medium,1.46,104,23.7,54.8,426.5,1905.1,38.2,Arid,Fog,High
682,2021-03-14,NOAA1019,Canada,36.1307,-87.0737,689.4,15.6,22.9,8.5,21.1,0.0,65,11.3,N,347.9,1025.9,27,3,51.3,Low,2.75,107,26.9,48.6,418.7,1845.0,42.3,Continental,Coldwave,Low
683,2022-10-03,NOAA1035,Mexico,31.8482,-67.7535,2572.1,16.3,19.8,10.6,17.5,0.0,60,40.0,N,595.4,1011.9,1,5,48.9,Medium,3.05,111,27.9,60.5,425.6,1986.2,37.5,Temperate,None,Medium
684,2021-03-16,NOAA1012,Canada,42.8043,-102.7492,839.9,6.2,12.1,2.4,16.0,0.0,64,3.5,NE,341.6,1006.6,33,8,51.7,Medium,2.7,102,22.2,54.7,414.5,1927.5,37.4,Temperate,Heatwave,Low
685,2020-01-30,NOAA1005,Mexico,30.6353,-74.4219,1739.3,-3.6,1.7,-7.2,15.5,14.1,47,22.6,E,272.4,1016.2,50,11,30.9,Medium,0.5,116,29.4,50.5,413.2,1901.4,45.2,Temperate,Coldwave,Low
686,2023-09-06,NOAA1049,Canada,42.0376,-83.0244,608.1,17.5,21.1,11.5,18.9,0.0,48,43.4,SE,287.9,1004.6,57,1,41.5,Medium,2.71,113,25.9,54.6,427.5,1929.3,48.3,Tropical,Fog,High
687,2020-04-06,NOAA1023,USA,39.3532,-97.9933,1417.4,22.3,25.3,16.3,6.7,0.0,48,18.0,E,356.6,1020.2,81,6,32.1,Medium,4.51,121,28.0,53.6,429.0,1873.0,34.0,Arid,Rain,High
688,2024-03-19,NOAA1043,Mexico,34.7878,-69.201,259.3,7.4,10.9,4.6,2.7,0.0,51,41.8,NW,460.6,1012.3,69,11,30.3,High,1.2,134,33.5,68.3,421.9,1938.1,44.2,Tropical,Coldwave,Medium
689,2023-01-11,NOAA1047,USA,45.4263,-91.2995,2931.7,0.2,7.0,-6.7,11.4,7.9,61,37.4,NE,892.4,1009.1,69,1,43.0,Medium,1.18,109,31.5,57.6,421.0,1840.2,47.7,Tropical,Fog,Low
690,2023-11-01,NOAA1031,USA,32.8117,-76.3213,1120.0,14.1,21.7,9.0,7.9,0.0,49,37.2,SE,561.6,1017.6,95,7,37.3,Medium,4.09,111,29.4,55.1,419.0,1956.3,36.1,Tropical,Fog,Low
691,2024-06-13,NOAA1006,Canada,28.4645,-119.8842,2850.3,31.8,35.3,27.4,12.9,0.0,58,37.5,NE,861.2,1016.9,24,1,32.9,Medium,5.36,105,23.6,59.1,424.4,1922.7,35.6,Temperate,None,Medium
692,2022-07-15,NOAA1027,Canada,40.878,-123.3976,1792.7,29.1,33.2,24.9,23.0,0.0,51,15.1,NW,608.2,1032.1,75,1,38.6,Low,6.32,113,22.4,39.1,429.5,1928.9,40.9,Continental,Heatwave,High
693,2024-04-25,NOAA1027,Mexico,39.091,-73.8038,2847.4,20.0,26.1,12.0,19.4,0.0,49,18.3,NW,707.2,996.7,11,8,30.3,Medium,3.18,100,27.4,54.6,436.9,1868.4,40.0,Temperate,Heatwave,Medium
694,2024-03-14,NOAA1015,Mexico,48.616,-122.0425,929.4,10.1,16.8,3.0,46.4,0.0,72,11.3,W,176.0,1003.5,87,3,51.9,Low,2.87,59,22.8,35.7,419.6,1858.2,43.8,Polar,Rain,Medium
695,2021-07-16,NOAA1024,Mexico,40.6889,-121.2233,1757.0,32.2,38.4,27.3,25.9,0.0,68,40.8,S,782.8,1013.2,5,5,49.2,Low,5.68,88,28.2,38.6,424.5,1907.7,34.8,Continental,Heatwave,Low
696,2020-01-12,NOAA1049,Mexico,44.3633,-72.3916,2317.4,4.1,6.4,1.0,7.9,0.0,51,16.6,NW,283.0,1013.0,56,2,29.3,Medium,0.89,98,27.4,53.4,423.3,1964.2,37.7,Continental,None,High
697,2022-12-11,NOAA1040,Mexico,27.5519,-97.0015,836.7,2.6,7.9,-1.9,5.0,0.0,49,4.8,S,802.2,1011.7,85,6,33.9,Medium,1.4,115,32.8,65.0,413.4,1923.4,37.0,Temperate,None,Low
698,2020-06-25,NOAA1011,Mexico,29.7164,-86.3879,1637.8,29.6,34.9,24.7,7.6,0.0,57,43.7,E,565.7,1001.0,14,9,32.5,Medium,4.84,116,24.4,60.2,430.2,1873.4,45.8,Temperate,Storm,Low
699,2022-11-10,NOAA1007,Mexico,40.9819,-90.6223,26.6,3.9,11.2,1.1,21.5,0.0,47,41.6,NW,741.0,1015.1,24,11,32.5,Low,1.54,89,21.3,50.3,428.2,1892.0,31.8,Polar,None,Low
700,2023-09-28,NOAA1032,USA,45.6685,-120.1243,1540.2,26.0,33.9,20.6,6.4,0.0,42,12.6,W,771.8,1013.1,46,4,34.6,Medium,4.71,125,23.8,53.2,412.2,1925.8,40.2,Continental,None,Low
701,2023-10-07,NOAA1025,Canada,39.5545,-74.5847,2245.8,7.7,10.5,2.0,23.2,0.0,59,36.0,W,616.8,986.8,96,11,35.8,Low,2.35,99,24.2,39.9,413.5,1948.3,39.7,Polar,None,Medium
702,2020-05-15,NOAA1005,Mexico,46.3996,-115.7029,1924.2,20.6,24.8,16.2,29.4,0.0,69,22.0,SW,342.8,1035.0,68,10,45.5,Low,3.71,105,22.8,43.0,417.6,1929.2,34.8,Polar,Fog,High
703,2023-10-29,NOAA1038,Mexico,43.8596,-116.1758,1011.2,8.6,14.7,0.7,11.7,0.0,61,24.9,NE,301.3,1005.9,34,5,48.7,Medium,2.48,107,25.2,62.3,415.8,1824.3,36.9,Tropical,Coldwave,Low
704,2021-12-14,NOAA1012,Canada,37.4241,-100.5423,791.7,1.8,6.3,-4.2,12.0,15.4,51,40.3,E,741.8,996.6,88,5,30.7,Medium,1.64,127,27.5,48.1,425.9,1920.3,39.5,Continental,Coldwave,High
705,2020-12-21,NOAA1046,Mexico,46.0275,-87.6001,617.2,-3.6,3.1,-10.6,7.3,3.7,42,29.8,NW,400.0,1025.7,50,8,32.9,Medium,1.32,126,28.5,49.3,417.9,1926.5,32.6,Polar,None,Medium
706,2020-09-11,NOAA1035,Canada,25.0784,-113.2311,2802.4,23.8,31.4,19.1,10.2,0.0,53,44.6,S,508.9,1019.1,53,4,33.4,Medium,5.53,125,28.4,54.4,404.7,1926.4,33.6,Continental,Storm,Low
707,2020-10-13,NOAA1007,Canada,43.243,-67.3312,123.1,18.2,20.6,15.6,10.9,0.0,46,25.0,E,727.1,1005.5,95,11,31.0,Medium,2.81,97,22.4,51.3,429.3,1898.8,29.4,Polar,Fog,Medium
708,2021-08-05,NOAA1015,USA,30.2905,-89.5913,2255.2,32.7,40.3,28.6,11.4,0.0,54,12.2,N,543.0,1020.4,40,4,32.5,Medium,6.84,117,24.2,56.6,411.6,1934.8,30.5,Tropical,None,High
709,2024-02-25,NOAA1017,Canada,27.9895,-109.967,1219.2,5.4,8.9,-0.3,20.8,0.0,66,40.4,SE,323.6,1006.5,0,4,48.9,Low,1.68,108,24.3,44.2,416.3,1866.6,28.4,Temperate,Heatwave,High
710,2022-06-28,NOAA1009,Mexico,46.3148,-75.5166,2252.1,29.0,31.1,22.4,37.7,0.0,71,10.8,NW,449.3,1018.5,67,6,46.9,Low,5.35,91,24.0,43.3,418.9,1946.7,44.2,Arid,Rain,High
711,2020-06-07,NOAA1044,Mexico,34.0639,-79.08,621.4,19.3,23.2,14.9,8.6,0.0,59,12.7,S,818.8,1015.4,48,10,47.3,Medium,4.82,111,29.3,47.0,423.1,1901.9,29.8,Temperate,Heatwave,High
712,2021-12-07,NOAA1024,USA,36.783,-82.7218,2727.6,11.4,13.9,7.9,11.0,0.0,52,11.8,SW,829.3,1022.5,33,8,30.9,Medium,2.15,127,28.2,60.7,438.7,1934.8,47.6,Temperate,Heatwave,Medium
713,2020-04-08,NOAA1005,Mexico,46.9804,-118.7345,2085.9,16.5,18.8,14.0,11.9,0.0,49,42.1,NW,219.2,1004.6,18,7,30.8,Medium,4.31,107,26.1,47.4,413.4,1845.4,34.3,Temperate,Rain,Low
714,2023-06-25,NOAA1036,Mexico,43.7944,-74.3058,2600.4,17.7,24.1,14.0,10.4,0.0,42,22.2,W,815.9,1014.2,30,1,34.3,Medium,3.05,98,23.1,46.8,415.8,2023.1,50.9,Tropical,Coldwave,Low
715,2024-05-14,NOAA1035,Canada,42.357,-115.295,2796.5,17.0,20.5,14.9,15.9,0.0,58,38.8,S,510.6,1019.9,2,9,40.7,Medium,2.66,97,22.7,51.4,406.5,1887.4,38.1,Tropical,Rain,High
716,2024-09-04,NOAA1036,Canada,36.0977,-98.0682,2130.6,26.3,32.6,23.3,20.7,0.0,58,28.1,N,153.7,1021.0,48,3,32.6,Low,4.87,115,26.6,47.6,431.0,1865.9,43.8,Polar,Fog,Medium
717,2024-12-25,NOAA1029,Mexico,47.6388,-103.8257,1816.6,4.5,10.8,-2.0,9.0,0.0,56,34.3,W,233.5,1014.6,63,3,44.1,Medium,1.09,119,31.2,47.8,416.6,1930.0,38.6,Continental,Heatwave,Medium
718,2021-09-05,NOAA1001,Canada,36.6933,-81.2323,646.7,21.2,27.9,14.7,16.1,0.0,55,21.3,E,619.3,1006.4,38,7,34.4,Medium,3.21,102,30.0,47.0,410.2,1877.2,39.0,Continental,Heatwave,High
719,2022-08-10,NOAA1013,Canada,28.1299,-69.3018,736.1,25.7,28.6,19.9,13.2,0.0,53,6.4,SW,142.5,1022.7,59,7,43.3,Medium,5.6,95,27.7,50.5,414.7,1882.7,43.0,Polar,Coldwave,Medium
720,2020-03-23,NOAA1004,Canada,32.9549,-106.3105,1520.2,4.5,6.6,1.9,3.3,0.0,51,34.0,S,147.9,1018.2,65,4,37.8,High,1.42,129,28.2,64.3,427.4,1880.1,30.8,Continental,Storm,High
721,2021-10-30,NOAA1023,USA,44.2294,-90.6196,2650.6,18.1,24.7,13.5,6.5,0.0,47,24.1,NE,898.9,1023.7,19,7,30.2,Medium,4.14,115,24.8,62.0,405.1,1904.5,46.9,Tropical,None,High
722,2022-02-25,NOAA1025,USA,26.0054,-106.7341,2860.7,1.3,4.5,-4.1,4.7,8.4,45,37.5,E,441.5,1023.8,72,5,39.3,High,0.62,104,25.5,48.4,430.3,1966.5,42.4,Continental,None,Low
723,2022-08-17,NOAA1043,Canada,27.7417,-85.8432,2435.1,32.3,36.4,25.9,33.9,0.0,60,18.0,NW,864.5,1018.2,33,10,42.9,Low,6.62,92,22.8,39.6,427.1,1897.0,33.1,Tropical,Fog,High
724,2024-09-06,NOAA1033,Mexico,31.6952,-90.1505,2689.8,22.0,25.4,19.9,5.4,0.0,56,22.8,SW,852.0,1021.8,38,8,46.8,Medium,5.28,102,33.2,53.3,402.5,1961.4,49.0,Arid,None,Low
725,2023-02-10,NOAA1014,USA,36.1443,-115.2643,295.8,1.2,6.5,-3.0,19.8,14.9,53,20.0,SW,339.3,1011.5,31,3,39.1,Medium,2.08,89,27.8,58.6,421.5,1915.6,40.0,Temperate,Heatwave,Medium
726,2024-07-27,NOAA1009,Canada,36.3562,-122.2561,2812.8,29.8,32.5,26.4,8.1,0.0,52,39.8,NW,842.3,1017.7,50,10,31.8,Medium,5.33,111,25.8,58.2,418.4,1903.3,34.2,Tropical,Storm,Low
727,2023-05-09,NOAA1037,Canada,45.4768,-118.2624,246.9,29.0,35.4,26.1,27.2,0.0,61,20.4,NE,847.5,1021.2,89,11,37.1,Low,4.45,107,20.0,39.1,416.8,1919.6,36.3,Arid,Fog,High
728,2024-08-20,NOAA1042,Mexico,27.1005,-114.5824,929.3,36.1,38.7,28.1,17.5,0.0,56,5.5,N,591.5,1015.6,24,3,45.6,Medium,7.06,118,21.7,53.1,408.9,1892.2,48.5,Polar,Coldwave,Low
729,2024-08-30,NOAA1018,USA,26.5586,-89.4484,779.9,29.8,35.7,23.6,19.2,0.0,65,6.1,SE,651.2,1017.2,4,7,51.1,Medium,5.8,115,28.3,47.6,419.0,1932.0,36.9,Polar,Storm,Medium
730,2023-08-31,NOAA1026,USA,44.0622,-75.714,1998.8,28.7,32.0,23.9,23.9,0.0,61,32.2,N,163.6,1005.5,75,2,37.1,Low,6.3,89,20.5,39.5,429.0,1888.2,51.6,Arid,Fog,Medium
731,2023-04-01,NOAA1045,Canada,35.448,-117.0107,1932.9,22.1,29.8,16.8,12.5,0.0,49,27.3,SE,816.5,996.4,83,1,32.1,Medium,4.1,114,22.5,44.4,412.4,1917.6,22.0,Arid,Heatwave,Low
732,2024-07-22,NOAA1029,Mexico,48.1973,-79.3277,2587.7,29.0,33.7,22.1,28.9,0.0,67,34.0,W,626.7,1003.4,96,10,52.8,Low,4.72,86,27.3,43.9,427.1,1911.5,38.8,Continental,Storm,Low
733,2020-03-27,NOAA1015,Mexico,39.4941,-69.4474,2721.9,12.3,18.6,7.8,38.4,0.0,62,35.1,SW,669.1,1013.7,78,6,40.8,Low,2.05,98,17.4,33.8,417.3,2020.6,45.0,Polar,Storm,High
734,2022-03-11,NOAA1037,Mexico,47.2379,-112.7903,2309.1,7.3,13.7,5.1,11.1,0.0,57,43.5,S,531.0,1012.1,96,8,32.6,Medium,1.76,119,28.1,63.8,424.5,1873.7,39.6,Temperate,Heatwave,Medium
735,2022-08-07,NOAA1036,USA,47.1541,-76.4163,668.7,32.8,36.4,25.5,78.2,0.0,100,38.6,SE,634.7,1007.3,74,5,68.3,Low,4.93,40,5.9,29.9,424.2,1893.1,29.1,Continental,Rain,Medium
736,2020-01-05,NOAA1003,USA,44.2574,-108.4028,2443.3,-2.9,2.4,-7.4,6.5,10.0,51,43.0,S,715.1,1021.4,84,1,35.6,Medium,0.73,132,30.0,52.5,423.9,1870.6,38.9,Temperate,Rain,Medium
737,2023-02-22,NOAA1011,Mexico,40.7465,-123.19,1288.5,9.4,13.4,5.9,22.4,0.0,58,22.6,NE,203.9,1008.6,95,5,35.3,Low,1.99,98,23.6,56.9,420.2,1931.5,41.0,Tropical,Fog,Low
738,2022-01-10,NOAA1048,Canada,32.4278,-93.0878,1646.0,1.2,3.6,-6.7,19.1,17.5,49,38.7,N,862.9,1014.2,8,5,41.7,Medium,0.5,113,23.6,50.5,423.2,1897.7,34.1,Polar,Heatwave,High
739,2020-09-07,NOAA1042,Mexico,31.6792,-119.2537,2367.0,23.3,27.4,19.0,2.7,0.0,51,10.1,S,680.3,998.4,79,2,43.6,High,3.82,123,25.9,65.0,428.4,1900.6,29.9,Polar,Rain,Medium
740,2024-03-30,NOAA1022,USA,33.1643,-101.8111,2270.3,12.0,14.6,6.9,26.4,0.0,70,36.9,SE,234.0,1018.8,79,11,48.7,Low,2.97,82,28.2,51.7,424.3,1928.6,59.2,Continental,Coldwave,Medium
741,2022-03-04,NOAA1041,Canada,29.7787,-121.608,1358.7,18.7,20.7,14.6,7.4,0.0,49,44.5,SW,619.0,1006.0,53,1,41.8,Medium,4.53,102,24.5,48.2,427.7,1866.3,41.1,Polar,Coldwave,Low
742,2023-04-29,NOAA1030,Canada,38.286,-92.5585,2284.8,22.0,24.7,15.1,8.6,0.0,44,35.8,SW,296.8,996.4,68,7,27.5,Medium,5.02,99,32.2,59.0,419.8,1944.9,38.5,Tropical,Fog,Medium
743,2024-07-28,NOAA1009,Canada,33.1586,-100.5143,223.2,33.9,39.1,31.4,17.3,0.0,57,15.3,S,425.5,1010.4,3,5,37.1,Medium,6.51,95,30.0,53.4,425.9,1905.2,24.1,Temperate,Storm,Low
744,2020-07-13,NOAA1049,Canada,32.6395,-116.9476,1729.2,34.8,40.3,32.3,9.7,0.0,48,4.1,S,773.2,1010.3,70,9,40.2,Medium,5.38,130,31.9,62.6,409.3,1929.7,38.4,Polar,Storm,High
745,2023-09-09,NOAA1006,Canada,43.0552,-121.678,2756.5,24.1,28.6,18.2,7.4,0.0,48,13.6,N,209.5,1012.6,12,10,25.7,Medium,5.4,99,27.8,53.5,410.6,1891.2,44.9,Polar,None,Medium
746,2020-11-21,NOAA1035,USA,26.9682,-114.4024,1945.5,2.8,8.2,-4.4,15.5,0.0,62,29.1,N,476.3,1013.8,93,3,38.1,Medium,2.33,121,23.5,50.4,432.3,1903.4,53.9,Polar,Storm,High
747,2024-06-15,NOAA1031,Mexico,30.7099,-99.5058,1839.8,36.2,40.5,29.2,2.2,0.0,42,14.6,E,423.6,1014.8,75,7,36.0,High,6.01,117,30.6,66.7,427.7,1993.0,39.9,Continental,Storm,High
748,2023-05-24,NOAA1000,USA,34.7331,-113.1036,758.8,24.0,26.8,20.9,14.2,0.0,58,29.6,NE,873.7,1007.3,31,3,44.0,Medium,4.06,105,28.9,57.5,425.0,1888.9,43.6,Continental,Rain,Low
749,2021-07-20,NOAA1036,USA,40.6445,-83.1175,2489.9,26.2,28.3,23.6,8.8,0.0,43,10.9,E,217.6,1012.2,82,2,36.0,Medium,4.58,122,26.6,56.0,427.1,1855.1,33.9,Arid,Heatwave,High
750,2021-02-16,NOAA1009,USA,34.3411,-113.284,1997.6,3.3,11.0,-0.2,27.0,0.0,71,23.0,S,450.0,1017.0,32,1,48.6,Low,0.81,81,25.7,47.0,420.3,1932.2,40.6,Tropical,Heatwave,Low
751,2024-12-09,NOAA1009,Canada,31.7039,-99.7093,41.3,-2.1,4.6,-7.3,16.0,11.7,53,17.0,SE,459.5,1005.0,88,5,42.5,Medium,1.61,106,22.6,46.4,419.7,1843.8,38.9,Tropical,None,Low
752,2023-08-14,NOAA1024,USA,48.6758,-92.5504,1925.7,32.1,35.0,28.5,39.2,0.0,73,17.9,S,651.9,1008.3,34,11,51.4,Low,5.44,90,15.4,41.7,414.1,1833.7,37.4,Temperate,Rain,Medium
753,2021-05-31,NOAA1048,Mexico,47.3529,-75.2165,1723.2,18.3,25.8,10.8,7.7,0.0,46,29.0,N,219.3,1017.9,2,6,36.5,Medium,4.28,123,28.8,46.2,417.8,1899.4,41.2,Tropical,Rain,Low
754,2024-02-09,NOAA1046,Canada,31.028,-78.1382,1758.6,3.4,9.2,-2.6,18.4,0.0,55,43.3,SW,176.9,1019.8,60,10,33.6,Medium,1.0,88,29.0,47.9,424.2,1917.0,40.3,Tropical,Coldwave,Medium
755,2022-10-06,NOAA1027,Mexico,25.3944,-119.6527,1695.5,22.7,25.5,18.2,20.3,0.0,54,3.9,NW,429.9,1009.4,94,2,31.4,Low,5.38,119,24.3,42.6,414.5,1873.6,35.4,Tropical,Rain,Medium
756,2020-07-17,NOAA1016,USA,47.0369,-100.6791,2973.9,33.1,39.0,25.8,27.1,0.0,52,40.4,NE,372.7,1009.7,30,10,30.3,Low,6.58,111,25.7,55.2,426.4,1852.9,39.2,Tropical,None,Medium
757,2023-11-12,NOAA1034,USA,40.7751,-84.3355,19.1,13.0,20.1,6.1,4.3,0.0,45,11.3,W,810.0,1016.4,12,2,31.6,High,2.41,117,23.9,61.8,413.0,1899.6,41.1,Arid,Heatwave,High
758,2023-11-26,NOAA1001,Mexico,27.3403,-88.2492,64.1,20.7,24.4,17.7,11.5,0.0,46,8.7,N,686.0,1004.0,25,4,27.4,Medium,3.69,96,28.7,48.8,440.4,1926.0,32.9,Tropical,None,Low
759,2024-01-26,NOAA1023,Mexico,43.1581,-80.6177,2504.2,6.6,11.2,0.5,5.5,0.0,44,37.8,E,479.0,1008.6,0,3,28.8,Medium,2.06,125,24.7,62.5,416.7,1860.2,44.4,Tropical,None,Low
760,2022-04-30,NOAA1027,USA,41.7925,-114.5272,2141.1,23.2,29.5,15.9,3.9,0.0,40,24.8,SW,809.1,998.2,20,10,28.5,High,4.61,129,28.3,60.3,423.7,1909.1,33.7,Continental,Storm,Medium
761,2021-06-16,NOAA1013,Mexico,44.1593,-76.3694,588.8,22.4,26.2,15.8,26.4,0.0,69,22.0,NE,799.8,1014.4,14,3,54.7,Low,3.82,112,27.9,39.1,417.0,1908.6,32.7,Continental,Heatwave,High
762,2023-04-04,NOAA1003,Mexico,29.315,-74.0795,2396.8,22.9,26.3,20.6,7.8,0.0,43,38.9,NE,293.2,1012.7,70,2,27.5,Medium,4.51,113,25.7,57.1,418.2,1957.6,32.9,Tropical,None,Medium
763,2022-10-01,NOAA1008,USA,41.7706,-118.9052,443.5,10.9,15.6,6.4,18.4,0.0,52,29.3,NE,690.2,1018.0,41,8,31.0,Medium,2.19,107,20.7,56.1,417.4,1879.6,41.2,Temperate,Fog,High
764,2020-02-19,NOAA1005,Canada,28.9582,-81.6947,1911.1,6.1,8.6,-0.0,56.2,0.0,68,22.7,NE,451.2,1019.6,68,11,45.5,Low,2.49,49,18.1,41.7,420.8,1955.5,45.8,Arid,Heatwave,High
765,2020-08-23,NOAA1041,Canada,43.0607,-109.1342,255.1,30.2,37.1,24.6,22.8,0.0,64,26.8,NW,329.7,1009.8,66,2,39.2,Low,6.18,100,24.3,54.4,422.3,1879.7,35.9,Arid,Heatwave,Medium
766,2020-03-23,NOAA1027,Canada,25.63,-89.8449,8.4,5.2,8.8,1.7,41.6,0.0,75,16.9,SW,171.0,1013.1,92,9,48.9,Low,1.08,87,20.2,33.9,416.8,1798.1,50.6,Tropical,Storm,High
767,2021-04-11,NOAA1023,Mexico,26.1759,-106.3228,510.7,16.7,22.2,10.3,18.5,0.0,56,25.8,N,600.0,1009.2,6,7,34.5,Medium,3.33,121,25.0,47.9,434.5,1920.2,31.6,Temperate,Coldwave,High
768,2024-10-19,NOAA1011,USA,26.5483,-108.7348,141.0,16.0,18.7,11.6,16.8,0.0,61,37.9,NE,812.2,1029.5,67,1,38.9,Medium,3.87,99,26.3,51.1,425.4,1889.2,33.6,Tropical,Coldwave,Low
769,2022-02-13,NOAA1033,Mexico,26.54,-108.7354,464.6,3.7,6.1,-2.5,37.2,0.0,63,28.6,S,680.8,1010.5,66,10,46.4,Low,1.89,86,19.8,34.6,427.8,1899.5,35.2,Tropical,Heatwave,High
770,2020-09-24,NOAA1046,Mexico,45.281,-99.4393,312.3,17.8,25.6,14.3,23.7,0.0,60,21.9,N,757.6,1016.4,37,11,40.2,Low,3.38,104,26.7,55.5,416.8,1932.6,35.6,Temperate,Rain,Medium
771,2024-06-03,NOAA1046,Mexico,33.8571,-93.0223,560.9,25.3,28.5,18.1,3.0,0.0,43,33.4,NE,475.9,1009.0,39,7,34.8,High,5.52,134,30.0,64.8,416.7,1870.5,27.0,Polar,None,Low
772,2024-02-05,NOAA1023,USA,38.3462,-95.4447,535.4,11.1,19.0,7.1,30.9,0.0,56,43.8,NW,588.1,1006.8,89,1,42.0,Low,2.34,92,24.1,35.7,413.9,1946.8,34.7,Arid,Rain,Low
773,2021-03-18,NOAA1048,Canada,29.6639,-94.0059,1761.4,11.8,19.1,9.1,9.9,0.0,46,33.3,E,744.8,1006.0,11,2,35.6,Medium,2.68,124,29.7,60.8,409.3,1929.0,50.3,Polar,None,High
774,2021-02-10,NOAA1037,USA,40.141,-112.7146,650.3,13.4,17.8,9.5,4.4,0.0,44,11.7,W,783.9,1018.6,92,2,38.1,High,3.85,132,28.9,67.0,428.9,1856.3,44.9,Continental,None,Medium
775,2022-10-22,NOAA1049,Mexico,42.2869,-94.105,25.1,8.7,16.2,5.4,21.6,0.0,60,3.1,N,568.9,1004.4,42,7,35.8,Low,1.56,116,28.8,44.1,433.0,1916.6,30.3,Continental,Storm,Medium
776,2023-07-28,NOAA1016,Mexico,31.8076,-68.1969,359.1,36.5,42.8,32.0,8.0,0.0,54,2.1,SE,413.4,1020.3,78,6,31.9,Medium,5.59,116,29.0,62.2,414.5,1955.7,36.9,Polar,Fog,High
777,2021-08-10,NOAA1034,Canada,30.4203,-101.3709,1432.0,22.5,29.5,17.0,46.8,0.0,66,34.5,W,255.8,1017.5,92,3,53.3,Low,4.59,90,14.8,31.4,418.3,1887.5,46.9,Arid,Storm,Medium
778,2022-05-06,NOAA1005,Canada,47.4107,-84.3612,2571.8,24.2,28.0,19.1,10.8,0.0,43,19.5,N,763.7,1021.7,80,1,34.5,Medium,4.3,125,31.7,53.2,408.0,1886.1,47.8,Temperate,Coldwave,High
779,2020-07-15,NOAA1047,USA,35.2364,-75.7474,2816.5,28.0,35.7,20.8,44.3,0.0,64,4.4,SE,389.1,1001.5,50,10,38.2,Low,5.94,61,17.8,41.5,414.7,1889.6,27.9,Temperate,Storm,High
780,2021-03-11,NOAA1011,USA,31.0966,-104.5896,156.2,9.1,13.7,3.8,11.4,0.0,44,20.8,NE,488.3,1017.3,62,7,35.0,Medium,2.65,102,28.4,64.0,425.2,1903.7,41.4,Arid,Storm,High
781,2020-03-23,NOAA1015,Canada,46.5127,-123.7173,1583.4,6.1,10.8,2.9,12.6,0.0,45,14.8,NW,790.3,1022.1,70,9,25.7,Medium,1.01,106,28.3,56.0,415.9,1908.7,43.8,Temperate,None,Low
782,2023-09-28,NOAA1028,Mexico,41.6552,-89.4761,142.5,17.0,21.2,11.6,8.5,0.0,51,32.4,S,328.6,1011.0,23,1,39.1,Medium,3.46,112,28.7,49.1,429.8,1892.7,32.0,Polar,Fog,High
783,2023-07-01,NOAA1026,Mexico,38.7452,-102.5755,2341.6,27.1,30.9,21.8,10.5,0.0,61,28.0,NW,171.7,1010.6,66,5,37.0,Medium,5.63,118,28.7,56.1,417.2,1930.8,31.6,Tropical,Storm,High
784,2020-07-29,NOAA1001,Mexico,46.2961,-91.5396,2376.9,32.7,39.8,25.0,2.3,0.0,45,40.3,NE,248.0,1008.5,99,4,28.2,High,5.19,129,28.5,60.0,422.1,1899.0,38.7,Temperate,Heatwave,High
785,2023-12-03,NOAA1035,Canada,28.72,-87.5064,1371.5,0.1,4.6,-7.2,20.8,12.8,47,9.5,SE,347.6,984.3,92,4,33.2,Low,0.5,107,26.3,57.6,424.9,1915.0,41.3,Polar,Rain,High
786,2023-02-23,NOAA1018,USA,46.534,-69.2788,2661.8,7.6,10.3,4.7,8.5,0.0,40,31.9,W,373.1,1020.2,70,3,26.5,Medium,2.67,130,29.6,54.4,417.2,1821.7,35.0,Arid,None,High
787,2022-02-22,NOAA1024,Canada,34.7662,-119.8502,2487.6,1.8,3.9,-3.1,7.4,8.5,57,30.9,E,713.2,1013.3,67,6,41.0,Medium,2.23,104,25.7,50.1,418.5,1840.1,50.9,Arid,Heatwave,High
788,2020-11-01,NOAA1037,Canada,45.3943,-108.5016,2697.0,7.8,14.9,0.8,8.9,0.0,47,9.1,SE,100.8,1025.7,85,9,31.8,Medium,1.95,120,23.4,46.7,428.6,1871.3,39.1,Continental,Coldwave,Low
789,2020-06-02,NOAA1042,USA,44.5435,-104.9141,2908.5,33.8,40.9,31.5,9.9,0.0,42,4.8,N,589.7,1009.0,35,2,26.1,Medium,6.28,115,23.1,53.2,423.5,1929.6,60.6,Tropical,Fog,High
790,2021-02-05,NOAA1028,Mexico,34.8672,-115.8121,2189.9,-6.0,-2.7,-9.7,20.7,0.3,65,23.3,NW,579.1,1008.5,50,3,38.4,Low,0.99,92,27.1,54.9,425.3,1857.1,45.5,Continental,Fog,Low
791,2023-05-06,NOAA1022,USA,38.3311,-118.752,2617.3,21.4,27.7,14.4,13.6,0.0,47,41.7,N,885.6,1005.9,72,10,26.0,Medium,4.77,92,25.6,53.7,430.8,1839.5,29.4,Polar,Storm,Low
792,2021-02-03,NOAA1012,Canada,30.5707,-70.5772,2862.6,-5.7,-1.8,-12.0,7.3,3.4,45,16.8,W,187.0,1014.3,69,2,30.9,Medium,0.5,107,30.0,47.9,428.7,1840.9,43.7,Tropical,None,Medium
793,2020-08-18,NOAA1048,Canada,30.7114,-94.7422,2008.9,29.0,31.8,24.0,7.8,0.0,46,26.7,SW,400.8,1014.6,24,4,31.4,Medium,6.13,131,26.0,51.4,404.9,1912.5,30.5,Temperate,Fog,Low
794,2024-11-05,NOAA1020,USA,28.3804,-101.4515,1530.8,7.4,15.2,4.8,19.6,0.0,64,13.8,N,289.2,1013.7,26,11,40.8,Medium,1.31,115,25.4,58.8,421.7,1871.1,47.3,Continental,Fog,Medium
795,2023-09-28,NOAA1010,USA,26.8043,-76.4644,1917.2,22.4,29.7,15.0,3.8,0.0,53,27.3,E,181.9,1010.7,24,5,37.4,High,5.31,111,29.8,54.9,413.9,1935.0,34.3,Continental,Fog,High
796,2023-05-27,NOAA1014,Canada,45.798,-110.7972,2467.6,24.6,28.1,21.9,9.8,0.0,54,24.2,SW,426.7,997.2,43,4,39.0,Medium,4.59,96,27.5,59.2,412.2,1884.2,15.4,Polar,Fog,High
797,2022-05-27,NOAA1043,USA,35.8858,-84.0936,1208.0,25.1,32.7,21.7,11.6,0.0,53,19.4,E,788.1,993.8,1,6,41.3,Medium,4.52,102,22.9,61.0,413.8,1829.0,34.5,Tropical,Rain,High
798,2021-12-16,NOAA1043,USA,27.0685,-101.5787,2620.4,-0.5,3.7,-7.2,14.5,10.8,53,21.2,NE,649.4,1010.2,51,10,31.5,Medium,0.5,101,22.1,54.2,423.3,1914.4,19.2,Arid,Coldwave,Medium
799,2022-07-24,NOAA1002,Mexico,39.1752,-79.9635,805.6,28.9,33.5,23.2,7.3,0.0,58,14.4,N,862.5,1005.4,16,1,46.2,Medium,5.93,111,29.8,57.2,426.0,1891.1,29.2,Polar,Fog,High
800,2021-05-28,NOAA1018,Mexico,28.1197,-73.698,1013.2,29.1,35.5,24.0,16.9,0.0,61,29.1,NE,326.9,1001.7,57,11,43.4,Medium,5.28,90,27.7,50.4,419.2,1880.7,50.7,Arid,Rain,Low
801,2023-01-19,NOAA1028,Canada,36.4624,-93.2616,2916.3,5.0,8.1,-2.6,3.4,0.0,49,21.4,W,724.2,1021.7,78,2,37.8,High,2.08,130,29.1,58.9,411.7,1891.9,39.7,Continental,Coldwave,Low
802,2024-10-21,NOAA1036,Canada,37.1393,-83.0432,461.7,19.6,26.6,15.7,28.1,0.0,70,26.8,NW,895.4,1007.0,4,11,49.5,Low,4.3,76,22.0,39.7,427.7,1876.7,43.1,Tropical,Storm,Low
803,2023-11-25,NOAA1001,Mexico,46.4732,-103.4596,2983.4,12.3,16.6,6.6,14.2,0.0,51,31.5,N,124.5,1008.3,15,3,32.2,Medium,2.93,111,30.0,48.3,417.0,1880.0,38.6,Tropical,Coldwave,Medium
804,2022-08-01,NOAA1025,USA,28.3685,-76.8913,1834.2,36.5,39.6,33.0,11.5,0.0,59,42.9,S,731.6,1012.8,28,4,42.0,Medium,7.28,99,25.5,47.5,425.0,1814.8,49.5,Temperate,Fog,High
805,2021-11-02,NOAA1034,Canada,42.3381,-70.8668,533.7,13.1,20.8,8.8,13.8,0.0,48,43.7,E,422.9,1017.8,75,4,39.5,Medium,2.41,124,27.6,56.8,421.1,1917.1,34.3,Temperate,Rain,High
806,2020-08-05,NOAA1045,Canada,33.8616,-122.5374,1937.5,28.5,33.6,20.8,9.5,0.0,57,42.8,SW,112.5,1021.2,41,8,44.3,Medium,4.85,111,24.9,49.1,408.7,1894.5,35.0,Polar,None,High
807,2022-11-15,NOAA1004,USA,46.9331,-89.8569,494.4,9.6,12.8,2.6,30.1,0.0,71,16.3,SE,315.3,995.0,4,2,55.1,Low,1.86,93,18.4,40.8,425.6,1921.3,41.3,Temperate,Storm,Medium
808,2021-02-18,NOAA1013,Mexico,29.1642,-88.6954,643.4,-2.5,2.0,-8.9,8.9,19.0,43,6.2,W,457.9,1019.7,40,1,22.4,Medium,0.87,105,29.7,58.4,410.2,1895.8,33.7,Temperate,Storm,Low
809,2020-03-13,NOAA1011,Canada,34.1904,-93.8349,2992.8,6.9,13.1,1.8,41.9,0.0,71,26.1,E,706.2,1019.9,0,5,47.5,Low,1.51,95,19.8,46.2,429.6,1839.2,44.0,Arid,Heatwave,Low
810,2024-12-28,NOAA1021,Mexico,44.4183,-77.8647,1284.5,4.5,6.9,0.6,4.2,0.0,41,35.2,W,733.8,1001.0,57,9,27.8,High,1.27,110,25.3,62.0,414.7,1868.7,35.0,Polar,Storm,High
811,2023-10-02,NOAA1034,Mexico,33.1489,-90.4657,2893.6,20.4,27.2,16.5,13.5,0.0,51,32.6,S,242.2,1001.9,16,5,43.0,Medium,4.88,96,29.7,51.8,418.6,1895.6,50.3,Arid,None,Low
812,2024-10-08,NOAA1002,USA,28.7426,-106.51,1917.5,14.0,19.5,6.7,32.1,0.0,54,5.1,SE,204.9,1014.7,14,6,43.7,Low,2.24,72,20.2,43.6,423.7,1952.0,35.4,Polar,Rain,High
813,2023-07-20,NOAA1035,Mexico,29.3716,-118.2789,909.8,31.0,38.1,25.9,13.0,0.0,55,18.5,NW,215.3,1013.9,88,4,37.3,Medium,6.45,120,28.9,49.4,410.1,1938.1,53.5,Continental,Rain,High
814,2020-01-14,NOAA1023,Mexico,48.635,-83.89,2757.7,7.7,11.4,0.0,30.4,0.0,57,5.0,SE,744.3,1011.4,22,9,44.8,Low,1.37,82,19.3,36.1,433.6,1807.4,49.0,Tropical,Coldwave,Low
815,2024-12-04,NOAA1000,Mexico,32.3169,-118.7216,1131.5,4.6,6.6,2.1,38.5,0.0,78,12.5,S,491.6,1003.5,26,9,54.0,Low,0.74,76,23.0,38.8,418.6,1925.5,39.5,Temperate,Fog,Medium
816,2020-12-28,NOAA1022,Canada,36.1423,-109.1606,2919.9,-3.8,1.6,-7.4,14.1,2.7,48,8.7,N,360.3,1021.4,79,2,33.8,Medium,0.98,119,25.3,56.1,405.3,1775.2,41.7,Tropical,Fog,Low
817,2022-03-14,NOAA1035,USA,42.2389,-69.26,1936.3,8.9,12.0,4.2,17.9,0.0,46,11.2,NW,729.8,1011.0,93,4,39.0,Medium,2.65,98,30.1,59.6,420.3,1927.6,48.7,Arid,Rain,Low
818,2020-11-13,NOAA1036,Mexico,30.1384,-100.5194,513.6,11.8,14.4,7.2,16.4,0.0,62,16.1,NE,612.3,1005.0,30,9,44.2,Medium,2.24,98,24.2,49.1,410.3,1899.7,36.2,Tropical,Coldwave,High
819,2021-02-20,NOAA1035,Canada,31.4027,-117.0371,2174.4,-1.5,3.3,-8.0,45.9,9.9,72,8.9,W,331.9,1004.3,2,10,47.7,Low,1.51,90,19.6,41.6,409.2,1900.6,55.2,Tropical,Heatwave,High
820,2024-08-16,NOAA1028,USA,29.4831,-114.0632,209.6,34.1,36.4,30.6,38.5,0.0,76,40.7,NW,707.8,1016.1,63,2,48.6,Low,6.53,86,16.8,49.8,416.9,1960.2,57.5,Polar,Rain,Low
821,2020-11-01,NOAA1043,USA,28.2332,-103.2345,2187.6,8.1,14.5,5.8,3.0,0.0,36,10.1,N,806.7,1020.6,33,9,25.0,High,2.84,131,29.4,58.6,414.0,1915.3,49.0,Polar,Heatwave,Medium
822,2023-11-01,NOAA1044,Mexico,42.3291,-73.9246,2002.0,2.0,6.1,-1.4,18.0,10.7,51,41.7,N,261.6,1010.8,35,5,31.5,Medium,1.08,92,28.6,58.1,408.5,1927.5,43.9,Polar,Storm,Low
823,2022-07-31,NOAA1022,USA,47.8983,-74.2956,1711.5,29.7,37.3,27.1,38.0,0.0,59,35.5,E,723.4,1008.1,93,10,45.3,Low,5.78,72,18.5,40.6,409.8,1884.9,47.2,Polar,Rain,Low
824,2023-06-07,NOAA1000,Mexico,34.974,-97.2045,631.3,28.2,33.8,25.6,21.4,0.0,53,43.6,E,418.3,1027.1,81,3,40.8,Low,4.46,93,20.8,53.0,420.8,1858.1,38.2,Continental,Heatwave,Medium
825,2024-03-21,NOAA1003,USA,39.5401,-81.4768,267.7,13.9,16.6,9.5,6.8,0.0,43,7.6,E,133.5,1012.7,79,1,29.2,Medium,3.53,131,30.9,65.2,423.1,1893.8,37.4,Tropical,Coldwave,High
826,2024-02-03,NOAA1002,Canada,38.7252,-99.4074,1011.9,-4.1,1.1,-10.1,5.8,9.1,44,39.7,S,721.3,1016.8,13,3,35.0,Medium,0.5,105,24.5,47.6,424.9,1915.9,51.9,Polar,Fog,Medium
827,2023-07-04,NOAA1008,Canada,45.6363,-91.1435,979.9,35.4,38.2,29.8,17.3,0.0,61,18.1,N,772.0,1009.2,75,4,45.9,Medium,6.04,109,27.9,58.1,421.2,1911.9,33.7,Temperate,Fog,High
828,2023-09-03,NOAA1013,Mexico,41.0068,-90.0164,384.6,26.8,33.0,21.8,48.5,0.0,64,2.7,NE,283.1,1004.9,58,2,39.1,Low,4.4,78,18.4,36.5,417.4,1921.7,40.6,Continental,Storm,Low
829,2021-03-10,NOAA1016,USA,46.3145,-79.6243,76.9,15.3,23.2,7.7,1.7,0.0,36,20.2,SW,591.4,1009.8,61,4,26.1,High,2.85,113,30.6,50.4,415.1,1962.7,51.6,Temperate,Heatwave,Medium
830,2024-10-31,NOAA1001,Canada,30.4768,-116.7905,844.2,20.8,26.7,13.4,11.6,0.0,59,16.7,S,862.3,1013.7,20,11,43.4,Medium,3.14,111,22.4,45.4,406.5,1888.2,39.1,Temperate,Coldwave,Medium
831,2022-04-10,NOAA1036,Mexico,35.8354,-99.8782,2360.5,9.5,15.2,5.3,10.7,0.0,56,27.4,SW,397.6,1020.0,54,3,46.3,Medium,1.93,100,23.7,60.9,419.6,1863.1,40.1,Continental,Heatwave,Low
832,2020-08-14,NOAA1035,USA,43.4598,-78.5562,1542.5,24.1,26.3,21.9,8.9,0.0,41,41.2,W,543.1,1001.5,12,8,27.1,Medium,5.14,101,27.7,54.0,414.2,1929.0,41.3,Temperate,Coldwave,Low
833,2022-11-24,NOAA1046,Mexico,33.7899,-117.8781,1778.2,12.0,19.2,9.4,13.7,0.0,46,16.7,N,470.8,993.9,25,9,24.9,Medium,2.71,106,22.1,57.4,414.9,2013.0,29.4,Arid,None,Low
834,2024-07-23,NOAA1023,Mexico,47.8933,-95.9541,598.5,31.1,35.5,28.4,15.3,0.0,53,10.5,N,552.1,1023.8,23,6,37.6,Medium,5.72,111,25.6,56.4,418.8,1920.3,40.5,Polar,Storm,Medium
835,2020-03-01,NOAA1007,Mexico,25.1312,-112.659,2013.2,5.5,12.7,2.3,8.2,0.0,45,19.3,NW,837.6,1007.1,55,7,30.5,Medium,1.12,118,28.8,56.4,430.0,1880.1,29.9,Tropical,Fog,Medium
836,2020-02-08,NOAA1003,Canada,34.6716,-99.7429,931.8,2.3,6.3,-3.2,14.1,0.0,44,34.5,NE,140.5,999.0,75,8,33.5,Medium,0.59,106,21.8,57.9,429.4,1980.1,42.3,Arid,Coldwave,Low
837,2023-01-18,NOAA1004,Mexico,38.5101,-84.1038,2122.5,1.6,7.8,-3.8,8.5,6.3,57,30.7,NE,353.3,1010.0,22,1,36.0,Medium,1.46,98,31.0,51.7,419.2,1924.5,39.8,Polar,Heatwave,Medium
838,2024-05-23,NOAA1033,Canada,40.3332,-87.0625,596.0,21.1,26.6,15.0,13.9,0.0,62,37.0,W,582.4,1008.2,95,5,37.0,Medium,4.98,97,23.0,52.7,438.8,1877.9,43.0,Temperate,Heatwave,Medium
839,2023-03-15,NOAA1015,USA,44.942,-80.5549,1310.7,13.4,16.7,7.3,31.4,0.0,61,24.2,S,566.3,1010.9,14,10,41.8,Low,2.04,89,18.8,42.9,420.7,1858.6,46.9,Tropical,None,Low
840,2022-08-14,NOAA1032,Canada,44.6755,-93.1886,514.6,31.6,34.1,29.3,17.8,0.0,46,8.8,N,604.7,1009.6,84,11,28.4,Medium,6.44,121,30.0,57.1,418.3,1915.4,37.7,Tropical,Storm,High
841,2023-12-08,NOAA1036,Mexico,39.2914,-73.5578,2340.1,4.6,9.3,1.7,7.8,0.0,58,6.8,NW,870.0,1013.6,93,9,40.7,Medium,1.87,115,32.3,56.3,416.5,1968.9,33.9,Temperate,Coldwave,Medium
842,2021-06-16,NOAA1034,USA,28.8572,-117.1462,2840.4,25.6,32.9,20.5,9.2,0.0,49,33.7,SE,556.9,1003.3,56,9,32.3,Medium,5.71,129,24.4,61.6,409.1,1855.7,40.8,Arid,Coldwave,Low
843,2022-05-07,NOAA1020,Canada,40.998,-76.7578,539.5,23.3,26.4,17.9,12.8,0.0,57,14.9,W,173.2,1009.9,82,11,33.2,Medium,3.81,123,28.5,55.4,415.4,1888.8,44.6,Tropical,Coldwave,High
844,2022-05-17,NOAA1032,USA,36.1206,-81.1271,1735.8,27.6,35.6,20.0,7.8,0.0,56,22.5,N,313.7,1013.8,75,6,34.9,Medium,4.38,102,31.0,54.6,410.0,1920.9,64.7,Arid,Heatwave,Low
845,2022-10-09,NOAA1041,USA,29.2487,-107.8053,2681.3,18.1,24.2,12.8,14.6,0.0,60,16.3,W,383.2,1012.6,99,8,43.3,Medium,4.43,115,23.2,55.5,416.9,1908.1,39.9,Polar,Heatwave,High
846,2023-08-03,NOAA1039,Canada,34.2095,-109.8267,794.5,26.1,31.8,23.9,12.9,0.0,51,21.5,S,221.4,1003.1,56,1,30.1,Medium,4.59,116,23.2,63.2,412.8,1913.6,26.7,Arid,Coldwave,Low
847,2024-08-17,NOAA1026,Canada,38.0229,-116.8717,1507.6,28.0,33.4,21.3,26.0,0.0,70,11.5,W,526.2,1007.6,64,4,50.8,Low,5.96,87,28.4,44.9,420.2,1920.7,32.1,Tropical,Coldwave,Medium
848,2023-05-17,NOAA1004,Canada,25.5293,-76.5178,267.5,16.4,18.8,8.4,14.5,0.0,61,6.9,SE,386.2,1010.4,96,10,44.9,Medium,2.79,103,28.5,44.9,407.5,2013.3,36.9,Tropical,Heatwave,High
849,2022-04-14,NOAA1021,USA,48.5443,-121.5039,763.5,16.7,22.0,14.1,8.2,0.0,39,16.3,N,828.0,1008.1,46,5,31.3,Medium,3.5,112,24.2,47.8,422.5,1847.9,43.6,Arid,Fog,Low
850,2024-11-22,NOAA1044,Canada,31.5664,-79.1012,1249.2,7.6,14.7,2.8,13.6,0.0,49,33.8,NE,717.9,1018.6,16,5,35.8,Medium,2.29,125,27.9,54.1,426.8,1849.0,45.4,Temperate,Heatwave,Medium
851,2024-09-02,NOAA1009,USA,31.516,-98.7575,1241.1,24.2,31.3,21.6,37.6,0.0,74,11.7,SW,598.0,1006.2,50,11,49.8,Low,4.16,94,21.8,42.0,406.0,1903.8,27.0,Tropical,Fog,High
852,2022-03-21,NOAA1035,Canada,32.4788,-95.1168,1701.7,-0.0,6.1,-7.2,16.6,6.5,63,27.3,SW,742.9,1014.1,6,2,38.1,Medium,0.5,99,21.4,55.4,420.0,1876.2,29.9,Continental,Storm,Low
853,2023-11-28,NOAA1044,USA,33.4303,-119.9881,235.8,9.7,15.8,7.3,17.6,0.0,57,37.8,W,265.7,1018.6,40,4,38.5,Medium,2.87,95,21.6,52.8,429.4,1905.5,21.6,Arid,Storm,High
854,2020-04-24,NOAA1031,USA,26.1796,-90.1353,1954.0,14.6,18.4,11.8,65.3,0.0,86,24.8,S,243.1,1011.2,37,7,68.2,Low,3.55,56,16.5,32.2,422.3,1926.9,33.8,Polar,Coldwave,Medium
855,2022-06-02,NOAA1026,USA,32.845,-99.1592,485.5,29.0,35.9,21.4,5.8,0.0,53,15.5,SW,492.0,1015.1,56,6,37.7,Medium,4.41,127,31.4,53.3,400.5,1927.4,33.5,Arid,Rain,Low
856,2024-05-19,NOAA1038,USA,35.2036,-110.1766,2346.7,22.7,26.2,18.3,10.8,0.0,57,18.4,E,783.4,1004.1,23,7,37.3,Medium,3.98,100,26.3,51.3,429.6,1876.1,26.6,Polar,Storm,Low
857,2020-04-19,NOAA1044,Mexico,35.2119,-75.2322,355.2,15.6,18.5,12.5,13.7,0.0,43,34.8,NW,442.5,998.9,61,11,29.7,Medium,3.14,111,27.7,51.0,422.3,1912.5,45.3,Temperate,None,Low
858,2021-07-29,NOAA1005,Canada,46.8573,-75.4482,2445.9,33.7,37.2,26.9,41.3,0.0,62,29.5,N,104.9,1003.2,68,1,37.1,Low,6.23,88,19.5,39.2,415.3,1914.3,30.4,Polar,Rain,Low
859,2024-11-26,NOAA1011,Mexico,39.2926,-70.3192,1332.3,3.0,9.7,0.9,1.2,0.0,37,36.5,NW,207.9,1012.5,91,7,30.6,High,2.16,130,25.5,64.0,430.5,1825.2,43.3,Tropical,None,Low
860,2022-12-18,NOAA1014,Mexico,43.2333,-96.7129,683.9,-1.6,2.5,-7.1,20.9,7.7,55,34.4,N,469.0,1001.9,44,11,33.2,Low,1.73,116,21.5,42.1,405.6,1811.1,35.9,Polar,Fog,Low
861,2022-10-28,NOAA1016,Canada,44.126,-68.1429,805.1,15.8,18.0,8.1,7.8,0.0,49,12.9,SW,328.2,1003.1,59,6,38.1,Medium,4.11,101,24.2,65.0,427.7,1845.0,38.6,Tropical,Fog,Medium
862,2021-08-07,NOAA1039,Mexico,42.5433,-95.9986,2820.3,29.4,35.8,21.5,15.7,0.0,61,21.4,W,711.3,1007.8,31,11,39.4,Medium,5.69,99,26.0,42.8,416.9,1874.6,41.7,Polar,Coldwave,Medium
863,2023-11-04,NOAA1004,Canada,33.4871,-123.2809,1628.7,10.4,17.2,8.0,6.0,0.0,43,35.7,SE,761.4,1016.9,32,6,33.5,Medium,1.95,123,29.6,62.9,434.1,1931.4,29.9,Tropical,Storm,High
864,2023-01-21,NOAA1009,Canada,39.9791,-110.9221,2543.3,1.4,8.7,-0.7,5.4,17.2,54,39.1,NE,511.8,1018.4,91,7,36.8,Medium,1.22,131,32.7,64.2,408.0,1840.8,53.4,Arid,Rain,Medium
865,2021-06-04,NOAA1042,Canada,31.2797,-99.6326,2477.6,25.1,28.4,19.9,6.4,0.0,46,17.6,NE,480.1,1018.7,79,4,31.4,Medium,5.33,104,23.6,60.5,418.2,1844.4,28.4,Arid,Rain,High
866,2023-05-05,NOAA1009,Mexico,35.9558,-95.3667,1983.2,26.4,33.6,20.0,9.8,0.0,43,36.6,W,890.5,1000.4,67,9,34.5,Medium,5.73,98,25.6,64.8,428.7,1901.5,48.7,Continental,Coldwave,High
867,2020-09-29,NOAA1006,Canada,45.1539,-85.1816,761.4,23.7,27.1,16.8,1.5,0.0,50,39.1,W,668.4,1007.6,22,5,29.1,High,3.96,138,31.1,61.1,418.6,1784.0,53.4,Tropical,Coldwave,Low
868,2021-05-02,NOAA1006,USA,48.4189,-67.8362,1978.6,18.4,23.4,14.0,19.3,0.0,64,37.1,SE,886.7,1012.3,66,9,51.6,Medium,4.18,120,29.4,43.7,419.0,1903.7,26.8,Temperate,None,Low
869,2020-01-31,NOAA1014,USA,46.3351,-123.0722,2075.0,-3.2,1.1,-7.8,28.0,2.3,56,41.1,NW,671.9,1014.7,15,1,40.0,Low,1.16,89,21.7,51.9,425.2,1856.0,50.0,Arid,None,High
870,2021-04-26,NOAA1018,Canada,40.597,-87.4543,255.2,16.6,21.7,14.3,21.2,0.0,64,22.8,W,726.4,1013.7,98,9,47.1,Low,2.88,102,23.8,59.0,428.0,1835.4,42.0,Arid,Fog,Low
871,2020-03-12,NOAA1012,Mexico,43.5543,-123.0366,2505.9,6.4,10.8,3.3,8.3,0.0,39,17.9,S,854.8,1019.8,95,10,25.4,Medium,2.63,117,23.1,59.6,420.8,1807.4,53.4,Continental,Heatwave,High
872,2022-03-09,NOAA1017,USA,26.7718,-72.4157,1179.0,11.8,16.0,4.6,30.4,0.0,66,32.5,SE,889.4,1000.4,0,8,46.9,Low,1.97,91,25.1,44.2,436.7,1928.3,37.2,Polar,Coldwave,Low
873,2022-01-22,NOAA1048,USA,35.3175,-92.7506,882.6,0.2,3.0,-5.0,10.5,11.3,58,28.7,E,410.7,1009.8,58,1,41.0,Medium,1.11,129,27.9,62.7,423.9,1933.3,35.2,Polar,None,Medium
874,2022-12-19,NOAA1031,Mexico,26.7435,-122.2538,2408.6,6.7,11.3,2.5,2.5,0.0,56,38.3,NW,817.4,1001.0,2,10,35.0,High,1.05,107,25.7,66.4,421.1,1874.1,45.6,Arid,Heatwave,High
875,2022-12-05,NOAA1035,USA,34.1234,-106.7446,236.0,-0.1,7.0,-6.7,16.2,19.6,62,26.6,E,852.6,1013.9,100,8,41.2,Medium,1.01,95,25.6,51.0,416.4,1982.2,33.5,Temperate,Fog,High
876,2020-10-09,NOAA1018,Canada,39.451,-79.3087,289.7,25.4,31.4,18.4,13.7,0.0,58,25.7,S,173.5,1002.0,91,10,39.0,Medium,4.09,108,23.3,46.0,424.8,1931.8,33.8,Continental,Storm,High
877,2023-04-18,NOAA1028,USA,44.4679,-73.7464,2740.2,17.3,20.9,10.9,13.4,0.0,45,13.5,E,184.2,1027.5,70,6,34.4,Medium,3.34,93,24.8,58.9,425.5,1813.9,43.6,Tropical,None,High
878,2020-10-16,NOAA1023,Canada,44.9321,-83.5125,54.2,14.4,20.8,12.0,38.7,0.0,62,19.2,SW,428.0,1018.0,6,8,38.1,Low,3.81,83,23.8,40.1,428.1,1948.5,40.8,Tropical,Coldwave,Low
879,2023-02-20,NOAA1020,Mexico,46.2515,-108.0401,175.2,-1.1,3.8,-7.0,6.5,18.2,57,24.2,E,651.1,1027.1,91,8,35.7,Medium,0.5,124,24.1,65.6,413.6,1901.6,43.5,Polar,Storm,Low
880,2022-09-13,NOAA1003,Canada,47.6313,-87.4356,2259.2,22.4,24.8,19.7,19.7,0.0,48,18.0,N,588.3,1015.5,59,2,41.3,Medium,4.67,105,21.9,41.8,427.5,1851.1,42.5,Temperate,Fog,Medium
881,2021-04-10,NOAA1003,Mexico,28.2679,-121.5005,1387.1,11.1,18.0,5.5,10.6,0.0,55,31.3,N,865.6,1018.1,32,11,31.9,Medium,2.67,113,28.0,51.2,423.7,1853.2,31.1,Arid,Rain,High
882,2020-10-15,NOAA1033,Canada,34.9169,-92.346,640.0,14.5,21.6,10.4,5.8,0.0,56,27.6,S,865.2,1008.6,98,2,37.8,Medium,3.64,131,32.8,66.6,408.5,1876.8,24.7,Tropical,Storm,High
883,2020-06-18,NOAA1049,Mexico,43.5627,-121.9753,996.9,25.8,28.7,19.2,28.2,0.0,57,30.6,W,277.4,1011.5,23,2,39.4,Low,4.46,99,22.3,46.4,423.8,1865.5,57.4,Tropical,Storm,Low
884,2022-05-11,NOAA1003,Canada,45.6891,-68.1962,1306.3,22.8,29.3,18.1,11.9,0.0,58,27.3,SE,891.8,1020.7,32,5,47.5,Medium,4.43,128,25.1,47.6,419.4,1966.4,26.9,Tropical,Heatwave,High
885,2024-10-06,NOAA1025,USA,37.9646,-105.1416,159.2,20.9,27.8,13.3,12.2,0.0,51,32.3,W,388.1,1010.7,79,6,33.3,Medium,3.86,117,23.5,55.2,404.3,1876.5,26.9,Temperate,Coldwave,Low
886,2023-01-12,NOAA1049,Canada,27.5714,-95.8771,2099.5,-0.7,5.7,-6.7,19.2,12.0,56,40.2,NE,860.8,1005.9,12,8,43.7,Medium,1.78,91,26.2,54.1,415.1,1859.1,34.3,Tropical,Storm,Medium
887,2023-12-13,NOAA1043,Canada,26.2956,-83.9463,504.6,2.6,4.7,-3.7,20.4,0.0,61,18.0,SE,352.1,1018.8,34,2,45.6,Low,2.39,89,26.6,43.4,427.6,1948.7,57.6,Arid,Coldwave,Medium
888,2024-11-20,NOAA1000,USA,45.6384,-80.7058,2098.9,7.6,9.9,3.7,14.5,0.0,44,16.5,E,825.2,1009.7,44,11,33.8,Medium,2.32,118,27.7,55.1,402.1,1900.2,46.9,Temperate,Heatwave,Medium
889,2020-03-30,NOAA1006,Canada,41.9004,-75.8621,1391.1,4.6,9.9,-3.0,22.7,0.0,63,32.5,SW,615.1,1016.1,29,11,48.1,Low,0.82,82,29.2,44.4,422.7,1960.0,40.6,Polar,Rain,Medium
890,2024-05-01,NOAA1013,Mexico,46.5343,-117.2445,832.3,26.1,28.9,23.9,63.5,0.0,73,11.2,N,505.2,1017.8,89,5,44.1,Low,5.0,47,18.7,38.1,438.6,1924.1,32.7,Arid,Coldwave,High
891,2020-12-22,NOAA1022,Canada,43.2392,-110.113,1121.4,1.8,7.2,-1.1,22.8,7.2,65,5.0,N,426.0,1019.6,62,10,52.5,Low,0.5,83,23.3,47.2,426.9,1880.1,44.6,Polar,None,Low
892,2023-01-24,NOAA1045,Canada,36.46,-121.4869,2086.4,-5.0,-1.6,-9.9,15.3,5.3,56,31.2,SE,629.8,1016.6,72,5,36.1,Medium,0.65,112,29.8,42.8,411.4,1952.1,45.9,Continental,Heatwave,Medium
893,2022-02-11,NOAA1021,Canada,25.1932,-114.8412,1043.8,8.1,10.2,3.1,9.2,0.0,45,44.4,SW,304.1,1011.9,50,3,28.1,Medium,2.13,111,24.5,46.6,432.4,1912.8,49.8,Tropical,Fog,High
894,2023-12-09,NOAA1014,USA,32.3852,-75.2073,209.2,2.5,8.9,0.3,12.4,0.0,46,3.7,W,771.1,1010.3,5,6,28.1,Medium,1.65,126,27.5,52.1,413.9,1896.2,38.9,Arid,Rain,Low
895,2020-11-06,NOAA1005,Canada,34.422,-111.4632,408.2,12.1,19.7,8.4,13.7,0.0,46,31.2,NW,367.3,1015.4,72,9,36.8,Medium,2.9,111,30.1,60.4,418.7,1865.2,40.6,Temperate,Rain,High
896,2024-02-18,NOAA1049,Canada,32.4804,-101.4712,692.8,6.0,13.1,1.5,4.7,0.0,55,36.6,E,737.9,1013.7,88,3,37.8,High,1.61,111,24.6,56.9,425.6,1909.1,45.0,Continental,None,High
897,2023-05-05,NOAA1000,Canada,27.7488,-78.3343,2525.6,17.6,21.0,11.1,15.3,0.0,48,2.3,SE,445.2,1007.1,21,2,36.0,Medium,3.86,99,21.9,60.5,412.8,1942.5,58.7,Polar,None,High
898,2023-03-19,NOAA1046,USA,41.4735,-91.764,1301.2,6.6,13.2,1.6,19.6,0.0,61,11.1,SW,365.9,1007.2,70,2,46.4,Medium,2.75,114,27.0,49.6,412.4,1918.1,33.9,Temperate,Heatwave,High
899,2022-11-24,NOAA1045,USA,43.0099,-79.9318,2751.5,10.5,15.4,3.9,2.9,0.0,37,32.1,SE,153.7,1009.4,48,10,33.0,High,2.59,132,33.3,64.6,424.4,1886.2,39.1,Arid,Storm,Medium
900,2024-11-09,NOAA1042,USA,48.8903,-116.1282,2167.1,9.6,14.5,7.6,6.9,0.0,40,9.6,SE,592.0,1014.7,68,3,30.0,Medium,3.12,112,24.6,65.5,427.6,1950.9,28.5,Temperate,Storm,Low
901,2021-07-22,NOAA1031,Canada,40.716,-82.3249,2773.7,34.3,41.5,27.8,6.5,0.0,46,4.8,SW,561.8,1011.0,90,4,35.4,Medium,6.49,98,24.7,59.4,434.9,1901.4,33.6,Temperate,Storm,High
902,2023-11-26,NOAA1014,USA,28.134,-98.9823,1077.5,4.4,12.0,-1.8,28.1,0.0,55,6.4,SW,674.3,1008.4,5,3,38.6,Low,1.5,79,22.0,43.9,397.3,1946.4,22.9,Temperate,Fog,Low
903,2021-12-06,NOAA1014,Canada,35.966,-103.716,2709.3,1.4,4.0,-3.8,32.3,2.6,73,5.1,N,621.4,1030.7,76,2,49.8,Low,1.98,76,21.6,41.4,435.1,1864.7,33.8,Polar,None,Low
904,2023-04-07,NOAA1013,USA,47.6587,-122.3372,743.8,12.5,20.3,7.3,22.3,0.0,64,13.9,W,413.5,1016.6,19,10,38.1,Low,3.61,89,23.6,39.1,408.1,1885.0,26.6,Temperate,Storm,Medium
905,2023-02-15,NOAA1026,Canada,36.0521,-81.0709,2672.8,3.4,7.7,-2.8,1.7,0.0,47,42.0,NE,556.3,1020.1,50,6,30.7,High,1.12,121,32.4,64.8,432.6,1875.5,49.1,Arid,Fog,Low
906,2022-06-22,NOAA1025,USA,41.4366,-89.5344,565.7,27.4,30.7,22.9,11.7,0.0,55,2.4,W,233.8,1016.5,24,3,44.0,Medium,4.88,120,30.9,46.5,409.3,1884.2,57.9,Arid,Rain,Medium
907,2021-03-19,NOAA1042,USA,47.0712,-81.8859,2822.5,6.2,11.5,2.3,5.8,0.0,51,31.0,NE,643.3,1025.2,65,11,41.9,Medium,1.01,130,33.0,59.0,406.2,1978.1,39.5,Polar,None,High
908,2023-06-29,NOAA1009,Mexico,30.7624,-106.2653,2462.0,25.0,27.5,19.4,18.1,0.0,58,31.4,S,276.5,1022.3,71,6,45.5,Medium,5.52,104,29.9,60.4,411.7,1899.3,47.9,Tropical,Storm,High
909,2020-04-27,NOAA1034,USA,30.3979,-109.1377,606.9,18.7,25.6,11.8,12.9,0.0,53,12.4,NE,665.1,997.9,46,11,37.6,Medium,3.62,115,31.6,48.9,408.6,1880.9,37.6,Continental,Fog,Medium
910,2023-11-13,NOAA1043,Canada,36.9851,-78.6242,1204.1,7.6,13.9,1.3,8.4,0.0,58,44.6,SW,857.6,1004.2,46,4,39.6,Medium,2.27,113,26.8,64.4,420.7,1939.0,56.4,Polar,Coldwave,Medium
911,2024-07-10,NOAA1027,USA,46.7427,-116.791,531.2,33.3,37.0,31.2,37.2,0.0,59,32.0,N,558.1,1003.3,79,5,41.4,Low,6.62,78,23.3,43.3,419.5,1873.6,47.9,Arid,Storm,High
912,2022-02-19,NOAA1019,Canada,29.3614,-75.3534,718.6,3.5,8.2,-4.4,9.0,0.0,52,7.9,SW,721.5,1002.6,75,2,32.7,Medium,1.29,114,23.3,58.9,411.3,1887.6,51.4,Arid,Fog,High
913,2023-04-10,NOAA1015,USA,47.583,-77.4551,903.0,16.1,20.0,12.2,9.1,0.0,46,32.9,N,462.2,989.9,52,4,34.7,Medium,3.33,101,32.3,59.1,419.3,1975.2,44.2,Temperate,None,High
914,2023-08-15,NOAA1031,Mexico,44.7268,-71.5741,426.3,28.7,31.4,24.5,3.4,0.0,40,25.6,NE,832.9,1016.2,71,5,25.1,High,4.72,118,31.5,51.8,416.3,1951.4,48.4,Polar,Heatwave,Medium
915,2021-06-30,NOAA1043,Canada,26.1666,-95.6585,1928.4,27.9,30.9,22.0,26.9,0.0,71,37.1,N,653.2,994.1,52,6,55.7,Low,5.83,92,27.3,45.8,414.0,1914.4,38.3,Tropical,Coldwave,Medium
916,2022-03-30,NOAA1026,USA,29.6795,-123.8059,836.0,6.2,8.6,-0.8,32.4,0.0,64,41.8,SW,752.2,1020.4,56,9,37.8,Low,2.79,95,20.2,44.2,425.3,1882.1,43.0,Temperate,None,Low
917,2020-11-07,NOAA1043,USA,42.5077,-120.2544,558.9,11.0,15.8,3.9,17.8,0.0,60,10.4,W,121.2,1009.8,38,4,49.5,Medium,3.03,94,28.2,45.5,406.4,1940.3,35.4,Continental,Coldwave,High
918,2023-11-22,NOAA1031,USA,46.8024,-112.6878,594.3,7.6,13.3,3.5,63.3,0.0,74,8.6,W,240.8,1015.4,92,1,53.4,Low,1.51,72,17.0,25.2,402.2,1883.9,46.1,Arid,Coldwave,Medium
919,2024-08-21,NOAA1015,USA,29.0554,-87.5236,2312.6,31.1,35.8,24.9,9.7,0.0,46,10.2,E,101.1,1004.2,46,8,35.3,Medium,6.32,109,30.4,49.7,431.3,1930.9,38.7,Tropical,Heatwave,Medium
920,2020-06-27,NOAA1022,USA,36.269,-118.7766,146.9,29.2,37.1,26.9,8.0,0.0,55,10.1,NW,730.3,1014.1,15,9,43.4,Medium,6.04,109,26.8,48.0,436.3,1914.3,37.8,Continental,None,Low
921,2022-03-22,NOAA1022,Mexico,45.2877,-77.0533,1660.9,11.1,18.5,5.8,6.8,0.0,42,26.1,E,664.9,1009.9,63,11,34.1,Medium,2.93,114,28.6,51.8,416.8,1903.4,47.3,Continental,Heatwave,Low
922,2021-10-26,NOAA1048,Canada,28.1446,-112.0402,2909.6,16.3,19.6,10.2,4.3,0.0,51,8.6,E,835.7,1013.5,65,1,37.9,High,3.95,118,26.5,50.9,426.5,1936.0,32.7,Polar,Fog,High
923,2023-03-05,NOAA1045,Mexico,48.7795,-88.0139,552.4,12.6,19.0,8.5,21.5,0.0,51,4.5,E,756.8,1004.8,79,6,31.1,Low,3.2,107,22.0,57.2,431.6,1887.4,38.1,Continental,Rain,Low
924,2024-10-17,NOAA1007,Mexico,26.3301,-101.3813,2378.9,22.9,26.6,15.9,19.3,0.0,66,2.3,SW,283.3,1016.5,71,5,50.6,Medium,4.74,105,21.7,58.1,414.0,1863.8,34.2,Temperate,Rain,Medium
925,2020-12-23,NOAA1042,USA,37.2092,-107.651,1197.9,0.6,6.0,-5.7,6.2,13.1,50,18.6,SW,684.4,1007.6,60,1,32.8,Medium,0.59,102,31.4,65.6,427.7,1945.1,24.4,Temperate,Storm,Low
926,2022-05-26,NOAA1004,USA,38.5894,-71.6562,1026.7,25.9,30.5,23.8,6.6,0.0,46,42.1,NE,561.0,1019.9,48,10,40.0,Medium,5.07,126,28.8,53.9,436.6,1868.5,45.5,Tropical,None,Medium
927,2024-07-03,NOAA1008,USA,31.0869,-99.228,474.9,26.7,28.8,21.0,11.8,0.0,42,30.0,NE,208.8,1025.4,84,2,23.8,Medium,4.15,105,27.8,59.1,427.7,1895.8,49.9,Continental,Coldwave,Medium
928,2022-08-05,NOAA1036,Mexico,35.8937,-121.9289,2864.7,30.0,34.8,27.6,9.7,0.0,57,20.3,NW,285.1,1023.4,77,3,34.0,Medium,5.8,96,27.2,51.9,429.6,1886.2,41.1,Polar,Coldwave,High
929,2023-06-27,NOAA1041,Mexico,35.0886,-110.4778,1912.2,21.8,25.0,16.0,8.5,0.0,55,26.6,S,262.4,1022.0,77,2,40.6,Medium,4.03,115,24.8,64.8,416.5,1888.5,39.1,Polar,Fog,Medium
930,2021-01-07,NOAA1007,USA,26.0963,-117.1001,207.8,1.3,8.4,-5.3,21.8,9.7,55,18.3,S,550.4,1009.4,58,5,38.2,Low,1.62,83,21.0,58.5,416.5,1972.3,42.4,Continental,Heatwave,Medium
931,2021-09-25,NOAA1042,Canada,36.9139,-107.0286,1343.5,21.7,26.4,17.8,26.1,0.0,67,42.5,W,753.0,1018.0,49,6,45.7,Low,5.24,94,27.1,37.6,410.6,1871.2,62.2,Continental,Rain,Medium
932,2021-10-06,NOAA1030,USA,25.9032,-81.8705,2925.2,12.8,18.2,7.1,3.7,0.0,44,43.4,NW,163.3,1018.9,81,10,33.2,High,2.19,125,26.3,52.3,419.9,1886.3,35.2,Arid,Coldwave,Medium
933,2024-01-12,NOAA1011,Canada,33.3943,-114.7938,483.3,-6.9,-2.4,-10.1,2.2,6.0,36,44.5,SW,591.3,1028.2,67,10,30.8,High,0.65,123,30.6,55.9,427.2,1945.0,35.9,Arid,Heatwave,High
934,2022-06-09,NOAA1019,Canada,43.0893,-74.1444,2826.3,30.7,34.5,27.4,33.5,0.0,62,32.5,NE,733.4,1027.3,39,10,37.3,Low,5.74,86,24.2,38.1,404.2,1894.1,37.1,Arid,Storm,High
935,2022-07-12,NOAA1014,Mexico,46.142,-74.0068,791.4,29.2,34.4,23.1,16.9,0.0,54,30.3,E,216.9,1007.6,6,10,35.1,Medium,5.22,118,28.0,45.9,418.6,1943.9,42.9,Polar,Fog,High
936,2023-08-08,NOAA1037,Canada,27.3942,-115.0115,2902.0,30.3,38.3,23.7,25.1,0.0,66,21.2,N,653.0,1013.6,14,8,50.4,Low,5.5,98,27.7,47.8,417.9,1846.5,50.1,Tropical,Storm,High
937,2023-12-24,NOAA1023,Canada,36.3428,-90.6205,2577.4,3.3,6.1,-0.2,4.1,0.0,50,3.8,S,553.3,1016.5,38,7,41.9,High,0.79,114,29.6,64.4,426.7,1930.2,24.5,Tropical,Fog,Medium
938,2020-08-06,NOAA1049,USA,29.897,-74.7649,1000.0,30.0,34.4,25.9,2.7,0.0,40,32.4,W,252.3,1007.7,74,6,30.0,High,6.18,102,29.9,57.3,414.7,1879.0,25.3,Temperate,Coldwave,High
939,2021-03-23,NOAA1016,Mexico,33.6519,-106.9944,778.1,11.0,15.0,6.7,6.2,0.0,40,5.6,SE,847.6,1015.4,70,6,20.8,Medium,2.06,109,25.4,55.0,417.1,1920.2,44.2,Tropical,None,Low
940,2021-02-03,NOAA1029,Canada,29.3947,-100.8251,1968.1,8.3,10.4,4.9,12.5,0.0,51,21.4,W,503.5,1015.5,88,11,40.5,Medium,2.04,126,30.2,44.4,418.8,1874.4,40.4,Arid,Fog,High
941,2020-10-15,NOAA1017,Canada,43.0783,-69.322,459.0,19.1,25.9,16.6,7.7,0.0,57,30.5,NW,450.5,1010.1,36,2,39.4,Medium,3.24,99,26.1,63.0,409.7,1959.0,43.9,Temperate,Rain,Low
942,2023-01-03,NOAA1003,USA,28.8877,-92.1322,2833.0,0.1,4.6,-3.9,4.7,9.0,48,16.5,E,259.2,1006.4,17,9,41.5,High,1.26,114,23.9,48.0,424.6,1865.6,28.7,Arid,Heatwave,High
943,2020-08-08,NOAA1013,USA,30.5133,-111.4908,760.9,23.3,28.1,20.9,11.2,0.0,47,31.8,W,726.7,1004.9,46,1,31.9,Medium,4.35,123,28.3,51.3,408.1,1846.4,41.1,Arid,Rain,High
944,2020-04-26,NOAA1017,Mexico,33.8847,-120.8051,2824.7,14.7,17.7,11.3,3.7,0.0,42,27.0,S,752.9,1010.8,21,4,21.9,High,2.75,109,24.5,59.0,419.5,1956.6,47.7,Continental,None,High
945,2024-07-15,NOAA1005,Canada,42.2248,-69.4161,1985.8,25.4,28.2,23.1,5.6,0.0,38,18.1,NW,751.5,1006.7,92,7,33.3,Medium,4.33,133,28.2,62.7,413.9,1881.5,22.0,Temperate,Heatwave,High
946,2023-07-26,NOAA1020,Canada,34.9341,-88.529,2497.2,32.3,39.9,29.2,10.7,0.0,56,13.3,W,387.8,1020.8,69,4,39.8,Medium,6.69,103,30.2,54.0,415.8,1850.2,49.1,Tropical,Storm,High
947,2024-11-21,NOAA1011,USA,32.5998,-121.7141,2867.4,4.3,11.0,0.2,20.8,0.0,49,19.0,S,670.1,999.5,64,3,41.5,Low,1.62,96,24.3,55.0,417.0,1849.2,38.7,Temperate,Rain,Low
948,2020-09-23,NOAA1005,USA,27.8614,-97.9003,1540.5,26.4,29.8,22.3,4.3,0.0,39,31.6,W,745.9,1019.5,95,10,20.1,High,5.79,104,28.5,48.8,418.8,1886.2,37.4,Continental,Storm,High
949,2020-03-14,NOAA1014,Mexico,28.6252,-118.0966,2914.9,8.6,14.3,2.4,1.3,0.0,55,9.7,SW,688.2,1020.9,97,2,38.4,High,1.64,112,33.7,68.3,405.4,1924.6,48.3,Arid,Rain,Low
950,2023-02-15,NOAA1011,USA,25.5151,-75.1422,449.0,-0.6,2.1,-3.7,11.0,13.6,55,31.5,S,572.9,1015.4,82,7,44.1,Medium,0.5,106,29.7,44.5,417.7,1930.1,23.5,Polar,Rain,Low
951,2021-08-16,NOAA1019,Canada,46.053,-76.4897,914.2,33.0,40.0,28.0,15.9,0.0,53,27.8,SW,109.4,1005.0,59,1,42.0,Medium,4.97,112,27.2,49.6,418.2,1843.7,43.2,Polar,Fog,Medium
952,2020-05-26,NOAA1049,Canada,29.5472,-85.1334,1490.5,27.3,33.0,19.9,14.5,0.0,62,19.1,SE,228.0,1005.7,76,6,42.0,Medium,4.63,118,30.6,52.2,424.3,1948.9,43.8,Tropical,Rain,Medium
953,2023-03-07,NOAA1001,Canada,26.9333,-101.2361,1628.2,6.9,9.8,1.3,2.2,0.0,40,3.2,SW,558.2,1005.6,20,3,29.5,High,1.27,122,33.7,68.0,423.5,1845.2,48.5,Continental,Rain,Low
954,2020-11-06,NOAA1020,Canada,43.1788,-84.0355,1206.7,8.0,12.6,3.2,31.2,0.0,71,33.0,E,616.6,1016.9,22,10,53.3,Low,2.53,84,17.6,41.9,424.5,1872.2,50.4,Arid,Fog,Medium
955,2023-06-30,NOAA1001,Mexico,41.0518,-104.6404,583.6,21.7,28.0,18.4,5.2,0.0,54,25.1,N,134.9,1023.3,73,9,43.4,Medium,3.7,109,24.3,60.2,421.2,1871.9,53.5,Tropical,Rain,Low
956,2024-08-24,NOAA1004,Canada,42.9804,-94.8524,2735.1,30.6,33.3,26.4,0.4,0.0,40,8.6,W,534.8,1015.7,68,8,35.9,High,5.19,104,25.9,61.5,427.2,1830.4,38.4,Polar,Storm,Medium
957,2023-02-13,NOAA1003,Canada,32.4233,-106.5811,400.7,7.7,14.7,5.7,19.2,0.0,63,36.2,E,556.0,1013.1,64,8,43.2,Medium,2.2,100,28.5,50.8,424.6,1918.4,52.3,Continental,Fog,Medium
958,2021-07-31,NOAA1047,Canada,43.6017,-117.2311,1306.0,36.0,38.8,32.2,7.4,0.0,51,9.8,E,671.9,1019.6,55,3,30.6,Medium,5.79,98,26.2,47.6,415.8,1880.3,32.8,Arid,Rain,High
959,2021-06-02,NOAA1013,USA,31.7537,-96.3209,1533.2,20.8,28.1,14.2,29.9,0.0,69,32.1,NE,172.0,1000.6,78,8,42.8,Low,4.64,92,23.3,45.6,432.5,1929.6,36.8,Tropical,Coldwave,High
960,2021-02-11,NOAA1047,Mexico,25.4777,-111.4976,1296.0,5.5,10.0,-0.9,18.2,0.0,48,34.0,N,149.9,1016.2,44,4,37.6,Medium,1.9,98,25.9,44.7,414.0,1888.8,28.8,Temperate,None,Medium
961,2023-07-17,NOAA1020,USA,31.4837,-73.4811,2697.4,30.6,35.9,28.6,28.4,0.0,53,17.3,E,839.9,1022.7,78,3,39.7,Low,5.72,79,18.5,43.8,423.8,1956.7,37.3,Continental,Rain,Medium
962,2024-03-28,NOAA1015,USA,29.2554,-92.3188,2668.6,12.8,20.1,7.8,12.7,0.0,55,40.4,SE,271.6,1024.8,61,7,44.9,Medium,2.09,113,28.2,61.3,418.5,1908.7,50.3,Polar,Heatwave,Low
963,2022-03-25,NOAA1006,USA,35.4173,-106.6319,2330.9,9.5,11.5,7.1,3.8,0.0,51,8.7,E,260.9,1018.8,28,10,30.1,High,2.77,133,31.4,52.6,424.7,1898.6,35.9,Tropical,Heatwave,High
964,2023-05-13,NOAA1033,Canada,32.8088,-70.54,2208.8,26.2,32.4,21.8,18.7,0.0,48,40.5,NW,408.5,1014.3,83,1,32.4,Medium,5.19,109,28.6,44.0,429.2,1875.7,31.9,Polar,Coldwave,Low
965,2024-10-19,NOAA1017,USA,43.4878,-88.5933,1401.3,18.0,22.7,13.5,2.1,0.0,56,21.8,NE,381.9,1016.0,75,7,40.5,High,3.77,117,29.9,54.9,416.7,1885.4,36.0,Continental,Rain,High
966,2023-10-15,NOAA1045,Mexico,28.6162,-101.725,1105.9,21.2,28.9,16.8,34.2,0.0,55,18.5,E,589.3,1010.9,45,10,43.8,Low,3.46,98,18.5,45.2,403.7,1850.3,44.1,Polar,Coldwave,Low
967,2021-12-04,NOAA1014,Mexico,31.5479,-99.1961,1909.4,8.2,14.8,1.8,4.7,0.0,47,40.1,N,456.0,1009.9,80,8,27.2,High,2.46,127,29.7,67.6,405.9,1969.6,29.7,Temperate,Heatwave,High
968,2023-06-21,NOAA1031,USA,38.4985,-92.465,1785.9,28.2,32.0,22.1,25.2,0.0,62,13.0,SW,648.5,1016.4,73,5,41.9,Low,4.38,111,20.6,49.6,423.6,1899.7,47.8,Polar,Storm,Low
969,2022-04-21,NOAA1015,Canada,45.1335,-94.4177,1889.7,9.2,12.4,2.8,15.6,0.0,58,25.1,NE,897.8,1006.7,37,10,41.1,Medium,1.91,109,21.2,54.3,425.5,1938.5,30.2,Polar,Heatwave,Low
970,2021-10-31,NOAA1007,USA,28.9366,-116.0462,1376.0,25.8,30.2,22.1,22.9,0.0,53,27.9,N,114.5,1013.0,69,3,33.4,Low,5.54,104,24.5,54.0,402.2,1975.2,40.5,Temperate,Coldwave,High
971,2023-03-19,NOAA1012,Mexico,44.3079,-105.1968,915.4,3.5,10.4,-1.8,5.9,0.0,55,28.6,NW,309.5,996.0,95,2,39.4,Medium,1.36,114,23.7,65.6,414.8,1818.0,43.0,Continental,Storm,Low
972,2020-04-06,NOAA1013,USA,41.3118,-82.9484,2279.3,21.8,26.2,16.2,8.1,0.0,39,39.4,SW,616.0,1016.5,2,6,25.5,Medium,3.46,112,30.6,49.8,413.4,1870.1,34.4,Continental,Coldwave,High
973,2024-09-25,NOAA1027,Canada,38.6676,-95.3487,1439.6,22.6,28.9,20.5,10.7,0.0,50,7.1,NW,229.6,1010.3,82,1,27.5,Medium,4.65,107,26.6,62.4,416.8,1898.3,31.2,Temperate,None,Low
974,2021-07-09,NOAA1019,Canada,28.1566,-90.0676,129.8,38.2,43.1,32.2,6.3,0.0,47,43.1,W,754.8,1007.6,47,3,29.7,Medium,5.81,107,31.3,49.4,410.1,1887.0,45.0,Arid,Storm,High
975,2023-05-08,NOAA1030,USA,32.5702,-99.7482,534.8,29.2,36.8,26.1,21.4,0.0,60,28.2,SW,288.7,1021.7,81,11,44.6,Low,5.26,84,22.2,45.4,415.6,1972.7,29.8,Continental,Storm,High
976,2021-08-13,NOAA1023,Mexico,30.3481,-99.0868,512.2,36.1,43.2,29.2,12.2,0.0,52,25.0,SW,104.9,1015.4,10,3,33.0,Medium,6.87,105,23.0,57.9,417.8,1919.4,36.8,Polar,None,Low
977,2024-02-26,NOAA1025,USA,40.8019,-70.0492,2791.6,-3.4,-1.0,-9.7,1.8,9.4,43,41.7,E,606.6,1014.5,59,8,24.6,High,1.03,137,31.0,63.7,414.2,1863.0,30.0,Polar,Storm,High
978,2021-10-19,NOAA1035,Canada,29.1033,-90.686,915.8,16.1,22.2,12.0,17.7,0.0,55,32.7,SW,181.1,1018.6,14,9,35.7,Medium,3.15,92,25.1,42.2,430.5,1951.4,41.2,Temperate,Coldwave,High
979,2020-04-06,NOAA1019,Mexico,27.2259,-98.4505,921.8,15.7,20.5,9.1,15.0,0.0,55,29.5,SW,717.9,1015.5,38,8,44.5,Medium,3.82,108,22.4,58.3,420.2,1864.1,34.8,Continental,None,Medium
980,2023-04-04,NOAA1044,Mexico,36.0271,-109.1824,2542.2,13.8,19.4,11.6,10.3,0.0,50,11.9,N,277.8,1015.1,15,9,30.5,Medium,2.24,98,29.3,49.6,410.0,1908.4,34.2,Polar,Coldwave,Low
981,2022-05-24,NOAA1032,Canada,37.1447,-73.2914,2436.3,14.9,20.2,10.8,4.8,0.0,38,9.5,NW,257.0,1005.3,36,9,25.6,High,2.87,104,26.9,50.0,423.8,1871.9,38.1,Arid,Heatwave,Medium
982,2024-08-30,NOAA1020,Mexico,30.4342,-77.7064,2352.7,31.9,34.2,26.8,19.5,0.0,52,39.1,SW,439.9,1004.4,61,4,33.1,Medium,6.52,116,21.0,49.8,411.1,1946.5,39.4,Continental,Rain,High
983,2024-07-14,NOAA1037,USA,48.6865,-111.2044,2440.9,34.2,37.0,28.6,11.7,0.0,54,13.0,W,603.3,1022.5,55,5,45.3,Medium,5.81,94,29.0,46.4,418.0,1853.5,36.7,Polar,Coldwave,High
984,2021-11-27,NOAA1014,Mexico,25.4071,-72.3625,2498.0,9.1,15.2,5.1,34.9,0.0,70,6.1,NE,532.2,1010.7,52,11,49.4,Low,3.17,80,22.8,40.3,425.8,1909.6,40.3,Polar,Coldwave,Medium
985,2023-06-22,NOAA1046,Canada,38.9881,-99.0317,1683.1,26.6,33.9,19.7,15.6,0.0,63,40.3,SW,608.1,1024.7,73,6,48.2,Medium,4.24,122,28.5,59.1,428.4,1896.8,54.0,Temperate,Rain,Low
986,2020-05-26,NOAA1047,Mexico,36.1063,-93.2877,1981.0,25.4,31.4,19.6,20.1,0.0,61,5.2,E,339.4,1021.7,69,4,44.9,Low,5.62,112,29.0,49.2,431.3,1902.5,28.9,Arid,Coldwave,High
987,2021-09-04,NOAA1021,USA,43.9578,-78.6961,618.3,17.8,22.8,10.6,16.1,0.0,52,24.5,W,885.6,1007.4,13,2,31.3,Medium,3.11,89,23.1,52.0,433.5,1864.6,41.2,Continental,Coldwave,Low
988,2024-05-06,NOAA1036,USA,39.6341,-67.8071,2502.9,19.3,21.8,11.6,20.7,0.0,49,16.5,N,810.0,1017.1,2,10,36.8,Low,4.63,94,28.2,48.6,422.3,1929.6,39.7,Polar,None,Medium
989,2021-10-08,NOAA1035,Canada,47.1907,-90.6435,663.0,21.1,27.8,18.6,23.8,0.0,53,37.6,SW,695.6,1013.7,68,1,41.2,Low,4.09,81,26.7,51.5,406.3,1884.3,27.5,Tropical,Rain,High
990,2022-03-19,NOAA1047,Mexico,27.9169,-91.1866,2361.8,4.0,6.5,0.5,5.4,0.0,38,38.9,E,782.3,1005.6,60,5,20.8,Medium,2.33,121,24.9,61.8,421.6,1880.2,36.1,Temperate,Coldwave,Low
991,2023-11-14,NOAA1020,Mexico,44.1424,-75.2316,2151.5,4.9,7.2,0.9,12.4,0.0,58,39.8,S,269.7,1011.6,59,4,39.0,Medium,2.55,125,26.9,51.4,417.9,1914.6,24.5,Continental,Rain,Medium
992,2020-06-10,NOAA1044,Canada,37.2318,-89.8237,1705.0,18.5,21.8,15.0,17.2,0.0,51,28.6,N,601.3,1016.9,69,6,43.3,Medium,4.73,114,21.6,54.1,427.3,1917.9,40.0,Arid,Heatwave,High
993,2021-05-19,NOAA1041,Canada,45.6586,-77.2366,718.2,22.0,26.9,18.9,16.0,0.0,46,16.9,NE,181.0,1016.3,37,4,30.5,Medium,4.66,91,27.6,58.8,403.0,1916.5,57.1,Tropical,Heatwave,Medium
994,2021-01-07,NOAA1001,USA,38.0729,-99.956,2297.1,2.1,6.4,0.1,38.7,0.0,72,41.3,S,241.7,1008.0,10,7,55.3,Low,0.83,92,16.1,48.5,418.7,1852.4,53.4,Polar,Fog,Medium
995,2021-10-24,NOAA1013,Canada,37.8499,-77.3663,2757.1,13.7,18.2,10.1,22.4,0.0,68,43.9,NE,130.0,1002.6,85,9,48.3,Low,2.33,95,19.5,41.7,426.6,1893.4,49.6,Continental,Rain,Medium
996,2020-10-02,NOAA1006,Canada,40.2102,-85.4434,1359.9,17.0,22.2,11.5,13.9,0.0,59,27.5,SE,841.3,1010.9,73,7,42.5,Medium,2.64,122,25.5,57.0,416.6,1928.3,48.9,Polar,Fog,High
997,2020-01-08,NOAA1011,USA,37.1358,-80.4787,834.7,5.8,11.5,1.1,2.6,0.0,54,13.6,SW,703.5,1007.4,44,2,43.5,High,1.34,123,29.7,66.6,418.4,1956.0,52.3,Tropical,Heatwave,Low
998,2022-07-17,NOAA1012,USA,40.4033,-99.7854,1658.4,37.3,42.7,34.6,10.6,0.0,49,6.5,W,771.3,1022.8,34,1,29.5,Medium,7.49,126,30.0,62.7,422.1,1831.8,23.4,Polar,Heatwave,Low
999,2023-01-28,NOAA1028,Mexico,42.9379,-69.1774,667.3,-6.0,-2.6,-10.4,16.2,15.2,59,21.3,S,175.4,1009.1,91,1,43.0,Medium,0.5,95,30.4,48.9,417.0,1847.8,43.5,Polar,Fog,Medium
1000,2020-02-17,NOAA1034,USA,34.5016,-104.1252,2362.6,-2.7,5.1,-10.2,6.4,1.4,43,38.4,SE,815.6,996.1,78,1,33.7,Medium,0.5,127,24.7,52.2,416.2,1883.8,38.6,Arid,None,Low
1001,2020-04-25,NOAA1044,Mexico,45.1328,-108.4897,1695.1,20.0,23.0,15.8,9.1,0.0,55,35.6,NE,147.6,1012.3,61,10,35.5,Medium,4.91,104,24.2,51.0,435.9,1973.4,33.1,Continental,None,High
1002,2024-02-04,NOAA1030,USA,42.8658,-67.9711,2596.7,5.2,10.6,2.0,22.7,0.0,65,9.6,NE,893.5,1008.2,38,3,40.5,Low,0.81,95,21.0,40.6,419.9,1854.9,33.1,Polar,Coldwave,Low
1003,2020-03-13,NOAA1019,Canada,37.6202,-118.3446,1144.4,8.3,10.6,6.2,16.6,0.0,50,25.5,NW,655.6,1027.6,21,1,41.9,Medium,1.55,90,21.2,48.4,423.1,1852.9,47.4,Tropical,Heatwave,Medium
1004,2024-01-17,NOAA1004,Mexico,33.6494,-100.6716,1631.1,-6.1,-3.9,-10.1,8.2,9.5,43,15.5,N,176.6,1010.9,31,3,27.4,Medium,0.68,96,23.2,55.1,417.6,1847.9,30.0,Polar,Heatwave,Low
1005,2021-01-23,NOAA1041,Canada,29.12,-118.6691,612.6,4.3,11.2,-1.1,13.5,0.0,44,34.0,NW,807.7,1010.5,83,7,30.7,Medium,1.02,92,29.7,48.3,420.7,1919.0,60.2,Arid,Fog,Medium
1006,2024-06-10,NOAA1031,USA,38.6675,-92.812,2978.4,24.0,26.4,17.0,4.8,0.0,40,21.6,S,295.9,1007.0,6,3,33.2,High,5.12,118,32.4,66.2,433.5,1901.2,33.9,Tropical,Rain,Medium
1007,2020-10-22,NOAA1041,Canada,25.3695,-104.4877,644.0,17.0,22.5,10.5,24.2,0.0,51,8.1,N,566.7,1018.0,39,8,40.5,Low,3.5,91,22.7,38.4,413.4,1973.9,55.5,Tropical,Heatwave,High
1008,2023-07-05,NOAA1020,USA,30.3916,-116.5587,1226.9,32.0,37.9,26.4,13.2,0.0,53,14.9,N,876.4,1021.2,86,3,33.4,Medium,5.49,113,27.5,50.4,413.7,1928.4,47.9,Continental,None,Low
1009,2020-08-04,NOAA1036,Mexico,27.6506,-69.5603,1611.1,28.8,36.3,26.3,7.6,0.0,42,36.6,W,894.7,1025.5,89,5,33.1,Medium,5.92,123,25.7,57.3,409.2,1864.0,44.4,Polar,Fog,Medium
1010,2020-09-16,NOAA1029,Canada,48.9791,-72.2523,1500.6,21.1,24.7,16.4,10.5,0.0,47,3.0,SE,450.7,1000.0,84,9,40.5,Medium,5.12,101,28.1,54.6,419.6,1908.4,53.5,Polar,Coldwave,Low
1011,2020-06-24,NOAA1019,USA,26.2084,-91.437,2178.3,34.2,39.4,27.3,2.7,0.0,49,40.4,SE,414.4,997.7,93,11,28.3,High,5.52,122,34.1,54.2,428.1,2041.2,30.0,Arid,Coldwave,Medium
1012,2021-07-07,NOAA1002,Mexico,28.7853,-111.2319,2896.4,32.8,37.3,29.2,7.3,0.0,53,10.1,N,234.5,1008.7,21,4,41.0,Medium,5.9,106,31.8,53.5,416.7,1921.7,31.4,Arid,None,Low
1013,2024-04-08,NOAA1000,USA,25.4949,-92.733,1130.7,13.4,20.2,6.9,9.6,0.0,46,44.7,NW,291.4,1012.9,14,10,24.3,Medium,3.04,100,23.8,47.6,427.6,1902.2,43.4,Temperate,None,High
1014,2024-10-18,NOAA1024,Mexico,43.0712,-88.2168,2461.2,15.1,17.9,10.1,9.9,0.0,42,42.2,NW,692.0,1015.3,79,1,27.6,Medium,3.35,116,25.5,64.8,415.8,1871.6,43.1,Temperate,Coldwave,Medium
1015,2022-09-10,NOAA1024,USA,25.9751,-122.6857,1790.2,17.4,24.4,11.9,20.4,0.0,55,13.9,SE,299.2,1012.1,15,2,42.1,Low,3.1,112,20.7,41.7,414.5,1946.5,48.6,Temperate,Storm,Low
1016,2023-09-18,NOAA1035,Mexico,33.8651,-109.2291,1503.7,18.9,25.5,11.1,5.0,0.0,57,15.3,N,251.3,1033.5,33,11,32.1,Medium,3.56,120,31.4,53.1,416.7,1909.2,45.7,Continental,None,Medium
1017,2021-10-20,NOAA1036,Mexico,39.3335,-107.8471,2671.7,18.2,21.8,13.8,8.8,0.0,52,21.0,N,176.4,1026.7,70,3,32.7,Medium,4.02,97,30.9,59.7,420.2,1854.8,39.5,Polar,None,High
1018,2022-11-04,NOAA1008,Mexico,30.3398,-98.5359,2767.3,4.7,8.4,2.7,6.8,0.0,43,43.3,W,212.6,1019.8,67,6,30.1,Medium,0.85,114,30.2,64.7,417.7,1946.0,38.0,Continental,Rain,Medium
1019,2023-07-28,NOAA1026,Canada,28.8345,-70.9585,1033.3,29.7,34.4,27.6,28.3,0.0,57,5.7,NE,894.0,1010.5,71,3,40.7,Low,5.12,111,19.1,44.2,430.4,1938.4,25.6,Temperate,Fog,Low
1020,2024-05-29,NOAA1020,Canada,38.5471,-107.6487,2598.8,26.3,30.7,19.0,1.9,0.0,56,4.6,E,275.3,1020.2,33,7,37.7,High,4.05,111,30.1,59.5,428.1,1846.7,31.8,Continental,None,Low
1021,2020-07-02,NOAA1012,USA,38.6272,-67.5583,1881.4,24.6,27.0,22.1,6.5,0.0,43,3.3,S,857.2,1003.0,91,6,22.3,Medium,5.16,125,30.9,51.2,420.8,1972.2,61.3,Arid,Storm,Medium
1022,2024-01-25,NOAA1019,Mexico,29.2649,-115.7734,1319.4,1.4,9.3,-5.7,28.5,6.0,53,37.5,N,185.7,1014.9,11,6,32.9,Low,0.94,89,27.5,41.9,421.8,1904.9,34.0,Tropical,Storm,Low
1023,2021-12-17,NOAA1026,USA,36.7881,-100.6396,507.2,9.8,17.4,3.3,9.0,0.0,57,34.2,E,760.8,1012.8,85,3,38.2,Medium,3.44,128,26.7,53.9,411.5,1897.9,55.3,Continental,Storm,High
1024,2024-05-22,NOAA1009,USA,31.6255,-119.6345,2779.8,26.7,34.0,19.4,32.7,0.0,66,19.6,NW,508.5,1013.2,34,10,42.9,Low,4.94,77,23.4,45.2,414.3,1968.4,55.5,Tropical,Storm,Low
1025,2020-03-15,NOAA1006,Mexico,32.2794,-91.7594,2980.3,13.4,21.2,10.6,21.3,0.0,60,15.5,S,749.4,1011.1,39,1,38.9,Low,2.85,107,25.2,58.3,417.8,1873.1,30.0,Tropical,None,Medium
1026,2024-06-07,NOAA1027,Canada,39.5104,-81.181,490.9,25.8,29.3,19.1,3.5,0.0,57,2.7,W,627.9,1029.7,35,5,42.2,High,4.05,108,25.1,62.5,428.0,1876.9,48.9,Continental,Rain,High
1027,2023-02-01,NOAA1033,USA,36.1264,-123.8563,2006.1,6.8,10.2,3.4,5.0,0.0,40,31.1,S,500.4,1022.0,64,3,31.6,Medium,2.08,117,29.6,55.9,426.2,1878.9,40.0,Temperate,Heatwave,Medium
1028,2021-06-15,NOAA1022,USA,44.5974,-67.4011,545.2,29.6,32.6,22.3,23.2,0.0,48,15.4,S,165.8,998.8,92,3,29.6,Low,4.5,106,19.7,50.6,418.7,1921.1,40.4,Polar,Heatwave,Low
1029,2024-08-14,NOAA1031,USA,27.4115,-82.3911,2616.9,30.3,34.6,22.4,20.4,0.0,54,10.7,N,899.6,1024.4,25,2,39.3,Low,5.65,87,20.7,56.0,430.8,1957.7,42.3,Temperate,None,Low
1030,2021-09-01,NOAA1007,USA,27.5665,-84.678,2242.6,24.1,29.6,19.3,24.5,0.0,64,30.0,W,136.5,1018.9,95,2,51.0,Low,5.13,89,26.5,56.5,438.0,1791.0,38.3,Polar,None,High
1031,2022-11-05,NOAA1006,Mexico,40.5523,-75.8121,1908.4,14.0,20.9,10.0,26.2,0.0,58,17.7,N,602.9,1033.5,9,4,47.9,Low,2.78,99,23.8,51.0,429.1,1916.0,42.5,Temperate,Heatwave,Low
1032,2023-02-17,NOAA1043,Canada,37.5421,-123.8026,412.8,-1.5,3.3,-8.1,4.6,14.3,53,22.1,W,184.6,1015.6,3,9,40.1,High,0.5,130,33.6,50.8,419.6,1910.1,35.1,Tropical,Fog,High
1033,2024-12-05,NOAA1040,Canada,31.0315,-96.0466,361.8,-0.0,3.2,-4.0,27.3,4.5,69,21.2,W,547.7,1025.8,13,1,43.2,Low,0.57,77,24.9,50.7,407.4,1862.7,21.7,Arid,Storm,Medium
1034,2024-11-10,NOAA1002,USA,29.0732,-109.3571,2604.4,5.9,9.1,-0.7,22.9,0.0,64,11.2,W,871.2,1009.7,20,2,43.1,Low,0.96,106,25.3,53.8,407.0,1922.3,24.7,Polar,Storm,Medium
1035,2021-06-15,NOAA1042,Canada,25.4782,-78.3517,2046.7,31.1,35.2,26.5,28.5,0.0,64,31.7,SE,562.5,1002.1,46,3,38.2,Low,4.77,83,26.3,53.6,428.4,1913.0,41.1,Tropical,Heatwave,Low
1036,2020-01-10,NOAA1000,USA,29.743,-121.354,2823.1,-5.9,1.0,-11.0,10.7,5.2,56,35.6,S,778.8,1012.8,89,2,41.1,Medium,0.85,102,25.2,61.8,427.9,1969.2,43.9,Polar,None,Low
1037,2020-02-18,NOAA1019,USA,42.7262,-89.7608,2428.5,9.4,16.3,5.5,2.9,0.0,36,11.8,E,180.7,1018.3,9,7,24.8,High,2.14,137,34.2,62.5,432.8,1816.8,49.6,Continental,Fog,Low
1038,2021-04-18,NOAA1021,USA,32.4366,-118.8292,9.4,12.3,14.4,9.6,3.6,0.0,56,34.7,NW,436.5,1022.4,98,3,39.0,High,3.49,128,32.7,50.6,430.3,1955.9,37.9,Continental,Rain,High
1039,2021-11-21,NOAA1047,USA,28.2836,-80.0856,2717.5,9.1,16.5,5.1,5.8,0.0,48,6.2,SE,573.8,1024.8,97,10,33.6,Medium,1.56,122,26.1,54.6,422.7,1949.7,33.8,Temperate,Fog,High
1040,2022-08-03,NOAA1014,Mexico,34.2005,-115.25,2360.3,27.4,32.0,21.0,10.4,0.0,46,44.6,S,438.3,996.2,59,8,26.5,Medium,4.83,122,23.4,54.0,409.9,1902.3,54.2,Temperate,Coldwave,Medium
1041,2020-09-07,NOAA1024,Canada,43.1128,-96.601,2984.7,24.8,31.3,19.9,46.4,0.0,73,33.1,SE,178.2,1005.1,40,5,58.8,Low,4.78,69,22.3,32.7,425.4,1831.4,61.7,Temperate,Storm,High
1042,2024-09-29,NOAA1045,Canada,41.1213,-102.1506,486.0,23.7,26.7,20.1,6.2,0.0,48,34.3,W,885.0,1001.7,57,3,34.5,Medium,5.22,100,27.9,55.5,409.9,1935.2,39.6,Tropical,None,Medium
1043,2023-08-29,NOAA1043,USA,28.4516,-70.1011,2579.0,34.3,40.5,26.6,15.2,0.0,56,11.0,W,480.7,997.5,88,3,36.9,Medium,5.4,122,25.5,52.5,412.2,1906.5,50.5,Continental,Coldwave,Low
1044,2022-04-12,NOAA1016,Mexico,47.0445,-94.171,1180.2,12.2,18.3,9.1,27.6,0.0,51,31.8,SW,721.9,1009.5,33,1,33.2,Low,1.88,110,27.5,48.3,415.5,1912.7,43.8,Tropical,Heatwave,Low
1045,2023-03-29,NOAA1047,USA,47.9678,-105.3398,2561.3,12.8,17.4,9.3,9.1,0.0,53,2.4,SE,645.4,1010.0,94,6,35.7,Medium,2.04,125,27.7,63.1,416.2,1898.2,50.7,Continental,Fog,Medium
1046,2021-12-06,NOAA1010,Canada,45.4129,-90.5583,2588.0,-5.7,-2.3,-12.4,13.6,5.2,51,38.3,NW,268.0,1018.0,51,3,35.0,Medium,0.5,94,28.7,46.7,415.5,1902.3,45.8,Tropical,Heatwave,Low
1047,2020-08-05,NOAA1029,Canada,40.63,-96.0645,1820.2,22.9,30.7,20.3,7.2,0.0,41,9.1,S,226.1,1007.4,69,6,22.5,Medium,3.97,132,27.2,57.5,415.8,1954.1,14.2,Temperate,Storm,Low
1048,2020-07-31,NOAA1037,USA,29.9759,-75.1808,537.5,32.6,34.8,29.5,13.7,0.0,56,19.8,N,176.5,999.6,34,3,42.1,Medium,5.43,95,22.2,54.1,416.2,1961.3,21.6,Temperate,Heatwave,Medium
1049,2024-12-14,NOAA1013,USA,34.6015,-112.941,2661.3,3.2,5.4,-0.9,23.8,0.0,49,2.5,N,333.0,1018.6,25,4,29.3,Low,2.15,92,21.6,43.7,413.0,1926.4,36.9,Polar,Rain,Low
1050,2024-11-02,NOAA1010,Mexico,31.6873,-98.7147,2936.7,0.7,8.2,-1.3,29.4,4.4,66,26.2,W,705.0,1006.8,41,5,39.2,Low,1.87,110,20.9,49.3,417.7,1858.8,30.5,Tropical,Fog,High
1051,2021-04-05,NOAA1029,Mexico,28.7921,-80.7877,540.5,24.0,31.2,21.0,13.1,0.0,46,26.6,W,277.8,1006.7,83,1,29.0,Medium,5.14,118,22.3,60.1,428.7,1901.5,36.1,Continental,Heatwave,Medium
1052,2023-08-15,NOAA1010,Canada,45.7123,-92.481,911.2,29.0,36.9,23.5,11.7,0.0,52,13.4,SW,118.7,1017.8,92,1,36.5,Medium,5.44,112,30.2,52.5,414.9,1942.4,34.4,Continental,Storm,Medium
1053,2024-09-29,NOAA1010,USA,38.0954,-86.0889,2767.1,25.7,31.1,18.6,6.9,0.0,39,9.4,N,232.7,1009.4,98,2,33.8,Medium,5.41,117,32.1,51.3,425.8,1862.8,40.3,Temperate,Storm,Medium
1054,2023-01-15,NOAA1002,Mexico,30.4041,-72.7711,1045.5,3.7,6.9,0.5,1.4,0.0,53,2.3,E,295.7,1030.0,8,1,31.6,High,1.3,124,28.1,68.8,439.4,1877.0,56.7,Temperate,Coldwave,High
1055,2021-04-08,NOAA1018,Canada,44.1092,-85.0718,100.2,14.3,21.4,8.8,11.1,0.0,51,37.0,S,656.1,1019.9,26,10,30.8,Medium,3.7,105,31.0,50.3,434.2,1840.8,41.1,Tropical,Heatwave,Low
1056,2023-04-27,NOAA1008,USA,44.4843,-122.4808,1693.0,16.3,22.7,8.3,23.6,0.0,62,11.9,E,765.3,1006.2,100,5,47.4,Low,2.63,84,23.5,44.9,427.0,1870.7,55.8,Polar,Heatwave,Medium
1057,2024-11-26,NOAA1038,Mexico,28.2135,-120.7828,427.9,11.6,19.4,7.2,11.2,0.0,60,5.2,NW,347.2,996.8,47,5,36.6,Medium,3.55,117,24.0,59.9,409.7,1883.7,40.1,Arid,Fog,Low
1058,2023-03-05,NOAA1028,Canada,39.9312,-78.5807,1757.9,12.3,15.4,7.6,8.1,0.0,45,32.2,NE,485.3,1025.4,29,7,25.5,Medium,2.69,113,27.7,49.0,407.0,1833.6,56.2,Polar,Fog,Medium
1059,2021-05-30,NOAA1006,USA,41.8293,-73.2497,1277.2,30.2,34.9,23.6,4.8,0.0,49,3.1,E,627.9,1012.9,68,5,31.3,High,4.8,103,25.7,61.7,419.5,1898.0,41.3,Temperate,Storm,High
1060,2021-04-16,NOAA1022,USA,32.6271,-108.5584,2159.4,18.6,21.4,13.1,5.2,0.0,48,6.5,SE,633.0,1026.5,6,9,39.2,Medium,3.76,128,30.1,52.6,430.1,1925.9,43.2,Polar,Rain,Medium
1061,2023-11-19,NOAA1008,USA,48.2979,-95.4021,708.8,8.5,15.4,2.7,16.9,0.0,53,31.0,NE,572.6,1015.3,94,1,33.9,Medium,2.36,119,21.2,51.4,412.5,1860.1,45.5,Continental,Coldwave,Low
1062,2021-03-03,NOAA1048,USA,39.1339,-67.7879,1290.0,8.2,10.8,1.0,6.3,0.0,45,42.5,E,372.2,1007.9,91,9,34.1,Medium,3.15,115,24.0,57.2,422.3,1955.1,39.9,Polar,Storm,High
1063,2022-12-15,NOAA1012,Mexico,37.9957,-68.5584,961.9,1.7,6.3,-5.1,5.8,2.7,54,35.9,N,691.7,1011.2,34,7,37.5,Medium,1.57,109,27.2,65.6,428.5,1938.7,45.8,Arid,Fog,Medium
1064,2020-06-13,NOAA1025,USA,38.3308,-114.161,2608.7,35.3,37.4,32.7,12.5,0.0,60,9.9,W,234.4,1018.2,38,8,36.8,Medium,6.12,108,30.7,56.7,426.0,1898.4,40.0,Temperate,Rain,Low
1065,2021-05-18,NOAA1005,Canada,38.6736,-114.0248,34.3,18.7,20.8,12.5,26.9,0.0,59,20.0,E,765.2,1018.2,56,1,35.5,Low,3.6,94,27.5,54.4,418.8,1873.7,47.0,Temperate,Coldwave,Medium
1066,2022-05-31,NOAA1011,USA,36.4531,-107.7527,118.0,22.3,28.6,16.6,15.3,0.0,50,4.1,NE,559.9,1006.3,31,6,39.2,Medium,4.42,100,22.5,48.3,423.8,1888.8,38.7,Continental,None,Low
1067,2023-04-27,NOAA1024,USA,41.6759,-100.0673,63.8,18.8,24.0,14.0,10.8,0.0,48,30.3,SW,420.0,1019.9,51,2,40.4,Medium,4.32,97,27.0,53.3,411.6,1897.3,39.3,Tropical,Heatwave,Medium
1068,2021-03-23,NOAA1045,Canada,25.2478,-91.3708,684.8,13.1,16.1,9.5,6.8,0.0,55,5.9,W,627.2,1023.9,28,11,32.3,Medium,3.93,110,31.2,48.9,419.9,1862.1,31.3,Polar,Storm,Medium
1069,2023-12-30,NOAA1027,Canada,28.2932,-112.5972,297.4,7.0,11.1,-0.4,28.1,0.0,53,14.4,SE,467.8,1021.6,59,8,39.6,Low,1.83,99,22.7,44.4,426.9,1899.4,16.4,Temperate,Heatwave,High
1070,2021-03-02,NOAA1038,Canada,29.3215,-68.4434,2456.4,7.4,14.7,0.5,7.9,0.0,47,22.4,SW,180.1,1005.2,70,8,25.2,Medium,1.28,128,29.2,57.3,409.4,1928.2,48.2,Tropical,Storm,High
1071,2021-01-09,NOAA1010,Canada,38.4487,-98.6181,799.8,-2.0,1.6,-8.6,4.6,3.4,38,13.6,W,724.7,1006.8,25,9,31.8,High,0.85,128,29.6,67.6,416.3,1913.6,43.6,Tropical,Storm,Medium
1072,2024-05-01,NOAA1023,Mexico,30.4095,-76.0022,410.4,9.8,15.2,7.6,26.9,0.0,68,31.6,E,258.3,1024.5,55,5,40.6,Low,1.49,78,24.2,41.1,419.7,1896.3,34.2,Arid,Fog,Medium
1073,2022-09-13,NOAA1011,USA,34.3796,-108.124,963.9,22.2,27.7,20.1,5.4,0.0,46,36.3,SE,481.6,1004.1,9,5,35.0,Medium,3.43,130,32.1,60.0,411.1,1961.6,32.6,Temperate,Storm,Low
1074,2022-07-22,NOAA1033,Canada,31.6194,-97.9489,1188.5,36.0,40.3,30.7,17.4,0.0,61,21.4,SW,802.8,998.5,32,7,48.3,Medium,5.66,111,28.2,49.4,418.8,1869.1,40.7,Temperate,Storm,High
1075,2021-08-31,NOAA1033,Canada,44.5954,-81.4469,1713.8,30.7,38.3,27.8,22.0,0.0,50,22.4,E,561.5,1024.8,14,1,39.4,Low,5.22,85,26.5,52.0,409.0,1881.1,63.5,Polar,Heatwave,Low
1076,2021-08-17,NOAA1023,Canada,43.0696,-99.5809,1012.4,32.9,35.1,26.7,33.6,0.0,62,21.1,W,573.7,1014.9,31,4,35.8,Low,5.9,99,23.3,33.6,422.4,1898.5,26.1,Continental,Heatwave,High
1077,2024-06-08,NOAA1035,USA,29.3929,-113.5456,1230.9,28.1,35.2,20.6,30.2,0.0,56,29.6,NE,591.4,1009.7,98,9,38.4,Low,5.51,101,20.7,44.9,415.2,1870.3,44.1,Arid,Fog,High
1078,2024-07-13,NOAA1024,Canada,43.0343,-91.3595,613.1,25.8,31.9,22.8,6.5,0.0,39,24.1,NW,889.9,1005.8,3,6,32.1,Medium,5.15,99,31.8,59.5,431.4,1863.4,41.0,Polar,Rain,Low
1079,2024-08-23,NOAA1044,Canada,26.4084,-87.069,1683.1,28.0,34.6,21.4,29.6,0.0,55,25.4,W,646.2,1006.0,56,1,37.0,Low,4.61,78,25.2,43.2,425.4,1910.8,47.2,Tropical,Coldwave,High
1080,2024-12-06,NOAA1030,USA,47.6441,-90.9277,531.9,-3.1,3.9,-10.1,10.6,1.6,41,44.8,E,492.4,1006.9,71,3,27.4,Medium,0.5,107,30.1,49.4,425.3,1942.4,35.6,Temperate,Heatwave,High
1081,2020-01-13,NOAA1027,Canada,39.6579,-114.2179,1761.9,5.2,8.1,2.0,22.9,0.0,65,31.9,SE,878.0,1006.7,11,11,49.8,Low,2.7,101,26.1,51.3,432.0,1922.5,30.2,Temperate,None,Medium
1082,2022-01-04,NOAA1039,Canada,35.7914,-67.3486,1796.4,8.9,11.3,4.9,9.2,0.0,58,25.2,SE,101.6,1016.7,33,10,41.1,Medium,3.25,112,25.0,63.6,424.9,1922.9,43.2,Arid,Fog,Low
1083,2024-07-20,NOAA1044,USA,43.7874,-84.4569,2466.1,34.7,37.2,28.4,17.8,0.0,46,6.8,NW,501.6,1019.8,0,7,34.3,Medium,7.11,104,27.2,54.7,417.3,1921.3,43.7,Arid,Fog,High
1084,2023-04-02,NOAA1006,Canada,40.6118,-109.6019,2317.2,16.9,24.4,11.0,11.3,0.0,42,40.8,NE,362.9,1023.3,25,8,33.8,Medium,2.76,96,31.5,63.9,420.6,1847.7,37.2,Continental,Fog,Medium
1085,2020-03-28,NOAA1003,USA,25.7461,-88.1411,94.3,10.2,16.0,3.0,1.9,0.0,50,38.9,NW,227.5,1017.5,19,9,29.6,High,3.42,138,26.3,66.5,424.8,1956.3,43.3,Arid,Storm,High
1086,2021-10-30,NOAA1042,USA,35.9834,-94.5686,1979.3,20.3,28.1,12.6,5.1,0.0,38,9.9,NW,605.1,1010.0,11,2,25.3,Medium,3.05,106,30.9,65.1,425.6,1825.0,49.4,Continental,None,Low
1087,2024-06-26,NOAA1025,Canada,28.1784,-92.2242,1591.2,32.2,39.2,28.8,14.4,0.0,58,7.2,N,608.5,1010.8,22,7,35.7,Medium,6.63,106,24.2,47.2,406.4,1925.3,40.6,Polar,Heatwave,High
1088,2023-08-26,NOAA1041,Canada,33.0162,-94.2505,2464.0,26.9,31.8,24.9,34.3,0.0,60,9.7,S,748.4,1012.8,84,3,38.8,Low,5.35,93,18.6,44.8,418.0,1882.9,39.9,Polar,None,Low
1089,2021-04-01,NOAA1023,USA,25.2149,-92.5748,798.8,11.5,16.2,4.6,27.0,0.0,65,41.9,N,299.9,1006.1,48,11,49.7,Low,1.73,96,20.7,42.9,415.9,1843.0,36.1,Arid,None,Medium
1090,2021-12-27,NOAA1044,Canada,31.1402,-81.0277,2099.7,-3.6,3.3,-10.3,15.1,15.6,51,14.0,N,876.7,1016.7,51,5,41.1,Medium,1.26,123,22.7,49.5,412.6,1882.0,42.4,Polar,Heatwave,Medium
1091,2021-05-24,NOAA1023,Canada,47.5377,-101.1963,456.8,18.9,22.1,16.1,12.7,0.0,58,20.4,W,422.6,1014.6,59,10,45.0,Medium,4.78,118,24.7,45.1,406.3,1932.3,40.3,Arid,Coldwave,Medium
1092,2023-03-07,NOAA1042,USA,28.2373,-121.1216,769.7,18.8,24.4,14.5,31.9,0.0,69,9.1,W,550.9,1019.2,16,1,46.4,Low,3.62,102,26.5,45.4,416.1,1949.5,38.0,Continental,Rain,Low
1093,2021-12-07,NOAA1039,Mexico,46.8083,-69.965,1971.9,0.2,3.1,-7.3,18.9,12.1,58,42.9,SE,272.3,1004.8,96,9,44.4,Medium,1.76,111,25.8,49.8,411.5,1941.9,32.4,Continental,Heatwave,High
1094,2021-01-18,NOAA1049,Canada,25.2966,-117.0792,764.4,-2.3,0.7,-7.4,19.7,17.3,57,12.8,SE,176.5,1008.1,25,10,40.3,Medium,0.5,90,21.6,42.7,409.2,1875.8,39.7,Temperate,None,Low
1095,2020-05-16,NOAA1019,USA,40.6569,-86.4812,1399.2,17.3,21.7,10.3,4.6,0.0,46,33.1,NE,865.3,1004.9,39,11,34.8,High,4.3,118,31.2,59.0,422.9,1913.6,37.6,Tropical,Storm,Low
1096,2020-02-04,NOAA1033,Mexico,36.8969,-115.3186,1906.7,0.2,5.5,-2.6,3.5,11.8,43,25.2,SW,766.3,1003.1,49,5,24.7,High,1.6,109,27.1,48.5,430.2,1896.2,53.8,Polar,Fog,High
1097,2020-11-05,NOAA1033,USA,30.6048,-76.5959,92.9,0.0,7.6,-8.0,15.5,8.6,45,42.5,NE,597.9,1018.6,33,9,38.0,Medium,0.8,123,30.3,61.8,422.8,1885.6,45.0,Temperate,Fog,Medium
1098,2022-04-03,NOAA1008,USA,27.0442,-86.4437,738.0,19.3,26.9,14.6,3.0,0.0,53,19.6,NE,849.2,1015.0,55,10,34.4,High,3.86,120,32.7,48.6,426.5,1889.4,33.8,Tropical,Storm,Medium
1099,2021-06-11,NOAA1045,USA,32.6317,-69.0312,1969.9,25.6,30.5,19.9,13.4,0.0,46,38.6,NE,110.2,1016.9,63,8,32.1,Medium,5.12,95,26.6,62.7,411.4,1883.1,14.3,Temperate,Rain,Medium
1100,2020-06-25,NOAA1048,Mexico,29.3041,-121.4357,2085.0,30.2,37.2,23.7,12.4,0.0,60,27.1,NE,572.6,1026.8,66,8,37.1,Medium,5.45,104,24.9,47.5,421.0,1930.1,40.8,Arid,Storm,Medium
1101,2024-09-29,NOAA1018,Mexico,39.6144,-79.5553,1480.1,21.3,23.5,14.8,1.0,0.0,49,25.0,E,719.6,1000.7,40,2,41.1,High,4.96,134,28.9,51.0,426.3,1906.4,30.2,Polar,None,Medium
1102,2023-07-13,NOAA1044,Mexico,45.48,-68.4257,269.5,27.8,34.0,20.0,14.0,0.0,44,9.2,SW,162.8,1003.6,45,7,25.9,Medium,4.68,95,27.1,50.1,423.7,1971.3,38.0,Temperate,Storm,Medium
1103,2023-01-20,NOAA1046,Mexico,44.3863,-105.7052,2505.5,-8.5,-4.9,-14.8,21.5,12.4,49,30.8,SE,581.8,1017.9,14,7,27.1,Low,0.5,113,19.7,45.0,421.2,1878.2,41.8,Polar,Rain,Low
1104,2024-01-08,NOAA1020,Canada,27.8135,-108.2514,55.1,4.9,11.5,-0.7,12.3,0.0,51,35.9,E,242.6,1021.1,69,1,38.6,Medium,1.91,117,29.6,59.2,416.8,1840.6,23.6,Temperate,Rain,High
1105,2022-01-31,NOAA1035,Canada,41.4278,-108.114,2916.3,6.0,12.5,0.0,20.8,0.0,64,25.0,N,221.2,1003.0,41,3,46.5,Low,1.58,108,22.6,48.3,423.0,1848.6,29.6,Polar,Rain,Low
1106,2024-01-19,NOAA1021,Mexico,35.0206,-112.595,2797.6,-7.2,-1.6,-12.0,9.8,5.3,47,2.9,N,709.7,1017.9,55,8,25.6,Medium,0.5,130,27.4,64.5,419.7,1931.8,50.8,Polar,Rain,Low
1107,2023-10-23,NOAA1038,Mexico,39.7632,-93.1715,2168.7,21.2,27.4,13.9,18.8,0.0,49,14.1,SE,163.1,1028.4,25,11,40.0,Medium,3.47,110,24.1,42.5,420.4,1947.4,42.5,Polar,Storm,High
1108,2021-11-24,NOAA1003,Canada,28.9122,-101.2376,559.4,9.8,12.5,4.2,9.1,0.0,57,19.3,S,895.4,1000.8,87,11,47.7,Medium,1.76,115,25.0,63.5,410.8,1934.2,42.1,Temperate,Heatwave,Medium
1109,2021-07-12,NOAA1045,Canada,32.1104,-82.5947,2875.7,36.3,38.6,31.1,13.2,0.0,53,40.3,E,834.8,1011.9,25,2,36.2,Medium,5.57,115,29.2,59.9,415.8,1950.0,32.5,Polar,Storm,High
1110,2021-05-14,NOAA1017,Canada,46.0336,-96.3027,1162.5,19.1,23.5,11.9,6.1,0.0,56,9.7,SW,662.5,1010.1,73,7,46.0,Medium,3.59,98,24.9,54.6,410.2,1947.1,35.3,Polar,Storm,Low
1111,2020-09-22,NOAA1031,Mexico,46.7732,-123.6616,2720.5,19.7,24.8,17.4,13.6,0.0,54,41.9,N,414.7,1001.1,5,7,36.1,Medium,3.82,91,25.3,45.8,414.8,1898.3,21.1,Polar,Fog,Low
1112,2023-08-18,NOAA1027,Canada,45.0981,-88.4409,1763.3,25.1,27.2,21.8,7.1,0.0,59,3.9,NE,890.7,1022.5,7,4,43.5,Medium,4.05,105,23.5,51.7,425.3,1898.9,50.9,Tropical,Fog,Low
1113,2024-04-20,NOAA1048,Canada,38.6422,-84.3215,1100.0,18.7,25.8,13.3,6.5,0.0,52,37.4,W,133.3,1016.0,79,9,35.3,Medium,3.07,127,26.9,63.0,418.1,1916.9,46.5,Continental,Storm,High
1114,2021-10-20,NOAA1017,Mexico,39.1729,-116.1875,957.1,17.5,24.0,9.7,15.8,0.0,52,14.1,S,840.6,1007.0,28,9,29.8,Medium,3.74,124,22.3,53.1,419.2,1957.9,34.7,Continental,Storm,High
1115,2021-12-18,NOAA1013,Canada,46.2716,-75.8197,2286.3,-4.3,0.1,-8.7,5.1,17.3,54,27.7,SW,219.5,1004.3,63,10,37.7,Medium,0.5,125,27.5,52.1,417.1,1874.4,42.5,Continental,None,Medium
1116,2024-09-17,NOAA1019,Mexico,35.1534,-98.4842,889.0,19.0,26.2,16.1,25.9,0.0,54,20.1,W,112.8,1010.0,25,6,42.6,Low,2.98,111,22.2,38.5,419.6,1909.4,10.5,Tropical,Fog,Low
1117,2020-05-18,NOAA1014,Mexico,42.4201,-69.7857,1269.5,18.8,25.7,14.9,9.7,0.0,54,4.3,NW,557.7,1021.8,47,3,32.7,Medium,3.42,108,25.0,51.7,425.4,1997.6,46.7,Continental,Coldwave,Medium
1118,2020-04-25,NOAA1016,Mexico,42.8881,-111.8137,2040.0,13.4,17.3,5.8,6.0,0.0,50,41.5,N,355.5,1006.6,58,2,36.2,Medium,3.48,132,29.9,57.6,414.1,2008.9,46.8,Continental,Fog,Medium
1119,2024-10-01,NOAA1037,USA,35.3124,-101.8644,369.2,21.4,24.8,14.1,19.1,0.0,58,32.7,NW,311.1,1006.1,85,9,40.0,Medium,4.3,85,24.0,49.8,412.9,1928.5,32.2,Tropical,Rain,High
1120,2023-11-22,NOAA1030,Mexico,27.1289,-108.8745,2566.6,8.1,14.9,5.5,35.1,0.0,71,10.0,N,582.8,1004.2,55,8,45.6,Low,1.59,78,23.1,44.5,417.1,1957.4,25.4,Continental,Rain,High
1121,2020-09-29,NOAA1036,Canada,31.9383,-121.7247,2605.7,15.7,23.2,11.8,14.3,0.0,49,34.8,W,847.8,1014.8,58,7,36.2,Medium,3.54,101,24.0,51.6,430.4,1829.4,36.7,Tropical,Coldwave,High
1122,2020-11-22,NOAA1046,Mexico,45.8192,-86.8528,140.2,5.5,8.9,2.4,3.0,0.0,43,26.7,S,651.0,1012.5,0,2,28.9,High,1.2,113,29.4,54.4,423.9,1943.3,37.3,Tropical,Storm,Medium
1123,2023-09-13,NOAA1038,Mexico,37.6065,-73.3009,27.3,30.1,36.1,26.1,1.2,0.0,37,15.8,NE,362.6,1014.8,34,6,19.9,High,5.29,131,27.9,60.8,433.4,1922.8,45.0,Polar,Coldwave,Low
1124,2021-02-17,NOAA1014,USA,25.7069,-83.1526,1180.0,5.8,9.5,2.3,5.9,0.0,55,31.0,E,718.8,1004.8,55,11,42.1,Medium,1.17,107,28.5,56.4,416.1,1899.8,39.7,Tropical,Rain,Low
1125,2022-04-28,NOAA1044,USA,47.9186,-101.0969,896.2,19.0,23.9,11.4,1.5,0.0,51,21.0,SE,546.8,1009.6,6,4,33.8,High,2.92,123,26.3,59.3,425.0,1895.6,27.6,Arid,Rain,High
1126,2021-08-12,NOAA1046,USA,40.3675,-78.9081,892.5,24.0,26.3,16.6,13.3,0.0,44,13.6,W,478.6,1017.3,97,6,30.9,Medium,4.46,117,23.1,54.7,413.6,1891.4,52.3,Temperate,Heatwave,Low
1127,2020-01-29,NOAA1015,Mexico,34.7161,-78.1235,1987.1,5.0,9.1,-2.1,25.0,0.0,51,36.8,W,806.4,1008.5,33,7,39.4,Low,1.32,108,21.4,49.4,415.8,1891.9,53.2,Polar,Rain,Low
1128,2022-12-06,NOAA1037,Mexico,43.4818,-85.2747,2245.7,4.8,11.8,-1.4,23.6,0.0,55,38.2,NE,306.1,1021.3,90,9,37.3,Low,1.9,101,27.2,38.5,408.7,1917.8,46.8,Arid,Coldwave,High
1129,2024-06-27,NOAA1009,Canada,43.6019,-99.1184,649.4,31.6,34.4,28.3,4.8,0.0,43,27.4,W,181.1,1011.4,12,3,33.6,High,5.91,134,31.9,49.1,424.4,1899.2,32.2,Temperate,Storm,High
1130,2021-08-13,NOAA1021,USA,31.0355,-123.7672,219.7,27.1,33.2,22.5,22.0,0.0,65,32.1,E,210.0,1015.7,24,10,53.1,Low,5.47,102,28.9,45.0,409.3,1890.1,42.7,Tropical,Storm,Medium
1131,2024-01-04,NOAA1047,Mexico,41.706,-120.3398,1540.2,6.2,11.2,3.4,21.5,0.0,61,43.5,SE,460.2,1017.4,82,9,45.1,Low,1.05,117,29.4,45.1,414.7,1859.3,36.0,Continental,Coldwave,Low
1132,2022-02-26,NOAA1046,USA,41.7498,-109.4412,1927.3,8.4,12.8,3.6,9.9,0.0,42,44.1,S,413.1,1014.3,96,11,26.6,Medium,2.12,123,28.8,56.4,420.1,1965.5,28.5,Continental,Rain,High
1133,2023-01-14,NOAA1000,Mexico,45.5939,-98.6479,604.0,-4.1,2.7,-6.4,2.6,10.9,43,26.7,E,433.7,1013.6,49,7,24.2,High,0.5,122,27.9,55.1,425.7,1890.8,41.2,Continental,Fog,High
1134,2022-04-12,NOAA1021,Canada,40.9722,-94.2039,1195.8,16.0,20.0,9.4,3.1,0.0,44,40.2,SW,179.9,1013.9,22,5,30.3,High,2.95,101,24.7,58.9,406.6,2008.4,44.2,Arid,Coldwave,Medium
1135,2024-07-13,NOAA1008,Canada,41.399,-103.6274,1244.2,31.8,35.9,27.8,20.7,0.0,63,8.6,S,789.3,1010.2,33,2,48.4,Low,5.95,114,29.2,39.7,417.7,1925.7,55.1,Tropical,Rain,High
1136,2022-04-12,NOAA1027,USA,37.3014,-110.6973,954.8,18.7,23.5,16.4,23.8,0.0,66,4.7,N,866.7,1013.2,52,4,38.9,Low,4.05,98,20.6,42.3,422.5,1932.4,34.2,Continental,None,Low
1137,2020-04-02,NOAA1046,USA,37.9734,-82.0546,670.0,16.2,24.1,9.5,14.7,0.0,53,14.0,NE,270.1,995.7,85,10,29.3,Medium,3.97,94,29.6,52.2,415.0,1952.0,28.8,Continental,Coldwave,Medium
1138,2020-10-03,NOAA1021,USA,38.3257,-117.7576,1087.7,20.2,25.9,15.0,28.8,0.0,60,14.8,N,471.2,1024.7,45,7,46.0,Low,4.01,108,27.5,35.9,419.8,2004.0,26.2,Arid,Heatwave,High
1139,2023-08-01,NOAA1036,Canada,41.2439,-73.3685,1753.4,32.8,38.6,27.5,29.4,0.0,59,8.0,W,100.9,1019.6,91,10,37.3,Low,5.21,77,25.7,54.7,412.7,1913.7,42.4,Arid,Coldwave,High
1140,2024-04-11,NOAA1021,Mexico,31.7288,-76.0327,52.7,13.5,16.6,9.6,17.3,0.0,49,3.8,NE,550.8,1009.9,56,11,33.7,Medium,2.6,114,25.3,53.5,428.1,1904.3,60.9,Temperate,Fog,Medium
1141,2020-05-16,NOAA1027,Mexico,31.4153,-72.184,1568.0,22.8,25.8,20.8,14.0,0.0,59,24.4,E,771.3,1021.6,40,11,41.6,Medium,4.21,123,29.6,48.5,421.7,1867.1,39.7,Polar,Heatwave,Low
1142,2021-05-16,NOAA1049,USA,29.0396,-73.1845,93.4,14.4,20.3,8.1,21.8,0.0,68,18.2,S,232.6,1013.6,53,8,44.3,Low,3.19,89,28.0,48.0,429.5,1846.4,37.4,Temperate,Heatwave,Medium
1143,2021-01-07,NOAA1013,Mexico,48.1986,-71.8588,259.4,1.6,4.2,-5.3,1.9,18.5,54,36.3,NE,475.0,1016.6,64,3,34.5,High,0.53,127,32.8,65.5,409.4,1956.8,33.4,Polar,Storm,Medium
1144,2023-06-29,NOAA1037,USA,47.4055,-71.1125,706.7,19.6,24.4,16.7,35.5,0.0,73,30.1,NE,460.2,1017.6,64,10,43.5,Low,3.24,79,18.4,45.8,418.6,1906.2,36.8,Polar,None,Low
1145,2023-12-21,NOAA1020,Canada,45.9501,-83.2754,1883.1,2.5,7.2,-3.5,15.0,0.0,57,25.7,NW,887.5,1021.4,74,6,43.2,Medium,0.52,118,25.5,48.8,412.1,1939.1,47.4,Tropical,Coldwave,High
1146,2020-06-07,NOAA1034,Mexico,41.4518,-75.9494,2246.8,29.2,34.0,26.8,8.5,0.0,57,27.1,SW,495.3,1012.5,7,9,41.2,Medium,5.12,120,24.6,62.3,418.2,1907.6,30.8,Tropical,Coldwave,Medium
1147,2023-02-01,NOAA1028,Canada,29.9287,-122.6973,466.7,2.2,4.3,-2.7,22.6,0.0,64,5.4,SE,574.9,1005.0,87,2,39.7,Low,2.2,83,25.7,45.4,437.5,1832.8,36.0,Temperate,Coldwave,High
1148,2020-07-23,NOAA1036,Mexico,43.9387,-94.1893,1160.9,32.1,38.0,25.5,26.3,0.0,54,24.0,E,752.4,1005.9,3,11,43.0,Low,4.83,103,22.3,52.1,420.6,1874.0,37.4,Polar,None,Low
1149,2020-04-06,NOAA1037,USA,30.2667,-79.5779,1768.4,24.0,26.9,18.7,10.4,0.0,55,40.4,SE,319.9,1002.9,90,9,41.1,Medium,5.3,113,28.5,53.9,427.7,1867.5,30.5,Temperate,Rain,High
1150,2021-10-09,NOAA1026,Canada,32.8697,-94.8711,1241.3,17.3,22.4,10.9,2.2,0.0,37,11.7,SE,370.7,1029.4,88,8,18.1,High,3.57,117,31.8,64.2,421.2,1843.3,34.9,Tropical,None,Medium
1151,2021-11-05,NOAA1040,USA,41.3523,-80.245,1319.9,7.2,14.6,3.1,5.3,0.0,48,29.7,NW,594.3,1019.1,86,4,33.9,Medium,2.5,116,26.3,53.6,429.4,1919.1,28.4,Polar,Coldwave,Low
1152,2020-08-02,NOAA1019,USA,32.4057,-96.4464,154.2,27.6,35.1,25.0,65.6,0.0,76,8.6,SE,882.2,1035.6,41,1,48.4,Low,5.21,67,9.7,29.8,417.2,1876.3,42.6,Continental,Coldwave,High
1153,2020-06-01,NOAA1037,Mexico,35.5099,-74.2554,1853.7,25.7,30.9,18.5,17.9,0.0,46,8.1,S,743.4,1012.3,80,5,29.9,Medium,4.88,103,24.6,50.5,414.5,1897.5,29.1,Arid,None,Low
1154,2024-08-05,NOAA1046,Canada,47.8907,-77.579,199.2,24.3,27.6,21.5,31.8,0.0,67,15.7,SE,706.7,1017.7,64,11,42.2,Low,3.88,104,20.7,48.2,417.9,1906.7,48.5,Tropical,Coldwave,High
1155,2023-10-02,NOAA1042,Canada,30.6045,-94.9845,2885.2,12.2,18.8,8.9,5.4,0.0,42,3.6,NE,365.1,1011.3,47,11,26.3,Medium,2.16,113,25.9,53.3,430.6,1886.7,23.9,Continental,Fog,Medium
1156,2020-05-21,NOAA1022,Mexico,42.7328,-93.36,1749.2,21.2,28.0,19.1,15.1,0.0,61,22.1,SE,339.9,1002.3,49,8,46.0,Medium,3.96,96,24.7,55.1,416.1,1840.5,31.0,Arid,Coldwave,Medium
1157,2023-08-24,NOAA1040,Canada,31.4256,-70.8822,2787.3,31.6,34.3,29.2,4.5,0.0,39,2.1,N,858.6,1023.0,21,2,27.5,High,4.93,135,24.6,64.4,425.5,1917.8,42.4,Arid,None,Low
1158,2024-06-01,NOAA1017,Mexico,36.5083,-84.1541,175.7,29.2,34.7,22.3,15.1,0.0,53,10.7,NW,748.7,1010.3,36,1,40.9,Medium,4.64,97,26.6,48.2,420.0,1889.0,36.3,Tropical,Rain,Low
1159,2024-07-20,NOAA1027,Mexico,33.3491,-70.8291,88.7,28.2,34.6,22.7,18.8,0.0,50,32.4,E,193.3,1015.4,24,7,33.0,Medium,5.15,110,30.2,48.9,426.1,1912.0,45.9,Temperate,None,Low
1160,2021-10-03,NOAA1015,Canada,29.1735,-69.8426,96.2,20.0,26.8,13.0,10.5,0.0,53,7.7,SE,314.9,1005.8,75,9,29.7,Medium,4.8,107,29.6,64.2,421.1,1912.5,28.1,Polar,Rain,Medium
1161,2022-09-26,NOAA1039,Mexico,25.3875,-96.9619,1357.0,26.4,28.8,23.5,32.6,0.0,65,15.1,W,196.2,1020.3,37,1,47.4,Low,4.38,94,17.5,39.8,419.3,1927.6,20.0,Continental,Storm,Medium
1162,2024-12-10,NOAA1008,Canada,44.5253,-117.7275,1151.2,-8.8,-3.9,-11.6,4.5,4.4,46,26.4,SW,688.1,997.2,82,7,38.5,High,0.5,122,29.7,50.9,422.3,1842.2,43.6,Tropical,Heatwave,High
1163,2022-06-17,NOAA1016,USA,32.1671,-121.4361,649.0,29.6,36.7,22.8,5.8,0.0,50,37.0,SW,102.0,1013.2,22,6,32.5,Medium,5.9,112,31.9,62.7,433.2,1920.4,49.2,Arid,Storm,High
1164,2021-06-07,NOAA1025,Canada,28.3764,-93.5936,1607.8,24.6,30.0,20.8,7.7,0.0,56,34.5,SE,152.9,1023.8,46,5,37.2,Medium,5.17,102,26.8,55.8,436.8,1898.4,57.3,Polar,Rain,Low
1165,2022-01-02,NOAA1007,Canada,41.7204,-90.4635,1577.9,1.4,6.2,-5.5,9.8,4.3,42,7.8,N,331.6,1024.9,74,6,26.0,Medium,1.09,122,26.8,55.4,416.1,1871.5,34.4,Temperate,Fog,High
1166,2024-07-05,NOAA1032,USA,26.4346,-82.7841,1607.7,29.4,37.2,26.9,5.1,0.0,49,10.9,NE,359.7,1009.8,8,5,30.0,Medium,5.37,125,25.4,49.5,429.1,1963.9,45.2,Temperate,Heatwave,High
1167,2020-06-07,NOAA1029,USA,26.0881,-85.7309,1892.6,25.4,29.3,21.6,8.7,0.0,57,16.2,NW,771.2,1014.5,52,11,40.7,Medium,5.49,105,31.5,62.1,420.4,1950.6,31.9,Tropical,Rain,High
1168,2020-05-27,NOAA1016,USA,41.9615,-112.818,1212.7,19.1,21.4,15.9,6.4,0.0,49,10.0,W,799.4,1005.6,82,6,40.9,Medium,2.9,118,32.6,49.6,416.0,1897.1,55.1,Arid,Fog,Low
1169,2020-07-15,NOAA1009,USA,34.6892,-96.6172,309.3,32.0,34.5,28.1,6.4,0.0,47,27.3,E,115.3,1016.7,51,7,39.2,Medium,5.21,131,24.8,49.5,417.6,1885.5,41.5,Tropical,Storm,Low
1170,2020-03-05,NOAA1014,Mexico,28.1318,-86.1042,141.6,9.9,14.2,4.0,32.3,0.0,64,6.1,N,780.3,1026.1,14,4,40.9,Low,2.1,86,22.7,37.7,427.3,1871.7,57.7,Tropical,Storm,Low
1171,2022-11-24,NOAA1007,USA,28.7998,-82.2226,762.5,10.3,17.3,5.8,6.4,0.0,50,14.2,E,273.3,1009.1,23,9,33.4,Medium,3.09,117,29.5,55.4,420.4,1932.0,39.5,Temperate,Rain,Medium
1172,2023-04-10,NOAA1027,Canada,29.6398,-114.0895,163.5,22.6,29.5,14.9,3.7,0.0,53,12.6,NW,609.3,1013.8,60,11,43.6,High,5.03,118,30.7,59.2,432.0,1887.5,48.2,Arid,Rain,High
1173,2022-08-24,NOAA1022,Canada,45.0361,-118.7494,2065.1,28.8,36.8,20.9,18.3,0.0,52,19.4,SW,550.2,1001.5,8,5,36.2,Medium,6.11,96,24.1,45.8,416.5,1912.5,38.3,Polar,None,High
1174,2022-05-03,NOAA1019,USA,31.3984,-79.3829,1108.4,22.8,26.3,15.7,30.6,0.0,66,32.0,E,330.8,993.9,56,5,53.0,Low,4.21,94,24.0,41.5,415.5,1827.5,32.4,Polar,Coldwave,High
1175,2023-11-12,NOAA1008,Mexico,46.1367,-91.1346,2664.7,-3.6,2.9,-6.5,12.0,4.1,55,41.2,W,495.1,1013.3,75,3,35.3,Medium,0.5,98,23.6,53.2,410.8,1872.0,35.4,Continental,Rain,High
1176,2023-07-04,NOAA1014,Canada,31.5149,-70.4094,859.9,38.7,44.0,33.7,4.9,0.0,54,20.5,N,430.4,1010.4,12,7,41.5,High,6.1,130,29.7,52.3,435.9,1837.9,28.8,Polar,Coldwave,High
1177,2020-06-07,NOAA1006,Canada,45.6507,-85.5928,1500.3,27.7,30.3,20.3,52.8,0.0,79,24.2,SE,655.7,1012.5,11,1,51.2,Low,5.15,65,16.5,31.2,420.6,1913.7,32.4,Continental,Fog,Low
1178,2024-05-06,NOAA1006,Canada,37.8713,-99.8541,1445.9,21.0,26.3,14.7,17.5,0.0,45,25.9,E,409.3,1020.6,35,10,26.8,Medium,3.41,94,30.4,49.2,426.3,1874.8,34.3,Tropical,Coldwave,Medium
1179,2024-05-22,NOAA1025,USA,32.7596,-108.1556,432.4,16.8,22.3,9.8,14.2,0.0,57,9.1,S,375.6,1005.7,51,4,46.6,Medium,2.9,96,26.1,57.9,416.2,1924.5,35.0,Polar,Coldwave,High
1180,2021-09-07,NOAA1013,Canada,44.6958,-109.0509,2539.4,24.9,27.4,18.9,14.0,0.0,43,9.8,W,662.0,1014.5,49,5,31.2,Medium,3.91,117,26.0,56.4,412.1,1904.2,41.2,Continental,Fog,High
1181,2021-04-04,NOAA1021,USA,39.402,-122.1269,2867.8,10.0,12.6,5.9,26.5,0.0,56,35.3,N,190.9,1015.2,99,4,40.3,Low,2.04,80,26.0,38.4,415.1,1972.4,43.2,Tropical,Rain,Medium
1182,2021-07-10,NOAA1030,Mexico,35.0623,-96.5242,2400.3,28.6,36.3,25.0,20.1,0.0,53,36.2,S,136.5,996.4,72,9,41.9,Low,4.82,87,29.5,57.2,421.2,1896.7,49.1,Continental,Coldwave,Low
1183,2020-03-18,NOAA1016,Mexico,27.1874,-101.174,2926.0,11.4,16.9,5.1,32.4,0.0,56,30.5,NE,717.3,1020.8,6,5,41.7,Low,3.56,74,18.4,45.0,416.1,1914.1,26.2,Continental,Heatwave,Low
1184,2022-04-07,NOAA1002,Mexico,48.1556,-74.0583,1806.7,15.5,19.0,12.6,3.1,0.0,53,43.1,SE,306.3,1016.5,95,6,33.9,High,2.85,110,34.2,52.6,415.8,1858.0,46.8,Tropical,None,Medium
1185,2020-05-05,NOAA1036,Mexico,27.308,-76.272,2784.4,21.6,24.2,14.1,8.9,0.0,55,18.4,NE,359.1,1013.3,61,2,44.2,Medium,5.01,127,23.9,63.1,418.6,1943.2,40.0,Temperate,Coldwave,High
1186,2021-09-25,NOAA1008,Canada,46.7491,-85.8666,12.9,25.0,32.8,19.9,8.3,0.0,39,36.5,NE,331.5,1016.5,15,3,32.7,Medium,4.67,115,26.1,64.0,421.3,1804.2,34.6,Temperate,Coldwave,Low
1187,2022-06-12,NOAA1032,Canada,36.7806,-107.2099,1286.1,26.1,31.7,22.7,1.8,0.0,51,35.9,NE,130.0,1015.9,81,8,32.5,High,5.86,127,25.8,60.7,419.6,1992.9,37.0,Arid,Rain,Low
1188,2023-08-06,NOAA1007,Canada,31.815,-121.2705,2130.0,28.2,30.7,24.2,27.6,0.0,55,16.3,W,577.4,998.9,55,11,33.5,Low,4.36,112,20.6,43.1,409.8,1864.4,38.7,Tropical,Storm,Low
1189,2024-03-31,NOAA1031,Mexico,32.4853,-119.722,416.8,5.9,10.1,1.0,17.1,0.0,65,36.8,NW,567.0,1011.5,76,10,41.9,Medium,1.94,109,25.0,53.5,436.2,1883.0,38.9,Polar,Coldwave,High
1190,2021-03-28,NOAA1001,Canada,27.5432,-67.5467,2102.3,9.2,13.2,4.5,15.2,0.0,45,42.4,W,266.6,1020.0,46,9,28.2,Medium,1.67,100,25.7,56.9,412.4,1892.7,42.2,Continental,Rain,Medium
1191,2022-04-07,NOAA1048,Mexico,33.679,-103.0834,777.0,14.9,22.1,10.0,20.3,0.0,51,30.5,NE,335.2,1013.8,83,5,29.5,Low,2.68,108,25.0,59.0,418.3,1827.5,61.0,Continental,Rain,Medium
1192,2020-03-23,NOAA1028,USA,46.0468,-123.8045,1914.5,12.9,19.8,8.4,5.6,0.0,54,27.8,S,890.6,1000.1,97,2,37.6,Medium,3.01,99,28.3,50.6,422.8,1874.8,34.1,Polar,Fog,Low
1193,2020-09-06,NOAA1042,USA,28.3602,-115.859,444.2,18.2,21.2,15.3,9.1,0.0,51,2.6,S,476.8,1016.1,19,9,30.8,Medium,4.73,114,23.0,50.9,425.5,1866.9,41.3,Temperate,Fog,High
1194,2021-07-02,NOAA1038,USA,30.4762,-73.2753,305.3,27.5,30.2,24.0,19.3,0.0,60,30.7,SW,255.4,1009.0,99,8,48.8,Medium,4.45,118,26.1,58.8,407.8,1937.1,36.9,Temperate,Heatwave,Medium
1195,2020-08-28,NOAA1044,Mexico,33.6252,-96.1056,2941.6,30.7,36.3,25.9,5.2,0.0,58,12.3,E,841.3,1017.4,2,2,33.0,Medium,5.21,117,32.8,61.6,422.2,1879.6,17.6,Arid,Rain,Medium
1196,2020-06-07,NOAA1021,USA,43.8794,-94.8993,2719.2,28.2,35.8,24.6,23.2,0.0,67,22.2,W,739.9,1027.0,36,11,41.0,Low,4.3,86,25.6,51.9,425.8,1869.9,39.1,Polar,Rain,Low
1197,2022-02-28,NOAA1048,Canada,36.9453,-71.9746,1927.4,0.8,8.6,-5.2,31.1,4.5,60,26.0,NE,634.1,1020.0,12,4,47.2,Low,1.36,101,19.7,52.8,422.5,1946.4,36.5,Tropical,Fog,Medium
1198,2023-05-06,NOAA1000,Canada,44.5437,-92.5047,2873.5,27.1,34.6,20.4,2.5,0.0,54,27.5,S,658.3,1019.1,2,9,42.0,High,4.44,102,32.7,60.8,418.0,1770.3,42.4,Continental,Coldwave,High
1199,2020-04-10,NOAA1022,USA,37.4757,-78.3428,1287.5,16.0,20.3,9.6,14.8,0.0,52,18.7,W,467.8,1023.9,29,8,40.5,Medium,3.14,92,22.1,49.0,420.5,1927.3,45.2,Continental,Heatwave,Low
1200,2021-04-01,NOAA1042,Mexico,26.6587,-90.4985,1655.5,11.9,14.7,8.6,24.3,0.0,62,2.9,S,255.6,1012.4,92,7,45.3,Low,2.11,105,21.9,43.9,420.7,1904.3,48.0,Continental,Rain,Medium
1201,2024-07-01,NOAA1034,Canada,41.2075,-110.2979,422.5,33.6,37.1,30.3,48.4,0.0,64,24.0,N,319.1,1013.3,58,3,41.7,Low,6.48,77,15.4,43.3,433.5,1901.6,57.7,Polar,None,Medium
1202,2022-12-30,NOAA1020,Canada,31.7629,-69.4688,2784.5,-3.2,1.1,-10.2,13.0,11.3,52,18.3,E,322.0,1009.8,47,8,29.4,Medium,1.51,105,24.0,46.4,416.4,1924.5,27.5,Arid,Fog,High
1203,2021-08-19,NOAA1011,USA,45.3598,-105.637,1613.5,25.7,32.6,20.5,17.2,0.0,56,11.7,S,116.2,1007.5,17,10,38.2,Medium,4.22,92,25.1,43.4,425.9,1912.0,38.8,Arid,Rain,High
1204,2020-10-11,NOAA1001,Canada,27.0883,-97.5514,2782.8,19.2,22.3,16.5,24.8,0.0,53,31.4,E,819.9,1024.9,48,10,32.5,Low,4.6,80,22.8,57.3,403.6,1891.2,29.3,Arid,None,Low
1205,2020-09-05,NOAA1037,USA,37.0027,-106.782,2340.7,17.4,24.3,15.4,26.0,0.0,57,8.5,W,176.2,1009.2,74,1,33.6,Low,3.09,94,20.6,49.4,427.3,1889.8,42.0,Continental,Coldwave,Medium
1206,2020-06-22,NOAA1003,USA,26.3952,-122.7643,2126.2,28.9,34.8,24.3,7.5,0.0,58,18.2,E,773.3,1011.0,48,11,37.1,Medium,5.32,129,30.5,53.3,425.9,1900.3,25.2,Polar,Storm,Low
1207,2024-01-29,NOAA1037,Mexico,44.4855,-115.8703,1.4,-7.2,-0.4,-11.3,8.2,16.1,53,11.3,SE,166.3,1017.7,49,11,39.1,Medium,0.5,130,30.6,51.6,423.4,1869.9,52.3,Continental,Storm,Medium
1208,2024-02-12,NOAA1015,Canada,25.3084,-81.8149,1844.8,1.9,9.6,-2.2,11.6,13.6,50,32.1,NE,836.0,1023.7,85,8,42.6,Medium,1.14,119,29.2,51.0,418.8,1898.4,45.7,Arid,Rain,High
1209,2022-08-22,NOAA1048,Canada,26.6055,-122.4893,1726.5,43.6,48.9,36.7,18.6,0.0,66,29.9,NW,538.0,1013.2,52,11,39.4,Medium,7.98,89,21.9,45.6,416.7,1857.8,25.0,Temperate,Heatwave,Medium
1210,2023-07-06,NOAA1043,Canada,25.577,-88.1356,1433.5,26.9,31.5,22.9,14.6,0.0,60,7.8,SE,647.2,1024.4,15,9,39.7,Medium,4.35,98,25.1,55.4,422.7,1915.8,43.2,Arid,Fog,High
1211,2022-01-22,NOAA1014,Canada,27.0109,-107.6942,456.7,-1.8,2.1,-3.9,2.2,0.6,49,34.1,NW,764.1,1008.6,98,4,35.4,High,0.81,111,33.2,63.0,402.3,1892.2,46.7,Temperate,Rain,Low
1212,2021-06-15,NOAA1022,Mexico,40.8089,-95.3743,1140.3,23.7,29.4,20.9,7.0,0.0,52,22.6,S,182.6,1019.3,84,9,31.6,Medium,4.92,124,26.7,47.9,421.4,1923.5,30.9,Arid,Rain,High
1213,2020-10-12,NOAA1006,USA,43.6946,-85.964,91.0,13.8,18.1,9.7,16.8,0.0,46,32.1,W,334.3,1005.0,55,8,38.1,Medium,3.82,111,21.4,44.5,439.7,1931.3,33.1,Tropical,Storm,Medium
1214,2021-12-08,NOAA1015,Canada,47.8044,-103.1704,1176.8,6.5,14.1,2.2,10.3,0.0,48,22.2,W,308.1,1024.0,56,9,30.3,Medium,1.83,104,25.2,60.9,434.7,1904.5,35.1,Arid,Fog,Medium
1215,2024-08-27,NOAA1001,Canada,34.7631,-116.1289,17.4,28.5,33.0,25.7,1.7,0.0,39,26.4,SW,406.5,1018.0,42,2,21.6,High,5.62,129,32.2,64.2,419.3,1988.4,46.4,Continental,Fog,Medium
1216,2021-01-02,NOAA1014,Mexico,32.6698,-122.7583,1322.5,9.8,16.5,6.3,24.7,0.0,68,39.7,E,158.4,1021.2,73,2,44.4,Low,3.21,103,27.8,41.4,426.3,1915.0,24.5,Tropical,Storm,Medium
1217,2022-08-03,NOAA1044,Mexico,41.0351,-84.1552,860.6,24.0,28.1,19.0,18.7,0.0,63,26.4,E,398.9,1024.7,66,5,47.3,Medium,3.7,87,22.4,53.6,426.7,1931.9,28.6,Polar,Rain,Low
1218,2021-08-22,NOAA1035,Mexico,45.181,-70.2066,2842.5,37.6,44.2,34.4,7.7,0.0,53,29.7,E,654.7,1010.9,72,5,34.2,Medium,7.08,122,28.0,61.5,412.3,1898.0,51.6,Continental,None,Medium
1219,2021-02-07,NOAA1040,USA,41.1017,-75.624,2351.5,5.7,12.5,1.1,16.5,0.0,57,2.2,NE,890.8,1014.5,19,1,45.0,Medium,2.54,121,23.8,60.1,413.4,1880.3,23.9,Tropical,Heatwave,Medium
1220,2024-05-02,NOAA1013,USA,48.8284,-111.8866,2547.3,16.7,22.8,12.4,42.1,0.0,77,42.7,E,850.8,1026.1,88,9,55.6,Low,3.5,67,21.4,36.6,412.2,1901.0,36.6,Arid,Fog,High
1221,2021-06-02,NOAA1018,Canada,46.041,-89.8345,72.1,31.2,39.1,23.7,23.2,0.0,67,14.0,N,191.0,1016.7,24,3,43.1,Low,5.42,86,28.3,57.0,421.2,1928.5,48.3,Arid,None,High
1222,2024-12-27,NOAA1004,USA,46.5741,-107.3689,329.2,3.6,7.7,-3.8,5.6,0.0,38,32.8,N,532.7,1002.2,6,4,33.8,Medium,2.01,101,26.5,60.0,417.3,1948.6,39.9,Temperate,Storm,Low
1223,2021-07-10,NOAA1004,Canada,34.736,-73.0634,1019.8,32.0,38.1,25.0,33.7,0.0,62,10.2,NE,319.6,1033.3,82,4,43.0,Low,5.72,93,21.6,37.1,417.0,1912.6,44.7,Polar,Fog,Low
1224,2020-07-30,NOAA1033,Canada,34.1544,-98.4994,1461.2,36.1,43.0,30.8,3.0,0.0,48,3.6,N,223.8,1008.5,59,11,27.2,High,7.21,135,31.2,61.4,423.5,1973.3,33.7,Tropical,Heatwave,High
1225,2020-07-29,NOAA1005,USA,33.7795,-71.1129,1272.9,31.8,38.6,23.9,3.5,0.0,50,6.9,NW,761.3,1012.1,49,8,32.7,High,6.24,134,26.1,52.2,425.2,1910.3,29.4,Continental,None,Medium
1226,2024-11-16,NOAA1046,Canada,45.7561,-105.0282,2937.1,7.3,10.5,4.2,24.6,0.0,50,17.3,NE,570.4,1015.8,54,6,34.0,Low,1.39,103,21.3,56.7,420.9,1943.6,35.3,Tropical,Coldwave,High
1227,2023-04-30,NOAA1010,Canada,28.8213,-101.1898,426.1,17.6,22.4,10.9,4.6,0.0,53,22.7,N,153.2,1000.2,42,9,42.1,High,4.5,127,29.3,59.8,418.5,1891.8,29.1,Tropical,None,Low
1228,2020-01-14,NOAA1032,Canada,29.9082,-72.6458,1386.1,-2.7,2.2,-7.0,23.6,11.9,53,36.9,SE,304.0,1014.8,8,11,35.0,Low,1.07,84,20.7,40.7,427.9,1918.0,28.3,Polar,Storm,Medium
1229,2022-05-23,NOAA1015,USA,44.291,-97.3744,571.3,22.5,30.0,17.3,63.8,0.0,76,26.3,NW,200.0,1022.5,92,1,55.4,Low,4.91,55,14.6,32.4,415.3,1849.9,43.2,Tropical,Heatwave,Medium
1230,2022-08-18,NOAA1047,USA,27.9009,-80.6825,877.5,29.5,33.4,23.3,37.1,0.0,71,22.7,W,258.7,1010.2,99,10,42.7,Low,5.31,72,17.2,32.4,424.0,1835.4,39.5,Tropical,Fog,Medium
1231,2020-10-15,NOAA1018,Mexico,31.9664,-111.6534,2033.4,20.9,23.2,14.5,18.5,0.0,52,22.8,NW,888.4,1014.5,12,10,41.7,Medium,4.7,113,29.7,54.3,421.9,1946.6,45.0,Polar,Fog,Medium
1232,2020-08-09,NOAA1023,Mexico,39.6379,-104.0576,1196.3,29.3,35.9,24.9,32.7,0.0,66,3.7,W,519.2,994.1,30,4,42.8,Low,4.93,73,23.0,41.0,410.7,2001.7,57.0,Tropical,Storm,Low
1233,2023-10-13,NOAA1043,Mexico,33.7487,-79.5211,1872.4,11.7,19.4,8.6,23.7,0.0,61,38.0,NE,708.2,1004.9,31,10,46.0,Low,2.67,104,26.0,47.7,419.5,1903.7,35.6,Tropical,Heatwave,Low
1234,2024-04-10,NOAA1021,Canada,43.9262,-90.5556,247.8,14.0,21.7,11.8,16.5,0.0,47,32.2,N,155.4,1020.5,90,3,31.6,Medium,2.16,90,22.2,48.7,418.4,1827.2,36.5,Polar,Fog,Low
1235,2023-10-02,NOAA1029,Canada,39.349,-74.7795,2755.5,23.6,26.8,19.7,9.6,0.0,48,23.8,SE,386.5,998.3,11,10,28.6,Medium,4.11,120,27.3,47.0,414.9,1929.6,37.7,Arid,Heatwave,Low
1236,2023-12-26,NOAA1026,Mexico,34.2961,-107.833,2495.3,2.6,9.5,0.5,15.0,0.0,60,10.9,NW,654.1,1014.6,84,7,40.8,Medium,0.68,123,22.7,50.4,434.1,1893.1,30.8,Arid,Storm,High
1237,2020-12-06,NOAA1042,USA,31.9624,-121.7543,103.1,0.1,7.4,-6.0,4.2,2.8,52,25.5,N,169.1,1011.3,85,7,41.0,High,0.65,101,29.5,54.7,421.5,1866.0,45.3,Tropical,Rain,Medium
1238,2024-12-01,NOAA1025,Mexico,29.87,-120.7499,1934.9,10.8,17.2,2.9,6.7,0.0,42,15.8,W,776.0,1015.7,27,7,31.0,Medium,3.15,110,31.4,48.4,422.2,1894.8,46.2,Temperate,None,High
1239,2020-03-18,NOAA1003,Mexico,44.6981,-90.4473,197.9,5.5,10.2,2.8,13.9,0.0,61,2.2,S,782.9,1000.4,68,1,37.5,Medium,2.11,105,24.9,62.1,413.1,1963.6,34.0,Temperate,Storm,High
1240,2024-12-08,NOAA1048,USA,39.9998,-121.1174,2218.8,-6.6,-4.3,-10.2,18.6,4.4,65,21.1,W,170.8,1004.2,98,7,43.8,Medium,0.5,87,25.5,56.9,423.5,1924.0,27.3,Tropical,Rain,High
1241,2023-07-24,NOAA1033,USA,33.371,-67.9039,2283.1,36.2,40.0,31.4,21.2,0.0,60,32.0,S,715.3,1007.5,0,6,48.6,Low,5.87,88,20.1,46.4,414.7,1876.2,43.8,Polar,Rain,High
1242,2024-05-15,NOAA1000,Mexico,35.3836,-70.9975,1814.0,19.7,25.4,16.0,15.0,0.0,51,8.0,NE,697.6,1000.6,17,11,34.5,Medium,3.42,116,28.6,49.6,428.0,1908.4,38.8,Temperate,Fog,Low
1243,2022-04-10,NOAA1027,Canada,41.5619,-118.3973,1485.7,20.3,24.7,12.9,12.9,0.0,57,30.3,SE,427.3,1010.8,30,7,40.6,Medium,4.86,114,22.0,58.1,435.9,1930.3,43.3,Continental,Fog,Low
1244,2022-07-30,NOAA1011,Mexico,28.814,-99.7685,1304.9,27.1,32.2,21.0,20.1,0.0,59,2.5,SE,458.0,1007.2,50,2,48.5,Low,6.04,104,21.7,51.0,419.2,1901.9,53.0,Polar,Fog,High
1245,2023-01-06,NOAA1000,Canada,31.9944,-90.7273,2425.3,-1.9,3.5,-4.5,21.7,6.5,67,28.8,NW,471.9,1007.9,55,6,54.5,Low,1.39,107,22.5,50.1,405.8,1942.6,60.0,Tropical,Coldwave,Medium
1246,2024-02-28,NOAA1001,Canada,25.7038,-119.8709,2131.7,1.2,8.8,-1.5,44.0,8.8,78,40.4,W,363.7,1010.9,70,10,49.6,Low,0.5,69,19.9,47.0,415.1,1874.8,46.2,Arid,Heatwave,Medium
1247,2024-06-29,NOAA1034,Mexico,35.5936,-87.0476,2524.5,30.6,34.5,26.0,24.2,0.0,51,4.4,SW,719.1,1013.0,0,10,30.6,Low,5.13,91,24.2,46.8,416.5,1909.3,32.6,Continental,Storm,High
1248,2022-08-06,NOAA1040,USA,40.4215,-79.8853,1769.0,35.2,37.3,32.6,7.8,0.0,40,39.7,SW,606.9,1022.0,8,11,28.1,Medium,6.95,99,28.0,49.5,418.7,1892.9,32.0,Temperate,Heatwave,High
1249,2023-08-10,NOAA1022,USA,48.8911,-114.7631,2552.9,23.1,27.5,19.8,30.4,0.0,72,7.1,N,407.6,1007.4,5,1,54.9,Low,4.46,86,17.6,37.5,428.1,1882.2,32.9,Arid,Rain,Medium
1250,2023-08-26,NOAA1008,Canada,41.842,-91.2696,1090.4,24.2,29.0,17.4,18.9,0.0,59,29.3,N,657.8,1024.1,41,8,47.4,Medium,5.01,103,23.3,59.5,416.2,1912.8,44.2,Polar,Storm,Medium
1251,2023-10-21,NOAA1016,USA,42.2887,-93.0632,1478.8,20.4,23.6,14.5,25.6,0.0,65,12.9,SW,275.1,1014.5,42,2,42.0,Low,4.37,114,28.4,50.5,417.4,1845.5,34.5,Continental,Storm,High
1252,2021-02-10,NOAA1032,USA,43.8772,-91.9908,2568.4,3.0,9.0,-4.6,14.0,0.0,51,30.2,W,604.0,1028.4,53,8,31.2,Medium,2.41,110,26.7,47.8,407.6,1905.6,37.5,Temperate,Fog,Medium
1253,2022-08-26,NOAA1033,Canada,25.1098,-95.0501,1826.8,26.5,30.0,19.9,13.8,0.0,54,30.0,SE,625.5,999.5,83,5,34.6,Medium,5.72,118,31.5,56.9,427.5,1907.3,37.2,Polar,None,Medium
1254,2020-02-18,NOAA1020,USA,33.6683,-82.9183,1787.6,11.6,16.8,7.2,12.4,0.0,51,9.1,N,140.9,1022.3,25,5,30.5,Medium,3.71,104,27.6,57.7,414.4,1884.3,42.1,Continental,Rain,High
1255,2022-09-30,NOAA1037,Canada,31.4714,-79.0573,1036.1,28.3,34.1,22.2,13.3,0.0,46,12.4,N,150.7,1007.6,17,6,33.1,Medium,4.95,113,22.1,46.0,429.8,1921.1,43.6,Temperate,Storm,Medium
1256,2020-02-17,NOAA1035,USA,32.4796,-104.4252,2654.2,-3.9,-1.1,-8.7,7.2,5.3,44,31.4,SE,759.5,1016.3,96,8,32.7,Medium,1.08,118,25.1,62.3,424.4,1905.2,34.0,Temperate,None,Low
1257,2021-05-04,NOAA1036,USA,31.5945,-74.4706,1203.3,20.8,23.9,16.0,6.2,0.0,49,13.4,W,772.4,1013.1,48,3,39.2,Medium,3.81,101,28.7,56.8,402.0,1917.2,41.4,Polar,Rain,High
1258,2024-01-04,NOAA1022,Canada,33.2133,-119.4259,1895.8,-1.5,3.1,-3.7,2.6,12.1,47,41.1,NE,567.7,1018.0,41,2,26.2,High,1.11,121,27.8,55.8,416.2,1826.3,32.6,Tropical,Fog,Medium
1259,2023-12-01,NOAA1048,Canada,28.2571,-113.3708,2535.6,2.4,6.9,-0.8,11.6,0.0,42,21.0,W,176.4,1018.0,17,2,32.1,Medium,2.02,116,31.7,58.6,431.6,1834.5,55.5,Tropical,Heatwave,Medium
1260,2024-12-13,NOAA1011,Canada,25.6899,-109.3203,355.6,2.5,10.4,-3.4,12.4,0.0,45,18.9,N,571.3,1011.4,7,7,32.6,Medium,0.54,119,24.3,59.6,430.2,1836.8,36.7,Tropical,Coldwave,High
1261,2021-11-19,NOAA1027,Mexico,36.8577,-120.619,1006.8,7.8,14.1,1.5,15.0,0.0,46,37.3,E,834.1,997.2,16,11,35.5,Medium,2.01,104,28.0,44.5,424.9,1945.5,28.6,Tropical,Rain,Medium
1262,2024-05-19,NOAA1049,Mexico,47.0742,-93.7562,115.4,29.0,34.0,21.9,6.9,0.0,46,5.9,S,620.2,1014.7,7,3,30.1,Medium,5.98,123,26.3,47.5,418.7,1899.5,32.2,Tropical,Coldwave,Low
1263,2024-05-27,NOAA1006,USA,31.1284,-97.1313,2301.3,16.0,20.6,11.2,22.3,0.0,55,28.1,NE,188.2,999.5,42,5,39.9,Low,3.9,98,21.4,40.6,427.3,1921.8,36.3,Tropical,Fog,Medium
1264,2021-05-24,NOAA1039,Canada,30.4006,-78.6539,2659.8,28.8,34.9,21.7,2.2,0.0,49,30.6,NW,486.9,1010.3,86,11,28.0,High,4.35,111,31.3,51.2,427.7,1925.9,34.5,Continental,Coldwave,Low
1265,2022-03-09,NOAA1004,Canada,30.1271,-114.7817,334.6,4.7,9.3,-1.4,10.6,0.0,51,5.6,N,684.9,1013.4,62,4,40.8,Medium,1.02,100,28.3,49.6,418.5,1849.2,48.7,Polar,None,Medium
1266,2022-06-25,NOAA1043,Canada,35.4436,-96.4094,2318.6,23.5,27.7,18.1,4.0,0.0,43,31.3,NW,100.8,1017.1,82,5,27.6,High,4.71,106,27.7,51.9,415.1,1964.7,33.8,Arid,Storm,Medium
1267,2020-04-14,NOAA1011,USA,28.1424,-87.1665,2227.2,20.6,25.7,15.2,15.3,0.0,44,25.9,N,809.6,998.7,95,5,33.0,Medium,4.85,99,27.1,52.4,443.1,1931.8,37.6,Continental,Heatwave,Low
1268,2021-05-01,NOAA1049,USA,31.5328,-89.5385,2156.5,21.0,24.2,16.6,10.9,0.0,61,31.7,SW,338.1,1004.3,8,9,46.1,Medium,3.44,121,27.7,46.5,424.5,1922.5,38.9,Temperate,Rain,High
1269,2023-09-23,NOAA1028,USA,26.7201,-74.3332,940.7,27.1,30.6,23.4,4.5,0.0,41,4.6,S,227.7,1018.7,0,2,24.5,High,5.38,110,27.5,52.5,419.3,1888.0,53.5,Temperate,Coldwave,High
1270,2021-02-07,NOAA1048,Mexico,34.2817,-117.0712,2339.2,10.1,14.6,5.6,21.1,0.0,49,2.4,NE,618.8,1010.4,89,8,42.1,Low,2.99,83,24.4,49.7,426.9,1860.7,34.5,Arid,Fog,Medium
1271,2022-05-27,NOAA1011,USA,26.0258,-103.8455,242.4,23.5,29.7,20.9,23.4,0.0,64,4.2,NW,830.7,1021.4,58,2,43.7,Low,4.06,104,27.9,38.9,422.8,1943.7,39.5,Polar,Coldwave,Medium
1272,2020-08-01,NOAA1013,Canada,25.1541,-102.8351,2294.2,32.5,39.8,27.0,11.3,0.0,46,5.5,S,738.8,1016.4,38,6,28.4,Medium,5.6,123,23.6,52.3,407.2,1855.0,40.8,Arid,Heatwave,Low
1273,2023-05-13,NOAA1029,Canada,36.9644,-110.5293,1338.4,15.3,21.4,12.6,23.9,0.0,54,34.5,W,700.1,1014.2,54,4,39.2,Low,3.1,89,26.4,53.3,423.8,1914.5,46.2,Continental,Heatwave,High
1274,2021-03-24,NOAA1023,Canada,36.8661,-97.8503,586.8,10.8,17.9,5.7,1.0,0.0,35,34.1,N,232.7,1017.1,17,4,27.5,High,3.48,122,31.4,68.7,421.6,1921.2,39.0,Arid,Storm,Medium
1275,2024-12-19,NOAA1011,Canada,35.1823,-82.5313,2.5,1.9,9.6,-0.8,25.0,16.1,62,19.9,NE,647.4,1003.9,22,11,46.1,Low,1.03,98,23.9,39.8,421.7,1950.9,39.1,Continental,Coldwave,High
1276,2022-05-13,NOAA1026,Canada,36.5007,-76.022,1164.9,25.4,29.7,17.5,21.2,0.0,53,18.7,NW,841.6,1001.5,27,7,37.9,Low,5.37,97,19.7,45.0,425.1,1969.8,45.3,Tropical,Heatwave,High
1277,2023-05-20,NOAA1014,Canada,42.4945,-84.6646,236.3,22.8,26.9,14.9,18.0,0.0,65,34.1,E,723.6,1001.7,90,10,39.3,Medium,4.71,117,29.9,48.7,406.4,1914.9,33.0,Polar,Rain,Medium
1278,2020-05-11,NOAA1016,USA,34.0509,-70.6114,435.5,26.4,29.0,21.1,19.5,0.0,47,9.3,E,324.6,1006.6,15,9,28.0,Medium,4.14,92,24.6,51.9,420.9,1816.0,26.2,Continental,Fog,Low
1279,2024-10-02,NOAA1021,Mexico,35.7568,-89.0691,2370.2,18.0,24.4,12.1,11.1,0.0,56,37.8,NW,815.5,1018.8,74,10,38.4,Medium,3.9,113,23.8,61.8,422.3,1824.8,27.4,Temperate,Heatwave,Low
1280,2020-08-14,NOAA1034,Canada,43.9727,-67.6928,1067.8,27.5,33.9,22.2,15.6,0.0,52,25.0,NE,895.9,1011.1,1,7,29.6,Medium,4.55,109,25.2,47.1,411.4,1838.4,51.8,Continental,Rain,Low
1281,2020-12-10,NOAA1029,Canada,44.9873,-98.428,534.0,5.2,12.4,0.7,23.6,0.0,68,20.0,S,587.0,1011.3,27,8,54.2,Low,1.79,86,24.8,56.0,436.4,1872.2,39.2,Polar,Fog,High
1282,2023-04-23,NOAA1037,Mexico,26.2852,-93.7671,2843.3,14.9,21.1,12.2,1.6,0.0,55,10.9,N,499.7,1010.5,54,8,36.1,High,3.83,113,25.7,53.6,424.4,1930.8,42.7,Tropical,Heatwave,Low
1283,2024-07-01,NOAA1004,Canada,39.7341,-93.9676,803.3,32.9,35.1,25.8,32.6,0.0,61,15.4,N,294.1,1006.7,86,3,44.3,Low,6.43,95,22.0,40.4,421.3,1958.5,47.8,Tropical,Storm,High
1284,2022-05-12,NOAA1043,Mexico,47.0097,-92.755,2492.6,16.8,19.7,9.7,4.4,0.0,44,45.0,SE,583.0,1017.6,19,3,37.4,High,4.07,121,25.0,64.0,434.9,1829.1,53.0,Temperate,Coldwave,High
1285,2024-02-24,NOAA1020,Mexico,46.134,-120.1942,2217.2,3.7,11.6,-4.0,37.6,0.0,62,12.9,NW,794.1,1009.8,22,2,48.5,Low,2.54,79,19.7,31.9,431.5,1844.9,37.3,Polar,Heatwave,Low
1286,2023-03-16,NOAA1016,Canada,31.197,-76.9856,2170.0,14.6,19.9,10.7,29.2,0.0,71,6.0,W,274.1,1011.6,6,10,45.6,Low,3.98,105,23.7,45.8,412.1,1852.5,45.2,Arid,Coldwave,Low
1287,2023-08-25,NOAA1027,Mexico,40.8784,-103.3453,2364.8,37.4,42.6,34.6,8.8,0.0,58,13.9,N,549.9,1006.0,95,10,42.3,Medium,5.96,102,27.4,58.3,425.4,1871.6,23.1,Tropical,Storm,High
1288,2024-04-06,NOAA1026,Canada,37.1973,-120.2071,618.6,14.3,22.1,9.5,14.0,0.0,45,42.2,NW,123.0,1010.8,88,3,25.4,Medium,3.46,109,31.2,57.1,429.5,1887.9,42.8,Tropical,Storm,Low
1289,2023-08-25,NOAA1041,USA,42.6394,-70.1295,282.2,29.4,35.1,22.1,19.5,0.0,51,38.1,SE,748.6,1004.8,7,7,38.5,Medium,4.9,100,24.5,46.4,413.5,1853.9,44.0,Temperate,None,High
1290,2020-07-23,NOAA1019,Canada,31.4429,-107.0977,2916.1,33.5,40.7,29.9,17.9,0.0,65,30.8,N,225.9,996.9,35,4,50.4,Medium,6.53,87,27.5,47.2,419.4,1841.3,41.5,Continental,Storm,High
1291,2020-07-05,NOAA1042,Mexico,37.3541,-86.5299,2939.6,31.4,35.9,27.8,17.4,0.0,48,28.3,S,182.4,1014.3,63,6,28.7,Medium,5.79,91,29.6,50.6,422.5,1902.6,37.9,Arid,Storm,High
1292,2020-10-01,NOAA1020,USA,41.4251,-88.4554,1525.7,17.3,24.2,13.0,19.0,0.0,55,5.3,NE,121.7,1015.1,25,6,36.6,Medium,3.83,97,27.7,52.4,434.1,1934.5,30.2,Tropical,None,High
1293,2020-12-23,NOAA1030,Canada,42.067,-99.3314,1991.9,5.8,13.8,0.2,30.7,0.0,60,35.3,SW,287.0,1025.9,68,7,35.5,Low,1.37,78,23.6,45.5,424.1,1850.2,36.9,Tropical,Coldwave,High
1294,2020-02-03,NOAA1014,Canada,28.0436,-86.7388,2576.0,0.6,4.4,-3.7,8.9,13.5,59,24.0,SE,316.1,1020.5,24,4,46.2,Medium,1.44,130,28.8,64.6,432.1,1837.4,43.0,Arid,Rain,Medium
1295,2022-01-29,NOAA1047,Mexico,34.15,-72.5558,763.2,2.0,4.2,-2.6,13.8,16.2,46,36.9,E,327.4,1013.6,93,9,27.0,Medium,2.19,99,27.1,50.0,419.4,1888.5,43.5,Continental,Storm,Low
1296,2021-11-27,NOAA1036,Canada,28.9141,-80.7303,1678.3,6.0,13.4,0.9,10.1,0.0,41,28.7,SW,587.0,1014.0,61,11,34.6,Medium,1.4,121,30.5,57.1,416.6,1837.6,33.8,Continental,Storm,Medium
1297,2021-03-05,NOAA1038,USA,45.1482,-97.1915,984.4,17.4,21.0,14.7,7.2,0.0,49,25.6,SE,103.6,1012.2,97,10,39.1,Medium,3.29,105,28.7,65.4,421.7,1905.3,27.2,Tropical,Storm,Medium
1298,2024-02-23,NOAA1041,Canada,41.0071,-94.5683,1300.9,-4.3,0.4,-9.5,16.6,11.6,63,21.7,W,660.6,1014.1,58,11,36.5,Medium,1.08,115,26.7,43.4,431.1,1888.7,32.9,Arid,Coldwave,Medium
1299,2020-06-17,NOAA1001,USA,44.1621,-109.1395,2854.2,29.0,35.3,21.3,4.6,0.0,39,6.4,W,484.3,1016.8,45,7,26.2,High,5.0,121,24.6,62.3,428.5,1903.3,25.9,Continental,None,High
1300,2020-07-15,NOAA1031,Mexico,32.0207,-91.9104,2169.6,29.8,32.9,26.1,18.7,0.0,58,10.9,SW,588.6,1010.3,81,7,41.8,Medium,5.13,103,23.6,58.8,409.7,1887.7,38.8,Arid,Heatwave,Medium
1301,2024-10-20,NOAA1014,Canada,33.2357,-121.403,2474.5,23.2,29.7,19.6,3.9,0.0,55,9.7,W,157.7,1001.9,89,9,39.9,High,5.28,129,25.3,67.2,433.9,1917.2,42.7,Tropical,Storm,Low
1302,2024-10-31,NOAA1034,Canada,45.911,-67.0575,1283.5,16.5,19.5,12.2,12.6,0.0,49,37.7,NE,603.3,1010.9,97,4,34.6,Medium,3.05,107,29.4,51.8,412.4,1862.3,47.0,Polar,None,High
1303,2022-02-28,NOAA1020,Mexico,33.4191,-122.9201,2519.7,-3.2,-1.1,-5.7,39.2,15.3,64,20.9,W,580.9,1009.4,10,10,47.2,Low,0.5,83,21.6,40.5,411.5,1924.9,39.1,Arid,Rain,High
1304,2022-09-29,NOAA1022,Mexico,34.0251,-96.9337,2674.6,24.9,29.2,20.4,5.6,0.0,52,4.2,SE,697.9,1014.3,27,5,33.3,Medium,4.3,115,27.6,62.8,411.5,1860.9,49.7,Continental,Fog,High
1305,2024-01-11,NOAA1014,USA,37.8932,-85.5669,451.6,2.6,5.9,-2.0,6.7,0.0,46,20.1,NW,671.3,1020.0,95,1,31.4,Medium,0.83,105,32.2,52.7,418.2,1911.3,38.8,Arid,Heatwave,Medium
1306,2024-12-19,NOAA1011,Mexico,34.9234,-116.2534,735.0,3.7,8.1,-1.5,41.1,0.0,72,32.0,NW,751.0,1008.9,33,8,57.9,Low,2.27,80,21.6,42.5,424.5,1824.5,39.8,Arid,Coldwave,High
1307,2021-11-15,NOAA1037,Canada,45.3626,-98.5709,1379.1,7.9,11.4,0.9,17.6,0.0,49,3.2,SE,481.0,1006.2,59,7,35.2,Medium,1.75,103,29.3,41.7,409.2,1888.0,32.0,Continental,Heatwave,Medium
1308,2021-12-27,NOAA1019,Mexico,35.6837,-112.6159,264.8,2.5,6.4,-2.3,9.9,0.0,42,10.9,SE,147.5,1014.4,75,1,34.0,Medium,1.66,97,28.2,50.6,394.9,1931.8,44.0,Temperate,Heatwave,Medium
1309,2022-03-26,NOAA1046,Mexico,28.6004,-81.5427,2167.1,15.4,19.5,10.2,7.7,0.0,50,43.2,SW,623.8,1001.3,54,6,30.9,Medium,4.22,109,31.7,48.8,423.5,1877.1,25.2,Continental,Heatwave,Low
1310,2023-07-16,NOAA1002,Canada,36.194,-75.2384,1711.9,28.0,30.5,25.6,19.4,0.0,46,12.6,S,567.9,1005.5,96,11,30.0,Medium,5.04,90,26.2,55.6,415.6,1888.7,48.4,Polar,Coldwave,High
1311,2024-02-15,NOAA1020,USA,27.0823,-118.1973,2660.2,-1.7,3.3,-8.2,10.0,9.0,53,42.0,W,441.1,1010.3,39,5,36.6,Medium,0.6,100,27.6,60.3,427.2,1889.1,37.6,Continental,Coldwave,Medium
1312,2023-10-01,NOAA1017,Mexico,36.0774,-90.7376,1199.7,15.8,21.7,9.1,26.8,0.0,51,18.5,E,666.5,1018.3,2,6,39.1,Low,3.11,99,28.1,48.3,407.6,1885.5,42.4,Temperate,Coldwave,High
1313,2023-06-21,NOAA1017,Mexico,28.9377,-110.7378,694.7,30.1,36.5,24.7,35.5,0.0,58,10.0,W,826.6,1025.2,2,6,37.1,Low,5.48,84,22.4,40.7,416.6,1846.6,34.6,Tropical,None,Medium
1314,2020-04-22,NOAA1004,USA,46.0161,-93.6798,1128.3,13.7,17.5,9.9,20.9,0.0,58,39.3,SE,541.4,1011.2,11,5,39.9,Low,3.54,105,21.5,48.7,425.9,1874.5,46.5,Arid,Rain,Low
1315,2021-01-19,NOAA1038,Canada,31.7686,-123.0488,2691.6,0.5,7.7,-2.5,38.3,14.4,67,35.7,NW,616.1,1010.3,45,2,47.5,Low,1.57,92,19.6,49.4,414.6,1875.4,52.2,Continental,Heatwave,Medium
1316,2020-07-14,NOAA1005,USA,47.0482,-119.6478,2022.9,29.2,31.3,25.1,37.6,0.0,63,18.1,S,820.6,1020.1,53,6,44.7,Low,4.54,80,25.1,49.9,415.1,1899.0,39.0,Polar,Storm,High
1317,2020-12-09,NOAA1031,Mexico,39.4556,-104.4075,1867.9,1.9,7.6,-5.0,18.8,10.5,49,32.4,NE,833.3,1004.8,70,7,31.6,Medium,1.9,93,24.1,47.5,414.5,1932.0,46.1,Polar,Rain,Low
1318,2023-01-06,NOAA1006,Mexico,30.2881,-93.6479,2863.8,5.3,7.9,-2.0,19.2,0.0,52,34.9,N,894.2,997.5,68,2,41.5,Medium,2.53,97,22.8,54.5,428.2,1894.9,49.4,Tropical,Storm,Low
1319,2020-07-29,NOAA1023,Mexico,36.1194,-76.0525,2934.2,29.9,37.0,22.9,4.0,0.0,56,33.6,NE,238.7,1016.0,65,6,33.7,High,6.29,119,24.9,49.7,399.8,1906.0,38.3,Continental,None,Low
1320,2021-05-25,NOAA1021,Mexico,33.5526,-112.8407,161.9,18.1,20.5,14.8,2.4,0.0,38,10.2,S,337.5,1007.1,57,8,27.1,High,4.06,108,33.3,61.1,430.8,1874.1,54.9,Continental,Storm,High
1321,2023-01-29,NOAA1042,Canada,32.6744,-100.8137,2518.2,2.1,6.7,-4.4,31.2,0.0,62,15.1,S,195.7,1013.9,71,3,45.0,Low,0.51,99,26.6,51.6,422.4,1872.8,39.9,Polar,Storm,Medium
1322,2020-11-08,NOAA1026,Canada,41.4265,-70.7087,2752.1,8.0,14.8,5.9,19.1,0.0,47,43.8,W,885.8,1003.6,48,10,26.4,Medium,1.32,118,26.6,43.7,430.6,1894.0,24.8,Arid,Rain,High
1323,2020-09-09,NOAA1034,USA,35.0177,-95.3029,377.8,38.2,44.3,32.4,7.4,0.0,51,23.5,W,236.4,1020.7,100,7,41.1,Medium,6.87,121,32.7,46.9,417.6,1840.6,50.2,Tropical,Fog,Medium
1324,2022-10-13,NOAA1045,USA,42.8981,-123.366,1706.1,16.8,19.6,10.0,11.4,0.0,59,29.2,SW,493.8,1020.2,97,3,42.1,Medium,3.43,105,23.7,44.9,418.2,1909.7,37.8,Continental,Storm,High
1325,2021-11-26,NOAA1031,Mexico,28.0916,-78.1115,1669.5,9.3,16.9,6.4,15.2,0.0,63,17.0,S,367.7,1012.7,91,1,41.4,Medium,3.39,90,28.3,45.3,406.0,1872.4,38.5,Polar,Heatwave,Low
1326,2024-07-08,NOAA1002,Canada,38.258,-114.1104,2805.9,30.5,33.6,28.4,3.1,0.0,48,35.7,S,809.1,1022.2,33,8,40.9,High,5.37,122,24.6,60.0,411.7,1926.7,54.0,Arid,None,High
1327,2022-10-26,NOAA1032,Canada,35.4556,-69.1126,778.8,14.7,16.9,7.3,18.1,0.0,63,16.2,SW,445.1,1003.5,17,4,44.3,Medium,3.19,118,29.7,49.8,427.4,1879.2,27.2,Continental,Storm,Medium
1328,2023-11-28,NOAA1039,USA,26.7777,-101.8069,2876.9,15.0,19.5,12.2,47.8,0.0,82,41.9,N,807.8,1025.3,12,4,58.3,Low,2.27,74,17.9,37.9,406.4,1857.8,51.4,Continental,None,High
1329,2023-06-14,NOAA1013,Mexico,25.4002,-105.2316,2279.8,25.8,32.2,18.7,22.1,0.0,48,24.4,SW,683.9,1012.8,71,3,40.8,Low,5.01,101,20.2,53.2,431.0,1883.8,56.3,Temperate,Storm,Medium
1330,2024-07-14,NOAA1046,USA,47.9688,-110.6986,1321.5,39.0,44.4,33.5,12.0,0.0,60,40.0,W,479.4,1008.4,81,1,47.1,Medium,6.51,107,23.3,58.6,422.7,1929.7,44.4,Continental,None,High
1331,2021-06-07,NOAA1048,Mexico,34.6963,-88.273,2244.6,19.9,24.4,13.1,9.1,0.0,56,18.3,E,574.4,1005.3,21,6,43.6,Medium,4.86,129,29.4,62.9,420.9,1880.0,37.3,Tropical,Coldwave,Low
1332,2024-01-08,NOAA1000,USA,37.6466,-115.207,1120.5,5.1,7.4,-2.3,22.4,0.0,65,24.1,W,528.1,1024.0,38,11,52.6,Low,1.61,108,25.8,48.8,423.5,1870.3,43.5,Polar,Heatwave,Medium
1333,2021-10-25,NOAA1014,Canada,48.3656,-82.1582,1723.6,20.3,27.3,15.5,14.6,0.0,60,8.3,SE,385.9,1007.2,25,2,49.0,Medium,3.69,112,28.2,56.9,434.8,1921.6,48.5,Polar,Fog,Low
1334,2022-10-27,NOAA1031,Canada,37.8988,-97.9308,829.3,15.7,23.5,13.3,13.5,0.0,62,29.4,W,647.1,1020.3,20,7,42.5,Medium,3.88,98,29.5,55.6,426.7,1920.9,41.5,Continental,Storm,Medium
1335,2021-04-03,NOAA1039,Canada,33.5342,-105.8573,2302.5,15.1,21.8,10.5,5.1,0.0,46,40.1,W,452.5,1013.6,76,7,28.0,Medium,3.71,102,29.4,51.6,425.3,1933.3,44.8,Polar,Rain,Low
1336,2024-09-06,NOAA1025,USA,45.091,-119.1059,2209.2,27.8,33.3,21.9,37.7,0.0,60,8.7,S,215.7,1015.0,67,5,46.1,Low,5.75,80,18.6,44.4,422.2,1839.1,35.7,Tropical,Heatwave,Medium
1337,2022-04-20,NOAA1003,Mexico,40.0823,-80.3213,1307.7,15.2,21.4,7.5,27.4,0.0,68,36.6,N,319.7,1005.4,26,4,54.2,Low,3.39,81,26.5,43.0,419.9,1867.0,47.5,Tropical,Heatwave,High
1338,2021-05-10,NOAA1033,Canada,34.6059,-81.4284,313.0,18.6,22.7,15.0,12.2,0.0,53,19.9,N,376.0,1008.9,74,3,43.4,Medium,2.87,119,26.8,49.2,423.3,1926.3,41.9,Continental,Fog,High
1339,2020-10-09,NOAA1008,USA,40.099,-81.285,1185.3,21.0,27.2,14.2,20.2,0.0,62,28.8,NE,185.7,1016.6,88,3,46.8,Low,4.79,106,24.0,54.7,417.8,1935.6,51.0,Tropical,Coldwave,Medium
1340,2024-02-20,NOAA1010,USA,46.1075,-69.8927,2909.5,-0.7,5.6,-7.8,41.2,13.0,60,30.2,SE,788.7,1018.4,86,8,41.3,Low,1.64,98,16.1,47.7,428.5,1937.6,39.5,Continental,Rain,Medium
1341,2021-06-16,NOAA1038,Canada,34.544,-87.4432,801.0,23.0,29.5,21.0,5.4,0.0,44,26.1,N,765.0,1013.6,43,2,33.5,Medium,5.24,105,29.7,48.6,431.5,1887.1,36.7,Continental,Storm,Medium
1342,2020-05-20,NOAA1036,Mexico,41.5118,-106.9607,2380.4,17.4,23.0,14.4,37.0,0.0,61,10.9,NE,443.6,1023.1,35,10,43.4,Low,3.65,83,20.9,44.4,415.7,1858.9,36.3,Polar,Heatwave,Medium
1343,2022-06-20,NOAA1027,Canada,34.1016,-105.8034,2693.7,27.6,32.5,23.4,9.7,0.0,54,15.0,S,618.9,1007.1,90,4,40.0,Medium,4.75,122,27.9,58.3,414.8,1873.4,48.5,Temperate,Storm,Medium
1344,2024-06-27,NOAA1011,USA,42.4222,-76.6861,796.9,28.6,34.3,21.2,4.8,0.0,55,22.9,SE,338.8,1012.3,14,6,33.9,High,5.48,129,25.0,48.6,432.9,1862.4,25.5,Temperate,None,Low
1345,2021-11-13,NOAA1016,Canada,35.9165,-110.9632,863.2,11.5,19.3,8.1,17.2,0.0,65,5.1,S,655.4,1024.7,61,3,40.3,Medium,3.61,116,30.3,48.1,407.8,1886.2,58.6,Arid,None,Low
1346,2021-12-02,NOAA1041,Mexico,40.2131,-106.3858,1180.5,2.7,6.7,-3.2,13.0,0.0,50,22.1,SW,221.3,1026.3,18,9,32.9,Medium,1.15,127,21.9,59.0,416.2,1880.4,37.7,Polar,Storm,Medium
1347,2024-03-09,NOAA1019,Canada,33.691,-95.4096,1960.9,5.5,9.9,2.6,2.3,0.0,55,40.6,S,602.5,1009.0,15,4,37.1,High,1.3,121,28.9,54.9,428.9,1870.3,41.1,Continental,None,Medium
1348,2022-03-31,NOAA1028,Mexico,42.1916,-109.4943,2937.2,12.1,18.1,7.2,14.7,0.0,61,36.8,SE,879.4,1001.4,15,9,40.3,Medium,2.45,111,31.3,53.0,412.6,1948.5,44.3,Tropical,Heatwave,Medium
1349,2022-02-02,NOAA1002,USA,36.0755,-113.1151,2473.9,0.5,3.1,-2.0,30.0,7.0,65,31.1,N,706.4,1017.1,56,1,52.5,Low,1.0,92,23.2,44.8,427.2,1883.5,35.6,Continental,Fog,High
1350,2020-12-30,NOAA1020,Canada,41.3177,-101.3215,2110.9,-0.8,1.9,-7.6,5.3,11.6,54,35.6,W,456.1,1001.0,86,4,35.4,Medium,0.5,126,28.5,52.2,421.4,1880.3,35.0,Arid,Fog,High
1351,2023-05-02,NOAA1002,Canada,26.387,-116.699,1601.9,14.9,18.2,8.2,13.5,0.0,56,43.6,SE,740.7,1007.4,13,4,41.0,Medium,2.38,103,22.1,52.6,419.5,1864.2,49.6,Arid,Rain,Medium
1352,2023-07-24,NOAA1039,USA,35.3731,-75.4892,2768.7,25.8,29.7,19.5,25.0,0.0,59,33.3,W,453.3,1006.3,8,5,41.6,Low,3.91,80,25.4,55.8,410.3,1931.3,39.5,Tropical,Storm,High
1353,2022-06-13,NOAA1035,USA,34.356,-122.5642,522.3,27.9,35.0,24.8,4.9,0.0,48,44.6,W,289.8,1005.5,93,8,38.6,High,6.08,104,25.2,57.7,416.7,1919.2,41.2,Polar,Heatwave,Medium
1354,2023-04-09,NOAA1005,USA,41.1333,-69.4559,2390.3,20.2,23.2,16.6,16.6,0.0,47,30.3,SW,793.4,1006.5,48,2,39.7,Medium,4.2,122,26.5,61.3,433.4,1882.6,29.5,Arid,Coldwave,Medium
1355,2022-03-18,NOAA1028,Canada,40.1002,-108.4476,2744.1,10.9,17.1,7.8,9.0,0.0,50,31.5,SW,324.1,1007.2,9,2,35.3,Medium,3.23,130,29.4,60.8,417.1,1899.2,49.0,Arid,None,Low
1356,2022-02-21,NOAA1012,Mexico,48.1929,-84.8325,433.2,10.0,13.2,3.0,42.5,0.0,74,29.7,NE,652.0,1017.9,27,8,57.2,Low,2.94,94,17.4,30.7,413.9,1862.7,45.4,Arid,Heatwave,Low
1357,2021-06-16,NOAA1042,USA,28.9795,-70.0712,783.1,27.0,32.1,23.8,1.7,0.0,48,15.9,N,819.5,1019.9,14,3,32.7,High,5.13,127,24.7,49.2,431.7,1953.9,47.3,Continental,Heatwave,Medium
1358,2022-08-17,NOAA1002,Mexico,38.7522,-67.4911,1984.2,26.0,30.9,23.3,4.5,0.0,52,25.4,NW,401.8,1009.6,94,10,34.4,High,4.87,130,30.8,49.1,423.2,1881.5,37.5,Continental,Rain,Low
1359,2022-10-18,NOAA1002,Canada,38.0944,-75.8033,1184.3,21.6,23.9,17.8,14.5,0.0,47,23.5,SE,135.8,1009.2,85,3,31.1,Medium,3.83,111,29.3,47.9,409.3,1955.2,40.3,Continental,Heatwave,Medium
1360,2020-08-11,NOAA1039,USA,34.6307,-105.5946,2718.6,37.8,44.3,32.1,14.3,0.0,61,2.9,S,736.9,1000.5,72,1,50.1,Medium,7.11,121,27.9,47.4,423.3,1978.1,32.0,Tropical,Storm,High
1361,2020-08-22,NOAA1028,Mexico,26.2739,-92.5183,2212.2,27.0,31.2,21.6,7.3,0.0,58,10.1,E,563.7,1007.1,59,1,40.0,Medium,4.4,118,32.4,47.7,416.9,1945.3,41.2,Tropical,Fog,Medium
1362,2024-02-01,NOAA1049,Canada,47.8624,-101.1128,10.3,-1.7,1.3,-6.2,27.1,14.7,55,34.5,NW,393.5,1021.0,35,9,30.7,Low,1.47,91,20.2,56.3,427.5,1933.2,43.0,Polar,Rain,High
1363,2024-08-21,NOAA1012,Mexico,45.1407,-87.5896,12.8,30.9,35.1,27.5,27.1,0.0,60,36.5,NE,484.0,1021.8,43,5,40.0,Low,5.07,99,19.4,54.0,423.9,1895.0,29.3,Temperate,Storm,Low
1364,2024-07-12,NOAA1009,Mexico,30.869,-119.0535,991.3,29.7,34.8,23.9,18.5,0.0,48,32.4,N,845.4,1010.7,43,10,32.9,Medium,5.44,117,21.2,50.5,412.0,1881.4,31.2,Temperate,Rain,Low
1365,2021-12-08,NOAA1032,Canada,46.7813,-73.0847,910.4,0.2,3.0,-7.3,9.6,14.0,53,2.2,NE,870.5,1034.8,32,9,42.0,Medium,1.55,130,28.5,49.4,424.9,1928.6,33.8,Continental,Heatwave,High
1366,2021-06-14,NOAA1048,Mexico,35.8851,-76.5345,1372.5,30.0,37.2,25.4,11.1,0.0,44,4.6,W,323.9,1024.3,39,6,37.9,Medium,5.81,122,29.0,57.8,417.5,1877.0,47.0,Tropical,None,High
1367,2024-04-10,NOAA1048,USA,26.0706,-111.1295,792.6,18.0,24.7,11.5,11.5,0.0,56,33.1,NW,366.7,1012.5,96,8,45.5,Medium,3.23,114,23.3,44.3,415.4,1924.5,45.4,Polar,Storm,High
1368,2024-10-24,NOAA1037,Canada,41.8218,-67.9565,2176.1,17.3,20.6,14.6,23.8,0.0,50,6.0,SW,409.6,1024.2,43,5,29.6,Low,2.7,104,27.2,52.5,423.6,1901.2,38.7,Arid,Heatwave,Medium
1369,2024-08-30,NOAA1006,USA,26.2294,-69.6583,1728.4,31.3,35.7,24.0,22.7,0.0,51,17.6,SW,434.7,1008.4,59,3,35.9,Low,6.28,91,21.0,52.3,427.7,1915.2,52.4,Tropical,Storm,High
1370,2021-11-22,NOAA1043,USA,43.1971,-90.9417,1826.6,9.3,12.8,3.2,5.2,0.0,46,24.7,SW,693.3,1018.3,1,7,30.3,Medium,2.58,110,32.9,66.5,426.0,1884.2,42.5,Continental,None,Low
1371,2022-11-29,NOAA1026,Mexico,36.4326,-88.3866,2586.9,14.7,22.0,7.4,2.5,0.0,40,20.9,SW,474.7,1005.0,96,11,23.3,High,3.34,128,25.8,53.2,417.4,1953.4,47.8,Continental,Coldwave,Low
1372,2024-12-05,NOAA1004,Mexico,43.8478,-120.8551,1313.4,3.5,6.9,-0.6,3.0,0.0,50,7.6,W,237.9,1012.6,84,1,33.5,High,2.46,112,27.1,51.8,417.7,1882.2,44.3,Tropical,Fog,Low
1373,2020-04-16,NOAA1013,Mexico,39.1453,-110.9022,839.8,8.9,11.0,4.5,38.5,0.0,62,32.5,N,767.6,1005.3,48,10,51.2,Low,1.85,80,22.2,30.8,420.0,1857.3,29.9,Polar,Storm,High
1374,2020-09-24,NOAA1021,Canada,37.9045,-101.6681,2335.6,20.0,25.6,17.5,7.2,0.0,45,23.8,SE,485.9,1015.9,6,1,36.1,Medium,4.72,113,25.7,64.1,433.5,1872.4,46.2,Polar,Storm,Medium
1375,2022-12-24,NOAA1049,Canada,30.8898,-117.3625,1736.0,4.8,11.3,-2.0,0.4,0.0,50,35.7,S,233.4,1006.3,44,5,41.5,High,1.78,104,28.1,69.3,421.4,1928.1,45.1,Continental,Storm,Low
1376,2022-01-17,NOAA1001,Canada,38.3711,-68.6571,1272.8,-0.9,4.3,-8.7,8.6,10.9,50,3.2,E,133.6,1018.1,92,10,42.2,Medium,0.5,111,31.7,64.0,419.8,1884.0,46.2,Temperate,None,High
1377,2024-01-08,NOAA1035,Canada,48.147,-71.4173,2854.3,-3.3,3.4,-9.3,6.8,10.8,49,22.3,NW,227.6,1014.0,66,8,29.5,Medium,1.1,102,25.8,49.8,410.4,1882.9,36.9,Arid,Coldwave,Medium
1378,2024-06-20,NOAA1011,Mexico,44.6184,-96.9883,1999.6,33.4,37.8,29.6,13.0,0.0,55,20.4,SE,255.8,1005.7,23,9,39.4,Medium,5.02,92,21.9,45.1,417.1,1879.5,35.9,Temperate,Rain,High
1379,2022-09-25,NOAA1021,Mexico,26.9029,-70.4772,441.4,28.0,31.0,21.8,17.5,0.0,54,34.3,NE,678.5,999.3,62,6,34.6,Medium,6.09,91,24.6,51.8,420.9,1890.0,42.3,Polar,Rain,High
1380,2024-11-06,NOAA1003,Canada,34.739,-116.4983,1399.4,10.1,16.0,8.0,16.6,0.0,46,6.2,E,424.6,1013.9,87,10,31.4,Medium,2.07,91,23.1,56.1,416.3,1933.9,41.7,Temperate,Heatwave,High
1381,2024-04-19,NOAA1018,Mexico,38.0285,-70.4855,565.9,10.5,12.6,2.7,27.2,0.0,61,23.8,NW,213.4,1012.0,30,9,38.2,Low,2.64,77,22.5,52.3,426.9,1866.8,37.7,Arid,Storm,Medium
1382,2023-05-02,NOAA1014,USA,34.6321,-119.6978,2224.6,19.5,24.7,14.5,36.5,0.0,60,6.3,NW,105.6,1001.6,46,1,45.6,Low,4.06,99,22.0,48.7,418.7,1944.5,39.5,Continental,Fog,Low
1383,2020-02-26,NOAA1008,Canada,26.7667,-116.5503,357.5,6.4,11.8,1.1,7.4,0.0,58,33.0,E,290.6,1009.5,90,3,48.1,Medium,1.86,97,31.5,57.8,412.2,1903.2,51.5,Tropical,Heatwave,High
1384,2021-11-28,NOAA1010,Mexico,46.8278,-104.4108,2894.0,2.0,7.8,-2.2,6.7,6.5,55,7.4,W,773.9,1008.6,77,11,37.6,Medium,0.86,108,33.1,64.7,423.0,1893.3,48.8,Continental,Storm,Medium
1385,2021-09-11,NOAA1019,USA,32.1766,-77.7899,2480.2,18.8,24.3,15.8,12.1,0.0,45,7.6,NE,513.7,1011.3,69,4,34.6,Medium,3.18,122,29.3,48.7,426.3,1902.1,48.4,Continental,Fog,Medium
1386,2022-09-10,NOAA1048,Canada,32.1296,-87.7847,592.7,23.2,30.5,16.0,17.7,0.0,50,28.8,NW,515.1,1012.7,21,10,42.6,Medium,4.23,117,21.7,59.2,426.0,1886.7,36.8,Arid,Rain,High
1387,2024-11-09,NOAA1002,USA,39.7212,-91.4328,2288.7,10.9,14.3,3.3,7.6,0.0,59,29.8,S,200.3,1014.5,60,10,47.1,Medium,3.56,98,30.3,57.6,431.5,1825.6,34.5,Temperate,Coldwave,Low
1388,2022-05-08,NOAA1030,USA,36.4692,-116.7356,2636.9,21.6,26.0,15.4,18.1,0.0,56,43.7,E,200.7,1025.6,33,10,33.7,Medium,3.31,112,28.3,45.6,420.2,1821.5,49.6,Polar,None,High
1389,2021-07-03,NOAA1003,USA,41.2905,-115.5464,725.2,28.0,35.7,25.3,27.3,0.0,71,21.8,E,416.8,1014.0,8,5,49.6,Low,5.93,103,23.9,52.1,424.7,1882.6,28.7,Temperate,Fog,Low
1390,2022-12-04,NOAA1008,Mexico,44.1324,-111.6066,989.9,3.1,8.3,-3.3,3.1,0.0,44,21.3,S,230.9,1023.4,73,9,33.0,High,2.13,121,30.4,62.1,433.8,1885.8,38.3,Continental,Heatwave,Low
1391,2021-12-23,NOAA1038,USA,43.9515,-114.5286,2307.4,-1.3,1.7,-5.1,8.8,14.6,47,12.2,SW,108.5,1006.9,92,4,27.2,Medium,0.93,98,29.8,58.3,429.9,1929.1,40.5,Continental,Storm,Medium
1392,2022-04-12,NOAA1041,Canada,32.2265,-98.2582,1466.7,22.7,29.8,16.5,10.8,0.0,43,15.7,N,671.5,1023.6,36,3,32.4,Medium,3.65,125,28.3,59.1,424.8,1903.4,42.9,Temperate,Fog,Medium
1393,2022-06-26,NOAA1017,Mexico,30.3912,-112.8022,2867.9,33.5,39.6,29.1,20.3,0.0,58,2.8,SW,782.9,1014.6,94,11,42.0,Low,5.39,106,21.7,49.2,416.8,1933.2,20.9,Tropical,Storm,Medium
1394,2021-02-09,NOAA1032,USA,46.4065,-109.9624,2802.8,-1.1,2.3,-5.1,26.2,12.6,57,38.0,SE,140.4,1011.0,29,7,36.9,Low,1.53,87,21.4,46.4,416.7,1901.7,43.6,Arid,None,High
1395,2023-03-13,NOAA1023,USA,42.1499,-97.8577,164.9,15.9,19.3,13.6,8.7,0.0,57,41.4,W,138.6,1014.2,31,3,37.1,Medium,4.02,127,29.9,53.0,418.4,1883.8,48.2,Arid,Storm,High
1396,2024-10-25,NOAA1003,Mexico,47.9445,-108.7939,2993.0,24.9,27.2,22.0,25.8,0.0,65,40.5,S,857.0,1030.4,50,5,38.6,Low,4.92,89,22.3,44.5,415.5,1884.1,42.8,Temperate,Rain,Medium
1397,2021-04-21,NOAA1002,Canada,43.4967,-119.704,273.4,20.2,23.7,12.3,9.1,0.0,56,43.9,SW,822.7,1009.4,44,4,42.9,Medium,3.65,111,32.0,64.9,426.5,1949.3,27.8,Polar,Fog,Medium
1398,2020-08-13,NOAA1044,Canada,45.5997,-106.0986,1488.5,27.6,30.3,20.0,23.7,0.0,59,20.6,SE,238.9,1009.3,65,11,43.7,Low,6.1,107,21.5,54.9,415.0,1831.0,39.8,Continental,None,High
1399,2022-04-20,NOAA1004,Mexico,41.0708,-93.4225,1094.1,15.9,23.6,11.3,5.7,0.0,42,15.6,N,799.2,1020.3,0,8,28.4,Medium,2.53,101,26.5,48.2,431.3,1895.0,45.4,Polar,Coldwave,High
1400,2022-02-28,NOAA1022,Mexico,40.6511,-90.0482,1381.7,6.0,8.5,2.9,7.8,0.0,55,11.3,W,119.2,996.6,64,1,42.4,Medium,2.09,103,23.5,64.4,418.5,1913.5,58.2,Continental,Fog,Low
1401,2024-10-05,NOAA1046,USA,39.3975,-96.3212,1540.3,14.1,19.1,11.5,5.8,0.0,39,27.5,N,324.8,1005.4,50,11,21.1,Medium,3.99,134,28.8,55.3,417.5,1867.9,44.6,Polar,Heatwave,High
1402,2023-01-02,NOAA1005,Mexico,44.6152,-103.8664,1261.4,6.6,12.2,-1.4,18.8,0.0,57,29.0,W,367.3,1013.8,51,9,40.5,Medium,1.31,116,22.1,41.3,419.2,1847.8,38.4,Continental,Rain,High
1403,2022-09-26,NOAA1000,Mexico,40.3196,-92.4234,2019.7,24.3,32.0,20.6,9.3,0.0,45,8.6,SE,466.5,1000.5,45,7,28.0,Medium,4.58,109,29.9,59.6,423.2,1866.2,27.1,Temperate,Coldwave,Low
1404,2020-04-11,NOAA1038,Canada,47.8552,-94.3356,1795.2,19.0,24.8,13.6,5.0,0.0,50,6.4,S,377.3,1010.3,36,10,35.8,Medium,3.67,105,26.4,57.1,426.3,1985.5,34.5,Polar,None,Medium
1405,2022-02-15,NOAA1032,Mexico,35.0286,-102.7633,2605.2,-1.8,2.2,-6.7,26.7,2.0,67,20.3,SW,444.9,1015.5,44,11,48.6,Low,0.5,103,20.4,42.7,403.5,1931.9,47.0,Temperate,Coldwave,Low
1406,2023-07-05,NOAA1028,USA,39.1257,-115.6467,2159.3,29.8,32.6,24.6,30.9,0.0,73,43.3,W,365.0,1022.1,27,4,55.4,Low,5.88,104,25.2,34.9,417.2,1998.4,37.5,Tropical,None,Medium
1407,2022-10-11,NOAA1030,USA,39.2057,-114.8294,1247.1,14.8,19.0,9.5,14.7,0.0,60,31.0,N,781.7,1020.8,18,5,44.6,Medium,2.5,113,30.9,48.5,421.5,1884.8,46.9,Arid,None,High
1408,2020-04-28,NOAA1018,Mexico,48.8213,-95.085,2233.1,22.1,24.3,16.7,18.3,0.0,55,41.5,SE,554.4,1014.0,63,7,40.6,Medium,3.79,118,25.2,47.0,425.1,1880.0,25.0,Temperate,Heatwave,Low
1409,2020-01-28,NOAA1049,Canada,30.9695,-111.4737,2013.8,-0.8,1.4,-6.3,18.0,5.8,51,15.5,S,594.8,1003.7,28,1,35.6,Medium,1.83,104,21.6,60.8,429.1,1884.7,42.4,Polar,Fog,Medium
1410,2021-10-05,NOAA1026,Canada,28.6625,-88.7058,2079.6,9.7,13.9,4.6,26.6,0.0,58,36.3,E,216.2,1014.5,19,8,45.0,Low,2.72,81,18.4,39.2,439.2,1865.5,56.3,Temperate,Rain,Low
1411,2021-08-10,NOAA1023,Canada,42.8454,-98.2583,2544.0,38.0,45.7,34.9,12.4,0.0,43,5.4,SW,514.9,1008.6,94,1,35.3,Medium,5.9,125,30.4,47.1,418.2,1959.9,39.4,Polar,None,Medium
1412,2020-05-22,NOAA1025,Canada,26.0427,-93.0909,344.3,13.6,16.7,8.1,11.5,0.0,54,23.0,S,717.1,999.4,62,11,39.6,Medium,3.21,117,30.1,52.6,423.0,1910.6,40.5,Arid,Rain,Medium
1413,2022-03-11,NOAA1020,Mexico,44.4475,-75.236,845.5,9.1,12.9,7.0,10.5,0.0,60,8.9,S,655.3,1010.6,19,5,42.6,Medium,3.04,106,29.6,49.6,425.7,1893.5,38.2,Continental,Rain,Medium
1414,2020-06-06,NOAA1023,USA,30.4327,-119.8006,2506.7,28.1,30.8,22.9,14.2,0.0,52,31.9,W,643.2,1014.5,80,10,41.4,Medium,6.06,97,27.5,47.9,432.1,1916.8,50.4,Polar,Heatwave,Low
1415,2022-02-23,NOAA1001,Canada,35.9008,-79.3969,277.5,5.4,10.4,-1.6,1.9,0.0,38,7.3,NE,751.7,1024.6,78,3,30.3,High,2.5,127,34.1,62.6,416.1,1907.5,37.8,Tropical,Storm,High
1416,2022-09-22,NOAA1035,Mexico,41.0579,-111.9492,190.2,22.4,24.7,18.8,12.2,0.0,55,14.1,SE,704.5,1005.6,66,2,32.3,Medium,5.08,127,28.3,50.1,422.2,1907.5,43.1,Arid,None,High
1417,2023-12-12,NOAA1010,Canada,40.2683,-98.6387,1761.7,-2.1,-0.1,-6.0,2.7,0.8,43,17.5,N,558.0,1026.2,35,1,35.0,High,1.49,131,25.3,61.9,427.8,1889.3,20.5,Polar,Heatwave,High
1418,2021-03-11,NOAA1001,USA,27.5096,-77.8685,1061.1,3.3,10.8,-0.3,7.6,0.0,41,22.4,E,466.2,1006.8,84,8,30.3,Medium,2.08,126,30.4,46.7,427.9,1824.7,27.8,Tropical,Heatwave,Medium
1419,2021-06-12,NOAA1040,Mexico,39.7225,-68.7342,1349.3,27.9,33.5,24.5,16.6,0.0,63,28.2,SE,414.5,1012.8,78,5,37.5,Medium,5.82,113,30.5,43.1,427.9,1866.7,41.6,Continental,None,Low
1420,2020-12-09,NOAA1048,Canada,33.4142,-70.4027,2108.5,4.3,9.6,0.2,11.9,0.0,55,41.8,W,293.1,1022.6,87,1,31.8,Medium,2.64,118,28.5,50.0,408.1,1890.2,43.6,Temperate,Rain,Medium
1421,2021-04-07,NOAA1002,Canada,47.3445,-122.7849,842.7,18.3,22.0,13.2,13.4,0.0,55,21.9,S,801.5,1019.2,48,11,40.7,Medium,4.38,108,26.7,53.6,431.9,1855.5,50.8,Continental,None,High
1422,2021-05-19,NOAA1006,USA,48.7175,-71.4829,1368.0,26.5,31.3,20.0,4.7,0.0,49,21.1,SE,623.1,1002.7,40,10,40.8,High,5.17,112,32.0,66.3,417.4,1918.2,39.5,Continental,Coldwave,Low
1423,2020-08-14,NOAA1028,USA,38.7696,-80.7433,2496.4,31.0,39.0,27.3,5.1,0.0,40,3.0,NE,314.4,1018.1,37,2,35.1,Medium,6.27,120,32.2,55.9,425.2,1918.2,30.2,Arid,Rain,Low
1424,2021-04-22,NOAA1019,Mexico,38.5515,-100.792,2104.0,15.5,19.6,7.9,17.3,0.0,61,11.8,NE,484.0,1013.0,87,1,47.8,Medium,3.78,110,23.1,41.4,409.0,1881.5,43.1,Temperate,Storm,High
1425,2023-11-23,NOAA1037,USA,34.2334,-100.9595,1044.0,3.9,10.2,-2.4,29.2,0.0,70,43.2,NW,618.1,1009.6,58,4,42.7,Low,1.49,94,25.3,49.3,436.5,1883.9,42.9,Tropical,Storm,High
1426,2022-10-11,NOAA1012,Mexico,44.4829,-77.1071,2537.4,19.2,23.5,15.2,4.9,0.0,41,30.4,E,792.6,1006.5,84,7,29.6,High,4.21,116,30.8,67.4,410.7,1841.6,41.5,Tropical,Storm,High
1427,2021-02-15,NOAA1048,Canada,47.0179,-101.7405,2811.7,5.3,9.9,1.1,21.2,0.0,50,26.0,NE,482.2,1025.2,29,6,34.4,Low,1.05,90,23.6,46.2,418.4,1947.2,28.5,Continental,Fog,High
1428,2023-02-15,NOAA1012,Canada,43.0028,-101.5907,1201.9,3.5,10.4,-1.7,8.5,0.0,59,27.6,N,181.3,1009.3,37,11,48.9,Medium,1.82,119,27.7,62.7,428.4,1930.9,36.0,Tropical,Coldwave,High
1429,2021-05-01,NOAA1042,USA,36.4105,-76.1241,297.2,21.5,26.7,17.1,8.4,0.0,48,43.0,E,389.7,1016.8,16,10,38.9,Medium,4.52,117,23.1,64.3,418.0,1909.2,54.5,Continental,None,Low
1430,2020-04-08,NOAA1007,Mexico,43.4972,-120.8432,2453.9,14.8,19.3,10.3,21.0,0.0,49,38.4,NW,254.0,981.6,33,5,41.8,Low,3.71,116,20.6,58.5,422.3,1843.0,38.3,Tropical,None,Low
1431,2023-10-09,NOAA1032,USA,40.7236,-112.9866,2561.1,15.8,21.8,11.5,37.4,0.0,74,26.6,N,711.3,1019.9,87,9,57.4,Low,3.33,79,22.4,35.7,410.9,1906.9,43.7,Temperate,Storm,High
1432,2021-06-21,NOAA1007,Canada,41.2305,-70.1957,1398.6,28.5,34.3,22.7,14.9,0.0,59,19.7,SW,875.5,1004.1,92,7,34.4,Medium,4.55,94,29.0,53.2,422.6,1838.1,41.6,Tropical,Rain,Low
1433,2022-04-21,NOAA1048,USA,37.6305,-67.9092,2465.8,16.8,19.5,12.5,39.2,0.0,64,29.4,SE,762.8,1010.9,19,4,43.4,Low,4.05,92,21.3,38.9,422.9,1957.1,43.0,Tropical,Storm,High
1434,2023-06-02,NOAA1004,Canada,45.3428,-99.2309,44.9,28.7,32.2,25.3,12.9,0.0,60,26.8,NE,670.4,1012.1,93,4,44.5,Medium,6.26,100,29.7,54.2,410.5,1937.4,44.0,Continental,Heatwave,Low
1435,2020-12-24,NOAA1038,USA,36.0663,-109.1779,2537.1,11.2,16.6,4.1,5.4,0.0,50,9.1,E,350.4,1000.3,78,7,39.2,Medium,2.2,132,26.4,66.5,423.2,1899.1,44.9,Continental,Fog,High
1436,2023-01-15,NOAA1032,USA,45.9306,-73.6238,223.2,-3.0,3.7,-6.3,8.5,0.9,53,13.1,N,356.4,1016.1,63,8,30.5,Medium,0.5,118,28.8,58.9,429.0,1894.7,41.6,Temperate,Fog,Medium
1437,2023-12-01,NOAA1049,Canada,37.7355,-71.0429,156.4,2.5,10.0,-3.0,13.4,0.0,48,31.6,N,670.6,1018.8,34,7,40.9,Medium,1.31,98,25.8,61.0,417.0,1877.1,47.3,Continental,Heatwave,High
1438,2020-02-16,NOAA1009,USA,32.776,-107.0735,1605.6,1.3,3.3,-4.4,8.5,6.9,46,28.6,NW,474.7,999.5,29,8,39.7,Medium,1.79,108,28.9,52.9,415.2,1920.9,34.8,Continental,Coldwave,Medium
1439,2024-04-12,NOAA1004,Mexico,48.0801,-77.4809,764.6,11.9,16.6,5.8,6.6,0.0,49,5.2,NW,640.3,1014.2,50,8,26.5,Medium,3.21,125,24.8,53.8,411.2,1962.6,46.4,Continental,Heatwave,Low
1440,2020-07-30,NOAA1023,Mexico,31.9999,-75.5407,615.9,26.3,28.5,24.2,26.8,0.0,56,3.8,W,865.0,1004.1,4,9,42.4,Low,5.1,88,24.6,56.5,430.7,1878.1,30.0,Polar,Rain,High
1441,2022-08-13,NOAA1010,USA,25.9436,-97.1129,2148.4,28.3,33.4,25.8,11.0,0.0,48,29.4,SE,673.0,1009.8,45,5,34.3,Medium,4.54,94,27.0,44.6,424.0,1903.2,38.8,Polar,Heatwave,Low
1442,2023-02-01,NOAA1008,Mexico,36.279,-76.7125,208.1,1.1,7.2,-1.9,3.9,12.3,46,20.5,SE,603.4,1018.5,41,2,26.7,High,1.63,121,27.6,49.9,414.9,1877.2,44.7,Temperate,None,Medium
1443,2024-12-17,NOAA1002,Mexico,27.7558,-106.6962,1613.3,-1.4,2.1,-4.2,9.7,8.6,42,9.4,N,110.3,1025.4,53,1,37.3,Medium,0.5,110,25.8,48.2,422.0,1915.9,43.5,Polar,Rain,Low
1444,2023-12-15,NOAA1042,Canada,41.3873,-74.0021,1919.2,-2.8,0.4,-7.5,16.9,16.1,51,26.7,W,714.0,1013.9,18,9,28.2,Medium,0.79,114,27.9,46.0,416.8,1932.9,51.7,Continental,Heatwave,High
1445,2022-02-28,NOAA1030,Mexico,41.2255,-123.4728,619.0,3.3,5.3,-0.9,0.6,0.0,52,41.1,NE,854.3,1008.4,49,2,35.4,High,1.02,133,24.9,63.4,421.1,1917.2,48.0,Arid,Storm,High
1446,2021-11-09,NOAA1001,USA,32.9007,-86.6144,1469.4,8.1,11.9,2.6,12.9,0.0,59,19.8,E,512.6,1003.4,75,3,38.0,Medium,1.45,92,25.0,43.9,423.6,1921.8,31.2,Polar,Heatwave,High
1447,2023-03-19,NOAA1006,Mexico,42.2521,-112.8769,989.7,9.4,12.4,5.4,10.2,0.0,54,8.9,SE,657.1,1027.5,17,11,42.5,Medium,2.52,97,25.7,61.6,427.2,1861.7,46.9,Tropical,Heatwave,High
1448,2022-06-30,NOAA1019,USA,33.3962,-108.5522,171.8,30.5,36.7,24.2,12.3,0.0,62,23.4,W,239.5,1009.5,43,11,38.6,Medium,5.3,98,22.8,62.1,417.8,1964.5,47.6,Tropical,Storm,Medium
1449,2022-11-03,NOAA1011,Canada,35.6877,-93.032,1614.9,12.7,17.1,9.4,17.5,0.0,58,44.3,S,525.2,1009.7,2,4,32.9,Medium,3.72,109,28.6,51.9,414.3,1944.0,52.6,Polar,None,High
1450,2024-04-03,NOAA1030,USA,45.0825,-99.3893,2397.8,23.9,31.0,20.0,17.1,0.0,63,40.7,E,587.3,1014.7,28,6,51.4,Medium,4.24,105,27.3,48.7,427.7,1871.3,46.4,Tropical,None,Medium
1451,2024-02-17,NOAA1036,Canada,35.6309,-98.6397,1798.8,5.6,13.5,3.1,16.6,0.0,55,31.3,NW,891.6,1018.8,70,4,30.8,Medium,1.45,109,25.5,61.1,427.2,1904.8,34.8,Continental,Storm,Medium
1452,2024-04-19,NOAA1005,Canada,25.0135,-91.5107,2676.6,15.8,19.9,10.6,13.8,0.0,46,22.0,N,738.4,999.2,13,6,34.7,Medium,4.3,102,22.7,47.2,428.4,1901.9,35.8,Continental,Fog,High
1453,2023-05-03,NOAA1003,USA,46.9699,-112.8418,1375.5,18.7,24.8,16.3,11.1,0.0,53,30.9,SE,105.6,1014.3,63,5,35.3,Medium,3.02,100,29.7,59.1,422.1,1879.4,44.7,Polar,Coldwave,High
1454,2022-09-08,NOAA1038,USA,36.197,-87.8961,2787.1,20.7,26.9,13.1,7.5,0.0,57,41.2,SE,269.0,1013.5,86,8,43.9,Medium,4.87,119,32.0,49.2,421.0,1912.5,46.9,Arid,Fog,High
1455,2023-02-22,NOAA1032,Canada,37.3007,-118.0199,2318.9,-2.1,1.4,-5.5,1.7,11.5,55,19.0,SE,140.9,1027.0,72,1,40.8,High,0.63,134,30.4,61.5,403.5,1831.7,43.5,Polar,Fog,High
1456,2024-08-14,NOAA1017,Canada,36.1013,-72.6627,1978.3,20.1,27.3,16.2,1.4,0.0,44,6.7,N,461.5,1011.4,74,3,34.7,High,3.29,124,27.5,53.9,430.4,1934.7,41.8,Continental,Storm,High
1457,2020-08-11,NOAA1001,Mexico,31.2188,-104.5697,1956.8,26.4,31.5,18.9,5.7,0.0,50,24.2,N,469.6,1007.8,77,10,42.5,Medium,4.69,119,28.1,62.3,421.9,1955.1,46.1,Continental,Storm,Medium
1458,2023-09-25,NOAA1004,Canada,36.4468,-106.3625,2471.4,21.5,29.4,15.4,5.5,0.0,55,23.0,SE,145.4,1018.5,56,11,41.2,Medium,4.84,128,28.3,55.0,418.1,1963.6,44.0,Tropical,Storm,High
1459,2020-02-22,NOAA1040,USA,36.8063,-93.5277,1163.7,1.1,4.0,-2.0,13.2,14.3,62,23.5,S,110.9,1027.2,24,7,44.7,Medium,1.37,99,31.2,50.1,422.5,1928.1,32.8,Temperate,Fog,Low
1460,2021-04-04,NOAA1048,USA,47.3127,-85.0475,1177.8,14.6,17.8,9.8,31.3,0.0,55,15.5,SW,747.1,1026.4,36,10,37.7,Low,2.71,76,19.1,53.7,412.8,1859.5,25.9,Tropical,Storm,Medium
1461,2022-09-24,NOAA1018,Canada,44.0131,-105.2049,100.1,22.2,25.7,18.1,8.8,0.0,42,17.8,NW,889.4,1011.5,5,3,22.0,Medium,4.15,126,25.3,49.5,426.0,1877.3,33.2,Arid,Storm,Medium
1462,2023-02-28,NOAA1030,Canada,27.6678,-114.8733,1653.0,-4.2,-0.7,-10.2,9.7,1.9,48,29.3,NW,641.6,1024.5,96,1,39.1,Medium,0.5,123,29.9,47.2,421.5,1926.5,28.0,Tropical,Rain,Low
1463,2023-01-13,NOAA1015,Mexico,42.042,-122.4944,1158.6,5.8,9.5,0.5,31.8,0.0,74,17.2,N,849.4,1021.0,47,6,49.0,Low,2.75,94,17.6,53.5,416.3,1869.0,49.0,Tropical,Fog,Medium
1464,2022-05-27,NOAA1031,Canada,36.6949,-93.2808,2406.0,22.7,26.6,15.9,6.3,0.0,38,12.0,E,490.5,1022.6,24,10,30.2,Medium,3.53,124,23.8,57.2,413.8,1940.0,33.7,Tropical,Heatwave,High
1465,2022-02-11,NOAA1027,Mexico,25.4169,-70.0241,551.3,-0.4,2.0,-5.1,23.7,19.0,53,31.1,W,183.3,1008.2,98,10,29.7,Low,1.23,110,19.3,52.6,431.7,1904.3,28.2,Arid,Fog,Low
1466,2020-12-19,NOAA1003,USA,39.0164,-112.0992,928.0,2.9,5.1,-1.7,21.3,0.0,48,22.5,E,829.9,1007.3,48,3,37.2,Low,1.54,95,26.5,54.4,434.4,1961.8,44.8,Tropical,Coldwave,High
1467,2023-07-24,NOAA1047,Mexico,28.7812,-71.5677,2349.6,36.4,42.1,33.7,14.0,0.0,45,38.6,SE,119.9,1004.6,10,3,26.3,Medium,6.3,94,30.5,45.5,422.8,1898.5,31.0,Tropical,Coldwave,Low
1468,2023-08-29,NOAA1028,Mexico,31.7135,-98.1203,162.4,33.5,37.2,28.1,6.5,0.0,52,23.1,NW,731.4,1017.0,70,3,29.4,Medium,5.41,108,30.3,57.1,415.7,1820.9,36.0,Temperate,None,Low
1469,2022-05-13,NOAA1035,USA,46.6369,-109.2549,2111.1,20.8,25.0,15.3,10.4,0.0,59,7.9,S,492.9,1004.7,1,10,40.0,Medium,4.51,95,28.9,62.5,421.1,1934.7,48.0,Arid,Heatwave,Low
1470,2023-11-23,NOAA1016,Canada,29.2452,-97.7212,1359.1,9.4,14.2,5.9,7.5,0.0,59,23.3,S,111.3,1016.6,0,10,37.7,Medium,2.05,126,27.7,63.6,421.7,1918.3,43.5,Continental,None,Low
1471,2023-06-13,NOAA1032,Mexico,35.8902,-71.4871,1637.3,20.9,23.8,15.8,21.1,0.0,63,36.2,E,510.1,1021.8,18,7,47.1,Low,3.28,107,22.3,48.2,408.2,1878.4,34.1,Temperate,Storm,Low
1472,2024-11-07,NOAA1004,Mexico,37.3827,-99.818,1004.1,2.7,9.1,-1.7,11.5,0.0,56,24.2,SE,159.4,1014.1,82,7,37.2,Medium,2.4,116,28.5,47.1,421.9,1935.4,54.3,Polar,Coldwave,Low
1473,2020-09-09,NOAA1048,Canada,28.2049,-84.9714,714.7,18.5,22.7,12.4,12.8,0.0,47,5.6,W,733.4,1010.2,10,10,34.6,Medium,4.73,127,28.6,54.7,418.3,1871.7,44.4,Polar,Heatwave,Low
1474,2023-12-09,NOAA1030,USA,41.6113,-79.5717,2055.5,0.8,5.7,-6.6,12.5,7.3,45,3.7,NW,619.1,1020.9,92,1,31.0,Medium,0.69,110,24.1,52.2,423.7,1936.7,37.5,Polar,Coldwave,Medium
1475,2024-02-08,NOAA1038,Canada,35.8723,-115.355,2736.0,0.4,4.9,-5.6,5.0,6.6,52,4.9,N,841.1,1003.1,73,1,29.2,Medium,1.0,106,28.7,62.2,434.8,1955.0,44.8,Temperate,Fog,Low
1476,2020-01-25,NOAA1003,USA,33.3524,-107.5236,1420.7,9.6,15.7,2.0,23.0,0.0,59,11.9,E,126.2,1005.3,1,11,36.1,Low,3.24,112,22.9,51.0,408.9,1930.8,52.0,Polar,Heatwave,Medium
1477,2023-08-20,NOAA1043,Mexico,40.6949,-74.9746,1001.3,28.2,31.6,22.6,4.7,0.0,51,15.8,NW,698.5,1003.1,32,3,33.2,High,5.0,116,30.5,51.0,417.5,1901.9,40.6,Arid,None,Medium
1478,2021-08-05,NOAA1022,Mexico,30.0685,-107.3719,2823.5,38.0,44.7,30.9,11.3,0.0,44,6.0,SE,290.7,1009.8,99,10,35.1,Medium,7.44,120,30.1,52.3,415.3,1956.2,41.6,Polar,Fog,High
1479,2022-07-05,NOAA1034,USA,42.845,-72.671,2301.4,22.6,24.6,17.4,7.5,0.0,51,16.8,NE,746.7,1016.9,58,5,37.3,Medium,3.48,120,28.3,58.6,415.6,1895.9,44.3,Continental,Coldwave,High
1480,2020-06-10,NOAA1017,Mexico,39.6946,-94.616,634.3,36.1,43.0,32.1,11.2,0.0,49,19.2,S,687.6,1007.6,86,6,33.4,Medium,5.95,94,27.8,56.0,420.7,1888.8,41.0,Continental,Rain,Low
1481,2021-06-13,NOAA1048,USA,32.6161,-68.4812,2209.9,29.8,32.5,22.4,18.3,0.0,56,5.9,N,828.8,1011.3,66,6,44.0,Medium,6.19,120,22.9,54.4,403.8,1836.5,45.8,Polar,Coldwave,High
1482,2023-09-30,NOAA1038,USA,44.6442,-119.6467,1070.9,17.5,23.0,14.8,22.7,0.0,58,30.6,N,755.0,1016.8,58,4,43.0,Low,4.01,116,19.4,53.8,398.2,1906.6,30.8,Tropical,Rain,High
1483,2024-10-24,NOAA1016,USA,33.308,-68.8351,1486.0,18.3,25.9,16.2,5.2,0.0,51,38.6,S,537.3,1017.9,20,10,36.0,Medium,4.51,129,32.9,58.4,414.4,1897.5,38.1,Temperate,Fog,High
1484,2020-10-15,NOAA1048,Canada,36.2915,-85.0639,1826.6,15.8,21.0,11.1,6.7,0.0,41,18.6,S,239.6,1003.5,31,8,36.0,Medium,3.33,133,32.5,60.3,405.3,1940.7,29.6,Tropical,None,Medium
1485,2022-05-30,NOAA1029,USA,36.9769,-93.4859,2426.0,21.3,25.4,18.4,22.7,0.0,50,37.8,E,439.1,1018.5,54,10,41.7,Low,4.23,111,25.2,49.5,416.4,1843.3,58.1,Continental,Heatwave,Medium
1486,2021-08-23,NOAA1021,Mexico,31.1916,-98.2406,884.7,29.3,31.7,25.6,4.6,0.0,45,7.0,E,677.6,1013.3,74,4,30.2,High,6.18,100,30.8,67.0,413.2,1881.7,28.7,Continental,Rain,High
1487,2022-07-18,NOAA1042,USA,48.7089,-90.8587,753.5,31.3,38.7,26.2,27.5,0.0,61,3.2,E,772.2,1017.8,67,5,47.3,Low,5.65,92,22.3,52.0,415.3,1876.8,58.1,Arid,Heatwave,Low
1488,2024-12-21,NOAA1023,Canada,38.3052,-101.0824,2115.8,-0.6,5.6,-4.0,4.8,17.9,39,43.5,NW,122.6,993.2,53,6,29.1,High,0.95,120,33.5,49.6,424.0,1960.8,40.9,Temperate,Rain,High
1489,2020-09-24,NOAA1040,Canada,30.7905,-120.9871,2511.0,19.9,27.7,16.8,8.7,0.0,54,40.1,NW,153.9,1022.9,52,11,40.2,Medium,3.55,125,31.5,52.7,427.7,1888.1,47.0,Tropical,None,Low
1490,2020-09-23,NOAA1004,USA,38.0466,-123.1828,1633.6,32.0,35.1,24.6,5.1,0.0,58,25.2,N,824.9,1001.6,53,2,37.7,Medium,6.56,121,30.0,57.7,421.8,1929.5,45.0,Polar,Heatwave,Medium
1491,2021-04-19,NOAA1027,Canada,42.0076,-107.1022,1568.7,13.5,15.7,7.7,71.8,0.0,89,25.7,E,370.9,1011.1,9,3,68.9,Low,3.07,67,10.9,25.8,414.9,1909.7,39.2,Arid,Coldwave,Medium
1492,2022-03-09,NOAA1045,Mexico,37.6233,-106.3208,1610.6,12.6,19.9,4.6,28.9,0.0,70,38.2,S,459.2,1006.3,4,6,43.5,Low,2.38,90,26.2,38.9,417.9,1943.1,39.9,Polar,Coldwave,High
1493,2024-11-10,NOAA1005,Mexico,43.1113,-114.4475,2237.4,7.7,15.2,4.5,20.1,0.0,61,20.6,W,518.4,1024.6,37,3,47.3,Low,3.01,114,25.4,42.7,435.0,1921.9,44.8,Polar,Fog,High
1494,2024-05-11,NOAA1011,Canada,28.4566,-97.6222,1136.2,22.5,24.7,19.0,26.1,0.0,60,2.3,NW,459.1,1013.0,28,5,41.0,Low,3.53,78,22.5,50.3,429.6,1960.6,27.9,Tropical,Rain,Medium
1495,2023-07-30,NOAA1022,Mexico,41.9016,-96.6207,1026.4,31.0,35.6,27.8,7.4,0.0,59,30.0,NW,499.8,1010.1,91,1,34.2,Medium,5.31,118,28.5,60.4,408.8,1895.6,45.4,Continental,Rain,Low
1496,2020-09-14,NOAA1014,Mexico,40.2647,-76.9799,510.6,20.6,24.7,13.1,1.5,0.0,49,21.3,N,349.7,1022.5,20,5,27.0,High,4.54,112,27.9,56.0,424.2,1952.6,38.4,Continental,Coldwave,High
1497,2024-01-27,NOAA1037,Canada,46.417,-67.9654,1947.7,-7.2,-3.4,-9.8,18.3,9.5,52,26.0,NE,387.7,1016.7,74,7,38.6,Medium,0.65,111,29.1,50.1,433.8,1860.1,32.1,Polar,Heatwave,Medium
1498,2022-02-17,NOAA1000,Canada,48.1338,-108.1234,2013.6,-0.3,7.1,-6.8,24.8,8.6,68,34.1,SE,249.9,1001.1,22,10,53.2,Low,1.88,90,21.6,49.6,421.2,1946.5,38.5,Arid,Coldwave,Medium
1499,2023-11-13,NOAA1001,USA,40.8217,-99.8753,485.0,3.0,9.1,-0.6,24.0,0.0,63,15.4,S,867.1,1010.6,53,5,36.6,Low,1.28,116,24.9,42.1,426.1,1883.2,28.0,Temperate,Rain,High
1500,2020-04-06,NOAA1015,Mexico,37.2797,-84.4529,724.0,19.1,26.8,14.1,33.9,0.0,62,39.3,W,215.0,1019.4,28,4,41.1,Low,3.96,74,19.7,50.8,420.0,1877.7,48.0,Temperate,None,High
1501,2023-10-11,NOAA1007,Canada,44.6466,-112.2178,840.6,19.1,25.9,15.1,6.9,0.0,39,21.7,E,608.7,1005.7,57,8,22.0,Medium,4.4,102,33.3,65.1,420.2,1890.9,44.9,Arid,Coldwave,Medium
1502,2023-09-13,NOAA1023,Canada,41.7241,-90.8621,2693.9,23.9,28.0,18.9,11.4,0.0,60,26.4,SW,881.0,1013.3,3,6,39.2,Medium,4.88,117,23.5,58.5,427.2,1923.6,38.7,Temperate,Heatwave,Low
1503,2021-09-07,NOAA1023,Canada,46.5417,-92.1284,1872.8,27.1,34.8,21.0,17.9,0.0,61,7.6,SW,214.7,1015.1,7,8,49.0,Medium,5.61,119,22.2,56.2,409.7,1953.5,46.1,Continental,Fog,Medium
1504,2020-07-16,NOAA1039,Mexico,42.0344,-118.7257,2496.7,35.0,39.2,31.2,17.9,0.0,47,14.7,E,148.0,1015.8,26,1,37.5,Medium,6.58,117,26.8,56.4,419.5,1941.7,41.9,Arid,Heatwave,Low
1505,2020-02-22,NOAA1046,Mexico,28.3959,-69.7889,565.7,3.5,9.9,-2.6,16.8,0.0,61,12.4,NE,728.6,1008.6,94,5,48.7,Medium,1.1,99,26.6,61.6,415.8,1866.0,31.4,Continental,Rain,Medium
1506,2023-08-11,NOAA1036,Canada,27.1661,-78.5586,265.6,25.8,31.1,23.6,1.9,0.0,36,32.9,E,382.9,1013.8,73,6,26.5,High,3.99,104,27.3,65.4,417.8,1805.8,52.6,Polar,Storm,Low
1507,2020-10-06,NOAA1015,USA,32.798,-100.8217,259.0,21.3,28.7,18.8,18.5,0.0,66,43.6,NE,263.2,1016.5,38,4,42.4,Medium,4.2,109,25.1,44.8,421.1,1889.7,49.4,Polar,Fog,High
1508,2022-06-04,NOAA1029,Canada,38.1248,-119.0305,1480.7,23.7,27.4,20.9,18.9,0.0,51,35.0,E,120.7,1013.1,21,10,29.1,Medium,4.95,99,25.3,60.4,423.1,1893.8,45.7,Temperate,None,Medium
1509,2023-04-27,NOAA1035,USA,28.9063,-94.0384,1807.0,16.4,21.7,10.5,8.6,0.0,49,32.6,W,641.9,1019.9,38,6,28.8,Medium,2.69,102,29.6,63.1,414.7,1864.2,35.0,Temperate,Coldwave,Low
1510,2020-05-23,NOAA1012,Canada,34.4213,-91.9895,2449.9,21.7,24.9,17.0,15.7,0.0,50,8.5,W,804.8,1022.1,80,7,34.8,Medium,5.24,93,30.2,43.9,436.5,1910.1,44.8,Tropical,Fog,High
1511,2023-02-27,NOAA1039,USA,46.3086,-78.7885,1437.4,7.1,9.3,0.2,10.7,0.0,43,3.3,SE,677.7,1018.0,100,3,22.5,Medium,2.84,109,25.0,60.6,420.5,1946.0,43.6,Polar,Storm,Medium
1512,2020-02-26,NOAA1004,Canada,46.4648,-96.9393,1172.5,7.0,9.3,0.7,18.5,0.0,61,21.5,E,386.5,1006.8,83,8,37.1,Medium,1.2,110,27.9,44.9,415.7,1975.8,38.8,Continental,None,Low
1513,2023-09-18,NOAA1041,Mexico,42.4741,-118.7091,2917.3,24.8,30.8,16.9,12.7,0.0,57,4.4,NW,881.2,1002.9,3,4,44.1,Medium,4.87,116,30.4,47.8,416.8,1858.0,36.3,Continental,Heatwave,Medium
1514,2020-02-16,NOAA1022,Mexico,39.5809,-101.0522,1791.6,2.4,9.4,-2.0,9.6,0.0,40,31.5,SE,789.0,1007.8,17,4,23.5,Medium,1.28,96,27.5,60.0,412.3,1924.7,34.6,Arid,Coldwave,Low
1515,2024-05-19,NOAA1037,Canada,45.7995,-120.255,1967.9,25.6,31.0,22.4,33.6,0.0,55,9.9,S,272.4,1008.9,3,7,35.9,Low,4.91,102,19.5,50.8,415.2,1864.3,40.4,Polar,Fog,High
1516,2023-02-04,NOAA1039,Mexico,29.1064,-97.3171,1799.3,10.9,12.9,5.4,2.9,0.0,42,10.0,SW,830.7,1017.0,88,3,32.4,High,2.74,123,31.7,55.7,404.1,1885.6,41.0,Temperate,Rain,High
1517,2024-04-24,NOAA1036,Canada,43.7614,-69.0602,2758.0,16.3,21.4,13.3,7.1,0.0,42,34.3,W,496.5,1027.1,71,4,30.2,Medium,3.42,122,32.0,63.3,424.5,1924.3,31.4,Tropical,Rain,Low
1518,2022-12-25,NOAA1002,Canada,41.6766,-100.5619,1316.9,3.7,8.8,-0.8,4.5,0.0,37,40.6,S,513.8,1006.8,94,8,33.0,High,1.09,125,26.2,63.1,418.2,1913.2,35.5,Tropical,None,Medium
1519,2021-04-11,NOAA1029,Canada,33.285,-114.3866,1326.8,16.6,21.0,13.9,20.2,0.0,50,17.4,S,103.9,1006.7,13,2,39.0,Low,3.03,89,23.6,43.5,427.0,1850.3,34.3,Temperate,Fog,Medium
1520,2023-12-27,NOAA1044,Canada,46.3992,-119.8566,1617.0,2.5,5.2,-1.3,4.7,0.0,43,41.4,SE,802.0,1005.6,9,2,30.4,High,0.71,101,31.7,54.5,420.8,1886.6,38.9,Arid,Heatwave,Medium
1521,2021-06-12,NOAA1047,Canada,37.0186,-109.9325,1519.7,23.1,26.6,16.0,9.5,0.0,45,35.5,SE,499.9,1015.5,11,5,36.4,Medium,3.86,112,28.9,51.5,435.3,1819.9,30.7,Arid,Coldwave,Medium
1522,2023-10-13,NOAA1027,USA,25.2128,-67.4289,2553.7,15.2,17.8,7.5,19.7,0.0,59,29.7,E,221.8,1009.2,99,3,48.6,Medium,4.22,109,28.1,49.6,432.0,1889.1,25.0,Arid,Fog,Low
1523,2023-11-15,NOAA1041,Mexico,48.1817,-98.6338,2616.9,8.7,11.9,1.9,12.5,0.0,45,12.0,SW,626.5,1009.5,7,10,28.7,Medium,2.66,120,22.1,59.5,424.6,1874.9,38.4,Tropical,Storm,Low
1524,2024-05-18,NOAA1036,USA,34.7533,-71.6329,1082.1,28.8,34.1,26.4,46.3,0.0,81,19.7,S,784.9,1013.0,96,1,52.5,Low,5.95,74,19.0,30.6,421.4,1857.2,35.8,Continental,Heatwave,Low
1525,2020-02-01,NOAA1011,Canada,47.2709,-105.149,1982.3,3.0,7.0,-3.3,11.4,0.0,54,15.1,E,575.1,1013.1,45,5,34.4,Medium,1.95,120,27.9,50.2,430.5,1908.7,45.7,Temperate,Fog,High
1526,2022-09-01,NOAA1027,USA,36.3916,-114.3923,23.3,23.2,25.3,18.7,15.5,0.0,55,42.0,NE,618.7,1005.4,57,4,34.8,Medium,4.4,107,28.1,48.6,424.1,1898.4,36.0,Tropical,Rain,Medium
1527,2023-10-12,NOAA1026,Mexico,30.1086,-111.0067,486.9,21.4,25.1,15.0,4.1,0.0,40,28.1,NE,649.5,1005.0,87,1,20.8,High,4.1,129,29.5,66.9,404.8,1894.3,47.4,Tropical,Fog,High
1528,2023-06-29,NOAA1040,Mexico,33.1082,-100.913,224.7,26.1,32.5,23.9,3.3,0.0,45,13.6,S,547.5,1010.5,11,5,26.3,High,5.33,116,27.3,55.4,415.7,1896.5,35.3,Tropical,Coldwave,Low
1529,2023-08-03,NOAA1030,USA,41.1881,-77.8484,2138.8,31.9,39.1,25.9,15.5,0.0,50,26.7,NE,627.6,1021.4,6,3,33.6,Medium,5.44,106,27.5,61.3,427.6,1852.9,50.0,Continental,None,Low
1530,2021-11-30,NOAA1035,USA,46.2048,-82.4499,194.2,10.2,15.3,2.3,4.4,0.0,53,22.2,N,640.1,1009.6,66,10,33.5,High,3.39,100,28.8,59.3,433.4,1849.3,32.1,Temperate,Heatwave,Low
1531,2020-06-04,NOAA1025,Canada,31.1099,-83.3839,245.2,25.3,27.9,19.8,6.4,0.0,47,23.7,N,706.6,1010.6,58,6,37.7,Medium,4.14,117,32.1,56.6,419.2,1923.5,34.0,Polar,Coldwave,High
1532,2024-04-16,NOAA1045,USA,30.7882,-67.0006,2007.3,20.7,28.5,15.3,4.3,0.0,47,38.1,NW,466.8,1017.2,7,8,33.9,High,4.88,109,27.3,51.3,420.7,1880.1,32.4,Temperate,Rain,Low
1533,2024-03-17,NOAA1046,Mexico,44.8795,-92.6157,490.3,11.5,14.5,6.6,4.5,0.0,57,43.8,N,591.6,1016.3,85,7,38.5,High,1.76,134,28.2,66.0,404.5,1871.3,53.9,Tropical,Coldwave,Low
1534,2024-08-24,NOAA1041,Canada,36.025,-100.6376,1207.5,31.6,38.6,26.4,19.7,0.0,64,43.9,N,763.3,1002.3,24,11,52.7,Medium,5.68,86,24.5,56.4,424.9,1922.8,40.6,Continental,Coldwave,Low
1535,2022-12-16,NOAA1032,Mexico,35.006,-83.3251,2291.1,1.0,7.5,-6.6,25.9,4.5,70,3.6,N,556.5,1014.5,65,4,45.4,Low,0.69,88,25.2,50.9,407.4,1905.1,32.0,Continental,Fog,Medium
1536,2023-01-12,NOAA1026,Mexico,29.2241,-100.6388,177.8,-2.4,2.4,-6.1,31.8,17.3,68,36.9,W,353.3,1001.1,17,7,47.1,Low,0.5,90,17.9,46.1,420.7,1949.9,41.1,Tropical,Coldwave,Low
1537,2022-07-03,NOAA1017,Canada,36.4391,-104.0486,2577.3,37.2,44.0,34.0,32.4,0.0,72,16.4,E,703.8,997.5,7,3,49.4,Low,5.94,86,17.5,36.3,421.0,1846.3,38.6,Continental,Fog,Medium
1538,2021-12-08,NOAA1023,Canada,30.3443,-123.4238,2731.6,2.0,8.6,-6.0,53.5,9.2,72,35.3,S,720.4,1012.2,5,7,46.0,Low,0.5,83,15.1,36.2,408.7,1906.6,47.7,Arid,Heatwave,Medium
1539,2024-03-05,NOAA1023,USA,28.0035,-83.6389,600.3,5.5,12.1,0.1,31.3,0.0,68,44.3,N,676.1,1028.9,45,4,46.0,Low,2.67,99,23.2,38.5,414.7,1899.6,34.8,Tropical,Heatwave,Medium
1540,2021-04-17,NOAA1016,USA,28.5868,-70.2104,2091.5,11.9,14.9,4.2,4.4,0.0,43,24.3,NW,211.9,1008.5,100,4,30.1,High,2.14,121,31.4,52.0,412.4,1945.2,40.2,Temperate,Rain,Low
1541,2024-01-09,NOAA1049,Mexico,41.7751,-73.5353,20.7,7.2,13.4,3.3,8.6,0.0,55,30.2,S,848.5,1005.8,4,4,42.4,Medium,1.1,108,24.8,63.4,407.3,1941.7,36.4,Tropical,Fog,Low
1542,2023-07-18,NOAA1034,Mexico,30.053,-107.9869,1195.9,30.7,37.3,28.2,11.4,0.0,61,17.5,NW,812.7,998.4,80,1,39.0,Medium,5.04,99,28.1,60.3,434.9,1844.2,41.5,Arid,Fog,High
1543,2020-08-20,NOAA1026,Mexico,40.8094,-93.1998,2680.9,30.3,36.2,26.0,20.6,0.0,62,17.9,SW,345.7,1009.8,93,3,36.9,Low,5.52,118,27.8,49.0,416.9,1928.5,34.5,Tropical,Heatwave,Medium
1544,2020-03-02,NOAA1013,Mexico,28.4913,-77.0373,594.7,4.4,12.2,-3.4,3.9,0.0,47,20.4,SW,593.4,1001.3,33,3,33.3,High,1.77,103,26.2,57.2,411.3,1915.8,42.8,Polar,Heatwave,High
1545,2023-10-08,NOAA1013,Mexico,30.0694,-84.477,68.6,18.6,21.6,13.0,29.5,0.0,68,18.1,W,871.2,1012.4,46,2,50.5,Low,4.24,83,20.9,43.2,420.3,1893.9,58.4,Continental,Fog,High
1546,2022-12-09,NOAA1040,Mexico,43.4179,-101.0135,1373.2,-3.8,4.1,-8.8,31.6,9.4,65,39.4,W,297.3,1018.3,71,10,43.2,Low,0.66,73,19.4,40.9,424.0,1870.9,26.9,Arid,Rain,Medium
1547,2022-02-19,NOAA1009,USA,32.8061,-91.7392,1201.3,-5.3,2.1,-10.0,24.8,4.1,54,31.1,W,282.3,1000.3,77,5,39.6,Low,1.04,98,18.9,48.7,411.1,1917.3,38.5,Arid,Storm,High
1548,2021-08-08,NOAA1023,Canada,43.6887,-86.7837,595.2,28.1,32.9,23.0,17.8,0.0,58,11.3,N,219.7,1010.9,11,1,43.2,Medium,5.69,116,30.0,48.7,421.6,1848.5,35.1,Continental,Rain,High
1549,2024-03-01,NOAA1022,Mexico,34.3725,-78.7004,614.7,9.9,16.1,6.8,4.3,0.0,42,42.7,SE,328.1,1024.4,64,8,25.7,High,1.91,104,28.2,55.7,413.3,1849.3,46.6,Temperate,Coldwave,Low
1550,2020-03-09,NOAA1000,Canada,38.1692,-99.4449,2160.0,11.3,17.7,4.8,17.9,0.0,64,10.9,E,430.7,1010.0,38,8,49.2,Medium,2.81,99,27.2,51.3,413.5,1896.9,44.5,Polar,Storm,High
1551,2021-07-26,NOAA1030,Canada,44.079,-79.1472,1849.1,29.1,31.2,25.9,22.9,0.0,50,6.2,W,334.1,1016.1,98,11,37.6,Low,5.64,117,20.3,44.3,429.5,1873.4,33.2,Continental,Rain,High
1552,2021-07-10,NOAA1027,Mexico,45.0494,-109.4683,1481.3,26.3,29.6,18.5,15.3,0.0,57,12.1,NW,714.5,998.2,7,6,34.0,Medium,5.83,90,27.8,50.1,419.2,1911.4,44.0,Arid,None,High
1553,2021-01-26,NOAA1034,Canada,42.7636,-98.7751,1780.2,2.6,10.1,-2.6,1.5,0.0,49,12.2,NW,318.8,1004.5,33,6,27.0,High,2.03,135,27.8,53.5,421.5,1911.8,43.0,Temperate,Heatwave,Low
1554,2024-03-09,NOAA1003,USA,30.7538,-94.8443,1711.9,8.9,14.5,2.9,31.4,0.0,63,14.1,E,312.2,997.9,28,5,48.5,Low,1.8,89,22.4,46.2,424.4,1875.7,47.1,Tropical,None,Low
1555,2024-08-06,NOAA1043,Canada,34.333,-77.115,1513.2,30.9,33.3,25.8,10.5,0.0,44,3.9,SW,794.2,1003.2,53,10,27.5,Medium,5.49,113,28.2,45.9,430.4,1871.4,47.4,Continental,Heatwave,Medium
1556,2022-06-22,NOAA1029,Canada,42.6317,-90.7782,1971.2,35.2,42.5,30.6,30.2,0.0,61,10.0,NE,750.0,1013.8,5,4,46.3,Low,6.91,99,24.4,54.5,410.5,1892.1,28.2,Polar,Heatwave,High
1557,2022-10-26,NOAA1040,Mexico,46.6706,-121.4684,2363.5,19.3,23.1,15.4,10.0,0.0,43,27.9,SE,273.3,996.6,16,9,28.8,Medium,4.33,120,22.5,61.3,422.2,1876.0,48.6,Polar,Storm,Medium
1558,2024-03-14,NOAA1049,USA,29.0164,-104.692,2563.8,9.2,12.4,4.1,6.7,0.0,39,6.6,N,154.9,1014.8,37,6,33.0,Medium,1.57,132,24.3,54.1,420.1,1909.8,31.2,Temperate,Heatwave,High
1559,2023-09-01,NOAA1038,Canada,39.5821,-80.0687,347.8,27.1,34.6,21.3,28.6,0.0,54,33.1,N,801.7,1011.4,43,2,39.0,Low,5.41,90,26.2,47.2,416.9,1833.4,33.2,Polar,Heatwave,Low
1560,2022-10-24,NOAA1042,Canada,26.8433,-123.5562,34.4,22.8,26.7,15.1,34.3,0.0,68,27.7,SE,665.7,1005.9,96,9,54.1,Low,5.33,93,16.6,51.2,412.1,1918.5,40.7,Temperate,Coldwave,Medium
1561,2020-06-20,NOAA1037,USA,29.9809,-115.9917,2287.2,31.0,34.7,26.9,8.0,0.0,43,43.4,N,550.0,1021.6,98,5,22.8,Medium,4.75,110,27.8,59.5,425.4,1899.7,46.8,Continental,Heatwave,Medium
1562,2022-12-05,NOAA1022,Canada,28.708,-98.4089,1622.7,5.7,10.0,3.1,14.0,0.0,60,31.7,E,824.1,1008.2,100,3,45.5,Medium,2.15,94,31.4,54.8,419.0,1908.9,35.2,Arid,None,Medium
1563,2021-10-13,NOAA1043,USA,29.0324,-117.2809,1294.9,10.7,17.7,8.3,8.6,0.0,55,5.5,NE,633.8,1010.1,16,11,41.9,Medium,3.16,110,24.8,49.3,428.8,1907.1,35.8,Arid,Coldwave,High
1564,2022-11-06,NOAA1037,Mexico,46.9666,-120.6046,2364.1,12.2,15.5,5.5,6.5,0.0,53,37.1,SW,580.0,1013.8,71,11,40.1,Medium,3.23,104,31.8,64.4,406.7,1840.1,37.0,Continental,Fog,Low
1565,2023-03-14,NOAA1035,USA,48.2053,-103.5193,1031.3,2.5,5.0,-0.3,7.4,0.0,51,4.1,SE,734.1,1002.1,0,9,29.7,Medium,1.95,103,32.6,64.1,415.9,1934.9,48.5,Temperate,Storm,Medium
1566,2024-03-10,NOAA1002,Mexico,41.8353,-84.5679,1498.7,9.6,12.2,7.4,21.7,0.0,61,35.3,SE,318.5,1004.4,72,6,38.9,Low,2.57,105,19.9,47.2,428.9,1906.6,37.7,Polar,Fog,High
1567,2021-11-11,NOAA1002,Canada,44.8647,-84.5383,1370.2,6.0,10.0,1.4,32.8,0.0,70,26.0,SW,557.2,1014.3,5,8,45.1,Low,2.12,89,17.6,36.5,416.6,1950.9,44.7,Polar,Fog,Low
1568,2021-08-17,NOAA1022,Canada,47.3179,-67.1817,1329.2,27.2,31.8,23.3,13.7,0.0,62,10.2,S,463.3,1005.8,96,7,45.1,Medium,5.84,113,23.5,45.1,429.4,1833.1,23.1,Arid,Heatwave,Low
1569,2022-12-10,NOAA1025,USA,36.2659,-107.2709,2136.6,7.0,14.3,3.1,3.2,0.0,56,41.0,E,872.9,1010.0,87,7,33.3,High,2.66,125,25.0,63.6,420.4,1930.0,52.0,Continental,Rain,High
1570,2023-01-11,NOAA1027,USA,43.4318,-106.4188,1566.3,1.8,5.4,-5.8,11.4,17.5,53,27.6,W,486.5,997.2,5,2,35.4,Medium,1.03,124,29.6,60.7,412.7,1918.1,37.6,Arid,None,Low
1571,2020-05-08,NOAA1031,USA,29.9508,-83.1425,442.6,20.5,23.4,17.4,6.9,0.0,50,10.7,E,373.3,1021.0,95,7,40.3,Medium,3.08,118,30.7,57.0,416.5,1840.9,21.7,Polar,Storm,High
1572,2022-03-10,NOAA1028,USA,27.592,-69.52,169.7,5.6,12.2,3.6,2.8,0.0,38,17.5,SE,364.4,1015.7,98,2,21.6,High,1.08,119,28.0,56.9,419.0,1843.6,36.9,Arid,Coldwave,High
1573,2021-04-15,NOAA1042,USA,30.8128,-116.7681,2153.5,16.0,18.7,10.4,10.0,0.0,50,40.0,S,833.1,1004.8,95,4,38.6,Medium,3.99,112,31.6,57.8,416.7,1841.8,47.8,Temperate,Storm,Low
1574,2024-07-11,NOAA1031,Mexico,30.3387,-84.404,2401.1,31.6,34.8,24.5,6.5,0.0,55,22.0,NW,573.4,1009.9,69,3,41.5,Medium,5.35,107,24.3,49.0,416.2,1912.1,37.5,Polar,Rain,Low
1575,2020-07-08,NOAA1031,Mexico,47.5677,-74.6668,2703.6,30.8,35.9,25.8,13.1,0.0,48,30.1,N,743.2,1008.8,72,7,28.0,Medium,5.24,117,25.2,52.7,422.6,1944.0,22.0,Polar,Heatwave,Low
1576,2023-10-23,NOAA1023,Mexico,36.3633,-68.573,2328.9,12.5,19.7,5.3,8.2,0.0,49,19.9,S,501.8,1013.0,68,3,29.4,Medium,3.39,127,31.2,48.9,430.0,1950.1,43.7,Arid,Storm,High
1577,2021-01-15,NOAA1040,Canada,29.8624,-117.345,2697.1,3.5,11.3,-2.6,50.4,0.0,69,34.6,N,364.9,1005.3,31,5,45.7,Low,0.99,87,14.3,44.0,395.9,1963.2,46.4,Tropical,None,Medium
1578,2022-06-22,NOAA1030,Canada,34.1126,-102.4048,132.8,36.0,38.8,30.7,30.6,0.0,65,23.3,SW,665.4,1025.6,64,8,38.8,Low,6.73,77,23.6,41.0,422.4,1988.4,35.8,Temperate,Fog,Low
1579,2024-01-07,NOAA1035,Canada,39.5003,-118.1448,2331.4,8.6,14.9,4.2,32.9,0.0,66,6.1,N,484.6,1002.8,37,2,42.3,Low,3.2,86,16.8,49.9,416.4,1924.8,28.6,Temperate,Heatwave,Low
1580,2021-07-22,NOAA1022,USA,39.1811,-74.5659,1145.9,29.8,33.6,23.6,45.2,0.0,71,15.4,SE,270.8,999.1,76,10,55.3,Low,4.66,66,20.5,34.6,416.4,1889.6,36.0,Tropical,Rain,Medium
1581,2024-05-27,NOAA1028,USA,39.9333,-76.006,1402.2,22.2,24.8,15.7,18.4,0.0,64,34.1,S,281.0,1012.1,38,10,46.4,Medium,4.06,120,27.4,57.1,427.9,1915.5,38.7,Continental,Fog,Low
1582,2024-02-11,NOAA1033,Mexico,27.2157,-70.8423,1535.2,3.8,6.1,-2.5,15.5,0.0,60,42.0,E,192.5,1008.5,73,10,36.5,Medium,1.78,102,25.7,61.8,424.1,1911.6,40.4,Tropical,Coldwave,Low
1583,2022-10-02,NOAA1037,USA,47.8619,-111.9926,352.6,20.7,23.7,17.3,7.6,0.0,48,27.9,S,545.4,1016.4,56,1,30.2,Medium,3.52,104,32.9,60.8,411.4,1861.0,34.1,Polar,Rain,Medium
1584,2023-02-11,NOAA1019,Canada,36.3184,-75.0653,767.5,7.0,11.8,3.7,24.6,0.0,63,18.6,SW,421.8,1005.1,0,11,51.6,Low,1.81,88,20.5,57.5,419.5,1837.1,43.0,Tropical,None,Low
1585,2024-05-31,NOAA1034,USA,27.9021,-76.7474,637.6,17.5,24.6,13.0,10.7,0.0,61,43.2,E,484.6,1011.5,33,8,36.8,Medium,3.15,107,28.3,48.6,418.2,1911.3,28.6,Temperate,Storm,High
1586,2024-05-14,NOAA1041,Mexico,48.9592,-99.4393,498.3,19.3,25.9,11.9,27.1,0.0,62,19.2,W,126.0,1026.2,34,9,41.0,Low,3.36,88,20.2,49.5,418.1,1872.4,34.5,Arid,Rain,Medium
1587,2022-12-03,NOAA1037,Mexico,27.1977,-68.9046,1973.5,-0.2,7.7,-7.0,8.1,7.0,47,8.6,S,245.1,1015.0,3,7,36.9,Medium,0.91,101,27.7,60.1,419.2,1927.4,47.1,Arid,Coldwave,High
1588,2024-01-26,NOAA1024,Canada,40.0221,-93.8454,249.5,-0.4,4.1,-4.4,17.3,7.0,52,17.5,SW,558.2,1010.0,33,3,29.6,Medium,0.5,99,29.9,45.5,418.3,1950.8,50.4,Continental,Rain,High
1589,2022-03-17,NOAA1036,Canada,29.2544,-101.2143,1283.0,8.9,13.9,4.0,7.8,0.0,49,26.4,SW,730.7,1022.3,54,2,29.6,Medium,2.89,102,27.9,66.1,427.2,1862.3,33.3,Temperate,Coldwave,Medium
1590,2021-03-26,NOAA1001,Mexico,40.6566,-78.4315,537.5,7.2,13.9,0.1,8.1,0.0,56,10.3,N,643.7,1021.0,62,7,33.0,Medium,2.81,98,23.9,47.6,415.7,1894.0,29.3,Polar,None,Medium
1591,2021-09-22,NOAA1000,Canada,31.7934,-81.2851,1238.1,24.0,27.5,18.3,10.2,0.0,57,34.6,S,894.3,1006.0,77,1,33.3,Medium,5.33,127,32.0,46.8,419.8,1958.3,44.2,Continental,Storm,Medium
1592,2023-12-12,NOAA1001,Canada,45.1419,-68.0961,1976.0,3.2,8.6,0.7,3.8,0.0,56,44.2,NW,279.3,1018.5,84,1,37.3,High,1.71,125,28.7,52.7,424.9,1956.8,24.4,Continental,Rain,Low
1593,2023-04-11,NOAA1007,USA,44.2231,-80.5845,1374.2,18.7,23.3,15.4,26.3,0.0,62,9.5,SW,507.1,1005.2,49,10,44.5,Low,4.77,95,27.5,49.3,412.8,1929.0,32.3,Continental,None,High
1594,2024-09-25,NOAA1023,Canada,46.9601,-98.6959,586.4,24.8,31.4,19.9,10.1,0.0,61,2.3,NE,645.0,1006.3,39,11,44.6,Medium,5.39,123,29.2,49.1,413.2,1952.6,45.2,Tropical,Fog,Medium
1595,2020-01-10,NOAA1027,Mexico,33.168,-95.022,2063.6,1.3,8.5,-4.8,18.8,8.4,64,4.7,SW,638.8,1024.4,60,4,51.9,Medium,1.2,116,28.9,57.0,419.0,1889.1,32.2,Polar,Storm,Low
1596,2023-11-28,NOAA1026,Canada,31.517,-95.7175,504.6,5.3,8.5,0.4,5.3,0.0,44,38.1,W,808.0,1005.6,97,6,32.3,Medium,2.41,115,31.0,57.7,415.7,1839.4,44.4,Continental,Heatwave,High
1597,2021-06-15,NOAA1040,Canada,48.3387,-81.5589,1046.6,27.7,34.8,20.8,2.3,0.0,54,12.3,NW,825.7,1012.5,40,11,30.4,High,5.43,118,24.7,56.1,419.4,1962.1,27.1,Continental,Heatwave,Low
1598,2023-05-14,NOAA1000,Mexico,42.3994,-85.2841,2244.1,21.8,27.5,17.9,2.6,0.0,56,11.8,S,366.2,1012.7,3,4,38.3,High,4.9,119,29.9,67.5,415.8,1859.1,37.7,Continental,Coldwave,Low
1599,2022-02-06,NOAA1034,USA,29.7693,-93.5804,2774.7,9.5,15.0,6.4,3.6,0.0,44,28.1,SE,425.7,1011.9,48,5,38.4,High,2.47,118,32.2,48.8,430.1,1876.2,43.0,Tropical,Heatwave,Low
1600,2020-04-23,NOAA1005,Canada,25.0314,-73.8451,655.3,8.8,15.7,2.6,14.4,0.0,51,38.1,SW,182.7,1004.6,94,3,34.2,Medium,2.35,124,25.9,54.4,418.3,1883.7,54.8,Tropical,Rain,Medium
1601,2022-03-19,NOAA1017,Mexico,35.249,-84.5756,2993.4,5.3,13.0,0.9,14.4,0.0,57,20.6,N,298.1,1015.0,17,8,35.0,Medium,2.36,120,24.0,49.5,420.3,1888.8,35.8,Tropical,None,High
1602,2024-04-01,NOAA1018,USA,26.2809,-118.9391,537.1,16.3,21.2,14.0,27.6,0.0,69,36.6,NE,645.6,1004.1,76,6,42.1,Low,3.04,110,20.7,53.8,411.6,1927.5,37.2,Continental,Coldwave,High
1603,2022-08-19,NOAA1033,USA,48.9003,-74.8066,65.2,33.7,36.2,30.2,30.1,0.0,59,40.2,NW,789.8,1018.5,47,5,44.6,Low,6.0,87,26.0,35.4,408.7,1959.3,38.3,Arid,Fog,High
1604,2023-11-06,NOAA1026,USA,29.4575,-97.3615,2178.6,13.1,20.3,8.3,3.6,0.0,42,20.6,NW,148.4,1007.6,10,11,34.9,High,3.36,108,33.5,60.2,418.8,1813.9,41.8,Tropical,Fog,Medium
1605,2020-07-13,NOAA1036,USA,28.057,-95.9569,760.7,32.4,38.0,26.9,14.8,0.0,49,43.5,NE,659.9,1029.8,26,4,34.3,Medium,6.73,118,21.4,60.9,416.3,1888.9,36.4,Polar,None,Medium
1606,2023-03-31,NOAA1048,USA,40.0712,-81.0314,2535.1,11.0,15.2,3.7,20.4,0.0,49,37.2,S,132.7,1018.1,4,8,34.7,Low,3.17,103,24.3,54.4,411.8,1924.4,43.8,Polar,Rain,Low
1607,2021-04-11,NOAA1033,Canada,36.0986,-99.327,2598.2,17.5,23.5,11.4,11.5,0.0,49,2.3,S,802.1,1019.4,79,3,34.0,Medium,3.65,93,24.0,61.6,433.0,1885.8,35.6,Polar,Coldwave,Low
1608,2024-06-09,NOAA1016,USA,42.7446,-119.2857,1477.3,29.8,34.9,23.3,29.7,0.0,64,23.6,S,858.5,994.3,34,1,45.6,Low,5.79,95,27.5,46.9,422.4,1883.8,44.3,Temperate,Rain,Low
1609,2023-07-05,NOAA1029,Mexico,46.2992,-99.1643,2534.2,34.8,41.7,31.9,15.5,0.0,45,28.6,N,199.4,1019.1,46,3,26.8,Medium,7.04,91,30.1,54.4,425.0,1911.5,41.3,Polar,Fog,High
1610,2022-04-03,NOAA1012,USA,25.5119,-89.7774,2674.6,10.9,18.4,6.8,11.3,0.0,53,43.5,SW,311.8,1008.2,0,4,29.6,Medium,2.83,100,30.2,49.9,416.6,1847.5,41.9,Temperate,Rain,High
1611,2022-08-06,NOAA1010,USA,27.8194,-74.6162,1883.9,31.3,35.4,28.7,29.6,0.0,58,44.0,SW,103.5,1013.4,37,3,35.8,Low,6.02,109,19.0,36.0,421.7,1922.2,32.1,Continental,Coldwave,Low
1612,2024-07-12,NOAA1019,Mexico,45.9877,-79.4396,97.6,29.4,32.8,21.6,35.7,0.0,57,41.1,SW,337.9,1009.3,36,8,35.4,Low,5.44,97,23.6,41.9,414.1,1897.8,39.4,Continental,Rain,High
1613,2024-07-19,NOAA1047,USA,31.5015,-83.1487,1914.3,31.8,35.8,26.6,12.0,0.0,58,6.5,NE,528.6,1021.8,62,3,46.4,Medium,5.15,125,30.7,52.7,400.2,1881.7,41.8,Arid,Rain,High
1614,2021-12-28,NOAA1032,Canada,29.432,-103.3468,1939.6,8.8,14.9,2.2,4.7,0.0,40,35.7,NE,369.2,1017.4,43,10,20.7,High,1.43,132,25.1,56.1,407.0,1930.5,47.4,Polar,Storm,Medium
1615,2021-06-20,NOAA1029,Canada,27.4795,-78.4452,44.7,28.5,34.8,24.7,37.6,0.0,73,25.8,NE,807.8,1025.4,41,1,51.3,Low,4.55,83,18.5,45.4,422.1,1906.6,41.8,Temperate,Rain,Medium
1616,2020-02-24,NOAA1026,Mexico,47.3267,-104.2398,1056.9,4.7,10.9,-1.9,4.1,0.0,51,11.0,SW,506.6,1006.0,9,1,35.8,High,2.13,109,28.4,63.5,412.1,1895.4,43.5,Arid,Heatwave,Medium
1617,2023-07-09,NOAA1031,Canada,33.9305,-74.1889,1109.8,31.7,39.0,29.0,7.0,0.0,54,11.3,NW,218.7,1020.5,36,10,42.8,Medium,5.25,128,29.4,46.8,417.1,1932.3,38.8,Temperate,Fog,Medium
1618,2024-11-25,NOAA1023,Mexico,48.5985,-92.7971,931.6,-1.1,5.0,-5.6,12.8,17.9,52,41.6,NE,449.1,1011.5,16,4,39.2,Medium,0.52,118,28.4,53.4,437.4,1957.8,26.6,Tropical,Storm,Medium
1619,2023-04-15,NOAA1021,USA,47.3231,-79.7382,1292.8,17.5,21.1,11.1,13.3,0.0,49,2.9,S,199.1,1011.3,19,3,34.2,Medium,3.98,116,25.3,59.5,422.8,1870.0,47.0,Arid,Storm,Low
1620,2023-11-21,NOAA1012,Canada,27.4773,-72.3351,1910.9,10.2,12.5,6.2,10.1,0.0,61,43.3,SW,544.5,1003.6,37,6,40.4,Medium,3.46,117,31.7,61.0,415.0,1828.4,48.1,Temperate,Heatwave,High
1621,2023-09-20,NOAA1013,Canada,44.064,-71.1158,1451.0,29.1,36.9,22.5,10.2,0.0,47,19.8,N,548.4,1016.6,100,10,30.6,Medium,4.38,99,22.7,53.2,407.8,1869.5,47.8,Temperate,Storm,Low
1622,2020-06-11,NOAA1005,Canada,46.8572,-85.2119,1677.5,30.6,37.2,28.0,0.6,0.0,50,32.9,NW,566.5,1007.8,28,7,35.9,High,6.36,119,33.6,63.1,421.6,1877.9,31.5,Continental,None,High
1623,2023-03-25,NOAA1032,Mexico,33.4063,-85.2846,2938.6,5.3,7.5,1.1,36.9,0.0,73,34.8,SE,577.8,1001.8,11,2,49.0,Low,1.2,70,17.4,37.3,423.6,1898.9,49.7,Temperate,Coldwave,High
1624,2021-01-23,NOAA1045,USA,47.5703,-99.2945,1499.3,-0.4,1.9,-7.9,30.2,13.3,60,40.2,NW,515.0,989.4,83,2,43.0,Low,1.17,107,20.4,54.0,432.8,1919.6,42.6,Continental,Coldwave,Low
1625,2024-03-21,NOAA1049,Canada,35.3746,-109.8374,2645.9,9.8,17.1,3.0,15.1,0.0,57,33.8,SE,339.2,1014.8,89,2,34.9,Medium,1.84,114,25.6,52.1,408.4,1879.8,31.5,Tropical,Fog,Medium
1626,2021-09-20,NOAA1001,Canada,36.1144,-92.1481,2299.5,28.9,35.5,22.3,40.6,0.0,67,27.8,W,425.2,1018.4,56,10,51.5,Low,4.99,69,21.7,40.7,405.0,1920.9,35.7,Continental,Storm,Medium
1627,2023-06-02,NOAA1010,Canada,34.3161,-98.5857,264.9,27.2,34.8,23.7,3.7,0.0,55,37.1,SE,886.2,1017.7,72,10,41.8,High,4.58,121,27.4,56.9,420.4,1845.8,25.2,Arid,Fog,Low
1628,2021-02-05,NOAA1017,USA,47.5972,-88.2835,2376.7,5.0,10.5,2.9,21.3,0.0,66,25.9,W,314.6,1015.5,75,7,44.4,Low,2.09,116,20.3,57.3,412.8,1940.6,48.0,Polar,Rain,Low
1629,2023-03-26,NOAA1015,Mexico,43.5307,-88.0818,2643.1,7.2,10.0,2.9,19.8,0.0,50,23.1,E,822.7,998.9,28,8,30.3,Medium,2.05,120,27.8,41.2,422.9,1946.5,41.4,Continental,Fog,High
1630,2020-05-11,NOAA1032,Canada,36.8066,-106.8543,2649.8,16.6,21.7,12.6,5.7,0.0,44,23.6,N,842.6,1003.5,100,6,28.0,Medium,3.26,119,30.3,56.1,420.5,1893.1,51.7,Continental,Fog,High
1631,2024-06-07,NOAA1029,Mexico,34.249,-85.4109,162.3,22.9,27.0,20.5,33.2,0.0,65,33.6,W,609.8,1003.9,61,11,44.3,Low,4.71,87,18.8,41.7,414.4,1913.7,29.8,Tropical,Rain,Medium
1632,2020-03-15,NOAA1026,USA,31.1286,-99.2396,578.6,13.6,17.1,10.1,12.6,0.0,53,3.8,S,220.7,1009.7,87,9,36.0,Medium,2.54,98,30.5,46.4,434.8,1888.1,31.2,Tropical,Storm,Low
1633,2023-07-17,NOAA1005,Mexico,48.3043,-104.1867,2832.2,26.4,28.5,22.4,15.1,0.0,62,18.1,NE,288.3,1009.8,40,9,40.5,Medium,5.05,105,31.1,60.7,430.6,1861.1,24.5,Tropical,Fog,High
1634,2022-10-22,NOAA1027,Canada,42.0452,-112.3257,2562.6,26.4,32.4,20.2,53.2,0.0,81,4.0,S,203.1,1014.5,26,9,50.2,Low,4.76,83,17.9,24.9,414.1,1882.7,43.3,Continental,None,Low
1635,2022-01-14,NOAA1008,Mexico,26.9565,-108.7655,1377.4,-3.1,3.9,-9.8,11.0,18.4,45,27.0,W,389.5,1021.0,76,1,28.8,Medium,0.5,95,29.3,51.5,425.3,1920.4,42.1,Polar,Heatwave,Low
1636,2020-08-19,NOAA1013,Canada,46.6856,-95.2834,581.2,33.7,37.6,26.5,9.9,0.0,49,29.0,NW,685.3,1014.4,94,6,28.3,Medium,5.14,99,22.6,60.1,404.5,1888.8,39.0,Tropical,None,Medium
1637,2023-01-30,NOAA1029,Canada,33.1397,-70.6558,2469.3,1.5,4.2,-6.5,30.2,4.8,71,37.9,N,326.7,1007.8,10,10,43.7,Low,0.79,79,19.2,43.4,428.0,1921.9,46.6,Arid,Heatwave,Low
1638,2020-12-25,NOAA1012,Canada,27.0747,-100.4121,1067.4,-4.9,0.2,-9.4,11.7,2.9,49,21.5,SW,370.7,1010.8,53,8,41.3,Medium,1.05,108,26.1,62.0,426.1,1885.1,46.3,Temperate,Rain,Medium
1639,2024-01-22,NOAA1007,USA,25.1849,-69.2706,2710.3,-6.8,0.3,-14.3,0.9,18.5,45,25.6,N,441.0,1003.7,0,6,30.9,High,0.5,108,34.5,51.2,434.9,1899.3,34.2,Polar,None,Medium
1640,2022-07-18,NOAA1012,USA,48.3241,-103.1964,2387.2,34.1,39.5,30.7,25.3,0.0,69,31.9,SE,113.4,1021.0,47,5,48.8,Low,6.58,99,28.4,54.8,419.3,1927.0,44.6,Continental,Storm,Medium
1641,2024-08-01,NOAA1028,Mexico,32.1232,-115.719,324.8,32.0,37.2,29.8,28.4,0.0,53,13.7,W,646.7,1010.7,52,9,41.6,Low,6.06,97,25.3,47.3,427.7,1881.0,34.8,Tropical,Fog,Low
1642,2021-09-15,NOAA1049,Mexico,46.742,-105.5894,914.3,31.6,36.6,24.9,12.2,0.0,44,6.2,SE,252.3,1019.9,50,6,34.4,Medium,5.19,118,24.0,48.7,397.9,2008.6,52.0,Arid,Heatwave,High
1643,2024-04-30,NOAA1044,Canada,29.6442,-84.0682,158.8,15.0,20.5,9.8,13.4,0.0,54,14.1,W,716.9,1005.4,33,4,37.0,Medium,3.15,100,22.6,52.5,425.2,1903.0,25.8,Arid,Heatwave,Low
1644,2020-08-15,NOAA1021,Mexico,41.8017,-88.5233,1655.4,31.9,38.0,25.1,8.9,0.0,45,39.1,NW,174.0,1011.3,82,9,29.5,Medium,5.84,125,26.6,54.4,429.1,1885.9,41.8,Temperate,Storm,High
1645,2020-07-12,NOAA1047,USA,48.2289,-79.8689,716.9,36.2,42.8,33.8,12.5,0.0,57,4.5,SW,676.9,1011.0,75,2,44.3,Medium,6.64,127,23.8,58.1,424.0,1894.7,33.6,Temperate,Heatwave,High
1646,2021-03-09,NOAA1018,Mexico,36.9896,-94.4095,2140.2,9.6,13.1,5.8,31.5,0.0,65,18.6,S,842.5,1006.1,45,3,53.2,Low,2.11,85,26.4,41.6,425.4,1887.8,45.0,Temperate,Fog,Medium
1647,2024-10-11,NOAA1023,USA,38.8372,-101.6584,2608.0,6.1,10.9,-1.2,13.4,0.0,55,15.8,E,622.0,1003.9,92,3,37.7,Medium,2.08,101,25.8,58.5,415.8,1877.6,35.8,Continental,Fog,Low
1648,2020-09-05,NOAA1027,Mexico,45.6578,-122.8619,352.6,29.7,37.6,22.4,12.8,0.0,59,35.9,W,770.7,1015.2,75,11,34.4,Medium,5.01,92,29.9,44.9,426.5,1943.8,49.9,Continental,None,Low
1649,2024-11-21,NOAA1008,Canada,41.5671,-85.994,1582.1,16.5,20.6,9.4,8.8,0.0,46,30.7,NW,472.0,1016.0,62,8,36.8,Medium,2.64,125,24.1,53.3,423.9,1931.8,33.9,Tropical,None,Low
1650,2023-02-27,NOAA1027,Mexico,40.7449,-82.0908,2726.3,5.8,9.6,3.6,20.3,0.0,57,23.1,SE,608.6,1028.1,76,6,38.1,Low,2.47,91,29.8,56.2,420.1,1917.0,32.2,Tropical,None,Medium
1651,2024-11-07,NOAA1013,Canada,34.6304,-75.2375,2188.0,17.5,22.9,11.1,10.2,0.0,44,21.8,S,684.5,1008.8,100,11,32.6,Medium,3.33,97,27.4,47.0,415.5,1869.4,34.2,Continental,Fog,Medium
1652,2024-12-05,NOAA1026,Mexico,36.3492,-103.303,361.9,8.6,11.4,5.9,4.8,0.0,53,33.3,S,507.7,1018.9,36,8,36.3,High,1.77,121,30.3,53.7,427.4,1947.1,54.7,Polar,Rain,Medium
1653,2022-03-02,NOAA1037,Mexico,36.2722,-116.9208,1052.0,2.9,9.5,-4.2,4.2,0.0,56,28.3,N,657.6,1006.7,32,7,41.4,High,0.68,124,32.0,50.1,411.5,1903.4,44.0,Temperate,Coldwave,Medium
1654,2023-04-13,NOAA1012,USA,33.8695,-85.3401,638.7,8.1,10.6,1.5,9.0,0.0,58,22.6,SE,131.7,1011.0,82,7,41.1,Medium,2.25,126,26.5,50.2,411.0,1880.4,31.0,Arid,Rain,Medium
1655,2023-11-13,NOAA1003,USA,39.3573,-108.2243,1646.6,8.5,13.4,3.6,5.0,0.0,43,7.3,E,546.8,1007.2,51,10,35.8,Medium,2.45,118,31.2,49.9,417.9,1912.0,39.6,Tropical,Coldwave,Low
1656,2024-06-27,NOAA1008,Mexico,30.3047,-98.8917,1380.3,31.2,35.8,23.8,9.9,0.0,44,2.3,SE,554.1,1020.3,35,11,34.3,Medium,6.37,118,30.9,57.9,423.2,1897.2,33.6,Temperate,Storm,Medium
1657,2022-09-14,NOAA1046,Canada,43.7434,-91.935,1376.0,25.5,28.7,18.0,21.8,0.0,63,30.8,SE,341.4,1019.4,40,4,41.7,Low,4.83,87,20.2,45.7,420.4,1913.6,42.6,Arid,None,High
1658,2020-10-15,NOAA1010,USA,39.8536,-94.6126,2199.2,12.2,15.3,6.7,27.7,0.0,65,38.7,NW,614.9,1014.1,53,3,51.6,Low,2.34,89,23.8,44.3,425.4,1868.1,36.3,Continental,Heatwave,Low
1659,2024-07-09,NOAA1034,Canada,32.7883,-101.2151,2277.1,32.4,35.8,24.9,17.2,0.0,61,29.7,S,312.8,1002.5,13,1,47.3,Medium,4.99,106,22.2,51.1,431.3,1902.9,58.5,Polar,Heatwave,Medium
1660,2023-06-28,NOAA1022,Canada,45.1958,-115.4355,2762.5,31.2,33.2,24.1,13.9,0.0,49,36.4,W,589.0,1012.4,79,11,28.1,Medium,6.6,106,25.2,62.5,415.9,1880.8,40.2,Arid,Rain,High
1661,2021-09-20,NOAA1040,USA,27.4179,-105.4778,1498.5,24.4,31.5,20.6,9.2,0.0,56,17.9,N,614.4,1027.2,52,5,44.7,Medium,5.42,105,26.5,51.4,403.9,1918.5,50.0,Arid,Storm,Medium
1662,2022-05-02,NOAA1000,USA,48.0763,-76.6599,1025.0,24.2,27.7,19.9,3.8,0.0,42,32.5,E,215.3,1018.9,31,10,26.0,High,4.61,106,31.6,53.0,431.4,1902.1,45.0,Arid,Rain,Medium
1663,2022-02-27,NOAA1003,Mexico,47.222,-76.5076,777.6,0.3,6.4,-6.0,16.6,1.0,56,4.2,SE,841.1,1019.1,67,2,32.0,Medium,1.2,110,21.9,45.5,427.9,1902.3,35.5,Tropical,None,Medium
1664,2023-07-19,NOAA1047,USA,25.0109,-114.284,873.2,36.3,38.9,32.3,6.1,0.0,40,4.9,N,824.4,1002.7,43,7,24.0,Medium,7.11,131,30.8,65.1,430.0,1869.4,25.6,Arid,None,Low
1665,2021-03-23,NOAA1027,Canada,33.6318,-78.1937,421.4,11.0,15.0,3.4,10.9,0.0,47,36.4,NE,363.0,1020.1,55,6,33.7,Medium,2.53,100,28.9,59.1,418.2,2024.1,38.1,Polar,Rain,High
1666,2020-05-01,NOAA1011,Mexico,44.2719,-90.219,510.6,21.6,28.5,14.4,4.0,0.0,47,29.7,NE,620.3,1001.6,20,10,34.2,High,4.46,133,25.1,50.2,408.6,1891.9,38.7,Temperate,None,Low
1667,2024-07-28,NOAA1023,Mexico,41.8785,-72.627,1743.2,34.4,39.9,30.7,22.8,0.0,64,9.2,SW,223.1,1007.1,15,3,49.9,Low,5.22,110,22.3,39.5,426.3,1848.7,31.3,Temperate,Coldwave,High
1668,2023-08-17,NOAA1044,Canada,35.4602,-68.1575,1540.5,30.7,35.8,26.3,24.1,0.0,58,28.8,NE,652.8,1017.2,18,8,35.6,Low,6.2,87,21.4,45.7,400.9,1866.6,34.5,Arid,Coldwave,Low
1669,2022-05-02,NOAA1017,Mexico,40.3423,-116.946,2726.6,22.5,26.4,15.7,6.6,0.0,47,32.9,N,813.9,1007.2,12,4,25.9,Medium,4.0,106,25.5,53.9,418.8,1880.4,39.2,Polar,Rain,Low
1670,2021-08-16,NOAA1034,Canada,47.4181,-68.5478,2181.8,28.2,31.1,21.8,19.5,0.0,51,33.6,S,415.6,1016.0,50,8,41.0,Medium,5.49,95,20.2,43.0,424.6,1869.2,52.2,Tropical,Storm,Low
1671,2021-05-10,NOAA1027,Canada,44.1962,-77.6281,1422.3,20.7,22.9,14.1,36.2,0.0,73,28.6,SE,621.5,1025.9,81,11,53.7,Low,4.61,99,22.3,50.1,417.5,1879.4,40.2,Continental,Fog,Medium
1672,2022-08-20,NOAA1003,Mexico,41.8192,-72.9457,1497.6,34.0,41.2,31.5,12.5,0.0,51,21.3,SW,242.8,1014.5,37,1,28.0,Medium,6.77,94,30.7,51.2,424.9,1890.7,37.3,Temperate,None,High
1673,2023-10-10,NOAA1045,Canada,48.1967,-115.7555,2394.8,12.4,19.2,9.6,9.9,0.0,59,13.9,W,377.1,1017.8,8,7,45.2,Medium,3.19,129,28.5,49.2,419.7,1956.9,37.4,Tropical,Heatwave,Medium
1674,2024-03-21,NOAA1037,Mexico,32.6575,-113.439,1666.7,9.9,12.5,4.6,3.2,0.0,43,36.2,SE,826.3,999.6,82,4,37.6,High,2.74,130,29.7,56.9,410.3,1892.5,50.2,Temperate,Heatwave,High
1675,2020-03-22,NOAA1011,Mexico,46.0337,-103.9199,2742.3,11.5,18.1,8.1,13.5,0.0,51,24.4,SW,563.1,1025.4,9,2,39.3,Medium,3.09,102,28.4,56.3,419.5,1913.6,31.5,Arid,Rain,Medium
1676,2023-12-19,NOAA1046,USA,33.3083,-77.5395,2950.2,4.1,12.1,2.1,9.8,0.0,54,22.6,N,678.6,1020.7,70,5,38.9,Medium,1.93,120,24.5,52.0,406.6,1876.7,33.2,Continental,Coldwave,Medium
1677,2023-12-13,NOAA1008,USA,30.7043,-70.7413,2435.6,-5.3,2.2,-9.5,5.3,12.2,51,37.4,S,691.9,1023.6,35,3,30.3,Medium,0.5,120,27.0,51.3,435.9,1847.5,48.4,Tropical,Fog,Low
1678,2024-02-29,NOAA1039,USA,33.4245,-118.5128,1240.4,4.4,10.4,0.3,8.8,0.0,50,41.6,NE,120.7,1008.4,52,8,31.9,Medium,0.87,110,32.6,61.7,407.9,2031.5,38.9,Continental,Rain,Medium
1679,2024-03-28,NOAA1046,Mexico,25.2356,-75.3504,2201.9,8.7,12.2,3.8,14.5,0.0,54,23.4,E,212.5,1012.6,33,3,36.5,Medium,2.71,122,29.2,52.1,414.3,1892.4,50.2,Temperate,Fog,Low
1680,2024-12-14,NOAA1013,Mexico,44.8129,-117.6139,1547.9,3.0,7.6,-4.3,17.6,0.0,50,39.5,SE,382.6,1022.4,39,11,34.1,Medium,1.81,107,29.4,60.3,420.9,1848.9,30.2,Temperate,None,Low
1681,2022-06-22,NOAA1037,Canada,30.86,-75.1721,2673.4,28.1,31.4,25.6,17.1,0.0,55,28.1,SE,290.9,1012.2,13,1,46.4,Medium,5.22,97,30.5,42.5,407.9,1898.1,35.3,Continental,Fog,Medium
1682,2024-05-19,NOAA1016,Mexico,44.9326,-122.4752,2442.1,27.7,32.9,22.6,9.5,0.0,58,2.8,W,338.3,1006.5,47,2,43.4,Medium,5.99,103,23.3,48.3,421.4,1909.1,50.4,Temperate,Fog,Medium
1683,2020-02-18,NOAA1005,Canada,26.093,-94.4856,2917.5,8.1,10.5,2.3,12.7,0.0,59,22.2,NW,613.2,1010.2,80,4,36.2,Medium,1.34,122,30.4,60.7,418.3,1936.1,33.9,Tropical,Fog,Low
1684,2020-02-12,NOAA1012,Mexico,32.4733,-95.7522,639.1,4.6,7.8,0.8,19.3,0.0,54,6.5,W,389.0,1027.9,5,1,34.5,Medium,1.48,89,20.3,46.2,421.0,1944.0,37.2,Tropical,None,Low
1685,2021-11-19,NOAA1021,Mexico,35.9252,-106.7027,142.0,13.7,18.5,5.8,27.6,0.0,62,8.3,E,643.2,1010.4,76,6,42.2,Low,3.78,106,19.4,37.9,424.0,1952.2,35.5,Continental,None,High
1686,2022-12-06,NOAA1048,Mexico,47.5826,-92.404,2145.9,6.0,13.4,-0.9,13.1,0.0,61,23.1,NW,688.4,1019.8,47,2,38.2,Medium,1.86,95,23.0,47.7,417.7,1952.7,16.7,Polar,None,High
1687,2023-03-21,NOAA1039,Canada,40.4374,-78.4068,125.2,5.1,10.1,1.8,5.9,0.0,45,13.8,NE,569.5,1007.9,40,6,35.3,Medium,1.58,131,31.6,48.7,424.6,1933.9,52.8,Continental,Fog,Low
1688,2021-07-28,NOAA1034,Mexico,46.5719,-122.2546,2885.5,28.7,34.2,24.3,6.6,0.0,41,15.4,N,298.4,1020.8,81,2,26.3,Medium,5.27,118,28.4,59.1,431.2,1962.3,41.5,Polar,None,High
1689,2023-07-29,NOAA1015,Mexico,34.3911,-116.0081,1085.1,33.5,37.2,29.7,33.1,0.0,64,10.2,SE,566.8,1019.3,57,2,47.6,Low,5.66,72,26.2,38.0,417.3,1946.4,43.3,Arid,Heatwave,Medium
1690,2020-01-18,NOAA1003,Mexico,36.2383,-87.8114,2303.2,-4.9,-1.7,-10.3,16.0,5.6,48,4.4,SW,387.2,1024.6,83,6,37.1,Medium,0.78,109,23.7,60.7,412.4,1950.1,39.3,Temperate,Heatwave,High
1691,2023-12-21,NOAA1043,Canada,35.9448,-84.183,1510.0,6.7,11.9,-1.1,28.8,0.0,70,27.3,E,615.5,1007.9,93,3,56.6,Low,2.6,78,25.2,44.7,428.7,1855.3,40.9,Tropical,Fog,High
1692,2020-01-19,NOAA1001,Mexico,32.4485,-80.6906,204.2,-3.6,-0.9,-6.6,14.7,8.1,51,31.6,SW,634.9,1003.5,68,1,42.0,Medium,0.5,91,30.9,62.4,432.8,1942.8,40.0,Polar,Heatwave,Medium
1693,2022-09-17,NOAA1033,Canada,31.1707,-108.415,2879.8,24.7,27.5,20.9,10.9,0.0,43,37.4,NW,147.4,1008.9,33,10,30.9,Medium,4.65,101,30.3,64.1,431.4,1902.9,48.6,Polar,Heatwave,Medium
1694,2024-05-13,NOAA1014,USA,28.7687,-97.5951,141.0,22.8,26.5,19.0,10.7,0.0,41,35.8,N,470.9,1022.7,17,5,34.1,Medium,4.74,127,28.0,56.9,414.2,1894.8,43.7,Continental,Fog,Medium
1695,2023-05-15,NOAA1048,USA,40.3381,-120.7483,2394.3,20.3,23.7,12.4,18.7,0.0,47,36.5,NW,599.5,1004.3,94,9,39.8,Medium,4.19,102,24.4,52.1,424.4,1870.1,36.8,Arid,Heatwave,Low
1696,2021-08-01,NOAA1007,USA,47.2982,-85.235,177.6,25.0,30.1,18.4,8.9,0.0,56,14.4,E,298.0,1031.7,33,6,42.2,Medium,5.38,102,27.9,48.0,430.4,1900.5,46.9,Continental,Storm,High
1697,2020-06-14,NOAA1003,USA,30.8975,-110.2041,2276.8,21.5,25.1,15.1,60.1,0.0,86,8.6,W,744.9,1012.0,60,5,52.7,Low,4.85,65,12.1,22.7,415.1,1902.9,34.9,Temperate,Fog,High
1698,2020-11-13,NOAA1007,USA,44.7189,-109.3034,1911.0,10.3,13.0,3.3,1.7,0.0,42,40.7,E,122.2,1008.6,1,8,23.0,High,3.02,116,25.1,49.8,411.4,1867.8,41.8,Tropical,Rain,Low
1699,2023-10-14,NOAA1016,USA,40.5215,-99.8416,2782.4,11.9,17.8,4.2,7.0,0.0,48,34.2,SW,753.0,1015.0,71,5,36.3,Medium,2.42,125,24.4,63.2,428.9,1930.7,40.3,Temperate,Fog,Medium
1700,2023-09-30,NOAA1036,Mexico,39.6666,-108.6023,425.0,25.8,32.6,23.3,45.5,0.0,81,13.8,SW,351.7,1010.2,56,6,57.3,Low,4.18,92,14.9,40.1,427.2,1908.7,47.3,Arid,None,High
1701,2020-08-06,NOAA1039,Mexico,44.6087,-86.5562,2902.5,28.7,31.8,25.6,32.2,0.0,62,10.4,SW,574.5,1001.2,44,9,36.3,Low,4.72,93,25.7,37.3,401.7,1862.0,41.0,Polar,None,Medium
1702,2020-02-27,NOAA1020,USA,45.9486,-83.1839,1525.4,3.5,9.0,-3.8,3.4,0.0,52,29.1,NW,746.6,1025.0,46,5,41.0,High,2.17,109,27.7,53.9,417.4,1997.0,42.9,Continental,Heatwave,Medium
1703,2022-09-15,NOAA1018,Canada,38.5719,-108.921,1761.9,27.9,30.1,23.3,15.3,0.0,52,36.7,N,447.8,1018.7,49,10,36.9,Medium,5.21,97,25.1,53.3,418.7,1876.4,23.2,Tropical,Fog,High
1704,2022-07-25,NOAA1023,USA,36.9241,-90.1595,2355.5,30.7,37.6,25.3,28.2,0.0,62,40.8,S,622.6,1017.1,48,1,44.7,Low,4.88,77,26.8,41.0,425.7,1945.9,39.5,Continental,Rain,Medium
1705,2021-06-02,NOAA1046,USA,39.4733,-121.5192,2267.0,28.8,31.2,21.8,26.3,0.0,61,28.4,SE,213.1,1018.9,80,5,42.2,Low,5.2,87,22.4,39.6,426.8,1865.5,40.6,Temperate,Fog,Medium
1706,2021-08-30,NOAA1007,Mexico,34.4618,-120.764,395.1,29.7,32.1,22.7,23.2,0.0,54,34.2,S,297.2,1024.7,81,10,37.9,Low,5.52,98,28.6,47.6,428.7,1920.9,36.4,Polar,Storm,Low
1707,2023-11-05,NOAA1027,USA,43.8726,-95.5356,2731.0,5.5,10.9,-0.9,8.1,0.0,46,16.5,S,583.6,998.9,95,6,35.6,Medium,1.53,125,30.3,63.5,423.9,1920.3,47.8,Tropical,Heatwave,High
1708,2021-01-30,NOAA1031,Mexico,45.978,-85.1799,2589.5,2.3,9.1,-2.3,3.8,0.0,40,6.6,SE,206.2,1029.8,18,11,24.5,High,0.5,114,30.0,52.3,403.4,1911.2,34.2,Tropical,Heatwave,Medium
1709,2020-07-28,NOAA1026,Canada,42.0518,-80.3126,830.3,24.9,27.1,18.5,13.6,0.0,57,18.7,SW,179.4,1004.2,20,9,37.9,Medium,4.74,98,31.2,50.2,429.5,1920.3,48.9,Tropical,Fog,Low
1710,2022-12-25,NOAA1010,USA,36.4439,-86.9586,2037.5,-9.2,-5.2,-13.3,10.4,15.9,60,42.1,E,453.9,1023.5,53,8,41.7,Medium,0.5,107,28.6,51.2,404.4,1837.8,34.7,Arid,Rain,Low
1711,2024-08-06,NOAA1029,USA,42.5538,-116.408,1321.4,32.1,39.9,26.5,4.6,0.0,57,35.1,E,163.8,1007.6,44,2,32.6,High,5.09,100,28.7,62.8,423.4,1841.8,44.8,Temperate,Storm,Low
1712,2023-07-10,NOAA1016,Mexico,37.5262,-69.4844,1707.8,33.5,40.2,25.7,2.5,0.0,56,41.8,SW,273.3,1025.4,63,2,37.0,High,5.74,117,25.5,49.3,427.3,1933.8,38.8,Tropical,None,High
1713,2023-03-08,NOAA1012,USA,38.3467,-111.3471,1995.8,4.4,9.8,0.2,13.5,0.0,60,22.5,SE,773.0,1022.1,59,8,47.6,Medium,2.47,97,31.4,55.5,429.1,1911.7,44.7,Tropical,Storm,Low
1714,2024-02-28,NOAA1033,Canada,26.2401,-68.2138,479.7,-3.7,2.4,-9.7,17.5,20.0,54,28.1,N,520.4,1007.1,52,9,41.3,Medium,0.5,90,25.3,44.7,420.8,1889.3,32.0,Polar,Fog,High
1715,2022-09-05,NOAA1010,USA,37.5387,-75.8196,2926.4,23.1,27.2,19.6,3.9,0.0,39,44.8,SW,556.2,1010.3,98,1,21.4,High,3.88,121,32.1,66.2,431.5,1872.2,44.2,Polar,Coldwave,High
1716,2022-08-09,NOAA1007,Canada,33.6587,-78.9951,88.7,35.4,38.4,33.3,8.8,0.0,51,42.2,N,735.5,1017.3,0,10,32.2,Medium,5.44,117,22.9,64.7,400.5,1859.3,38.8,Arid,None,Low
1717,2020-02-19,NOAA1028,Mexico,40.0066,-99.8778,1948.9,6.8,11.9,0.1,15.9,0.0,45,16.0,SW,859.6,1017.3,0,10,28.9,Medium,2.53,108,24.4,48.0,410.2,1905.4,39.9,Continental,Rain,Low
1718,2022-03-11,NOAA1039,Canada,41.2517,-116.7076,533.9,9.5,14.1,5.5,12.2,0.0,55,25.2,NE,330.4,1012.1,88,3,31.1,Medium,3.01,106,28.5,49.3,425.3,1863.8,38.3,Arid,None,High
1719,2023-11-11,NOAA1025,USA,27.5451,-74.0257,782.4,14.4,17.6,10.6,8.7,0.0,48,39.4,S,185.3,1013.1,100,7,32.8,Medium,4.1,124,28.4,59.2,422.4,1833.8,45.2,Continental,Coldwave,High
1720,2024-02-15,NOAA1034,Canada,35.7164,-88.6261,2873.2,8.9,11.4,4.5,5.9,0.0,49,36.9,W,466.2,1010.9,19,7,30.9,Medium,1.52,127,29.8,60.1,430.8,1868.9,53.7,Continental,Coldwave,High
1721,2021-10-11,NOAA1029,Canada,26.2572,-68.8801,836.2,17.4,20.7,10.3,26.6,0.0,56,20.5,S,385.1,1037.5,85,10,39.5,Low,2.9,94,28.2,56.4,419.4,1929.0,38.5,Continental,Coldwave,Low
1722,2021-07-07,NOAA1000,Canada,25.9427,-88.1888,602.7,26.8,30.9,20.0,13.4,0.0,57,38.0,SW,415.1,1004.3,74,3,47.7,Medium,5.82,99,29.2,60.0,415.6,1891.6,36.7,Tropical,Fog,High
1723,2020-11-21,NOAA1013,Canada,43.6315,-117.2848,1092.6,13.2,20.5,5.3,12.4,0.0,57,44.5,E,782.1,1025.9,0,1,40.7,Medium,2.66,124,30.5,50.8,417.2,1866.3,39.4,Polar,None,Medium
1724,2021-04-24,NOAA1045,Canada,29.3591,-79.7912,1142.0,13.6,15.6,8.4,1.9,0.0,40,33.1,N,800.4,1009.5,42,8,33.0,High,2.47,105,31.5,53.2,423.2,1880.0,47.5,Tropical,Storm,Low
1725,2024-08-08,NOAA1040,Canada,33.1211,-113.2243,1764.9,23.1,27.0,16.7,20.5,0.0,54,25.1,NW,792.6,1015.7,56,1,41.6,Low,5.07,111,20.3,49.7,407.6,1960.2,52.6,Continental,None,Medium
1726,2024-05-31,NOAA1015,Canada,25.7533,-121.0997,833.3,22.1,27.6,15.7,32.2,0.0,61,30.4,S,813.4,1008.6,36,4,40.9,Low,4.19,96,19.3,52.1,412.6,1830.4,28.3,Continental,Heatwave,Low
1727,2024-11-26,NOAA1022,Canada,41.9889,-78.4005,2497.3,8.9,15.3,5.4,39.1,0.0,60,18.1,W,443.3,1030.6,67,3,38.6,Low,2.41,96,18.3,35.9,428.6,1934.8,33.5,Continental,Coldwave,Medium
1728,2024-12-12,NOAA1040,USA,31.0166,-82.6298,1813.1,-3.0,2.0,-6.0,10.6,4.1,48,13.1,E,165.7,1025.5,20,3,28.9,Medium,0.5,127,31.3,61.0,425.7,1945.8,28.1,Tropical,None,Medium
1729,2023-02-27,NOAA1000,Canada,41.7682,-116.9934,2583.5,4.8,7.6,-1.4,34.2,0.0,55,14.4,S,858.5,1008.5,33,6,37.2,Low,2.57,100,17.2,49.5,411.1,1932.9,53.4,Arid,None,High
1730,2022-08-09,NOAA1044,Canada,34.3741,-107.088,1253.1,30.0,35.5,26.6,6.5,0.0,58,5.6,NE,421.5,1014.0,94,5,38.5,Medium,5.81,129,32.6,63.1,414.3,1866.9,41.4,Continental,Heatwave,Medium
1731,2024-07-30,NOAA1046,Canada,34.2368,-74.9043,1442.0,42.4,46.8,37.0,28.2,0.0,66,7.4,SW,779.9,1012.2,17,10,45.2,Low,7.02,96,27.2,37.3,435.0,1904.2,44.8,Arid,None,Medium
1732,2023-03-19,NOAA1034,Mexico,36.8826,-116.3415,1674.9,6.1,11.0,3.2,22.9,0.0,67,17.5,S,213.4,1008.8,0,7,40.1,Low,2.31,105,26.2,46.8,417.6,1908.0,37.1,Polar,Rain,High
1733,2024-08-20,NOAA1029,Mexico,30.5718,-94.0074,2355.4,32.8,36.5,30.4,11.6,0.0,58,36.4,E,344.2,1030.3,55,4,41.9,Medium,5.41,98,24.7,45.3,423.7,1906.1,49.9,Temperate,Coldwave,High
1734,2021-01-23,NOAA1015,USA,44.6991,-72.8802,325.5,2.7,5.4,-4.5,8.3,0.0,57,13.3,N,420.4,994.4,32,9,40.4,Medium,1.09,127,26.1,48.5,427.8,1803.6,50.9,Arid,Storm,Low
1735,2023-03-12,NOAA1006,Canada,26.7957,-113.0071,1825.8,13.5,21.1,9.4,5.0,0.0,50,32.4,SE,353.9,1015.0,57,10,41.1,Medium,2.42,132,28.3,66.0,419.5,1811.0,42.7,Tropical,Storm,Medium
1736,2022-03-24,NOAA1039,Canada,48.361,-109.8958,2961.0,11.8,18.6,6.5,39.2,0.0,71,36.6,SW,668.5,1011.4,95,9,48.7,Low,2.27,94,21.7,48.9,410.8,1929.6,37.4,Arid,Fog,Medium
1737,2020-04-04,NOAA1038,Mexico,42.9993,-67.3884,2324.7,15.8,23.3,11.2,9.9,0.0,43,13.3,W,847.4,1011.1,39,11,29.6,Medium,3.78,105,28.4,52.9,420.7,1886.7,37.3,Polar,Storm,Low
1738,2022-06-02,NOAA1023,USA,36.6459,-90.3783,573.7,28.3,33.2,21.9,13.8,0.0,59,28.1,N,172.4,1019.1,0,3,43.8,Medium,6.11,122,29.7,55.2,415.2,1891.1,52.9,Temperate,Fog,High
1739,2021-10-02,NOAA1000,USA,37.9606,-86.3567,476.5,12.9,20.4,10.2,0.9,0.0,39,39.0,SW,609.6,1008.2,73,1,29.4,High,3.73,128,26.5,55.6,416.9,1890.1,37.4,Arid,Heatwave,High
1740,2021-01-09,NOAA1002,USA,34.3765,-99.7737,651.2,2.1,8.9,-3.5,2.3,0.0,40,44.4,SW,129.2,1021.3,19,5,23.0,High,0.58,110,27.7,62.3,414.8,1984.8,52.4,Temperate,Storm,Low
1741,2021-04-26,NOAA1041,Canada,32.5331,-70.1692,1785.9,9.3,14.5,5.6,1.7,0.0,37,30.9,E,149.0,1012.3,36,9,22.7,High,2.9,125,25.1,54.8,414.5,1897.9,42.0,Temperate,Fog,High
1742,2021-03-10,NOAA1011,Mexico,26.2986,-90.6973,2820.8,4.7,10.1,-2.0,12.0,0.0,49,3.1,S,315.9,1007.3,38,4,27.7,Medium,2.52,93,26.7,45.9,423.4,1877.5,43.3,Polar,Rain,Low
1743,2023-10-19,NOAA1044,Mexico,30.7966,-71.0689,2269.5,18.0,22.9,12.2,19.3,0.0,56,11.5,W,383.7,1020.8,32,8,37.6,Medium,3.58,113,23.7,59.3,421.1,1875.5,36.0,Arid,Storm,Medium
1744,2023-02-15,NOAA1018,Canada,47.5026,-113.7557,1168.9,3.3,7.9,-0.7,57.7,0.0,72,31.4,SE,738.9,1015.4,73,3,52.1,Low,0.85,50,18.9,40.4,426.7,1846.1,49.2,Arid,None,High
1745,2020-07-20,NOAA1016,USA,40.2781,-91.5445,1310.0,30.6,35.4,23.5,6.4,0.0,44,25.2,SW,503.4,1005.5,36,8,30.4,Medium,5.02,102,31.7,58.9,412.6,1922.8,46.9,Polar,None,Low
1746,2022-07-10,NOAA1044,Mexico,27.6314,-67.7754,1039.9,37.8,41.3,31.6,26.3,0.0,53,17.6,NW,634.4,1019.3,11,5,41.9,Low,5.84,83,22.6,50.3,422.7,1874.1,40.2,Tropical,None,High
1747,2022-03-12,NOAA1046,Mexico,32.8049,-118.936,11.6,4.1,7.8,0.6,4.8,0.0,57,18.9,SE,413.8,1019.4,37,5,35.3,High,0.94,126,29.7,52.7,413.4,1852.0,50.2,Tropical,Fog,High
1748,2020-01-16,NOAA1003,Canada,40.102,-114.5864,2667.6,-9.2,-4.6,-15.5,9.6,4.8,60,8.8,N,777.7,989.1,64,8,48.7,Medium,0.5,125,23.7,57.2,422.8,1847.5,35.6,Tropical,Rain,High
1749,2024-03-17,NOAA1013,USA,25.3424,-90.4839,2698.5,11.9,17.9,8.6,16.6,0.0,55,43.9,SW,511.6,1009.3,54,11,45.8,Medium,3.65,109,23.7,49.1,420.1,1901.5,30.4,Continental,None,Medium
1750,2020-12-05,NOAA1042,Canada,48.1342,-86.7093,724.0,-2.0,1.6,-6.5,6.5,4.3,55,9.9,S,756.0,1013.4,45,11,43.1,Medium,1.22,124,31.9,57.3,424.2,1875.4,37.7,Temperate,Storm,Medium
1751,2024-03-13,NOAA1047,USA,32.9895,-97.4643,1485.2,10.0,13.9,2.1,6.7,0.0,52,4.9,SW,186.6,1027.4,93,8,34.7,Medium,2.85,120,30.4,58.0,422.1,1842.0,32.3,Polar,Heatwave,Medium
1752,2024-06-04,NOAA1000,USA,43.8554,-87.4878,2307.4,24.8,32.4,18.6,7.6,0.0,52,21.3,SW,222.8,1002.0,72,7,40.2,Medium,4.75,105,24.0,57.5,437.1,1926.8,18.7,Tropical,Rain,Medium
1753,2020-07-08,NOAA1021,Canada,36.519,-90.4912,1104.8,34.5,40.8,29.8,12.8,0.0,50,7.6,NW,417.2,1001.9,5,5,28.1,Medium,5.46,119,24.9,44.7,425.1,1928.8,40.6,Polar,Heatwave,Low
1754,2023-01-21,NOAA1014,Canada,28.7261,-90.3508,428.2,4.6,6.7,-2.1,40.0,0.0,61,17.6,E,349.1,1008.8,85,4,44.4,Low,1.02,88,15.3,44.3,408.4,1883.8,32.4,Arid,Coldwave,Medium
1755,2020-09-29,NOAA1016,USA,36.0608,-99.3465,1939.2,25.8,31.3,21.8,4.5,0.0,54,27.9,NW,530.8,1005.4,27,11,45.8,High,4.46,131,27.9,61.5,419.3,1812.4,34.0,Temperate,None,Medium
1756,2022-11-01,NOAA1019,Canada,34.5817,-68.1091,1131.9,2.7,6.6,-2.7,46.4,0.0,66,20.6,N,644.0,1013.1,72,11,43.1,Low,1.44,90,15.0,40.4,421.4,1924.4,39.7,Arid,Fog,Low
1757,2022-12-20,NOAA1021,Mexico,29.3384,-79.1336,1281.5,0.5,5.9,-6.3,9.6,7.5,50,26.3,E,268.6,1019.5,99,3,32.2,Medium,1.54,105,27.5,57.8,414.8,1843.6,40.6,Arid,Fog,Medium
1758,2023-01-11,NOAA1045,USA,36.3658,-120.8734,2046.1,3.8,8.6,0.6,31.4,0.0,72,30.9,SE,302.7,1008.2,32,7,49.1,Low,0.78,95,18.2,53.4,424.2,1921.9,49.3,Polar,Fog,High
1759,2022-03-02,NOAA1034,USA,48.5277,-74.4049,1187.6,13.9,18.9,8.6,19.1,0.0,48,34.6,NW,854.1,1030.5,78,3,29.9,Medium,2.59,101,29.1,55.5,415.7,1864.0,35.4,Polar,Storm,Low
1760,2022-12-01,NOAA1039,Mexico,32.7762,-78.3999,688.6,-3.4,0.4,-5.7,20.4,11.2,60,25.2,SE,795.1,1023.4,69,4,42.7,Low,0.5,96,22.6,48.2,414.3,1889.5,21.3,Temperate,Rain,High
1761,2024-09-01,NOAA1031,Canada,39.4592,-79.2522,1894.9,30.9,36.6,24.1,5.1,0.0,44,5.9,E,228.0,1026.4,3,2,29.0,Medium,4.83,122,25.5,47.6,401.2,1934.6,48.5,Tropical,Rain,High
1762,2020-07-22,NOAA1009,USA,26.7567,-112.8937,2441.1,32.3,36.7,25.7,20.4,0.0,58,11.3,NE,332.9,1021.1,0,10,41.5,Low,5.0,115,20.4,44.7,416.3,1943.0,48.9,Polar,Coldwave,Medium
1763,2022-09-18,NOAA1002,USA,29.3904,-104.182,54.5,28.3,35.4,24.8,7.6,0.0,44,30.5,NW,488.8,1017.5,40,7,37.3,Medium,5.64,97,23.2,46.3,409.8,1837.9,39.0,Temperate,Fog,High
1764,2023-08-01,NOAA1029,Canada,45.8517,-75.955,2650.7,36.2,43.1,33.2,4.5,0.0,39,14.6,S,523.7,1018.4,32,4,31.8,High,6.45,130,25.0,66.0,421.3,1913.9,37.3,Arid,Storm,High
1765,2022-10-06,NOAA1027,Mexico,27.7665,-97.4838,1879.1,19.0,26.4,12.9,35.3,0.0,65,21.4,E,486.1,1011.1,68,3,52.0,Low,4.54,72,16.6,37.1,422.8,1981.5,46.0,Polar,None,High
1766,2024-01-29,NOAA1018,Mexico,42.1215,-87.4338,536.2,-1.8,1.4,-4.5,13.1,13.3,48,2.5,SW,788.9,1026.4,90,4,28.4,Medium,1.13,125,24.1,57.1,425.8,1950.4,40.8,Arid,Rain,High
1767,2022-07-12,NOAA1010,Canada,28.5413,-74.4701,2652.2,27.8,30.3,25.1,12.7,0.0,54,20.8,SW,680.4,1001.0,21,9,45.1,Medium,5.66,102,30.7,53.5,414.4,1885.7,49.1,Temperate,None,High
1768,2024-03-31,NOAA1025,Canada,37.1329,-117.5624,1299.0,4.1,11.6,-2.7,17.3,0.0,47,33.9,W,689.5,1012.9,76,1,27.8,Medium,0.81,99,25.7,58.8,417.5,1926.5,41.8,Tropical,Heatwave,Medium
1769,2021-04-23,NOAA1010,USA,25.9791,-91.3178,251.0,21.4,27.5,13.8,8.0,0.0,39,16.5,N,326.3,1011.7,86,1,25.1,Medium,3.6,130,25.8,47.5,425.6,1928.7,37.3,Arid,None,Medium
1770,2021-10-22,NOAA1000,Mexico,31.227,-105.7651,1643.2,16.5,21.0,11.6,13.2,0.0,52,4.7,NW,503.4,1016.7,55,8,38.2,Medium,2.57,91,27.3,57.9,410.7,1894.4,56.1,Temperate,Fog,Medium
1771,2022-03-15,NOAA1042,Canada,44.9387,-104.6347,1529.8,10.4,14.3,4.1,10.2,0.0,49,2.3,NW,822.2,1019.4,56,3,33.6,Medium,2.75,122,24.9,59.4,424.3,1908.6,38.7,Polar,Rain,High
1772,2020-02-22,NOAA1044,Mexico,46.7866,-116.5651,1083.0,-1.8,0.7,-4.7,21.8,16.5,51,13.0,W,816.3,1020.6,49,9,28.2,Low,1.5,85,23.2,42.7,419.4,1911.4,37.5,Temperate,Heatwave,Medium
1773,2020-05-11,NOAA1043,Canada,40.3129,-76.5805,2567.6,25.6,30.4,23.1,8.0,0.0,41,5.8,N,634.6,997.7,34,9,26.3,Medium,5.46,125,28.7,64.2,411.8,1905.5,51.2,Polar,Heatwave,Low
1774,2023-07-15,NOAA1010,Canada,44.907,-98.4736,1980.7,35.0,37.2,29.2,35.6,0.0,58,25.4,NE,852.0,1009.9,69,11,40.9,Low,6.41,76,17.1,47.3,423.5,1898.3,40.6,Arid,Storm,High
1775,2022-04-13,NOAA1044,Canada,36.1533,-100.2827,213.7,12.4,19.6,9.6,26.4,0.0,65,26.3,N,177.1,1021.7,4,10,40.0,Low,2.05,105,21.5,38.3,413.3,1940.0,41.2,Continental,Heatwave,Low
1776,2020-09-21,NOAA1042,USA,38.3229,-109.6598,2955.5,28.4,36.1,24.6,4.9,0.0,41,23.7,E,452.3,1010.5,84,3,25.9,High,4.64,109,24.4,65.9,411.3,1811.7,37.9,Polar,Fog,High
1777,2021-01-08,NOAA1017,Mexico,38.5367,-96.9648,707.2,5.7,12.0,0.7,4.8,0.0,54,44.1,E,595.5,1015.7,24,4,39.9,High,1.53,130,32.7,60.1,421.3,1980.3,49.4,Tropical,Fog,Medium
1778,2020-03-02,NOAA1015,Mexico,37.0727,-86.0392,586.3,13.2,18.8,8.0,36.8,0.0,76,34.9,S,527.0,1018.3,34,3,56.0,Low,2.48,103,18.1,46.1,420.4,1850.9,32.0,Continental,Fog,Medium
1779,2020-09-25,NOAA1038,USA,38.2738,-92.4871,1984.5,33.1,37.5,26.4,9.4,0.0,47,8.7,SE,366.8,996.4,28,4,38.6,Medium,6.75,119,29.0,46.4,404.1,1865.1,27.8,Temperate,Heatwave,Medium
1780,2021-02-02,NOAA1017,USA,27.8006,-84.6041,399.6,4.5,8.7,-1.6,13.3,0.0,49,13.0,SW,241.6,1015.4,53,4,32.7,Medium,2.27,124,27.2,47.0,428.9,1897.2,29.9,Tropical,Rain,Medium
1781,2022-07-29,NOAA1018,Canada,31.3923,-103.305,2149.8,31.7,38.1,24.4,9.1,0.0,41,42.6,SE,316.7,1022.1,37,3,22.0,Medium,4.97,116,25.4,57.0,423.6,1942.9,42.1,Arid,Coldwave,Medium
1782,2022-09-06,NOAA1018,USA,43.3674,-119.38,1662.6,27.2,33.5,24.1,22.1,0.0,68,28.9,S,402.9,1017.1,64,2,54.0,Low,4.23,89,20.7,57.1,424.4,1953.1,40.1,Arid,Heatwave,High
1783,2023-06-04,NOAA1016,Mexico,34.2975,-113.8521,1788.7,24.9,29.9,20.2,15.5,0.0,49,12.9,SE,358.6,1010.2,83,10,36.2,Medium,5.5,112,28.8,53.6,409.5,1919.3,51.8,Temperate,Storm,Low
1784,2024-10-15,NOAA1003,Canada,32.586,-117.2039,1105.8,20.0,27.7,17.5,23.9,0.0,49,24.7,S,484.1,1017.7,72,3,41.0,Low,4.8,84,22.4,47.4,418.2,1875.9,39.9,Polar,Rain,Medium
1785,2021-10-26,NOAA1004,USA,42.3812,-118.768,753.0,24.9,32.8,17.5,15.8,0.0,50,12.3,NW,528.1,1002.2,87,7,42.0,Medium,4.35,92,30.9,54.8,429.8,1882.7,37.0,Arid,Fog,Medium
1786,2020-01-28,NOAA1026,Mexico,42.8427,-101.8124,2176.2,0.7,5.0,-6.5,13.9,12.5,56,12.4,NW,830.5,1014.0,77,2,45.3,Medium,0.5,95,26.7,52.9,421.4,1919.3,43.6,Temperate,Heatwave,Medium
1787,2020-01-19,NOAA1004,Canada,35.5065,-104.0502,27.0,3.4,6.0,0.4,9.5,0.0,53,2.1,SE,165.1,994.3,5,1,43.7,Medium,2.03,106,31.7,54.9,427.7,1871.1,42.5,Polar,Coldwave,High
1788,2022-05-01,NOAA1014,Mexico,28.2079,-71.2463,180.2,24.2,28.5,21.7,6.3,0.0,54,34.1,S,212.8,1012.4,4,8,39.7,Medium,5.16,126,28.5,52.1,414.9,1811.0,41.0,Temperate,None,High
1789,2020-05-18,NOAA1005,Canada,45.1155,-116.2243,1176.8,26.8,32.6,23.5,16.5,0.0,53,23.0,SE,664.4,1010.1,68,7,30.2,Medium,5.98,111,22.6,55.8,432.5,2017.8,42.0,Arid,Fog,High
1790,2023-12-22,NOAA1017,Canada,48.4069,-86.3972,2092.6,-0.7,2.6,-7.2,18.6,9.8,65,34.9,E,574.4,1010.9,3,6,42.5,Medium,0.85,116,27.0,52.7,423.8,1983.8,27.7,Polar,Rain,Medium
1791,2022-06-27,NOAA1001,Canada,32.4852,-88.3331,121.1,35.0,40.5,29.4,11.3,0.0,54,33.4,NE,353.2,1012.3,98,5,42.9,Medium,5.71,96,31.9,51.2,426.5,1947.1,29.8,Continental,Fog,Low
1792,2024-11-26,NOAA1033,Canada,43.42,-87.9376,1856.9,11.9,19.7,7.3,1.6,0.0,39,2.6,W,269.2,1012.3,39,11,26.8,High,3.62,104,33.7,55.7,418.5,1878.9,40.5,Temperate,Rain,Low
1793,2020-04-26,NOAA1032,Canada,28.1087,-114.5839,410.3,19.6,23.5,13.7,21.3,0.0,49,41.3,N,801.2,1008.1,16,5,31.8,Low,3.53,115,23.2,55.1,412.9,1869.1,23.8,Tropical,Storm,Medium
1794,2022-02-03,NOAA1021,USA,44.2265,-87.4681,1411.9,3.7,8.4,-2.7,11.7,0.0,49,27.4,N,758.4,1003.5,92,7,41.0,Medium,2.41,113,26.7,48.6,428.0,1907.5,36.2,Arid,Coldwave,High
1795,2024-06-24,NOAA1046,Mexico,28.713,-119.6652,511.6,26.3,30.3,19.4,4.6,0.0,48,25.7,S,435.4,1032.2,75,11,26.4,High,5.26,120,31.6,64.7,425.2,1930.8,38.9,Continental,Coldwave,High
1796,2020-12-24,NOAA1017,Mexico,41.4557,-75.6922,1284.3,4.4,11.7,1.1,16.0,0.0,63,28.8,NW,303.8,1001.7,74,10,46.0,Medium,0.94,103,27.6,48.8,412.6,1873.2,32.8,Temperate,Heatwave,Low
1797,2020-04-30,NOAA1016,USA,33.2197,-83.2736,2824.0,15.0,18.7,10.5,14.1,0.0,60,33.8,NW,811.2,1011.3,28,9,39.5,Medium,3.66,102,28.2,55.1,427.8,1950.8,37.2,Continental,Heatwave,High
1798,2021-05-22,NOAA1010,Mexico,31.8237,-119.9916,392.5,19.5,24.1,16.5,6.8,0.0,49,13.7,SW,212.6,1018.2,50,4,29.6,Medium,4.7,102,24.0,58.6,420.7,1917.4,34.9,Polar,Heatwave,Low
1799,2022-07-08,NOAA1033,USA,40.617,-72.5898,2989.8,34.3,41.7,31.2,21.1,0.0,51,11.4,N,329.5,1007.8,91,10,28.8,Low,5.32,107,20.2,44.4,424.4,1975.9,53.1,Tropical,None,High
1800,2024-07-27,NOAA1018,Canada,27.0841,-86.944,749.4,32.8,38.7,25.6,6.4,0.0,49,4.3,E,641.6,1002.5,80,10,41.0,Medium,5.09,128,32.5,57.6,423.6,1824.9,24.8,Tropical,Fog,Low
1801,2020-03-05,NOAA1015,Canada,36.6525,-68.3429,2795.4,3.1,8.1,-1.6,17.8,0.0,63,21.9,SE,782.6,1016.5,43,8,42.1,Medium,1.18,106,23.9,58.8,404.2,1883.5,47.6,Tropical,Storm,High
1802,2020-08-14,NOAA1021,Mexico,31.0028,-103.581,2217.2,31.1,33.8,23.7,4.4,0.0,56,8.0,SE,559.4,993.6,47,4,35.0,High,4.76,108,25.8,52.8,412.9,1967.8,40.5,Temperate,Rain,Medium
1803,2023-10-22,NOAA1019,Mexico,37.4805,-104.8274,2356.4,15.3,20.1,12.4,10.9,0.0,43,12.8,W,210.9,1025.9,54,1,28.3,Medium,2.86,100,25.5,64.5,417.6,1922.9,43.9,Arid,Storm,High
1804,2022-09-04,NOAA1010,USA,47.3811,-72.4453,1260.2,25.9,29.6,18.0,9.8,0.0,53,33.6,S,628.7,1010.4,58,10,36.4,Medium,3.99,113,23.1,56.4,426.1,1871.0,46.4,Continental,Rain,Medium
1805,2020-12-09,NOAA1010,USA,42.7726,-79.826,1083.7,-1.6,4.1,-6.3,8.0,15.4,40,8.9,E,529.6,1001.4,67,9,29.6,Medium,0.5,116,31.3,53.2,414.7,1845.8,34.8,Temperate,Heatwave,High
1806,2024-01-25,NOAA1039,Mexico,26.6133,-83.7085,1751.9,-0.3,3.6,-7.2,0.8,13.1,45,14.6,S,446.0,1011.4,98,6,25.8,High,1.6,104,25.1,51.1,421.5,1952.8,40.7,Arid,Rain,Medium
1807,2024-11-22,NOAA1047,Mexico,34.0163,-93.3143,990.7,7.5,12.5,5.4,14.9,0.0,47,5.0,NW,709.7,1008.5,76,11,30.4,Medium,1.22,109,25.0,61.3,424.2,1880.3,46.0,Polar,Fog,Low
1808,2022-05-17,NOAA1009,Mexico,47.8733,-72.4892,2228.7,15.3,22.7,9.1,10.9,0.0,56,4.5,S,632.8,1017.7,59,8,45.6,Medium,2.36,125,24.7,58.6,426.3,1931.1,37.6,Continental,None,High
1809,2021-05-23,NOAA1026,USA,30.3174,-107.0099,2239.6,20.3,25.8,17.5,17.0,0.0,48,31.5,NE,408.3,1028.7,34,6,33.3,Medium,4.73,119,24.2,54.5,421.4,1827.0,43.6,Polar,Fog,High
1810,2024-11-24,NOAA1008,Mexico,43.1066,-96.0765,2697.3,12.1,16.1,9.6,12.6,0.0,48,17.3,N,438.3,1032.0,50,9,40.6,Medium,1.96,114,29.3,45.9,418.2,1861.5,24.7,Arid,Storm,Medium
1811,2023-10-19,NOAA1005,Canada,34.95,-67.8115,2674.5,10.6,18.5,5.2,14.4,0.0,56,20.1,SE,410.4,1008.7,52,11,31.4,Medium,2.73,113,24.5,56.7,430.7,1869.0,34.4,Temperate,None,Low
1812,2021-02-28,NOAA1021,Canada,48.6197,-113.3202,782.4,2.4,6.6,-0.0,41.6,0.0,77,8.4,W,585.6,1011.7,8,10,48.0,Low,2.26,90,23.6,38.2,425.6,1869.6,41.0,Arid,Coldwave,High
1813,2024-12-01,NOAA1037,Canada,38.2827,-94.0411,1713.2,-7.4,-0.4,-13.2,3.8,19.8,49,33.8,NE,557.3,1007.0,28,1,31.9,High,0.5,104,26.6,52.2,413.3,1825.3,52.7,Polar,Rain,Low
1814,2024-04-09,NOAA1036,Mexico,26.8859,-109.7249,705.2,13.1,20.7,10.3,16.0,0.0,55,14.1,N,188.5,1017.8,49,4,46.1,Medium,3.47,94,26.7,52.0,424.9,1948.9,39.6,Continental,Rain,Medium
1815,2023-10-29,NOAA1001,Mexico,33.7077,-104.2838,2436.9,14.8,16.8,8.1,8.6,0.0,60,9.5,N,430.6,1020.4,44,7,41.5,Medium,3.5,118,27.8,53.2,410.2,1934.6,37.4,Polar,Fog,Medium
1816,2020-12-06,NOAA1033,Canada,44.2093,-123.8936,893.9,-0.4,1.7,-8.2,7.2,0.7,58,38.8,E,475.0,1013.7,2,4,44.6,Medium,0.56,130,24.9,55.3,423.7,1855.0,47.5,Continental,Rain,High
1817,2024-06-13,NOAA1008,Mexico,42.3911,-79.1383,2517.2,36.6,39.1,31.3,7.4,0.0,49,31.7,E,110.3,1002.2,31,9,26.4,Medium,7.18,118,28.2,66.0,422.5,1891.5,41.8,Tropical,Fog,Low
1818,2023-02-25,NOAA1012,Mexico,48.2265,-74.1466,2130.5,5.7,8.3,-1.9,16.6,0.0,54,23.6,NE,473.3,1007.8,77,1,42.8,Medium,1.27,113,25.1,49.6,432.9,1852.1,27.4,Continental,Fog,High
1819,2023-06-16,NOAA1030,USA,37.1708,-86.9475,475.1,26.4,34.1,22.4,4.3,0.0,46,24.2,SW,108.1,1002.8,25,11,32.1,High,4.06,111,30.6,59.9,418.4,1956.4,44.4,Temperate,Rain,Medium
1820,2022-01-09,NOAA1022,Mexico,41.5239,-86.0212,323.0,-1.1,2.1,-7.4,9.4,14.8,46,7.4,NW,862.3,1009.0,42,7,31.4,Medium,0.5,116,23.1,61.4,419.9,1857.7,44.1,Tropical,None,Medium
1821,2022-04-04,NOAA1029,Mexico,26.4781,-78.9879,377.4,9.3,16.4,4.9,1.1,0.0,51,8.5,S,736.4,1000.1,77,2,35.7,High,1.71,135,27.1,59.5,422.1,1888.5,37.7,Tropical,None,High
1822,2020-05-31,NOAA1007,Canada,39.0904,-98.8221,1241.0,23.7,29.1,20.2,36.1,0.0,66,33.2,W,785.7,1019.1,56,7,51.6,Low,3.83,78,25.6,46.0,429.4,1939.4,42.5,Continental,None,High
1823,2023-09-04,NOAA1042,Canada,42.0024,-91.8775,2443.8,25.6,32.9,17.9,6.6,0.0,48,26.2,S,564.3,1014.2,37,4,36.3,Medium,5.33,114,30.8,53.1,424.3,1828.9,38.1,Continental,Heatwave,Medium
1824,2020-06-06,NOAA1034,Mexico,45.2618,-104.4341,1019.8,27.5,34.2,19.8,5.9,0.0,45,41.4,NE,658.0,1021.5,76,6,35.0,Medium,5.61,131,25.4,66.0,422.1,1887.4,47.2,Polar,Fog,High
1825,2024-02-27,NOAA1048,Mexico,43.1588,-102.1335,45.8,3.6,6.3,-3.1,22.0,0.0,59,5.7,NW,124.6,1012.9,49,2,42.3,Low,1.19,97,23.6,53.1,425.6,1904.9,31.3,Continental,Coldwave,Low
1826,2022-06-16,NOAA1000,Mexico,28.3565,-72.5643,2709.5,22.3,29.9,16.0,14.5,0.0,47,25.7,NE,854.8,1008.7,20,1,37.0,Medium,4.5,117,25.3,52.3,415.7,1916.9,29.8,Tropical,Heatwave,Low
1827,2020-02-05,NOAA1041,Canada,30.3651,-79.8623,1509.9,2.1,10.0,-2.2,5.7,0.0,44,20.1,N,468.0,1016.6,12,10,32.9,Medium,0.5,124,30.2,53.7,413.9,1860.8,38.9,Arid,Rain,High
1828,2022-04-15,NOAA1030,USA,32.6235,-101.7077,1351.8,20.7,26.3,18.2,13.3,0.0,57,12.8,N,572.3,1009.5,95,6,36.2,Medium,3.96,126,28.2,53.3,420.3,1909.2,43.4,Tropical,Fog,High
1829,2020-04-12,NOAA1033,Mexico,35.2901,-116.9028,2549.5,9.6,13.6,1.7,4.0,0.0,48,7.9,E,437.9,1003.7,53,3,30.7,High,3.41,133,32.9,61.7,423.9,1984.3,47.1,Polar,Storm,High
1830,2020-04-15,NOAA1000,USA,43.7099,-101.992,2495.9,15.6,21.3,10.8,13.4,0.0,52,33.5,N,120.5,1008.8,74,11,29.3,Medium,4.12,93,26.2,53.7,424.5,1871.2,45.1,Arid,Storm,Medium
1831,2022-06-22,NOAA1040,Canada,42.4831,-107.8657,2533.6,24.0,30.5,20.6,15.2,0.0,51,26.7,N,543.6,995.6,35,2,31.1,Medium,4.75,109,30.7,50.0,420.0,1877.7,42.2,Temperate,Coldwave,Low
1832,2020-10-20,NOAA1012,USA,33.4037,-116.8264,1980.9,21.4,27.2,15.5,7.3,0.0,42,32.5,SW,604.2,1000.7,13,2,36.9,Medium,4.38,99,25.1,53.4,418.3,1879.4,33.8,Arid,Fog,Low
1833,2023-03-29,NOAA1010,Mexico,38.8579,-120.406,544.3,6.5,11.9,0.8,7.7,0.0,48,33.7,N,683.0,1008.3,29,3,29.6,Medium,2.06,125,29.9,65.9,414.8,1869.7,38.2,Continental,Heatwave,Low
1834,2023-07-19,NOAA1010,Mexico,37.5661,-70.5387,2688.8,31.7,38.7,24.3,10.3,0.0,53,35.6,S,113.4,1022.3,27,10,38.9,Medium,6.7,129,24.6,54.1,430.0,1911.8,42.7,Arid,Fog,High
1835,2023-08-29,NOAA1001,Mexico,27.3981,-112.7965,716.5,31.0,37.1,25.6,10.8,0.0,47,10.8,NW,664.5,1012.7,23,7,36.9,Medium,5.13,104,31.1,54.0,420.1,1899.7,31.0,Arid,Storm,High
1836,2020-06-12,NOAA1020,USA,30.3391,-76.9805,316.3,22.2,29.1,17.1,12.4,0.0,59,4.4,NW,763.4,1011.1,51,8,41.2,Medium,4.52,127,27.4,46.5,419.4,1885.7,39.3,Temperate,Rain,Low
1837,2020-11-15,NOAA1028,Canada,44.2919,-108.6205,1072.6,7.7,13.4,0.3,8.5,0.0,56,12.2,N,267.4,1007.3,1,7,38.2,Medium,2.21,103,28.8,58.6,406.6,1881.1,31.4,Arid,Coldwave,Medium
1838,2023-09-18,NOAA1024,Canada,33.1985,-73.8147,192.4,25.1,32.6,21.4,16.9,0.0,50,38.2,NW,858.4,999.7,89,6,28.5,Medium,5.26,108,23.1,48.7,419.2,1980.9,37.3,Tropical,Storm,Medium
1839,2024-01-12,NOAA1019,Mexico,44.461,-77.0549,1595.5,-2.1,5.8,-6.0,6.2,14.4,47,30.2,N,665.8,1009.4,66,6,40.1,Medium,1.21,104,31.6,53.2,419.2,1964.5,34.4,Continental,Heatwave,Low
1840,2024-05-31,NOAA1034,Canada,26.7896,-97.783,860.5,22.2,26.7,14.2,34.0,0.0,62,29.9,N,628.8,1015.2,96,9,35.5,Low,4.55,83,21.5,37.2,426.9,1851.7,45.5,Temperate,Coldwave,Low
1841,2021-06-14,NOAA1020,Mexico,26.4528,-80.7141,960.1,19.5,27.2,17.2,10.9,0.0,54,41.6,S,697.2,1028.2,44,7,33.0,Medium,3.41,107,30.0,56.1,420.9,1895.7,49.2,Tropical,Storm,High
1842,2024-12-18,NOAA1008,Canada,43.4634,-98.232,1017.0,0.5,4.4,-6.8,17.8,6.7,56,22.2,E,421.9,1019.9,68,9,31.3,Medium,1.35,97,30.2,61.0,422.9,1911.7,46.4,Tropical,Heatwave,Low
1843,2022-02-12,NOAA1042,Mexico,42.9386,-101.788,482.1,-5.2,2.4,-10.3,16.8,12.6,48,26.9,NW,866.9,1022.1,32,8,32.3,Medium,0.83,101,27.1,42.1,413.3,1993.5,45.5,Polar,Storm,High
1844,2021-07-25,NOAA1035,Canada,43.0504,-84.3813,1239.6,32.7,35.3,24.8,12.4,0.0,57,10.1,NE,737.2,1026.4,19,3,43.5,Medium,6.81,97,29.6,58.1,424.5,1916.0,41.9,Tropical,Fog,Low
1845,2020-10-12,NOAA1048,Mexico,25.0234,-70.4749,2996.6,15.1,19.5,11.0,13.0,0.0,58,31.5,S,794.0,1011.8,12,9,38.4,Medium,2.95,109,22.4,54.3,407.8,1901.4,34.3,Tropical,Storm,High
1846,2022-12-21,NOAA1005,Canada,43.3797,-121.0835,696.7,0.1,4.5,-2.1,12.1,18.1,49,8.8,E,444.9,1014.8,24,6,37.0,Medium,1.76,92,25.1,52.9,408.5,1977.2,39.2,Polar,Heatwave,Medium
1847,2022-06-26,NOAA1027,Mexico,39.0211,-99.1089,417.8,27.4,30.6,20.7,5.6,0.0,41,36.1,N,519.6,1028.2,22,9,27.2,Medium,5.18,123,26.5,59.7,420.4,1865.9,46.8,Arid,Heatwave,Medium
1848,2020-04-13,NOAA1034,USA,30.0616,-91.1327,2553.1,15.5,20.8,12.4,27.4,0.0,67,27.7,S,416.0,1011.1,85,4,45.2,Low,2.48,89,20.6,53.3,428.4,1912.4,52.9,Arid,Heatwave,Low
1849,2020-07-30,NOAA1010,Mexico,34.4592,-73.1468,1542.4,35.8,37.9,28.1,9.2,0.0,55,32.1,W,349.3,1005.9,6,9,43.7,Medium,5.94,126,25.5,47.0,418.0,1885.6,47.5,Temperate,Heatwave,Low
1850,2021-06-04,NOAA1045,USA,45.6027,-85.2507,686.2,30.6,33.2,24.3,15.7,0.0,64,31.7,W,429.6,1025.1,98,7,43.7,Medium,6.56,98,26.3,49.4,423.1,1906.4,52.9,Arid,Storm,Low
1851,2021-08-17,NOAA1034,Mexico,32.951,-88.9267,2779.3,35.4,43.1,32.5,21.3,0.0,47,40.5,SW,160.8,1007.4,13,11,24.9,Low,5.93,110,20.5,47.0,430.0,1897.8,38.5,Continental,Fog,Low
1852,2024-02-24,NOAA1011,Canada,46.3842,-107.1169,1773.4,2.5,8.3,-2.2,12.7,0.0,43,28.3,SW,259.4,1017.0,81,10,23.8,Medium,2.02,116,30.7,46.3,407.0,1895.5,41.1,Arid,Storm,Low
1853,2020-02-18,NOAA1024,Mexico,36.7986,-92.9722,958.3,1.8,6.6,-5.8,11.6,17.0,54,8.3,NE,444.5,1013.8,7,3,44.4,Medium,0.82,106,29.8,55.6,414.0,1867.3,33.6,Arid,Storm,High
1854,2021-06-04,NOAA1029,USA,44.2061,-87.3924,45.9,29.0,33.8,26.0,29.8,0.0,52,24.2,N,235.1,1016.8,84,11,28.8,Low,5.04,76,26.0,43.8,421.2,1927.5,27.4,Temperate,Storm,High
1855,2021-11-26,NOAA1014,Mexico,29.7808,-117.0426,2291.9,5.4,8.9,-0.0,37.4,0.0,64,15.6,S,688.4,1013.0,8,3,45.8,Low,2.41,102,22.6,37.2,423.2,1875.7,21.1,Polar,Rain,Low
1856,2020-01-12,NOAA1032,Mexico,46.6112,-119.8832,2358.4,2.6,5.7,-2.5,25.9,0.0,55,39.0,SW,211.0,1010.2,56,7,39.3,Low,0.63,89,22.7,45.7,420.2,1872.7,48.9,Arid,None,Medium
1857,2024-04-03,NOAA1030,Mexico,30.4714,-83.39,835.7,21.7,29.2,19.3,12.0,0.0,43,40.2,S,290.9,1010.3,31,3,27.9,Medium,4.74,103,26.9,56.0,411.1,1872.0,30.7,Tropical,Rain,High
1858,2021-04-16,NOAA1018,Canada,26.1345,-71.9822,2846.4,10.9,18.7,3.9,5.4,0.0,54,22.7,W,383.8,1017.1,26,10,39.1,Medium,2.17,134,31.2,62.0,427.5,1875.1,29.3,Temperate,Rain,Low
1859,2020-02-23,NOAA1026,Mexico,31.1118,-118.5264,1669.9,16.1,22.0,9.1,23.2,0.0,64,27.4,N,512.3,1019.2,2,6,52.4,Low,3.92,98,28.6,48.6,418.2,1964.2,36.9,Continental,Fog,Low
1860,2021-11-16,NOAA1001,Canada,27.83,-116.8603,634.2,-1.5,3.4,-4.1,6.1,12.3,56,22.8,S,305.7,1002.1,73,4,40.3,Medium,1.16,128,24.7,65.7,418.3,1861.5,39.6,Temperate,None,Low
1861,2023-12-25,NOAA1022,Canada,37.669,-73.2891,2063.4,4.8,12.3,-0.4,26.5,0.0,58,16.2,NW,703.4,1028.9,61,5,45.1,Low,1.92,103,22.1,36.8,434.0,1928.0,26.6,Tropical,Rain,Medium
1862,2022-02-14,NOAA1049,Canada,45.4288,-78.6891,789.9,-4.2,-1.3,-9.5,8.4,10.9,41,10.3,SE,500.9,1006.8,19,6,34.1,Medium,0.5,130,29.7,57.5,415.0,1991.0,47.5,Arid,None,Medium
1863,2021-03-18,NOAA1015,Canada,27.8072,-122.9618,1187.8,3.8,10.4,-0.2,35.7,0.0,74,43.9,SW,205.9,1012.3,55,7,52.8,Low,2.46,72,18.2,47.0,430.1,1898.7,42.1,Continental,Rain,Medium
1864,2022-08-20,NOAA1004,Canada,32.5624,-109.0874,1942.6,28.2,30.6,24.2,14.9,0.0,59,23.0,S,225.4,1001.5,65,4,45.4,Medium,4.67,103,30.8,57.8,437.5,1852.7,41.8,Arid,Rain,High
1865,2022-01-20,NOAA1047,Mexico,46.1793,-101.3635,1565.8,-6.0,-0.8,-10.1,9.6,3.6,44,36.6,NW,803.7,1003.8,37,1,24.3,Medium,0.5,126,31.0,51.3,429.0,1910.6,45.1,Arid,Storm,High
1866,2022-09-29,NOAA1043,Mexico,35.7887,-97.5969,826.4,27.2,32.7,21.5,46.3,0.0,68,26.8,W,467.1,1014.5,8,10,44.6,Low,5.73,82,23.2,33.6,425.0,1900.6,41.5,Continental,Heatwave,Low
1867,2023-06-02,NOAA1006,USA,40.9198,-79.921,752.5,27.0,31.1,23.8,14.6,0.0,55,40.6,NE,838.0,1019.0,66,1,35.2,Medium,4.27,121,31.0,49.0,425.7,1870.8,45.8,Polar,Fog,Medium
1868,2024-12-28,NOAA1002,Canada,45.5317,-72.0213,2415.4,6.0,13.4,1.0,4.8,0.0,43,36.1,NW,629.4,990.7,8,11,33.6,High,2.81,106,27.7,57.7,419.3,1945.6,29.1,Tropical,Rain,Medium
1869,2021-05-21,NOAA1048,USA,27.8492,-108.9697,2577.0,23.6,28.2,18.3,7.5,0.0,48,32.7,NW,846.4,1016.0,14,3,31.8,Medium,5.16,107,28.6,47.6,422.5,1844.1,31.0,Tropical,Coldwave,Low
1870,2020-12-06,NOAA1048,Mexico,39.971,-75.6717,1526.7,-0.5,7.0,-3.5,13.6,11.5,58,31.0,NE,599.6,1005.2,51,1,42.8,Medium,0.51,113,28.4,54.4,427.8,1918.0,54.0,Arid,Storm,Low
1871,2022-08-10,NOAA1003,Mexico,44.0752,-111.7732,2697.6,36.7,39.9,31.5,10.1,0.0,48,17.8,W,876.8,1000.3,2,8,38.7,Medium,6.38,110,25.0,59.1,426.7,1908.0,28.8,Temperate,Storm,High
1872,2021-09-17,NOAA1000,USA,42.9123,-108.5115,2353.0,15.7,19.9,13.4,4.8,0.0,37,12.3,NE,140.7,1011.2,54,5,33.4,High,2.44,131,25.4,55.8,420.8,1861.6,26.0,Tropical,Rain,High
1873,2023-02-24,NOAA1042,Canada,42.9798,-106.5863,1360.4,2.2,5.4,-1.4,10.3,0.0,57,44.8,NW,560.6,1009.2,94,10,34.3,Medium,2.06,101,30.4,57.7,433.7,1850.5,43.1,Polar,Heatwave,High
1874,2021-02-03,NOAA1026,Mexico,44.7762,-105.6629,827.6,10.0,16.4,5.8,23.0,0.0,61,40.8,NW,769.1,1024.5,89,11,50.2,Low,1.99,112,28.3,56.7,414.2,1907.7,45.1,Arid,Rain,High
1875,2024-03-05,NOAA1022,Mexico,42.1347,-120.8568,1290.5,7.8,14.6,3.0,19.0,0.0,50,26.0,SE,671.8,1002.6,0,11,28.7,Medium,1.75,100,27.3,45.6,421.0,1843.8,47.3,Tropical,Storm,Medium
1876,2024-06-12,NOAA1002,Canada,27.902,-72.6783,1227.0,30.4,34.8,25.4,20.0,0.0,48,17.1,NW,721.1,1017.0,0,8,27.4,Low,4.87,113,25.8,54.1,411.4,1859.4,35.2,Continental,None,Medium
1877,2022-05-30,NOAA1047,Canada,25.2225,-74.2193,2283.2,23.6,26.7,17.4,17.4,0.0,51,8.8,N,650.0,1004.0,26,9,36.5,Medium,3.74,113,25.3,44.0,414.0,1900.2,47.2,Tropical,Heatwave,Low
1878,2020-10-21,NOAA1019,USA,47.8181,-101.4128,2952.1,13.1,16.5,10.7,41.7,0.0,71,23.9,W,318.2,1000.4,61,3,47.1,Low,2.07,81,18.4,38.5,411.0,1947.6,54.0,Polar,Rain,High
1879,2020-04-01,NOAA1027,Mexico,25.5146,-84.4588,322.5,12.9,19.2,6.7,9.1,0.0,46,3.4,E,414.3,1027.5,8,4,28.3,Medium,3.34,125,25.0,62.8,410.4,1870.9,35.1,Tropical,Fog,Low
1880,2024-07-28,NOAA1024,Canada,35.4502,-68.702,859.5,19.8,21.8,16.4,14.3,0.0,56,29.3,S,225.4,1017.3,83,2,42.3,Medium,3.79,107,23.6,47.3,408.4,1892.4,42.3,Tropical,Coldwave,High
1881,2022-06-08,NOAA1029,Mexico,40.9727,-103.1555,2668.4,29.3,32.7,21.5,15.0,0.0,46,3.4,SW,462.5,1023.6,23,2,27.8,Medium,5.95,118,29.8,57.6,425.9,1908.2,44.8,Polar,Heatwave,Medium
1882,2021-12-31,NOAA1023,USA,34.8103,-106.0277,90.5,1.8,3.9,-4.6,15.3,13.3,54,44.2,N,391.3,995.3,20,10,44.9,Medium,0.5,114,26.5,60.1,426.5,1933.1,46.7,Arid,Storm,Low
1883,2020-09-16,NOAA1021,Mexico,39.0803,-76.2698,2901.9,25.2,30.5,20.6,1.2,0.0,41,9.5,SW,549.1,1013.3,76,3,34.7,High,4.27,130,24.9,57.1,417.5,1900.8,44.7,Tropical,Storm,High
1884,2021-12-09,NOAA1023,USA,36.5816,-80.6022,1762.1,-5.2,1.3,-11.4,26.6,7.3,52,39.2,SE,479.7,1002.4,66,5,37.8,Low,0.5,89,22.9,40.7,413.8,1886.1,48.0,Arid,Storm,High
1885,2023-08-16,NOAA1042,USA,39.9859,-95.9268,2063.2,29.8,32.5,22.2,11.5,0.0,41,19.9,NE,417.4,1009.5,87,7,21.9,Medium,4.77,120,29.8,49.2,407.3,1905.0,35.0,Tropical,Rain,High
1886,2024-06-07,NOAA1049,Canada,25.939,-85.439,284.3,26.0,33.9,23.4,35.3,0.0,64,24.7,NE,234.3,1012.5,92,8,38.0,Low,5.02,86,16.6,49.2,410.3,1925.9,40.3,Polar,Fog,Medium
1887,2021-05-19,NOAA1049,Canada,38.2913,-80.4344,2593.6,22.7,29.1,16.3,7.3,0.0,53,7.1,E,815.4,1021.6,65,2,36.9,Medium,5.26,112,23.3,46.6,420.4,1853.1,50.4,Temperate,Storm,High
1888,2023-01-14,NOAA1038,USA,32.9128,-86.7001,2967.8,4.7,7.0,2.0,3.0,0.0,54,2.7,SE,326.1,1008.8,3,6,45.7,High,1.81,109,31.2,66.4,399.4,1917.8,39.7,Arid,Heatwave,High
1889,2021-03-29,NOAA1041,Mexico,42.2958,-86.5344,2431.1,15.4,20.9,13.2,17.6,0.0,55,9.9,NE,722.3,1021.2,8,2,37.1,Medium,3.14,106,24.8,59.0,419.0,1889.9,43.1,Temperate,Rain,Medium
1890,2022-05-30,NOAA1027,Canada,28.4605,-117.4591,2117.0,21.9,28.2,17.8,3.4,0.0,51,24.5,SE,417.2,1022.1,20,1,35.0,High,4.9,133,32.4,64.0,409.4,1938.6,45.8,Arid,Coldwave,High
1891,2024-01-23,NOAA1038,USA,45.3336,-101.8388,2585.9,-7.1,-4.2,-10.6,32.2,1.6,64,38.3,W,395.6,1024.8,87,6,44.7,Low,0.74,79,24.5,41.7,425.8,1952.1,30.5,Continental,Coldwave,High
1892,2020-07-16,NOAA1001,Canada,48.5194,-88.4536,2548.1,27.6,31.4,20.0,6.5,0.0,44,26.5,W,332.6,1028.9,12,7,27.1,Medium,4.22,122,24.8,61.2,421.9,1926.2,27.8,Polar,Storm,Low
1893,2024-06-14,NOAA1049,USA,45.3285,-122.6909,2988.5,36.5,44.5,29.1,4.3,0.0,41,44.1,NW,408.4,1020.0,12,3,27.3,High,7.26,123,32.1,66.5,425.0,1864.9,31.5,Arid,Heatwave,Medium
1894,2021-10-18,NOAA1025,USA,37.0956,-123.2407,968.7,22.1,27.1,16.6,27.4,0.0,68,15.4,N,514.5,1005.5,47,5,49.7,Low,5.17,86,24.9,45.8,432.8,1841.7,35.0,Polar,Storm,High
1895,2023-01-22,NOAA1007,Mexico,29.1276,-99.2979,1149.2,2.9,7.2,-0.3,6.3,0.0,54,17.9,W,748.2,1021.9,58,7,40.8,Medium,0.71,124,28.8,48.5,417.6,1867.4,46.5,Tropical,Heatwave,Medium
1896,2021-04-17,NOAA1007,Mexico,29.9406,-81.8468,2111.2,14.9,22.9,7.1,14.5,0.0,51,29.3,NW,768.0,1017.2,95,1,30.3,Medium,4.16,98,30.3,43.1,413.0,1848.7,39.4,Continental,Heatwave,Low
1897,2023-10-20,NOAA1026,USA,38.5367,-103.3173,2742.5,13.4,16.2,9.1,23.3,0.0,48,34.6,S,314.0,999.4,28,6,36.3,Low,2.57,99,26.1,50.8,424.3,1946.6,36.4,Temperate,Fog,Low
1898,2021-01-16,NOAA1047,Mexico,27.9687,-93.8705,2513.9,-2.2,4.3,-10.0,2.0,17.1,43,29.4,W,437.6,1022.9,62,5,29.6,High,0.96,111,32.0,63.2,415.6,1896.9,35.8,Temperate,None,High
1899,2024-11-21,NOAA1018,USA,38.2313,-94.9701,740.7,15.2,20.0,9.9,4.2,0.0,38,19.0,NE,613.9,1015.6,57,8,30.0,High,3.85,122,30.4,51.7,420.1,1885.7,30.9,Arid,Rain,Low
1900,2021-10-26,NOAA1037,USA,47.5882,-116.6087,791.0,14.5,18.7,7.9,10.6,0.0,47,22.5,E,464.8,1006.5,32,6,32.0,Medium,2.85,104,32.3,57.9,417.2,1926.0,37.3,Polar,Coldwave,Medium
1901,2021-01-17,NOAA1006,Canada,37.632,-99.3774,104.5,5.3,11.6,2.2,5.5,0.0,40,11.9,W,669.2,1000.9,68,8,28.7,Medium,1.81,118,25.4,62.9,416.6,1949.1,26.0,Arid,Heatwave,Medium
1902,2023-11-10,NOAA1044,Mexico,43.5246,-109.9447,1990.2,4.3,11.0,0.4,7.9,0.0,59,34.4,N,804.4,1011.7,73,4,44.2,Medium,1.0,118,25.4,59.0,428.1,1892.8,58.8,Temperate,Rain,Medium
1903,2021-09-27,NOAA1005,Canada,42.1045,-83.8676,1422.6,24.5,32.2,20.0,27.6,0.0,64,44.4,NW,520.3,1014.6,8,9,52.7,Low,4.81,104,20.3,44.5,423.0,1921.4,43.7,Temperate,Rain,High
1904,2021-10-28,NOAA1045,Canada,43.7264,-105.3023,2355.6,25.6,28.4,17.8,41.6,0.0,78,6.9,SW,698.7,1027.9,22,4,61.8,Low,4.5,66,15.5,34.8,415.0,1928.1,50.7,Tropical,Heatwave,Medium
1905,2023-03-15,NOAA1008,Canada,41.1924,-95.2047,2345.8,6.4,10.7,-0.6,8.9,0.0,53,14.6,NW,643.2,1022.5,72,2,40.4,Medium,2.07,105,30.9,61.4,431.5,1958.8,27.8,Temperate,None,High
1906,2024-01-10,NOAA1007,USA,43.9359,-118.4472,766.6,7.3,12.3,2.9,10.5,0.0,61,19.9,N,416.1,1014.9,40,2,39.8,Medium,1.74,115,23.5,62.1,437.3,1864.1,39.8,Temperate,Coldwave,High
1907,2022-03-25,NOAA1006,Mexico,41.7349,-85.7706,2413.7,8.5,14.5,6.5,5.0,0.0,52,32.7,SW,511.9,1022.5,61,3,32.8,Medium,2.59,130,32.3,65.5,408.8,1953.6,41.1,Arid,Fog,High
1908,2023-04-21,NOAA1027,Canada,41.8905,-116.675,892.2,19.1,24.2,12.0,23.9,0.0,61,42.8,SW,192.0,1032.2,15,10,42.1,Low,4.35,85,20.8,42.4,424.2,1860.3,35.6,Arid,Rain,Low
1909,2021-11-01,NOAA1027,Canada,33.9553,-98.4928,1452.2,10.1,14.8,6.6,18.6,0.0,53,33.1,E,410.4,1028.4,98,6,37.6,Medium,2.48,89,22.4,42.1,420.4,1980.0,44.1,Arid,Fog,High
1910,2023-04-23,NOAA1038,USA,31.1623,-97.1922,1432.1,14.2,20.0,8.1,29.0,0.0,66,9.8,N,864.5,1008.9,52,2,53.2,Low,4.11,78,22.6,40.8,414.0,1895.0,36.6,Continental,Heatwave,High
1911,2022-04-24,NOAA1048,Canada,44.9806,-108.4419,454.7,20.8,27.9,13.3,9.0,0.0,59,5.9,NE,700.6,1028.6,21,5,45.6,Medium,3.86,123,27.8,61.7,413.5,1958.5,50.5,Temperate,Rain,Low
1912,2021-12-14,NOAA1024,Mexico,33.9212,-115.7687,1087.2,0.0,5.2,-6.4,33.4,17.8,61,23.1,SW,683.4,1013.8,60,9,46.8,Low,1.49,102,18.4,47.1,420.3,1910.6,28.4,Polar,Storm,Medium
1913,2024-09-18,NOAA1017,Mexico,34.9648,-85.3295,2818.8,24.4,27.5,20.1,3.4,0.0,49,13.2,SE,625.0,1000.5,85,4,28.0,High,4.81,112,32.8,66.6,421.2,1903.7,35.3,Arid,Heatwave,High
1914,2021-09-02,NOAA1014,Mexico,45.8197,-121.8198,955.1,19.9,25.7,12.9,8.6,0.0,48,18.9,W,274.2,1023.2,2,1,36.0,Medium,3.39,105,30.0,48.1,422.6,1934.9,38.7,Temperate,Storm,High
1915,2020-06-07,NOAA1016,USA,35.688,-97.6477,2222.9,38.7,46.5,32.4,8.0,0.0,51,29.9,S,771.4,1016.7,64,2,29.1,Medium,7.29,120,30.7,63.8,433.1,1872.2,36.4,Tropical,Fog,High
1916,2022-09-02,NOAA1042,Mexico,30.9121,-100.3099,2793.0,23.0,27.9,17.2,58.7,0.0,90,9.0,SW,564.6,1015.8,69,7,62.1,Low,4.39,49,13.7,26.6,400.2,1942.1,36.0,Polar,Coldwave,High
1917,2024-04-26,NOAA1030,USA,48.6566,-84.4765,2759.8,10.7,15.0,4.1,25.6,0.0,51,42.0,SW,334.0,1005.1,70,3,43.3,Low,3.49,79,19.1,39.7,387.8,1862.2,37.0,Tropical,Rain,High
1918,2024-08-17,NOAA1013,USA,34.3863,-91.4001,1412.9,29.8,33.4,27.7,10.7,0.0,44,4.8,W,706.3,1013.3,68,5,24.0,Medium,5.47,99,29.3,59.5,428.7,1895.4,40.1,Temperate,Coldwave,Medium
1919,2020-12-19,NOAA1041,Canada,26.515,-90.3452,2389.5,-0.4,6.1,-5.2,18.3,13.3,65,41.0,SW,546.4,1003.1,20,3,41.0,Medium,0.68,94,27.3,47.3,425.2,1915.7,31.6,Continental,Fog,Low
1920,2024-11-15,NOAA1012,USA,43.812,-115.3724,443.5,10.2,16.9,3.9,19.6,0.0,59,28.2,SE,737.9,999.4,45,3,42.0,Medium,2.41,116,21.1,54.7,426.3,1849.4,55.1,Tropical,Storm,High
1921,2023-08-21,NOAA1019,Canada,47.6373,-100.5993,1992.6,23.8,30.9,18.8,29.1,0.0,65,19.7,SW,356.8,1018.4,58,11,39.9,Low,4.61,81,25.3,53.9,418.7,1871.4,41.7,Temperate,Coldwave,Medium
1922,2024-01-26,NOAA1033,Mexico,26.1788,-93.229,948.3,-0.4,6.0,-7.3,20.0,18.8,48,34.3,SW,534.3,1018.2,83,1,30.7,Low,0.5,85,25.6,52.8,406.3,1876.6,64.3,Continental,Heatwave,High
1923,2022-10-04,NOAA1016,Canada,35.4458,-90.4685,1339.6,13.1,20.0,6.7,29.0,0.0,60,43.1,W,255.1,1017.1,49,11,38.7,Low,3.49,91,27.1,40.2,415.3,1950.3,49.0,Continental,Heatwave,Medium
1924,2024-03-03,NOAA1026,USA,29.7672,-96.6678,2682.5,18.3,21.2,11.5,11.1,0.0,59,42.0,W,835.9,1015.0,21,9,35.1,Medium,4.59,115,22.2,48.8,411.0,1888.6,41.3,Arid,Rain,High
1925,2024-12-19,NOAA1031,USA,31.9192,-106.1463,969.4,0.3,3.3,-5.3,57.8,0.2,89,41.1,N,302.0,1012.4,16,7,54.7,Low,1.0,74,12.2,22.6,403.5,1894.1,42.1,Arid,Coldwave,Medium
1926,2022-07-12,NOAA1026,Canada,25.3858,-93.6399,2224.4,28.0,31.9,25.3,5.4,0.0,45,25.9,NW,701.1,1005.0,62,4,29.7,Medium,4.93,127,30.1,57.8,408.1,1953.8,44.9,Polar,Heatwave,Medium
1927,2022-11-02,NOAA1043,Mexico,33.3125,-86.689,1086.6,12.1,14.8,9.4,20.4,0.0,66,29.2,S,867.4,1032.6,33,10,53.1,Low,1.94,111,22.3,51.1,428.3,1938.2,42.9,Tropical,Storm,Medium
1928,2021-05-28,NOAA1030,Canada,31.664,-99.0005,473.4,22.0,24.8,17.0,24.2,0.0,64,24.2,NW,395.4,1014.1,9,10,38.1,Low,4.4,113,23.6,45.4,430.1,1936.6,40.3,Polar,Fog,High
1929,2024-10-03,NOAA1008,Mexico,29.4976,-90.105,1917.8,17.5,19.7,15.1,3.1,0.0,43,27.3,SW,329.3,1014.5,94,2,29.1,High,3.38,136,27.9,49.1,418.0,1919.6,36.0,Polar,None,High
1930,2021-04-03,NOAA1019,USA,31.9708,-116.836,1973.1,11.1,18.3,8.5,18.5,0.0,54,7.8,SE,297.6,1021.5,7,7,35.2,Medium,2.07,98,29.1,48.1,431.5,1935.9,38.7,Continental,Storm,High
1931,2023-10-05,NOAA1001,Mexico,34.5028,-77.7985,1511.3,21.2,27.6,18.5,89.4,0.0,100,19.3,N,520.3,1024.2,71,8,74.2,Low,3.83,45,7.7,22.5,421.0,1905.7,28.1,Tropical,Fog,Medium
1932,2021-01-24,NOAA1027,USA,26.1377,-70.8779,1367.0,4.1,9.6,-2.8,6.8,0.0,53,33.2,W,776.4,1023.5,52,1,38.2,Medium,1.93,129,28.3,53.1,426.9,1813.5,47.4,Arid,None,Low
1933,2023-11-06,NOAA1018,Canada,48.9029,-86.2797,1331.1,11.8,14.6,7.4,16.2,0.0,64,42.6,N,649.0,1005.5,2,8,46.6,Medium,3.19,97,25.0,44.9,407.5,1869.6,39.1,Polar,Rain,Medium
1934,2021-08-16,NOAA1015,USA,32.9816,-106.6555,235.2,13.7,17.8,8.7,4.8,0.0,49,4.9,NW,355.6,1023.4,74,9,39.7,High,3.97,128,25.4,63.6,407.4,1878.8,40.8,Arid,Coldwave,Low
1935,2024-01-07,NOAA1035,Canada,41.0943,-68.0135,2013.8,-2.6,1.2,-7.6,9.4,14.2,58,34.9,N,391.7,1013.7,94,7,38.0,Medium,0.86,104,27.0,49.6,427.3,1935.1,44.3,Polar,Storm,Low
1936,2024-04-24,NOAA1047,Mexico,48.3699,-104.0956,2392.5,17.3,24.4,12.8,16.0,0.0,58,19.9,E,151.9,1017.9,16,9,34.3,Medium,3.37,104,26.5,57.6,419.3,1887.2,41.3,Tropical,Heatwave,High
1937,2021-11-14,NOAA1028,Mexico,46.0581,-92.2655,466.8,13.6,17.3,5.8,28.7,0.0,59,26.7,S,167.6,1022.7,60,2,41.0,Low,2.05,103,24.7,47.0,405.5,1901.4,34.2,Polar,Storm,High
1938,2021-03-17,NOAA1026,Mexico,31.2593,-71.4843,612.6,7.9,15.1,1.2,20.0,0.0,48,34.8,NE,438.7,1010.5,20,4,34.2,Low,2.04,111,20.5,48.0,418.1,1866.8,40.2,Continental,Storm,Medium
1939,2023-03-01,NOAA1028,USA,42.6403,-81.056,981.4,8.3,10.9,6.3,14.2,0.0,54,42.6,NW,485.1,1030.6,84,3,35.5,Medium,1.27,92,23.2,56.7,429.6,1902.7,36.5,Polar,Fog,High
1940,2024-02-19,NOAA1035,USA,25.619,-93.187,960.5,5.0,9.0,0.3,22.9,0.0,64,11.1,NW,503.1,1026.7,96,6,49.3,Low,2.01,84,24.5,41.6,427.3,1921.9,45.8,Temperate,None,Medium
1941,2020-06-24,NOAA1003,Canada,42.6434,-70.6298,908.9,33.8,37.3,29.4,27.8,0.0,62,2.6,NE,442.5,1002.9,87,2,36.8,Low,6.34,101,27.7,37.9,429.5,1932.8,38.0,Arid,None,High
1942,2021-07-18,NOAA1042,Mexico,33.5511,-121.6007,2615.0,31.1,35.0,25.8,14.0,0.0,57,3.5,E,204.1,1008.6,61,1,38.4,Medium,6.45,93,30.8,50.7,426.6,1825.5,35.7,Polar,Storm,High
1943,2021-05-10,NOAA1027,Mexico,33.3588,-84.3273,2686.9,20.1,27.0,12.4,2.6,0.0,46,41.6,SE,730.8,1022.1,50,4,33.2,High,3.82,133,25.8,52.0,423.9,1861.2,34.5,Arid,Storm,High
1944,2024-03-03,NOAA1031,USA,37.5755,-111.4069,1048.4,14.9,21.6,8.3,30.0,0.0,56,39.5,E,308.5,1031.7,82,11,45.2,Low,3.46,101,21.5,40.0,423.2,1894.4,33.1,Polar,None,Low
1945,2024-02-03,NOAA1016,Canada,30.0813,-72.2906,2130.2,0.0,2.1,-6.2,6.5,17.5,39,33.1,W,496.7,1017.7,21,6,21.0,Medium,0.5,122,24.5,55.5,426.1,1940.4,58.7,Polar,Coldwave,High
1946,2022-07-06,NOAA1004,Canada,44.7912,-69.7127,1503.3,32.7,35.4,28.3,12.7,0.0,48,19.5,NE,278.3,1006.4,2,4,39.3,Medium,6.0,116,27.9,57.2,414.0,1919.6,59.1,Polar,None,Medium
1947,2020-04-21,NOAA1024,Canada,32.8124,-71.1336,1155.2,20.0,22.9,15.4,31.1,0.0,56,6.8,SW,275.2,1017.6,13,3,38.3,Low,4.19,101,21.2,49.9,418.5,1883.1,45.7,Tropical,Coldwave,Medium
1948,2022-10-17,NOAA1037,Canada,36.7188,-103.26,1666.1,16.3,22.1,10.4,4.4,0.0,57,28.5,NW,195.8,1008.5,29,11,35.4,High,3.96,131,24.8,56.3,418.6,1905.3,42.9,Arid,Rain,Medium
1949,2024-08-20,NOAA1016,Canada,35.7471,-72.8907,998.9,29.9,37.0,26.3,8.2,0.0,41,6.5,E,444.1,1015.4,36,6,31.6,Medium,5.49,105,28.9,61.7,419.1,1920.5,48.2,Polar,Storm,High
1950,2022-01-25,NOAA1005,Mexico,41.156,-91.3187,2650.4,3.0,10.0,-4.6,7.1,0.0,47,37.2,N,303.4,1019.1,64,8,38.2,Medium,0.72,109,31.3,62.6,418.9,1879.1,34.0,Continental,Rain,High
1951,2022-03-14,NOAA1047,USA,32.499,-114.1037,1425.7,4.0,8.5,-2.2,26.4,0.0,60,22.9,NE,348.8,1000.2,33,5,34.1,Low,0.94,85,20.3,40.6,417.6,1922.7,37.1,Tropical,Storm,Medium
1952,2021-11-30,NOAA1005,Mexico,29.739,-77.4165,1290.7,16.0,18.9,13.5,14.6,0.0,55,24.9,NE,790.5,1010.2,46,6,31.7,Medium,2.42,112,24.1,45.4,402.0,1892.4,38.8,Arid,Rain,Medium
1953,2021-11-25,NOAA1023,Canada,46.6628,-95.3109,185.3,8.1,15.5,2.2,7.8,0.0,39,24.6,E,657.7,1014.8,56,3,26.8,Medium,1.52,109,25.1,46.8,414.6,1850.2,39.2,Tropical,Fog,High
1954,2021-03-09,NOAA1033,USA,42.5993,-109.8509,1220.1,10.9,13.9,7.4,11.7,0.0,57,8.6,W,200.3,1024.0,57,7,38.9,Medium,2.5,114,31.2,60.0,424.5,1933.1,49.8,Temperate,Coldwave,High
1955,2024-09-25,NOAA1048,Canada,37.8983,-98.5581,2119.1,26.1,32.6,20.6,25.4,0.0,59,8.5,S,314.8,1019.3,78,4,45.9,Low,4.32,110,22.1,55.0,413.2,1825.5,38.1,Tropical,Fog,Medium
1956,2022-04-17,NOAA1016,Mexico,44.5596,-69.0556,13.7,18.5,24.6,15.1,25.9,0.0,66,29.9,NW,616.9,1016.6,26,3,38.7,Low,2.93,86,27.5,51.3,411.8,1914.4,38.2,Tropical,None,Medium
1957,2022-07-10,NOAA1000,Canada,30.8398,-121.6498,622.1,32.1,38.2,28.8,7.2,0.0,58,10.6,SW,736.4,1016.3,85,2,40.8,Medium,5.03,122,26.0,62.8,418.9,1881.6,46.3,Tropical,Rain,Medium
1958,2020-10-03,NOAA1003,USA,45.9113,-111.3414,1585.5,19.3,25.5,11.8,10.2,0.0,58,29.7,SW,864.0,1012.6,9,2,38.3,Medium,4.44,109,28.1,55.8,413.8,1864.6,40.8,Temperate,Storm,Medium
1959,2021-05-18,NOAA1005,Canada,38.9152,-119.1858,2021.3,16.0,22.6,13.9,5.4,0.0,46,20.1,E,288.5,1023.2,48,6,25.2,Medium,3.19,108,27.8,67.1,428.0,1910.7,37.5,Tropical,Rain,Medium
1960,2024-11-02,NOAA1035,Mexico,39.523,-115.7574,2770.9,11.9,15.9,6.1,17.0,0.0,60,25.7,E,795.1,996.7,54,11,35.6,Medium,3.37,103,24.1,60.6,411.5,1906.6,42.6,Tropical,None,Low
1961,2022-12-20,NOAA1002,USA,32.7539,-96.6362,1840.6,-1.6,3.9,-9.1,16.2,0.4,53,7.8,NE,129.7,1015.2,78,8,39.4,Medium,0.5,115,26.3,50.3,415.7,1863.6,47.9,Arid,None,High
1962,2021-03-15,NOAA1035,USA,43.3072,-92.2423,2428.6,8.9,16.5,6.2,1.8,0.0,49,3.8,SE,476.8,1007.7,25,1,34.7,High,3.28,108,33.8,64.2,428.3,1913.9,43.2,Polar,None,Low
1963,2023-06-21,NOAA1038,USA,25.628,-121.0332,2536.6,22.9,29.3,18.6,29.4,0.0,52,19.1,N,485.9,997.3,80,3,44.2,Low,5.31,106,20.5,51.8,414.6,1897.7,49.6,Continental,Coldwave,High
1964,2024-01-06,NOAA1033,Mexico,29.1228,-110.8309,1385.5,2.2,7.4,-5.1,62.7,0.0,89,42.4,E,576.8,1018.6,26,3,56.5,Low,1.24,53,19.0,25.2,412.7,1905.7,33.5,Temperate,None,Medium
1965,2023-04-28,NOAA1035,Mexico,47.8174,-73.1037,1467.9,19.3,26.6,15.6,14.8,0.0,50,29.6,W,729.9,1014.7,46,10,31.3,Medium,3.99,93,26.1,55.2,411.4,1900.6,36.0,Polar,Rain,High
1966,2021-07-06,NOAA1013,Canada,34.8662,-89.8768,1569.7,30.7,35.6,26.6,6.3,0.0,51,44.1,SW,618.7,1009.9,35,6,36.4,Medium,5.68,121,23.8,64.3,421.6,1927.9,31.1,Continental,Fog,Medium
1967,2020-03-05,NOAA1037,USA,42.5619,-117.4125,2368.6,11.0,13.6,3.7,32.1,0.0,73,36.1,SW,893.1,1009.8,90,9,43.1,Low,2.04,87,18.1,49.1,427.8,1984.6,48.0,Continental,Coldwave,Medium
1968,2021-06-25,NOAA1007,USA,27.0015,-100.8748,271.9,30.9,36.6,27.7,2.0,0.0,36,41.6,SE,361.5,1010.2,0,7,19.9,High,4.98,127,25.0,60.3,412.0,1914.0,41.6,Temperate,Heatwave,High
1969,2021-07-19,NOAA1048,Canada,34.5666,-70.598,693.3,39.4,43.7,35.6,7.9,0.0,43,40.9,E,252.2,1014.2,0,2,29.7,Medium,7.29,104,29.0,57.7,427.0,1926.4,45.0,Arid,Heatwave,High
1970,2021-05-27,NOAA1021,USA,39.4894,-87.7001,1085.9,22.8,28.1,17.2,16.3,0.0,45,32.5,N,773.2,1008.2,96,6,30.1,Medium,4.3,102,27.3,45.0,426.1,1883.1,40.3,Continental,Rain,Medium
1971,2023-05-09,NOAA1005,Canada,44.1946,-110.398,546.4,22.3,25.0,16.4,7.2,0.0,50,3.2,E,745.0,1003.8,67,7,34.7,Medium,3.54,122,27.3,61.2,422.2,1910.6,28.6,Temperate,Rain,Medium
1972,2023-04-05,NOAA1012,Canada,46.2069,-98.9029,862.6,21.1,27.1,15.6,14.6,0.0,48,17.8,NE,498.7,1011.4,24,3,27.7,Medium,4.16,121,28.3,56.3,421.9,1916.6,44.3,Arid,Rain,Medium
1973,2020-09-06,NOAA1033,Canada,47.6531,-94.2096,2109.4,26.8,33.9,21.7,5.0,0.0,48,36.7,NE,420.8,1028.3,93,9,39.4,Medium,4.22,106,26.9,66.6,411.0,1966.7,38.1,Temperate,None,Medium
1974,2020-11-28,NOAA1007,USA,32.0263,-78.0599,935.3,7.1,11.3,3.3,2.2,0.0,44,19.9,SE,159.5,1015.7,86,4,29.9,High,2.91,132,33.4,66.6,409.8,1904.2,39.4,Arid,None,High
1975,2024-12-30,NOAA1043,Canada,34.6549,-105.6929,2714.1,7.7,11.6,5.4,4.8,0.0,37,17.1,N,253.6,1014.9,0,2,28.3,High,2.75,131,27.8,65.7,430.2,1885.1,34.2,Continental,None,Medium
1976,2020-08-01,NOAA1041,USA,27.7205,-85.6901,1355.8,32.8,38.0,25.7,20.9,0.0,53,30.6,NE,464.1,1027.3,3,4,44.5,Low,5.86,108,23.4,56.3,424.5,1925.5,47.0,Arid,None,Low
1977,2020-05-10,NOAA1004,Mexico,43.5903,-86.9523,2207.5,28.8,32.7,21.7,30.1,0.0,71,35.6,N,667.7,1022.6,56,9,54.8,Low,4.62,92,18.2,43.4,427.0,1874.7,29.6,Arid,Rain,Medium
1978,2024-04-10,NOAA1019,Mexico,41.9767,-75.9842,2508.6,16.1,19.6,8.1,4.5,0.0,42,15.6,S,627.1,1007.8,55,3,25.8,High,3.92,109,25.1,66.8,428.9,1915.6,49.0,Temperate,Fog,Medium
1979,2024-12-11,NOAA1008,Mexico,26.7589,-119.4837,2761.7,-2.3,1.3,-4.6,27.2,10.4,60,42.8,SW,178.2,1022.4,89,6,43.8,Low,0.5,104,22.1,39.3,434.2,1900.5,40.3,Continental,Storm,Medium
1980,2021-06-10,NOAA1012,USA,27.3652,-99.3102,2598.6,25.9,31.4,22.0,2.6,0.0,46,20.5,SW,616.5,998.8,36,2,25.7,High,5.65,132,34.2,67.3,414.4,1925.7,44.0,Temperate,Rain,High
1981,2023-10-12,NOAA1041,Canada,42.8279,-78.9839,1898.2,17.2,23.7,15.1,15.2,0.0,53,23.3,N,611.2,1004.8,68,7,38.3,Medium,3.95,109,25.7,49.9,414.3,1882.8,29.1,Temperate,Coldwave,High
1982,2021-04-10,NOAA1017,USA,41.692,-105.6055,2576.0,13.8,17.5,10.1,8.6,0.0,40,15.2,NW,292.4,1008.2,34,4,25.9,Medium,3.38,126,25.3,60.9,403.3,1888.2,31.3,Continental,None,Low
1983,2023-09-23,NOAA1032,Canada,28.7497,-69.7835,2510.0,24.3,26.8,17.4,5.7,0.0,51,32.2,SW,139.0,1015.6,0,10,31.1,Medium,3.68,106,28.8,59.6,431.2,1876.5,52.9,Polar,Coldwave,High
1984,2022-07-05,NOAA1041,USA,42.706,-103.5673,1694.0,27.8,31.8,21.1,11.0,0.0,49,42.3,N,579.2,989.3,61,10,28.8,Medium,4.3,111,26.7,47.6,430.8,1928.8,44.2,Continental,Coldwave,Low
1985,2022-03-23,NOAA1047,Mexico,39.5345,-73.1709,864.1,7.6,12.2,1.8,18.3,0.0,51,5.9,SW,789.5,1014.9,4,11,41.0,Medium,2.72,97,27.8,51.1,416.0,1861.3,37.5,Polar,None,High
1986,2022-12-27,NOAA1003,Canada,37.0553,-112.5211,2286.4,3.3,6.2,-2.7,26.6,0.0,70,7.1,SW,582.1,1013.3,70,3,53.5,Low,2.26,91,20.8,38.3,416.1,1906.7,45.9,Arid,Heatwave,Medium
1987,2022-10-17,NOAA1022,USA,44.7895,-83.6187,642.6,22.5,29.6,14.8,16.8,0.0,49,40.4,NE,439.7,1014.4,88,8,37.5,Medium,5.29,104,21.7,47.2,413.3,1959.1,45.8,Tropical,Heatwave,High
1988,2023-12-21,NOAA1012,USA,29.8372,-86.9182,697.6,5.1,10.0,1.6,22.5,0.0,63,41.1,NE,641.0,1009.3,39,3,36.3,Low,1.27,84,23.8,43.5,409.2,1902.8,33.5,Continental,Storm,Low
1989,2022-01-26,NOAA1032,Canada,26.5721,-83.5922,862.5,-3.2,0.9,-11.1,7.2,13.3,59,44.8,E,630.5,1017.8,42,4,48.5,Medium,1.33,97,31.8,57.9,424.2,1841.4,55.1,Arid,Fog,High
1990,2023-11-01,NOAA1031,Canada,39.5871,-68.8377,1820.6,12.0,16.4,6.0,1.8,0.0,53,9.8,SE,468.3,1017.8,44,8,31.5,High,2.84,109,28.8,62.7,425.9,1876.3,51.1,Temperate,Rain,High
1991,2020-10-31,NOAA1015,Canada,27.4881,-86.3968,1909.9,14.5,17.9,11.3,33.8,0.0,57,6.6,NW,362.5,1008.5,47,11,32.6,Low,3.91,96,26.3,38.7,413.1,1823.9,44.3,Polar,Storm,High
1992,2024-02-07,NOAA1010,USA,28.3464,-82.4308,544.1,1.9,9.0,-5.5,1.0,11.2,38,35.8,SW,809.2,1016.0,60,1,33.7,High,1.8,123,26.8,66.1,423.5,1797.6,35.7,Temperate,Rain,Medium
1993,2020-01-25,NOAA1022,Mexico,46.0714,-69.349,615.3,2.4,8.1,-0.3,8.3,0.0,55,42.8,NE,439.4,1002.6,94,9,33.5,Medium,1.11,99,28.1,58.2,430.3,1881.0,40.2,Polar,Rain,Medium
1994,2020-05-18,NOAA1006,Mexico,30.5652,-71.2517,2527.4,13.8,17.6,7.5,3.8,0.0,48,25.4,SE,532.2,1017.9,25,8,35.8,High,4.04,129,32.9,64.2,403.3,1974.1,35.2,Polar,None,Low
1995,2021-04-02,NOAA1028,USA,41.1074,-91.2328,1187.1,18.9,22.7,14.7,15.0,0.0,50,15.3,NW,785.1,1021.0,1,1,32.1,Medium,3.3,112,24.5,61.4,421.4,1908.0,51.6,Polar,Rain,Low
1996,2021-06-24,NOAA1046,USA,41.0113,-79.5939,82.3,30.3,35.6,27.2,36.8,0.0,74,30.0,SE,514.0,995.5,41,1,56.7,Low,4.82,102,18.6,41.2,425.0,1834.8,51.1,Polar,Rain,Medium
1997,2022-11-21,NOAA1047,Canada,30.2604,-120.0014,1113.3,10.9,17.5,8.3,48.4,0.0,79,40.0,SE,273.1,1019.8,4,8,59.6,Low,2.4,82,19.7,35.7,421.8,1833.6,28.6,Continental,Rain,Low
1998,2020-07-04,NOAA1036,USA,42.2472,-84.2732,2996.7,31.0,38.9,25.5,8.8,0.0,43,16.5,SE,120.4,999.4,31,8,25.4,Medium,4.88,108,25.4,46.7,422.9,1872.1,46.9,Continental,Heatwave,High
1999,2020-06-07,NOAA1000,USA,36.6555,-88.0316,633.6,30.8,35.3,23.9,35.0,0.0,70,27.0,N,816.9,1006.5,36,6,49.3,Low,4.71,79,24.3,40.3,414.9,1939.8,45.3,Arid,Heatwave,High
2000,2021-09-03,NOAA1019,Canada,38.4131,-70.8944,731.5,22.5,26.7,15.8,2.6,0.0,40,15.8,W,856.0,1027.4,17,10,30.6,High,3.42,116,28.2,67.0,415.6,1865.9,42.4,Continental,Coldwave,High
